  0
SECTION
  2
HEADER
  9
$ANGBASE
  50
0.0
  9
$ANGDIR
  70
1
  9
$MEASUREMENT
  70
0
  0
ENDSEC
  0
SECTION
  2
TABLES
  0
TABLE
  2
LTYPE
  70
4
  0
LTYPE
  5
40F
  2
CONTINUOUS
  70
0
  3
Solid line
  72
65
  73
0
  40
0.0
  0
LTYPE
  5
410
  2
DASHDOT
 70
0
  3
Dash Dot ____ _ ____ _
 72
65
 73
4
 40
2.0
 49
1.25
 49
-0.25
 49
0.25
 49
-0.25
  0
LTYPE
  5
411
  2
DASHED
 70
0
  3
Dashed __ __ __ __ __
 72
65
 73
2
 40
0.75
 49
0.5
 49
-0.25
  0
LTYPE
  5
43B
  2
DOTTED
 70
0
  3
Dotted .  .  .  .
 72
65
 73
2
 40
0.2
 49
0.0
 49
-0.2
  0
ENDTAB
  0
TABLE
  2
STYLE
  70
4
  0
STYLE
  2
KICAD
  70
0
  40
0
  41
1
  42
1
  50
0
  71
0
  3
isocp.shx
  0
STYLE
  2
KICADB
  70
0
  40
0
  41
1
  42
1
  50
0
  71
0
  3
isocp.shx
  0
STYLE
  2
KICADI
  70
0
  40
0
  41
1
  42
1
  50
15
  71
0
  3
isocp.shx
  0
STYLE
  2
KICADBI
  70
0
  40
0
  41
1
  42
1
  50
15
  71
0
  3
isocp.shx
  0
ENDTAB
  0
TABLE
  2
LAYER
  70
1
  0
LAYER
  2
BLACK
  70
0
  62
7
  6
CONTINUOUS
  0
ENDTAB
  0
ENDSEC
  0
SECTION
  2
ENTITIES
0
LINE
8
BLACK
6
CONTINUOUS
10
0.6631496062992126
20
0.04
11
0.5131496062992126
21
0.04
0
LINE
8
BLACK
6
CONTINUOUS
10
0.5131496062992126
20
0.04
11
0.5131496062992126
21
0.19
0
LINE
8
BLACK
6
CONTINUOUS
10
0.5131496062992126
20
0.19
11
0.6631496062992126
21
0.19
0
LINE
8
BLACK
6
CONTINUOUS
10
0.6631496062992126
20
0.19
11
0.6631496062992126
21
0.04
0
LINE
8
BLACK
6
CONTINUOUS
10
0.86
20
0.04
11
0.71
21
0.04
0
LINE
8
BLACK
6
CONTINUOUS
10
0.71
20
0.04
11
0.71
21
0.19
0
LINE
8
BLACK
6
CONTINUOUS
10
0.71
20
0.19
11
0.86
21
0.19
0
LINE
8
BLACK
6
CONTINUOUS
10
0.86
20
0.19
11
0.86
21
0.04
0
LINE
8
BLACK
6
CONTINUOUS
10
1.7045275590551181
20
0.0755905511811024
11
1.6454724409448818
21
0.0755905511811024
0
LINE
8
BLACK
6
CONTINUOUS
10
1.6454724409448818
20
0.0755905511811024
11
1.6454724409448818
21
0.1169291338582677
0
LINE
8
BLACK
6
CONTINUOUS
10
1.6454724409448818
20
0.1169291338582677
11
1.7045275590551181
21
0.1169291338582677
0
LINE
8
BLACK
6
CONTINUOUS
10
1.7045275590551181
20
0.1169291338582677
11
1.7045275590551181
21
0.0755905511811024
0
LINE
8
BLACK
6
CONTINUOUS
10
1.8095275590551181
20
0.0755905511811024
11
1.7504724409448817
21
0.0755905511811024
0
LINE
8
BLACK
6
CONTINUOUS
10
1.7504724409448817
20
0.0755905511811024
11
1.7504724409448817
21
0.1169291338582677
0
LINE
8
BLACK
6
CONTINUOUS
10
1.7504724409448817
20
0.1169291338582677
11
1.8095275590551181
21
0.1169291338582677
0
LINE
8
BLACK
6
CONTINUOUS
10
1.8095275590551181
20
0.1169291338582677
11
1.8095275590551181
21
0.0755905511811024
0
LINE
8
BLACK
6
CONTINUOUS
10
1.9145275590551181
20
0.0755905511811024
11
1.855472440944882
21
0.0755905511811024
0
LINE
8
BLACK
6
CONTINUOUS
10
1.855472440944882
20
0.0755905511811024
11
1.855472440944882
21
0.1169291338582677
0
LINE
8
BLACK
6
CONTINUOUS
10
1.855472440944882
20
0.1169291338582677
11
1.9145275590551181
21
0.1169291338582677
0
LINE
8
BLACK
6
CONTINUOUS
10
1.9145275590551181
20
0.1169291338582677
11
1.9145275590551181
21
0.0755905511811024
0
LINE
8
BLACK
6
CONTINUOUS
10
2.0195275590551183
20
0.0755905511811024
11
1.9604724409448819
21
0.0755905511811024
0
LINE
8
BLACK
6
CONTINUOUS
10
1.9604724409448819
20
0.0755905511811024
11
1.9604724409448819
21
0.1169291338582677
0
LINE
8
BLACK
6
CONTINUOUS
10
1.9604724409448819
20
0.1169291338582677
11
2.0195275590551183
21
0.1169291338582677
0
LINE
8
BLACK
6
CONTINUOUS
10
2.0195275590551183
20
0.1169291338582677
11
2.0195275590551183
21
0.0755905511811024
0
LINE
8
BLACK
6
CONTINUOUS
10
2.1245275590551183
20
0.0755905511811024
11
2.0654724409448817
21
0.0755905511811024
0
LINE
8
BLACK
6
CONTINUOUS
10
2.0654724409448817
20
0.0755905511811024
11
2.0654724409448817
21
0.1169291338582677
0
LINE
8
BLACK
6
CONTINUOUS
10
2.0654724409448817
20
0.1169291338582677
11
2.1245275590551183
21
0.1169291338582677
0
LINE
8
BLACK
6
CONTINUOUS
10
2.1245275590551183
20
0.1169291338582677
11
2.1245275590551183
21
0.0755905511811024
0
LINE
8
BLACK
6
CONTINUOUS
10
2.2295275590551182
20
0.0755905511811024
11
2.1704724409448817
21
0.0755905511811024
0
LINE
8
BLACK
6
CONTINUOUS
10
2.1704724409448817
20
0.0755905511811024
11
2.1704724409448817
21
0.1169291338582677
0
LINE
8
BLACK
6
CONTINUOUS
10
2.1704724409448817
20
0.1169291338582677
11
2.2295275590551182
21
0.1169291338582677
0
LINE
8
BLACK
6
CONTINUOUS
10
2.2295275590551182
20
0.1169291338582677
11
2.2295275590551182
21
0.0755905511811024
0
LINE
8
BLACK
6
CONTINUOUS
10
2.3345275590551182
20
0.0755905511811024
11
2.2754724409448817
21
0.0755905511811024
0
LINE
8
BLACK
6
CONTINUOUS
10
2.2754724409448817
20
0.0755905511811024
11
2.2754724409448817
21
0.1169291338582677
0
LINE
8
BLACK
6
CONTINUOUS
10
2.2754724409448817
20
0.1169291338582677
11
2.3345275590551182
21
0.1169291338582677
0
LINE
8
BLACK
6
CONTINUOUS
10
2.3345275590551182
20
0.1169291338582677
11
2.3345275590551182
21
0.0755905511811024
0
LINE
8
BLACK
6
CONTINUOUS
10
2.4395275590551182
20
0.0755905511811024
11
2.3804724409448816
21
0.0755905511811024
0
LINE
8
BLACK
6
CONTINUOUS
10
2.3804724409448816
20
0.0755905511811024
11
2.3804724409448816
21
0.1169291338582677
0
LINE
8
BLACK
6
CONTINUOUS
10
2.3804724409448816
20
0.1169291338582677
11
2.4395275590551182
21
0.1169291338582677
0
LINE
8
BLACK
6
CONTINUOUS
10
2.4395275590551182
20
0.1169291338582677
11
2.4395275590551182
21
0.0755905511811024
0
LINE
8
BLACK
6
CONTINUOUS
10
0.2205096456692913
20
0.3163158661417323
11
0.2338744094488189
21
0.3131483858267716
0
LINE
8
BLACK
6
CONTINUOUS
10
0.2338744094488189
20
0.3131483858267716
11
0.246781062992126
21
0.3084507086614173
0
LINE
8
BLACK
6
CONTINUOUS
10
0.246781062992126
20
0.3084507086614173
11
0.2590551181102362
21
0.3022864566929134
0
LINE
8
BLACK
6
CONTINUOUS
10
0.2590551181102362
20
0.3022864566929134
11
0.2705305511811024
21
0.2947389763779528
0
LINE
8
BLACK
6
CONTINUOUS
10
0.2705305511811024
20
0.2947389763779528
11
0.2810521653543307
21
0.2859102755905512
0
LINE
8
BLACK
6
CONTINUOUS
10
0.2810521653543307
20
0.2859102755905512
11
0.2904776771653543
21
0.2759198031496063
0
LINE
8
BLACK
6
CONTINUOUS
10
0.2904776771653543
20
0.2759198031496063
11
0.2986796456692913
21
0.2649026377952756
0
LINE
8
BLACK
6
CONTINUOUS
10
0.2986796456692913
20
0.2649026377952756
11
0.3055471653543307
21
0.2530077952755905
0
LINE
8
BLACK
6
CONTINUOUS
10
0.3055471653543307
20
0.2530077952755905
11
0.3109873228346456
21
0.240396062992126
0
LINE
8
BLACK
6
CONTINUOUS
10
0.3109873228346456
20
0.240396062992126
11
0.3149265748031496
21
0.2272381102362205
0
LINE
8
BLACK
6
CONTINUOUS
10
0.3149265748031496
20
0.2272381102362205
11
0.3173116141732283
21
0.2137117716535433
0
LINE
8
BLACK
6
CONTINUOUS
10
0.3173116141732283
20
0.2137117716535433
11
0.3181102362204724
21
0.2
0
LINE
8
BLACK
6
CONTINUOUS
10
0.3181102362204724
20
0.2
11
0.3173116141732283
21
0.1862882283464567
0
LINE
8
BLACK
6
CONTINUOUS
10
0.3173116141732283
20
0.1862882283464567
11
0.3149265748031496
21
0.1727618897637795
0
LINE
8
BLACK
6
CONTINUOUS
10
0.3149265748031496
20
0.1727618897637795
11
0.3109873228346456
21
0.159603937007874
0
LINE
8
BLACK
6
CONTINUOUS
10
0.3109873228346456
20
0.159603937007874
11
0.3055471653543307
21
0.1469922047244094
0
LINE
8
BLACK
6
CONTINUOUS
10
0.3055471653543307
20
0.1469922047244094
11
0.2986796456692913
21
0.1350973622047244
0
LINE
8
BLACK
6
CONTINUOUS
10
0.2986796456692913
20
0.1350973622047244
11
0.2904776771653543
21
0.1240801968503937
0
LINE
8
BLACK
6
CONTINUOUS
10
0.2904776771653543
20
0.1240801968503937
11
0.2810521653543307
21
0.1140897244094488
0
LINE
8
BLACK
6
CONTINUOUS
10
0.2810521653543307
20
0.1140897244094488
11
0.2705305511811024
21
0.1052610236220472
0
LINE
8
BLACK
6
CONTINUOUS
10
0.2705305511811024
20
0.1052610236220472
11
0.2590551181102362
21
0.0977135433070866
0
LINE
8
BLACK
6
CONTINUOUS
10
0.2590551181102362
20
0.0977135433070866
11
0.246781062992126
21
0.0915492913385827
0
LINE
8
BLACK
6
CONTINUOUS
10
0.246781062992126
20
0.0915492913385827
11
0.2338744094488189
21
0.0868516141732283
0
LINE
8
BLACK
6
CONTINUOUS
10
0.2338744094488189
20
0.0868516141732283
11
0.2205096456692913
21
0.0836841338582677
0
LINE
8
BLACK
6
CONTINUOUS
10
0.2205096456692913
20
0.0836841338582677
11
0.2068674803149606
21
0.0820896062992126
0
LINE
8
BLACK
6
CONTINUOUS
10
0.2068674803149606
20
0.0820896062992126
11
0.1931325196850394
21
0.0820896062992126
0
LINE
8
BLACK
6
CONTINUOUS
10
0.1931325196850394
20
0.0820896062992126
11
0.1794903543307086
21
0.0836841338582677
0
LINE
8
BLACK
6
CONTINUOUS
10
0.1794903543307086
20
0.0836841338582677
11
0.1661255905511811
21
0.0868516141732283
0
LINE
8
BLACK
6
CONTINUOUS
10
0.1661255905511811
20
0.0868516141732283
11
0.153218937007874
21
0.0915492913385827
0
LINE
8
BLACK
6
CONTINUOUS
10
0.153218937007874
20
0.0915492913385827
11
0.1409448818897638
21
0.0977135433070866
0
LINE
8
BLACK
6
CONTINUOUS
10
0.1409448818897638
20
0.0977135433070866
11
0.1294694488188976
21
0.1052610236220472
0
LINE
8
BLACK
6
CONTINUOUS
10
0.1294694488188976
20
0.1052610236220472
11
0.1189478346456693
21
0.1140897244094488
0
LINE
8
BLACK
6
CONTINUOUS
10
0.1189478346456693
20
0.1140897244094488
11
0.1095223228346457
21
0.1240801968503937
0
LINE
8
BLACK
6
CONTINUOUS
10
0.1095223228346457
20
0.1240801968503937
11
0.1013203543307087
21
0.1350973622047244
0
LINE
8
BLACK
6
CONTINUOUS
10
0.1013203543307087
20
0.1350973622047244
11
0.0944528346456693
21
0.1469922047244094
0
LINE
8
BLACK
6
CONTINUOUS
10
0.0944528346456693
20
0.1469922047244094
11
0.0890126771653543
21
0.159603937007874
0
LINE
8
BLACK
6
CONTINUOUS
10
0.0890126771653543
20
0.159603937007874
11
0.0850734251968504
21
0.1727618897637795
0
LINE
8
BLACK
6
CONTINUOUS
10
0.0850734251968504
20
0.1727618897637795
11
0.0826883858267717
21
0.1862882283464567
0
LINE
8
BLACK
6
CONTINUOUS
10
0.0826883858267717
20
0.1862882283464567
11
0.0818897637795276
21
0.2
0
LINE
8
BLACK
6
CONTINUOUS
10
0.0818897637795276
20
0.2
11
0.0826883858267717
21
0.2137117716535433
0
LINE
8
BLACK
6
CONTINUOUS
10
0.0826883858267717
20
0.2137117716535433
11
0.0850734251968504
21
0.2272381102362205
0
LINE
8
BLACK
6
CONTINUOUS
10
0.0850734251968504
20
0.2272381102362205
11
0.0890126771653543
21
0.240396062992126
0
LINE
8
BLACK
6
CONTINUOUS
10
0.0890126771653543
20
0.240396062992126
11
0.0944528346456693
21
0.2530077952755905
0
LINE
8
BLACK
6
CONTINUOUS
10
0.0944528346456693
20
0.2530077952755905
11
0.1013203543307087
21
0.2649026377952756
0
LINE
8
BLACK
6
CONTINUOUS
10
0.1013203543307087
20
0.2649026377952756
11
0.1095223228346457
21
0.2759198031496063
0
LINE
8
BLACK
6
CONTINUOUS
10
0.1095223228346457
20
0.2759198031496063
11
0.1189478346456693
21
0.2859102755905512
0
LINE
8
BLACK
6
CONTINUOUS
10
0.1189478346456693
20
0.2859102755905512
11
0.1294694488188976
21
0.2947389763779528
0
LINE
8
BLACK
6
CONTINUOUS
10
0.1294694488188976
20
0.2947389763779528
11
0.1409448818897638
21
0.3022864566929134
0
LINE
8
BLACK
6
CONTINUOUS
10
0.1409448818897638
20
0.3022864566929134
11
0.153218937007874
21
0.3084507086614173
0
LINE
8
BLACK
6
CONTINUOUS
10
0.153218937007874
20
0.3084507086614173
11
0.1661255905511811
21
0.3131483858267716
0
LINE
8
BLACK
6
CONTINUOUS
10
0.1661255905511811
20
0.3131483858267716
11
0.1794903543307086
21
0.3163158661417323
0
LINE
8
BLACK
6
CONTINUOUS
10
0.1794903543307086
20
0.3163158661417323
11
0.1931325196850394
21
0.3179103937007874
0
LINE
8
BLACK
6
CONTINUOUS
10
0.1931325196850394
20
0.3179103937007874
11
0.2068674803149606
21
0.3179103937007874
0
LINE
8
BLACK
6
CONTINUOUS
10
0.2068674803149606
20
0.3179103937007874
11
0.2205096456692913
21
0.3163158661417323
0
LINE
8
BLACK
6
CONTINUOUS
10
3.0205096456692915
20
0.3163158661417323
11
3.0338744094488188
21
0.3131483858267716
0
LINE
8
BLACK
6
CONTINUOUS
10
3.0338744094488188
20
0.3131483858267716
11
3.0467810629921259
21
0.3084507086614173
0
LINE
8
BLACK
6
CONTINUOUS
10
3.0467810629921259
20
0.3084507086614173
11
3.0590551181102361
21
0.3022864566929134
0
LINE
8
BLACK
6
CONTINUOUS
10
3.0590551181102361
20
0.3022864566929134
11
3.0705305511811023
21
0.2947389763779528
0
LINE
8
BLACK
6
CONTINUOUS
10
3.0705305511811023
20
0.2947389763779528
11
3.0810521653543308
21
0.2859102755905512
0
LINE
8
BLACK
6
CONTINUOUS
10
3.0810521653543308
20
0.2859102755905512
11
3.0904776771653544
21
0.2759198031496063
0
LINE
8
BLACK
6
CONTINUOUS
10
3.0904776771653544
20
0.2759198031496063
11
3.0986796456692911
21
0.2649026377952756
0
LINE
8
BLACK
6
CONTINUOUS
10
3.0986796456692911
20
0.2649026377952756
11
3.1055471653543307
21
0.2530077952755905
0
LINE
8
BLACK
6
CONTINUOUS
10
3.1055471653543307
20
0.2530077952755905
11
3.1109873228346454
21
0.240396062992126
0
LINE
8
BLACK
6
CONTINUOUS
10
3.1109873228346454
20
0.240396062992126
11
3.1149265748031496
21
0.2272381102362205
0
LINE
8
BLACK
6
CONTINUOUS
10
3.1149265748031496
20
0.2272381102362205
11
3.1173116141732282
21
0.2137117716535433
0
LINE
8
BLACK
6
CONTINUOUS
10
3.1173116141732282
20
0.2137117716535433
11
3.1181102362204722
21
0.2
0
LINE
8
BLACK
6
CONTINUOUS
10
3.1181102362204722
20
0.2
11
3.1173116141732282
21
0.1862882283464567
0
LINE
8
BLACK
6
CONTINUOUS
10
3.1173116141732282
20
0.1862882283464567
11
3.1149265748031496
21
0.1727618897637795
0
LINE
8
BLACK
6
CONTINUOUS
10
3.1149265748031496
20
0.1727618897637795
11
3.1109873228346454
21
0.159603937007874
0
LINE
8
BLACK
6
CONTINUOUS
10
3.1109873228346454
20
0.159603937007874
11
3.1055471653543307
21
0.1469922047244094
0
LINE
8
BLACK
6
CONTINUOUS
10
3.1055471653543307
20
0.1469922047244094
11
3.0986796456692911
21
0.1350973622047244
0
LINE
8
BLACK
6
CONTINUOUS
10
3.0986796456692911
20
0.1350973622047244
11
3.0904776771653544
21
0.1240801968503937
0
LINE
8
BLACK
6
CONTINUOUS
10
3.0904776771653544
20
0.1240801968503937
11
3.0810521653543308
21
0.1140897244094488
0
LINE
8
BLACK
6
CONTINUOUS
10
3.0810521653543308
20
0.1140897244094488
11
3.0705305511811023
21
0.1052610236220472
0
LINE
8
BLACK
6
CONTINUOUS
10
3.0705305511811023
20
0.1052610236220472
11
3.0590551181102361
21
0.0977135433070866
0
LINE
8
BLACK
6
CONTINUOUS
10
3.0590551181102361
20
0.0977135433070866
11
3.0467810629921259
21
0.0915492913385827
0
LINE
8
BLACK
6
CONTINUOUS
10
3.0467810629921259
20
0.0915492913385827
11
3.0338744094488188
21
0.0868516141732283
0
LINE
8
BLACK
6
CONTINUOUS
10
3.0338744094488188
20
0.0868516141732283
11
3.0205096456692915
21
0.0836841338582677
0
LINE
8
BLACK
6
CONTINUOUS
10
3.0205096456692915
20
0.0836841338582677
11
3.0068674803149604
21
0.0820896062992126
0
LINE
8
BLACK
6
CONTINUOUS
10
3.0068674803149604
20
0.0820896062992126
11
2.9931325196850391
21
0.0820896062992126
0
LINE
8
BLACK
6
CONTINUOUS
10
2.9931325196850391
20
0.0820896062992126
11
2.9794903543307085
21
0.0836841338582677
0
LINE
8
BLACK
6
CONTINUOUS
10
2.9794903543307085
20
0.0836841338582677
11
2.9661255905511812
21
0.0868516141732283
0
LINE
8
BLACK
6
CONTINUOUS
10
2.9661255905511812
20
0.0868516141732283
11
2.9532189370078741
21
0.0915492913385827
0
LINE
8
BLACK
6
CONTINUOUS
10
2.9532189370078741
20
0.0915492913385827
11
2.9409448818897639
21
0.0977135433070866
0
LINE
8
BLACK
6
CONTINUOUS
10
2.9409448818897639
20
0.0977135433070866
11
2.9294694488188977
21
0.1052610236220472
0
LINE
8
BLACK
6
CONTINUOUS
10
2.9294694488188977
20
0.1052610236220472
11
2.9189478346456692
21
0.1140897244094488
0
LINE
8
BLACK
6
CONTINUOUS
10
2.9189478346456692
20
0.1140897244094488
11
2.9095223228346456
21
0.1240801968503937
0
LINE
8
BLACK
6
CONTINUOUS
10
2.9095223228346456
20
0.1240801968503937
11
2.9013203543307085
21
0.1350973622047244
0
LINE
8
BLACK
6
CONTINUOUS
10
2.9013203543307085
20
0.1350973622047244
11
2.8944528346456693
21
0.1469922047244094
0
LINE
8
BLACK
6
CONTINUOUS
10
2.8944528346456693
20
0.1469922047244094
11
2.8890126771653541
21
0.159603937007874
0
LINE
8
BLACK
6
CONTINUOUS
10
2.8890126771653541
20
0.159603937007874
11
2.8850734251968504
21
0.1727618897637795
0
LINE
8
BLACK
6
CONTINUOUS
10
2.8850734251968504
20
0.1727618897637795
11
2.8826883858267718
21
0.1862882283464567
0
LINE
8
BLACK
6
CONTINUOUS
10
2.8826883858267718
20
0.1862882283464567
11
2.8818897637795273
21
0.2
0
LINE
8
BLACK
6
CONTINUOUS
10
2.8818897637795273
20
0.2
11
2.8826883858267718
21
0.2137117716535433
0
LINE
8
BLACK
6
CONTINUOUS
10
2.8826883858267718
20
0.2137117716535433
11
2.8850734251968504
21
0.2272381102362205
0
LINE
8
BLACK
6
CONTINUOUS
10
2.8850734251968504
20
0.2272381102362205
11
2.8890126771653541
21
0.240396062992126
0
LINE
8
BLACK
6
CONTINUOUS
10
2.8890126771653541
20
0.240396062992126
11
2.8944528346456693
21
0.2530077952755905
0
LINE
8
BLACK
6
CONTINUOUS
10
2.8944528346456693
20
0.2530077952755905
11
2.9013203543307085
21
0.2649026377952756
0
LINE
8
BLACK
6
CONTINUOUS
10
2.9013203543307085
20
0.2649026377952756
11
2.9095223228346456
21
0.2759198031496063
0
LINE
8
BLACK
6
CONTINUOUS
10
2.9095223228346456
20
0.2759198031496063
11
2.9189478346456692
21
0.2859102755905512
0
LINE
8
BLACK
6
CONTINUOUS
10
2.9189478346456692
20
0.2859102755905512
11
2.9294694488188977
21
0.2947389763779528
0
LINE
8
BLACK
6
CONTINUOUS
10
2.9294694488188977
20
0.2947389763779528
11
2.9409448818897639
21
0.3022864566929134
0
LINE
8
BLACK
6
CONTINUOUS
10
2.9409448818897639
20
0.3022864566929134
11
2.9532189370078741
21
0.3084507086614173
0
LINE
8
BLACK
6
CONTINUOUS
10
2.9532189370078741
20
0.3084507086614173
11
2.9661255905511812
21
0.3131483858267716
0
LINE
8
BLACK
6
CONTINUOUS
10
2.9661255905511812
20
0.3131483858267716
11
2.9794903543307085
21
0.3163158661417323
0
LINE
8
BLACK
6
CONTINUOUS
10
2.9794903543307085
20
0.3163158661417323
11
2.9931325196850391
21
0.3179103937007874
0
LINE
8
BLACK
6
CONTINUOUS
10
2.9931325196850391
20
0.3179103937007874
11
3.0068674803149604
21
0.3179103937007874
0
LINE
8
BLACK
6
CONTINUOUS
10
3.0068674803149604
20
0.3179103937007874
11
3.0205096456692915
21
0.3163158661417323
0
LINE
8
BLACK
6
CONTINUOUS
10
2.5539842519685041
20
0.0984173228346457
11
2.4879842519685038
21
0.0984173228346457
0
LINE
8
BLACK
6
CONTINUOUS
10
2.4879842519685038
20
0.0984173228346457
11
2.4879842519685038
21
0.1644173228346457
0
LINE
8
BLACK
6
CONTINUOUS
10
2.4879842519685038
20
0.1644173228346457
11
2.5539842519685041
21
0.1644173228346457
0
LINE
8
BLACK
6
CONTINUOUS
10
2.5539842519685041
20
0.1644173228346457
11
2.5539842519685041
21
0.0984173228346457
0
LINE
8
BLACK
6
CONTINUOUS
10
2.8020157480314958
20
0.0984173228346457
11
2.7360157480314959
21
0.0984173228346457
0
LINE
8
BLACK
6
CONTINUOUS
10
2.7360157480314959
20
0.0984173228346457
11
2.7360157480314959
21
0.1644173228346457
0
LINE
8
BLACK
6
CONTINUOUS
10
2.7360157480314959
20
0.1644173228346457
11
2.8020157480314958
21
0.1644173228346457
0
LINE
8
BLACK
6
CONTINUOUS
10
2.8020157480314958
20
0.1644173228346457
11
2.8020157480314958
21
0.0984173228346457
0
LINE
8
BLACK
6
CONTINUOUS
10
1.28
20
0.12
11
1.22
21
0.12
0
LINE
8
BLACK
6
CONTINUOUS
10
1.22
20
0.12
11
1.22
21
0.18
0
LINE
8
BLACK
6
CONTINUOUS
10
1.22
20
0.18
11
1.28
21
0.18
0
LINE
8
BLACK
6
CONTINUOUS
10
1.28
20
0.18
11
1.28
21
0.12
0
LINE
8
BLACK
6
CONTINUOUS
10
1.3799999999999999
20
0.12
11
1.3200000000000001
21
0.12
0
LINE
8
BLACK
6
CONTINUOUS
10
1.3200000000000001
20
0.12
11
1.3200000000000001
21
0.18
0
LINE
8
BLACK
6
CONTINUOUS
10
1.3200000000000001
20
0.18
11
1.3799999999999999
21
0.18
0
LINE
8
BLACK
6
CONTINUOUS
10
1.3799999999999999
20
0.18
11
1.3799999999999999
21
0.12
0
LINE
8
BLACK
6
CONTINUOUS
10
1.48
20
0.12
11
1.4199999999999999
21
0.12
0
LINE
8
BLACK
6
CONTINUOUS
10
1.4199999999999999
20
0.12
11
1.4199999999999999
21
0.18
0
LINE
8
BLACK
6
CONTINUOUS
10
1.4199999999999999
20
0.18
11
1.48
21
0.18
0
LINE
8
BLACK
6
CONTINUOUS
10
1.48
20
0.18
11
1.48
21
0.12
0
LINE
8
BLACK
6
CONTINUOUS
10
1.5800000000000001
20
0.12
11
1.52
21
0.12
0
LINE
8
BLACK
6
CONTINUOUS
10
1.52
20
0.12
11
1.52
21
0.18
0
LINE
8
BLACK
6
CONTINUOUS
10
1.52
20
0.18
11
1.5800000000000001
21
0.18
0
LINE
8
BLACK
6
CONTINUOUS
10
1.5800000000000001
20
0.18
11
1.5800000000000001
21
0.12
0
LINE
8
BLACK
6
CONTINUOUS
10
2.4192293307086614
20
0.227342125984252
11
2.4281782283464568
21
0.2249442913385827
0
LINE
8
BLACK
6
CONTINUOUS
10
2.4281782283464568
20
0.2249442913385827
11
2.4365748031496062
21
0.2210288976377953
0
LINE
8
BLACK
6
CONTINUOUS
10
2.4365748031496062
20
0.2210288976377953
11
2.4441638976377953
21
0.2157149606299213
0
LINE
8
BLACK
6
CONTINUOUS
10
2.4441638976377953
20
0.2157149606299213
11
2.450714960629921
21
0.2091638976377953
0
LINE
8
BLACK
6
CONTINUOUS
10
2.450714960629921
20
0.2091638976377953
11
2.4560288976377951
21
0.2015748031496063
0
LINE
8
BLACK
6
CONTINUOUS
10
2.4560288976377951
20
0.2015748031496063
11
2.4599442913385827
21
0.1931782283464567
0
LINE
8
BLACK
6
CONTINUOUS
10
2.4599442913385827
20
0.1931782283464567
11
2.462342125984252
21
0.1842293307086614
0
LINE
8
BLACK
6
CONTINUOUS
10
2.462342125984252
20
0.1842293307086614
11
2.4631496062992126
21
0.175
0
LINE
8
BLACK
6
CONTINUOUS
10
2.4631496062992126
20
0.175
11
2.462342125984252
21
0.1657706692913386
0
LINE
8
BLACK
6
CONTINUOUS
10
2.462342125984252
20
0.1657706692913386
11
2.4599442913385827
21
0.1568217716535433
0
LINE
8
BLACK
6
CONTINUOUS
10
2.4599442913385827
20
0.1568217716535433
11
2.4560288976377951
21
0.1484251968503937
0
LINE
8
BLACK
6
CONTINUOUS
10
2.4560288976377951
20
0.1484251968503937
11
2.450714960629921
21
0.1408361023622047
0
LINE
8
BLACK
6
CONTINUOUS
10
2.450714960629921
20
0.1408361023622047
11
2.4441638976377953
21
0.1342850393700787
0
LINE
8
BLACK
6
CONTINUOUS
10
2.4441638976377953
20
0.1342850393700787
11
2.4365748031496062
21
0.1289711023622047
0
LINE
8
BLACK
6
CONTINUOUS
10
2.4365748031496062
20
0.1289711023622047
11
2.4281782283464568
21
0.1250557086614173
0
LINE
8
BLACK
6
CONTINUOUS
10
2.4281782283464568
20
0.1250557086614173
11
2.4192293307086614
21
0.122657874015748
0
LINE
8
BLACK
6
CONTINUOUS
10
2.4192293307086614
20
0.122657874015748
11
2.4100000000000001
21
0.1218503937007874
0
LINE
8
BLACK
6
CONTINUOUS
10
2.4100000000000001
20
0.1218503937007874
11
2.4007706692913384
21
0.122657874015748
0
LINE
8
BLACK
6
CONTINUOUS
10
2.4007706692913384
20
0.122657874015748
11
2.391821771653543
21
0.1250557086614173
0
LINE
8
BLACK
6
CONTINUOUS
10
2.391821771653543
20
0.1250557086614173
11
2.3834251968503937
21
0.1289711023622047
0
LINE
8
BLACK
6
CONTINUOUS
10
2.3834251968503937
20
0.1289711023622047
11
2.3758361023622045
21
0.1342850393700787
0
LINE
8
BLACK
6
CONTINUOUS
10
2.3758361023622045
20
0.1342850393700787
11
2.3692850393700788
21
0.1408361023622047
0
LINE
8
BLACK
6
CONTINUOUS
10
2.3692850393700788
20
0.1408361023622047
11
2.3639711023622048
21
0.1484251968503937
0
LINE
8
BLACK
6
CONTINUOUS
10
2.3639711023622048
20
0.1484251968503937
11
2.3600557086614171
21
0.1568217716535433
0
LINE
8
BLACK
6
CONTINUOUS
10
2.3600557086614171
20
0.1568217716535433
11
2.3576578740157479
21
0.1657706692913386
0
LINE
8
BLACK
6
CONTINUOUS
10
2.3576578740157479
20
0.1657706692913386
11
2.3574999999999999
21
0.1675751181102362
0
LINE
8
BLACK
6
CONTINUOUS
10
2.3574999999999999
20
0.1675751181102362
11
2.357342125984252
21
0.1657706692913386
0
LINE
8
BLACK
6
CONTINUOUS
10
2.357342125984252
20
0.1657706692913386
11
2.3549442913385827
21
0.1568217716535433
0
LINE
8
BLACK
6
CONTINUOUS
10
2.3549442913385827
20
0.1568217716535433
11
2.3510288976377951
21
0.1484251968503937
0
LINE
8
BLACK
6
CONTINUOUS
10
2.3510288976377951
20
0.1484251968503937
11
2.345714960629921
21
0.1408361023622047
0
LINE
8
BLACK
6
CONTINUOUS
10
2.345714960629921
20
0.1408361023622047
11
2.3391638976377953
21
0.1342850393700787
0
LINE
8
BLACK
6
CONTINUOUS
10
2.3391638976377953
20
0.1342850393700787
11
2.3315748031496062
21
0.1289711023622047
0
LINE
8
BLACK
6
CONTINUOUS
10
2.3315748031496062
20
0.1289711023622047
11
2.3231782283464568
21
0.1250557086614173
0
LINE
8
BLACK
6
CONTINUOUS
10
2.3231782283464568
20
0.1250557086614173
11
2.3142293307086614
21
0.122657874015748
0
LINE
8
BLACK
6
CONTINUOUS
10
2.3142293307086614
20
0.122657874015748
11
2.3050000000000002
21
0.1218503937007874
0
LINE
8
BLACK
6
CONTINUOUS
10
2.3050000000000002
20
0.1218503937007874
11
2.2957706692913384
21
0.122657874015748
0
LINE
8
BLACK
6
CONTINUOUS
10
2.2957706692913384
20
0.122657874015748
11
2.2868217716535431
21
0.1250557086614173
0
LINE
8
BLACK
6
CONTINUOUS
10
2.2868217716535431
20
0.1250557086614173
11
2.2784251968503937
21
0.1289711023622047
0
LINE
8
BLACK
6
CONTINUOUS
10
2.2784251968503937
20
0.1289711023622047
11
2.2708361023622046
21
0.1342850393700787
0
LINE
8
BLACK
6
CONTINUOUS
10
2.2708361023622046
20
0.1342850393700787
11
2.2642850393700789
21
0.1408361023622047
0
LINE
8
BLACK
6
CONTINUOUS
10
2.2642850393700789
20
0.1408361023622047
11
2.2589711023622048
21
0.1484251968503937
0
LINE
8
BLACK
6
CONTINUOUS
10
2.2589711023622048
20
0.1484251968503937
11
2.2550557086614171
21
0.1568217716535433
0
LINE
8
BLACK
6
CONTINUOUS
10
2.2550557086614171
20
0.1568217716535433
11
2.2526578740157479
21
0.1657706692913386
0
LINE
8
BLACK
6
CONTINUOUS
10
2.2526578740157479
20
0.1657706692913386
11
2.2524999999999999
21
0.1675751181102362
0
LINE
8
BLACK
6
CONTINUOUS
10
2.2524999999999999
20
0.1675751181102362
11
2.252342125984252
21
0.1657706692913386
0
LINE
8
BLACK
6
CONTINUOUS
10
2.252342125984252
20
0.1657706692913386
11
2.2499442913385828
21
0.1568217716535433
0
LINE
8
BLACK
6
CONTINUOUS
10
2.2499442913385828
20
0.1568217716535433
11
2.2460288976377951
21
0.1484251968503937
0
LINE
8
BLACK
6
CONTINUOUS
10
2.2460288976377951
20
0.1484251968503937
11
2.240714960629921
21
0.1408361023622047
0
LINE
8
BLACK
6
CONTINUOUS
10
2.240714960629921
20
0.1408361023622047
11
2.2341638976377953
21
0.1342850393700787
0
LINE
8
BLACK
6
CONTINUOUS
10
2.2341638976377953
20
0.1342850393700787
11
2.2265748031496062
21
0.1289711023622047
0
LINE
8
BLACK
6
CONTINUOUS
10
2.2265748031496062
20
0.1289711023622047
11
2.2181782283464568
21
0.1250557086614173
0
LINE
8
BLACK
6
CONTINUOUS
10
2.2181782283464568
20
0.1250557086614173
11
2.2092293307086615
21
0.122657874015748
0
LINE
8
BLACK
6
CONTINUOUS
10
2.2092293307086615
20
0.122657874015748
11
2.1999999999999997
21
0.1218503937007874
0
LINE
8
BLACK
6
CONTINUOUS
10
2.1999999999999997
20
0.1218503937007874
11
2.1907706692913385
21
0.122657874015748
0
LINE
8
BLACK
6
CONTINUOUS
10
2.1907706692913385
20
0.122657874015748
11
2.1818217716535431
21
0.1250557086614173
0
LINE
8
BLACK
6
CONTINUOUS
10
2.1818217716535431
20
0.1250557086614173
11
2.1734251968503937
21
0.1289711023622047
0
LINE
8
BLACK
6
CONTINUOUS
10
2.1734251968503937
20
0.1289711023622047
11
2.1658361023622046
21
0.1342850393700787
0
LINE
8
BLACK
6
CONTINUOUS
10
2.1658361023622046
20
0.1342850393700787
11
2.1592850393700789
21
0.1408361023622047
0
LINE
8
BLACK
6
CONTINUOUS
10
2.1592850393700789
20
0.1408361023622047
11
2.1539711023622048
21
0.1484251968503937
0
LINE
8
BLACK
6
CONTINUOUS
10
2.1539711023622048
20
0.1484251968503937
11
2.1500557086614172
21
0.1568217716535433
0
LINE
8
BLACK
6
CONTINUOUS
10
2.1500557086614172
20
0.1568217716535433
11
2.1476578740157479
21
0.1657706692913386
0
LINE
8
BLACK
6
CONTINUOUS
10
2.1476578740157479
20
0.1657706692913386
11
2.1475
21
0.1675751181102362
0
LINE
8
BLACK
6
CONTINUOUS
10
2.1475
20
0.1675751181102362
11
2.147342125984252
21
0.1657706692913386
0
LINE
8
BLACK
6
CONTINUOUS
10
2.147342125984252
20
0.1657706692913386
11
2.1449442913385828
21
0.1568217716535433
0
LINE
8
BLACK
6
CONTINUOUS
10
2.1449442913385828
20
0.1568217716535433
11
2.1410288976377951
21
0.1484251968503937
0
LINE
8
BLACK
6
CONTINUOUS
10
2.1410288976377951
20
0.1484251968503937
11
2.1357149606299211
21
0.1408361023622047
0
LINE
8
BLACK
6
CONTINUOUS
10
2.1357149606299211
20
0.1408361023622047
11
2.1291638976377953
21
0.1342850393700787
0
LINE
8
BLACK
6
CONTINUOUS
10
2.1291638976377953
20
0.1342850393700787
11
2.1215748031496062
21
0.1289711023622047
0
LINE
8
BLACK
6
CONTINUOUS
10
2.1215748031496062
20
0.1289711023622047
11
2.1131782283464569
21
0.1250557086614173
0
LINE
8
BLACK
6
CONTINUOUS
10
2.1131782283464569
20
0.1250557086614173
11
2.1042293307086615
21
0.122657874015748
0
LINE
8
BLACK
6
CONTINUOUS
10
2.1042293307086615
20
0.122657874015748
11
2.0949999999999998
21
0.1218503937007874
0
LINE
8
BLACK
6
CONTINUOUS
10
2.0949999999999998
20
0.1218503937007874
11
2.0857706692913385
21
0.122657874015748
0
LINE
8
BLACK
6
CONTINUOUS
10
2.0857706692913385
20
0.122657874015748
11
2.0768217716535431
21
0.1250557086614173
0
LINE
8
BLACK
6
CONTINUOUS
10
2.0768217716535431
20
0.1250557086614173
11
2.0684251968503937
21
0.1289711023622047
0
LINE
8
BLACK
6
CONTINUOUS
10
2.0684251968503937
20
0.1289711023622047
11
2.0608361023622046
21
0.1342850393700787
0
LINE
8
BLACK
6
CONTINUOUS
10
2.0608361023622046
20
0.1342850393700787
11
2.0542850393700789
21
0.1408361023622047
0
LINE
8
BLACK
6
CONTINUOUS
10
2.0542850393700789
20
0.1408361023622047
11
2.0489711023622048
21
0.1484251968503937
0
LINE
8
BLACK
6
CONTINUOUS
10
2.0489711023622048
20
0.1484251968503937
11
2.0450557086614172
21
0.1568217716535433
0
LINE
8
BLACK
6
CONTINUOUS
10
2.0450557086614172
20
0.1568217716535433
11
2.0426578740157479
21
0.1657706692913386
0
LINE
8
BLACK
6
CONTINUOUS
10
2.0426578740157479
20
0.1657706692913386
11
2.0425
21
0.1675751181102362
0
LINE
8
BLACK
6
CONTINUOUS
10
2.0425
20
0.1675751181102362
11
2.042342125984252
21
0.1657706692913386
0
LINE
8
BLACK
6
CONTINUOUS
10
2.042342125984252
20
0.1657706692913386
11
2.0399442913385828
21
0.1568217716535433
0
LINE
8
BLACK
6
CONTINUOUS
10
2.0399442913385828
20
0.1568217716535433
11
2.0360288976377952
21
0.1484251968503937
0
LINE
8
BLACK
6
CONTINUOUS
10
2.0360288976377952
20
0.1484251968503937
11
2.0307149606299211
21
0.1408361023622047
0
LINE
8
BLACK
6
CONTINUOUS
10
2.0307149606299211
20
0.1408361023622047
11
2.0241638976377954
21
0.1342850393700787
0
LINE
8
BLACK
6
CONTINUOUS
10
2.0241638976377954
20
0.1342850393700787
11
2.0165748031496062
21
0.1289711023622047
0
LINE
8
BLACK
6
CONTINUOUS
10
2.0165748031496062
20
0.1289711023622047
11
2.0081782283464564
21
0.1250557086614173
0
LINE
8
BLACK
6
CONTINUOUS
10
2.0081782283464564
20
0.1250557086614173
11
1.9992293307086613
21
0.122657874015748
0
LINE
8
BLACK
6
CONTINUOUS
10
1.9992293307086613
20
0.122657874015748
11
1.99
21
0.1218503937007874
0
LINE
8
BLACK
6
CONTINUOUS
10
1.99
20
0.1218503937007874
11
1.9807706692913385
21
0.122657874015748
0
LINE
8
BLACK
6
CONTINUOUS
10
1.9807706692913385
20
0.122657874015748
11
1.9718217716535433
21
0.1250557086614173
0
LINE
8
BLACK
6
CONTINUOUS
10
1.9718217716535433
20
0.1250557086614173
11
1.9634251968503937
21
0.1289711023622047
0
LINE
8
BLACK
6
CONTINUOUS
10
1.9634251968503937
20
0.1289711023622047
11
1.9558361023622046
21
0.1342850393700787
0
LINE
8
BLACK
6
CONTINUOUS
10
1.9558361023622046
20
0.1342850393700787
11
1.9492850393700787
21
0.1408361023622047
0
LINE
8
BLACK
6
CONTINUOUS
10
1.9492850393700787
20
0.1408361023622047
11
1.9439711023622046
21
0.1484251968503937
0
LINE
8
BLACK
6
CONTINUOUS
10
1.9439711023622046
20
0.1484251968503937
11
1.9400557086614172
21
0.1568217716535433
0
LINE
8
BLACK
6
CONTINUOUS
10
1.9400557086614172
20
0.1568217716535433
11
1.937657874015748
21
0.1657706692913386
0
LINE
8
BLACK
6
CONTINUOUS
10
1.937657874015748
20
0.1657706692913386
11
1.9375
21
0.1675751181102362
0
LINE
8
BLACK
6
CONTINUOUS
10
1.9375
20
0.1675751181102362
11
1.9373421259842518
21
0.1657706692913386
0
LINE
8
BLACK
6
CONTINUOUS
10
1.9373421259842518
20
0.1657706692913386
11
1.9349442913385826
21
0.1568217716535433
0
LINE
8
BLACK
6
CONTINUOUS
10
1.9349442913385826
20
0.1568217716535433
11
1.9310288976377952
21
0.1484251968503937
0
LINE
8
BLACK
6
CONTINUOUS
10
1.9310288976377952
20
0.1484251968503937
11
1.9257149606299213
21
0.1408361023622047
0
LINE
8
BLACK
6
CONTINUOUS
10
1.9257149606299213
20
0.1408361023622047
11
1.9191638976377952
21
0.1342850393700787
0
LINE
8
BLACK
6
CONTINUOUS
10
1.9191638976377952
20
0.1342850393700787
11
1.9115748031496063
21
0.1289711023622047
0
LINE
8
BLACK
6
CONTINUOUS
10
1.9115748031496063
20
0.1289711023622047
11
1.9031782283464567
21
0.1250557086614173
0
LINE
8
BLACK
6
CONTINUOUS
10
1.9031782283464567
20
0.1250557086614173
11
1.8942293307086613
21
0.122657874015748
0
LINE
8
BLACK
6
CONTINUOUS
10
1.8942293307086613
20
0.122657874015748
11
1.885
21
0.1218503937007874
0
LINE
8
BLACK
6
CONTINUOUS
10
1.885
20
0.1218503937007874
11
1.8757706692913385
21
0.122657874015748
0
LINE
8
BLACK
6
CONTINUOUS
10
1.8757706692913385
20
0.122657874015748
11
1.8668217716535433
21
0.1250557086614173
0
LINE
8
BLACK
6
CONTINUOUS
10
1.8668217716535433
20
0.1250557086614173
11
1.8584251968503938
21
0.1289711023622047
0
LINE
8
BLACK
6
CONTINUOUS
10
1.8584251968503938
20
0.1289711023622047
11
1.8508361023622046
21
0.1342850393700787
0
LINE
8
BLACK
6
CONTINUOUS
10
1.8508361023622046
20
0.1342850393700787
11
1.8442850393700787
21
0.1408361023622047
0
LINE
8
BLACK
6
CONTINUOUS
10
1.8442850393700787
20
0.1408361023622047
11
1.8389711023622046
21
0.1484251968503937
0
LINE
8
BLACK
6
CONTINUOUS
10
1.8389711023622046
20
0.1484251968503937
11
1.8350557086614172
21
0.1568217716535433
0
LINE
8
BLACK
6
CONTINUOUS
10
1.8350557086614172
20
0.1568217716535433
11
1.832657874015748
21
0.1657706692913386
0
LINE
8
BLACK
6
CONTINUOUS
10
1.832657874015748
20
0.1657706692913386
11
1.8325
21
0.1675751181102362
0
LINE
8
BLACK
6
CONTINUOUS
10
1.8325
20
0.1675751181102362
11
1.8323421259842518
21
0.1657706692913386
0
LINE
8
BLACK
6
CONTINUOUS
10
1.8323421259842518
20
0.1657706692913386
11
1.8299442913385826
21
0.1568217716535433
0
LINE
8
BLACK
6
CONTINUOUS
10
1.8299442913385826
20
0.1568217716535433
11
1.8260288976377952
21
0.1484251968503937
0
LINE
8
BLACK
6
CONTINUOUS
10
1.8260288976377952
20
0.1484251968503937
11
1.8207149606299211
21
0.1408361023622047
0
LINE
8
BLACK
6
CONTINUOUS
10
1.8207149606299211
20
0.1408361023622047
11
1.8141638976377952
21
0.1342850393700787
0
LINE
8
BLACK
6
CONTINUOUS
10
1.8141638976377952
20
0.1342850393700787
11
1.8065748031496063
21
0.1289711023622047
0
LINE
8
BLACK
6
CONTINUOUS
10
1.8065748031496063
20
0.1289711023622047
11
1.7981782283464567
21
0.1250557086614173
0
LINE
8
BLACK
6
CONTINUOUS
10
1.7981782283464567
20
0.1250557086614173
11
1.7892293307086613
21
0.122657874015748
0
LINE
8
BLACK
6
CONTINUOUS
10
1.7892293307086613
20
0.122657874015748
11
1.78
21
0.1218503937007874
0
LINE
8
BLACK
6
CONTINUOUS
10
1.78
20
0.1218503937007874
11
1.7707706692913385
21
0.122657874015748
0
LINE
8
BLACK
6
CONTINUOUS
10
1.7707706692913385
20
0.122657874015748
11
1.7618217716535434
21
0.1250557086614173
0
LINE
8
BLACK
6
CONTINUOUS
10
1.7618217716535434
20
0.1250557086614173
11
1.7534251968503936
21
0.1289711023622047
0
LINE
8
BLACK
6
CONTINUOUS
10
1.7534251968503936
20
0.1289711023622047
11
1.7458361023622047
21
0.1342850393700787
0
LINE
8
BLACK
6
CONTINUOUS
10
1.7458361023622047
20
0.1342850393700787
11
1.7392850393700787
21
0.1408361023622047
0
LINE
8
BLACK
6
CONTINUOUS
10
1.7392850393700787
20
0.1408361023622047
11
1.7339711023622046
21
0.1484251968503937
0
LINE
8
BLACK
6
CONTINUOUS
10
1.7339711023622046
20
0.1484251968503937
11
1.7300557086614172
21
0.1568217716535433
0
LINE
8
BLACK
6
CONTINUOUS
10
1.7300557086614172
20
0.1568217716535433
11
1.727657874015748
21
0.1657706692913386
0
LINE
8
BLACK
6
CONTINUOUS
10
1.727657874015748
20
0.1657706692913386
11
1.7275
21
0.1675751181102362
0
LINE
8
BLACK
6
CONTINUOUS
10
1.7275
20
0.1675751181102362
11
1.7273421259842519
21
0.1657706692913386
0
LINE
8
BLACK
6
CONTINUOUS
10
1.7273421259842519
20
0.1657706692913386
11
1.7249442913385826
21
0.1568217716535433
0
LINE
8
BLACK
6
CONTINUOUS
10
1.7249442913385826
20
0.1568217716535433
11
1.7210288976377952
21
0.1484251968503937
0
LINE
8
BLACK
6
CONTINUOUS
10
1.7210288976377952
20
0.1484251968503937
11
1.7157149606299211
21
0.1408361023622047
0
LINE
8
BLACK
6
CONTINUOUS
10
1.7157149606299211
20
0.1408361023622047
11
1.7091638976377952
21
0.1342850393700787
0
LINE
8
BLACK
6
CONTINUOUS
10
1.7091638976377952
20
0.1342850393700787
11
1.7015748031496063
21
0.1289711023622047
0
LINE
8
BLACK
6
CONTINUOUS
10
1.7015748031496063
20
0.1289711023622047
11
1.6931782283464567
21
0.1250557086614173
0
LINE
8
BLACK
6
CONTINUOUS
10
1.6931782283464567
20
0.1250557086614173
11
1.6842293307086613
21
0.122657874015748
0
LINE
8
BLACK
6
CONTINUOUS
10
1.6842293307086613
20
0.122657874015748
11
1.675
21
0.1218503937007874
0
LINE
8
BLACK
6
CONTINUOUS
10
1.675
20
0.1218503937007874
11
1.6657706692913385
21
0.122657874015748
0
LINE
8
BLACK
6
CONTINUOUS
10
1.6657706692913385
20
0.122657874015748
11
1.6568217716535432
21
0.1250557086614173
0
LINE
8
BLACK
6
CONTINUOUS
10
1.6568217716535432
20
0.1250557086614173
11
1.6484251968503936
21
0.1289711023622047
0
LINE
8
BLACK
6
CONTINUOUS
10
1.6484251968503936
20
0.1289711023622047
11
1.6408361023622047
21
0.1342850393700787
0
LINE
8
BLACK
6
CONTINUOUS
10
1.6408361023622047
20
0.1342850393700787
11
1.6342850393700787
21
0.1408361023622047
0
LINE
8
BLACK
6
CONTINUOUS
10
1.6342850393700787
20
0.1408361023622047
11
1.6289711023622047
21
0.1484251968503937
0
LINE
8
BLACK
6
CONTINUOUS
10
1.6289711023622047
20
0.1484251968503937
11
1.6250557086614172
21
0.1568217716535433
0
LINE
8
BLACK
6
CONTINUOUS
10
1.6250557086614172
20
0.1568217716535433
11
1.622657874015748
21
0.1657706692913386
0
LINE
8
BLACK
6
CONTINUOUS
10
1.622657874015748
20
0.1657706692913386
11
1.6218503937007873
21
0.175
0
LINE
8
BLACK
6
CONTINUOUS
10
1.6218503937007873
20
0.175
11
1.622657874015748
21
0.1842293307086614
0
LINE
8
BLACK
6
CONTINUOUS
10
1.622657874015748
20
0.1842293307086614
11
1.6250557086614172
21
0.1931782283464567
0
LINE
8
BLACK
6
CONTINUOUS
10
1.6250557086614172
20
0.1931782283464567
11
1.6289711023622047
21
0.2015748031496063
0
LINE
8
BLACK
6
CONTINUOUS
10
1.6289711023622047
20
0.2015748031496063
11
1.6342850393700787
21
0.2091638976377953
0
LINE
8
BLACK
6
CONTINUOUS
10
1.6342850393700787
20
0.2091638976377953
11
1.6408361023622047
21
0.2157149606299213
0
LINE
8
BLACK
6
CONTINUOUS
10
1.6408361023622047
20
0.2157149606299213
11
1.6484251968503936
21
0.2210288976377953
0
LINE
8
BLACK
6
CONTINUOUS
10
1.6484251968503936
20
0.2210288976377953
11
1.6568217716535432
21
0.2249442913385827
0
LINE
8
BLACK
6
CONTINUOUS
10
1.6568217716535432
20
0.2249442913385827
11
1.6657706692913385
21
0.227342125984252
0
LINE
8
BLACK
6
CONTINUOUS
10
1.6657706692913385
20
0.227342125984252
11
1.675
21
0.2281496062992126
0
LINE
8
BLACK
6
CONTINUOUS
10
1.675
20
0.2281496062992126
11
1.6842293307086613
21
0.227342125984252
0
LINE
8
BLACK
6
CONTINUOUS
10
1.6842293307086613
20
0.227342125984252
11
1.6931782283464567
21
0.2249442913385827
0
LINE
8
BLACK
6
CONTINUOUS
10
1.6931782283464567
20
0.2249442913385827
11
1.7015748031496063
21
0.2210288976377953
0
LINE
8
BLACK
6
CONTINUOUS
10
1.7015748031496063
20
0.2210288976377953
11
1.7091638976377952
21
0.2157149606299213
0
LINE
8
BLACK
6
CONTINUOUS
10
1.7091638976377952
20
0.2157149606299213
11
1.7157149606299211
21
0.2091638976377953
0
LINE
8
BLACK
6
CONTINUOUS
10
1.7157149606299211
20
0.2091638976377953
11
1.7210288976377952
21
0.2015748031496063
0
LINE
8
BLACK
6
CONTINUOUS
10
1.7210288976377952
20
0.2015748031496063
11
1.7249442913385826
21
0.1931782283464567
0
LINE
8
BLACK
6
CONTINUOUS
10
1.7249442913385826
20
0.1931782283464567
11
1.7273421259842519
21
0.1842293307086614
0
LINE
8
BLACK
6
CONTINUOUS
10
1.7273421259842519
20
0.1842293307086614
11
1.7275
21
0.182424842519685
0
LINE
8
BLACK
6
CONTINUOUS
10
1.7275
20
0.182424842519685
11
1.727657874015748
21
0.1842293307086614
0
LINE
8
BLACK
6
CONTINUOUS
10
1.727657874015748
20
0.1842293307086614
11
1.7300557086614172
21
0.1931782283464567
0
LINE
8
BLACK
6
CONTINUOUS
10
1.7300557086614172
20
0.1931782283464567
11
1.7339711023622046
21
0.2015748031496063
0
LINE
8
BLACK
6
CONTINUOUS
10
1.7339711023622046
20
0.2015748031496063
11
1.7392850393700787
21
0.2091638976377953
0
LINE
8
BLACK
6
CONTINUOUS
10
1.7392850393700787
20
0.2091638976377953
11
1.7458361023622047
21
0.2157149606299213
0
LINE
8
BLACK
6
CONTINUOUS
10
1.7458361023622047
20
0.2157149606299213
11
1.7534251968503936
21
0.2210288976377953
0
LINE
8
BLACK
6
CONTINUOUS
10
1.7534251968503936
20
0.2210288976377953
11
1.7618217716535434
21
0.2249442913385827
0
LINE
8
BLACK
6
CONTINUOUS
10
1.7618217716535434
20
0.2249442913385827
11
1.7707706692913385
21
0.227342125984252
0
LINE
8
BLACK
6
CONTINUOUS
10
1.7707706692913385
20
0.227342125984252
11
1.78
21
0.2281496062992126
0
LINE
8
BLACK
6
CONTINUOUS
10
1.78
20
0.2281496062992126
11
1.7892293307086613
21
0.227342125984252
0
LINE
8
BLACK
6
CONTINUOUS
10
1.7892293307086613
20
0.227342125984252
11
1.7981782283464567
21
0.2249442913385827
0
LINE
8
BLACK
6
CONTINUOUS
10
1.7981782283464567
20
0.2249442913385827
11
1.8065748031496063
21
0.2210288976377953
0
LINE
8
BLACK
6
CONTINUOUS
10
1.8065748031496063
20
0.2210288976377953
11
1.8141638976377952
21
0.2157149606299213
0
LINE
8
BLACK
6
CONTINUOUS
10
1.8141638976377952
20
0.2157149606299213
11
1.8207149606299211
21
0.2091638976377953
0
LINE
8
BLACK
6
CONTINUOUS
10
1.8207149606299211
20
0.2091638976377953
11
1.8260288976377952
21
0.2015748031496063
0
LINE
8
BLACK
6
CONTINUOUS
10
1.8260288976377952
20
0.2015748031496063
11
1.8299442913385826
21
0.1931782283464567
0
LINE
8
BLACK
6
CONTINUOUS
10
1.8299442913385826
20
0.1931782283464567
11
1.8323421259842518
21
0.1842293307086614
0
LINE
8
BLACK
6
CONTINUOUS
10
1.8323421259842518
20
0.1842293307086614
11
1.8325
21
0.182424842519685
0
LINE
8
BLACK
6
CONTINUOUS
10
1.8325
20
0.182424842519685
11
1.832657874015748
21
0.1842293307086614
0
LINE
8
BLACK
6
CONTINUOUS
10
1.832657874015748
20
0.1842293307086614
11
1.8350557086614172
21
0.1931782283464567
0
LINE
8
BLACK
6
CONTINUOUS
10
1.8350557086614172
20
0.1931782283464567
11
1.8389711023622046
21
0.2015748031496063
0
LINE
8
BLACK
6
CONTINUOUS
10
1.8389711023622046
20
0.2015748031496063
11
1.8442850393700787
21
0.2091638976377953
0
LINE
8
BLACK
6
CONTINUOUS
10
1.8442850393700787
20
0.2091638976377953
11
1.8508361023622046
21
0.2157149606299213
0
LINE
8
BLACK
6
CONTINUOUS
10
1.8508361023622046
20
0.2157149606299213
11
1.8584251968503938
21
0.2210288976377953
0
LINE
8
BLACK
6
CONTINUOUS
10
1.8584251968503938
20
0.2210288976377953
11
1.8668217716535433
21
0.2249442913385827
0
LINE
8
BLACK
6
CONTINUOUS
10
1.8668217716535433
20
0.2249442913385827
11
1.8757706692913385
21
0.227342125984252
0
LINE
8
BLACK
6
CONTINUOUS
10
1.8757706692913385
20
0.227342125984252
11
1.885
21
0.2281496062992126
0
LINE
8
BLACK
6
CONTINUOUS
10
1.885
20
0.2281496062992126
11
1.8942293307086613
21
0.227342125984252
0
LINE
8
BLACK
6
CONTINUOUS
10
1.8942293307086613
20
0.227342125984252
11
1.9031782283464567
21
0.2249442913385827
0
LINE
8
BLACK
6
CONTINUOUS
10
1.9031782283464567
20
0.2249442913385827
11
1.9115748031496063
21
0.2210288976377953
0
LINE
8
BLACK
6
CONTINUOUS
10
1.9115748031496063
20
0.2210288976377953
11
1.9191638976377952
21
0.2157149606299213
0
LINE
8
BLACK
6
CONTINUOUS
10
1.9191638976377952
20
0.2157149606299213
11
1.9257149606299213
21
0.2091638976377953
0
LINE
8
BLACK
6
CONTINUOUS
10
1.9257149606299213
20
0.2091638976377953
11
1.9310288976377952
21
0.2015748031496063
0
LINE
8
BLACK
6
CONTINUOUS
10
1.9310288976377952
20
0.2015748031496063
11
1.9349442913385826
21
0.1931782283464567
0
LINE
8
BLACK
6
CONTINUOUS
10
1.9349442913385826
20
0.1931782283464567
11
1.9373421259842518
21
0.1842293307086614
0
LINE
8
BLACK
6
CONTINUOUS
10
1.9373421259842518
20
0.1842293307086614
11
1.9375
21
0.182424842519685
0
LINE
8
BLACK
6
CONTINUOUS
10
1.9375
20
0.182424842519685
11
1.937657874015748
21
0.1842293307086614
0
LINE
8
BLACK
6
CONTINUOUS
10
1.937657874015748
20
0.1842293307086614
11
1.9400557086614172
21
0.1931782283464567
0
LINE
8
BLACK
6
CONTINUOUS
10
1.9400557086614172
20
0.1931782283464567
11
1.9439711023622046
21
0.2015748031496063
0
LINE
8
BLACK
6
CONTINUOUS
10
1.9439711023622046
20
0.2015748031496063
11
1.9492850393700787
21
0.2091638976377953
0
LINE
8
BLACK
6
CONTINUOUS
10
1.9492850393700787
20
0.2091638976377953
11
1.9558361023622046
21
0.2157149606299213
0
LINE
8
BLACK
6
CONTINUOUS
10
1.9558361023622046
20
0.2157149606299213
11
1.9634251968503937
21
0.2210288976377953
0
LINE
8
BLACK
6
CONTINUOUS
10
1.9634251968503937
20
0.2210288976377953
11
1.9718217716535433
21
0.2249442913385827
0
LINE
8
BLACK
6
CONTINUOUS
10
1.9718217716535433
20
0.2249442913385827
11
1.9807706692913385
21
0.227342125984252
0
LINE
8
BLACK
6
CONTINUOUS
10
1.9807706692913385
20
0.227342125984252
11
1.99
21
0.2281496062992126
0
LINE
8
BLACK
6
CONTINUOUS
10
1.99
20
0.2281496062992126
11
1.9992293307086613
21
0.227342125984252
0
LINE
8
BLACK
6
CONTINUOUS
10
1.9992293307086613
20
0.227342125984252
11
2.0081782283464564
21
0.2249442913385827
0
LINE
8
BLACK
6
CONTINUOUS
10
2.0081782283464564
20
0.2249442913385827
11
2.0165748031496062
21
0.2210288976377953
0
LINE
8
BLACK
6
CONTINUOUS
10
2.0165748031496062
20
0.2210288976377953
11
2.0241638976377954
21
0.2157149606299213
0
LINE
8
BLACK
6
CONTINUOUS
10
2.0241638976377954
20
0.2157149606299213
11
2.0307149606299211
21
0.2091638976377953
0
LINE
8
BLACK
6
CONTINUOUS
10
2.0307149606299211
20
0.2091638976377953
11
2.0360288976377952
21
0.2015748031496063
0
LINE
8
BLACK
6
CONTINUOUS
10
2.0360288976377952
20
0.2015748031496063
11
2.0399442913385828
21
0.1931782283464567
0
LINE
8
BLACK
6
CONTINUOUS
10
2.0399442913385828
20
0.1931782283464567
11
2.042342125984252
21
0.1842293307086614
0
LINE
8
BLACK
6
CONTINUOUS
10
2.042342125984252
20
0.1842293307086614
11
2.0425
21
0.182424842519685
0
LINE
8
BLACK
6
CONTINUOUS
10
2.0425
20
0.182424842519685
11
2.0426578740157479
21
0.1842293307086614
0
LINE
8
BLACK
6
CONTINUOUS
10
2.0426578740157479
20
0.1842293307086614
11
2.0450557086614172
21
0.1931782283464567
0
LINE
8
BLACK
6
CONTINUOUS
10
2.0450557086614172
20
0.1931782283464567
11
2.0489711023622048
21
0.2015748031496063
0
LINE
8
BLACK
6
CONTINUOUS
10
2.0489711023622048
20
0.2015748031496063
11
2.0542850393700789
21
0.2091638976377953
0
LINE
8
BLACK
6
CONTINUOUS
10
2.0542850393700789
20
0.2091638976377953
11
2.0608361023622046
21
0.2157149606299213
0
LINE
8
BLACK
6
CONTINUOUS
10
2.0608361023622046
20
0.2157149606299213
11
2.0684251968503937
21
0.2210288976377953
0
LINE
8
BLACK
6
CONTINUOUS
10
2.0684251968503937
20
0.2210288976377953
11
2.0768217716535431
21
0.2249442913385827
0
LINE
8
BLACK
6
CONTINUOUS
10
2.0768217716535431
20
0.2249442913385827
11
2.0857706692913385
21
0.227342125984252
0
LINE
8
BLACK
6
CONTINUOUS
10
2.0857706692913385
20
0.227342125984252
11
2.0949999999999998
21
0.2281496062992126
0
LINE
8
BLACK
6
CONTINUOUS
10
2.0949999999999998
20
0.2281496062992126
11
2.1042293307086615
21
0.227342125984252
0
LINE
8
BLACK
6
CONTINUOUS
10
2.1042293307086615
20
0.227342125984252
11
2.1131782283464569
21
0.2249442913385827
0
LINE
8
BLACK
6
CONTINUOUS
10
2.1131782283464569
20
0.2249442913385827
11
2.1215748031496062
21
0.2210288976377953
0
LINE
8
BLACK
6
CONTINUOUS
10
2.1215748031496062
20
0.2210288976377953
11
2.1291638976377953
21
0.2157149606299213
0
LINE
8
BLACK
6
CONTINUOUS
10
2.1291638976377953
20
0.2157149606299213
11
2.1357149606299211
21
0.2091638976377953
0
LINE
8
BLACK
6
CONTINUOUS
10
2.1357149606299211
20
0.2091638976377953
11
2.1410288976377951
21
0.2015748031496063
0
LINE
8
BLACK
6
CONTINUOUS
10
2.1410288976377951
20
0.2015748031496063
11
2.1449442913385828
21
0.1931782283464567
0
LINE
8
BLACK
6
CONTINUOUS
10
2.1449442913385828
20
0.1931782283464567
11
2.147342125984252
21
0.1842293307086614
0
LINE
8
BLACK
6
CONTINUOUS
10
2.147342125984252
20
0.1842293307086614
11
2.1475
21
0.182424842519685
0
LINE
8
BLACK
6
CONTINUOUS
10
2.1475
20
0.182424842519685
11
2.1476578740157479
21
0.1842293307086614
0
LINE
8
BLACK
6
CONTINUOUS
10
2.1476578740157479
20
0.1842293307086614
11
2.1500557086614172
21
0.1931782283464567
0
LINE
8
BLACK
6
CONTINUOUS
10
2.1500557086614172
20
0.1931782283464567
11
2.1539711023622048
21
0.2015748031496063
0
LINE
8
BLACK
6
CONTINUOUS
10
2.1539711023622048
20
0.2015748031496063
11
2.1592850393700789
21
0.2091638976377953
0
LINE
8
BLACK
6
CONTINUOUS
10
2.1592850393700789
20
0.2091638976377953
11
2.1658361023622046
21
0.2157149606299213
0
LINE
8
BLACK
6
CONTINUOUS
10
2.1658361023622046
20
0.2157149606299213
11
2.1734251968503937
21
0.2210288976377953
0
LINE
8
BLACK
6
CONTINUOUS
10
2.1734251968503937
20
0.2210288976377953
11
2.1818217716535431
21
0.2249442913385827
0
LINE
8
BLACK
6
CONTINUOUS
10
2.1818217716535431
20
0.2249442913385827
11
2.1907706692913385
21
0.227342125984252
0
LINE
8
BLACK
6
CONTINUOUS
10
2.1907706692913385
20
0.227342125984252
11
2.1999999999999997
21
0.2281496062992126
0
LINE
8
BLACK
6
CONTINUOUS
10
2.1999999999999997
20
0.2281496062992126
11
2.2092293307086615
21
0.227342125984252
0
LINE
8
BLACK
6
CONTINUOUS
10
2.2092293307086615
20
0.227342125984252
11
2.2181782283464568
21
0.2249442913385827
0
LINE
8
BLACK
6
CONTINUOUS
10
2.2181782283464568
20
0.2249442913385827
11
2.2265748031496062
21
0.2210288976377953
0
LINE
8
BLACK
6
CONTINUOUS
10
2.2265748031496062
20
0.2210288976377953
11
2.2341638976377953
21
0.2157149606299213
0
LINE
8
BLACK
6
CONTINUOUS
10
2.2341638976377953
20
0.2157149606299213
11
2.240714960629921
21
0.2091638976377953
0
LINE
8
BLACK
6
CONTINUOUS
10
2.240714960629921
20
0.2091638976377953
11
2.2460288976377951
21
0.2015748031496063
0
LINE
8
BLACK
6
CONTINUOUS
10
2.2460288976377951
20
0.2015748031496063
11
2.2499442913385828
21
0.1931782283464567
0
LINE
8
BLACK
6
CONTINUOUS
10
2.2499442913385828
20
0.1931782283464567
11
2.252342125984252
21
0.1842293307086614
0
LINE
8
BLACK
6
CONTINUOUS
10
2.252342125984252
20
0.1842293307086614
11
2.2524999999999999
21
0.182424842519685
0
LINE
8
BLACK
6
CONTINUOUS
10
2.2524999999999999
20
0.182424842519685
11
2.2526578740157479
21
0.1842293307086614
0
LINE
8
BLACK
6
CONTINUOUS
10
2.2526578740157479
20
0.1842293307086614
11
2.2550557086614171
21
0.1931782283464567
0
LINE
8
BLACK
6
CONTINUOUS
10
2.2550557086614171
20
0.1931782283464567
11
2.2589711023622048
21
0.2015748031496063
0
LINE
8
BLACK
6
CONTINUOUS
10
2.2589711023622048
20
0.2015748031496063
11
2.2642850393700789
21
0.2091638976377953
0
LINE
8
BLACK
6
CONTINUOUS
10
2.2642850393700789
20
0.2091638976377953
11
2.2708361023622046
21
0.2157149606299213
0
LINE
8
BLACK
6
CONTINUOUS
10
2.2708361023622046
20
0.2157149606299213
11
2.2784251968503937
21
0.2210288976377953
0
LINE
8
BLACK
6
CONTINUOUS
10
2.2784251968503937
20
0.2210288976377953
11
2.2868217716535431
21
0.2249442913385827
0
LINE
8
BLACK
6
CONTINUOUS
10
2.2868217716535431
20
0.2249442913385827
11
2.2957706692913384
21
0.227342125984252
0
LINE
8
BLACK
6
CONTINUOUS
10
2.2957706692913384
20
0.227342125984252
11
2.3050000000000002
21
0.2281496062992126
0
LINE
8
BLACK
6
CONTINUOUS
10
2.3050000000000002
20
0.2281496062992126
11
2.3142293307086614
21
0.227342125984252
0
LINE
8
BLACK
6
CONTINUOUS
10
2.3142293307086614
20
0.227342125984252
11
2.3231782283464568
21
0.2249442913385827
0
LINE
8
BLACK
6
CONTINUOUS
10
2.3231782283464568
20
0.2249442913385827
11
2.3315748031496062
21
0.2210288976377953
0
LINE
8
BLACK
6
CONTINUOUS
10
2.3315748031496062
20
0.2210288976377953
11
2.3391638976377953
21
0.2157149606299213
0
LINE
8
BLACK
6
CONTINUOUS
10
2.3391638976377953
20
0.2157149606299213
11
2.345714960629921
21
0.2091638976377953
0
LINE
8
BLACK
6
CONTINUOUS
10
2.345714960629921
20
0.2091638976377953
11
2.3510288976377951
21
0.2015748031496063
0
LINE
8
BLACK
6
CONTINUOUS
10
2.3510288976377951
20
0.2015748031496063
11
2.3549442913385827
21
0.1931782283464567
0
LINE
8
BLACK
6
CONTINUOUS
10
2.3549442913385827
20
0.1931782283464567
11
2.357342125984252
21
0.1842293307086614
0
LINE
8
BLACK
6
CONTINUOUS
10
2.357342125984252
20
0.1842293307086614
11
2.3574999999999999
21
0.182424842519685
0
LINE
8
BLACK
6
CONTINUOUS
10
2.3574999999999999
20
0.182424842519685
11
2.3576578740157479
21
0.1842293307086614
0
LINE
8
BLACK
6
CONTINUOUS
10
2.3576578740157479
20
0.1842293307086614
11
2.3600557086614171
21
0.1931782283464567
0
LINE
8
BLACK
6
CONTINUOUS
10
2.3600557086614171
20
0.1931782283464567
11
2.3639711023622048
21
0.2015748031496063
0
LINE
8
BLACK
6
CONTINUOUS
10
2.3639711023622048
20
0.2015748031496063
11
2.3692850393700788
21
0.2091638976377953
0
LINE
8
BLACK
6
CONTINUOUS
10
2.3692850393700788
20
0.2091638976377953
11
2.3758361023622045
21
0.2157149606299213
0
LINE
8
BLACK
6
CONTINUOUS
10
2.3758361023622045
20
0.2157149606299213
11
2.3834251968503937
21
0.2210288976377953
0
LINE
8
BLACK
6
CONTINUOUS
10
2.3834251968503937
20
0.2210288976377953
11
2.391821771653543
21
0.2249442913385827
0
LINE
8
BLACK
6
CONTINUOUS
10
2.391821771653543
20
0.2249442913385827
11
2.4007706692913384
21
0.227342125984252
0
LINE
8
BLACK
6
CONTINUOUS
10
2.4007706692913384
20
0.227342125984252
11
2.4100000000000001
21
0.2281496062992126
0
LINE
8
BLACK
6
CONTINUOUS
10
2.4100000000000001
20
0.2281496062992126
11
2.4192293307086614
21
0.227342125984252
0
LINE
8
BLACK
6
CONTINUOUS
10
1.28
20
0.22
11
1.22
21
0.22
0
LINE
8
BLACK
6
CONTINUOUS
10
1.22
20
0.22
11
1.22
21
0.28
0
LINE
8
BLACK
6
CONTINUOUS
10
1.22
20
0.28
11
1.28
21
0.28
0
LINE
8
BLACK
6
CONTINUOUS
10
1.28
20
0.28
11
1.28
21
0.22
0
LINE
8
BLACK
6
CONTINUOUS
10
1.3799999999999999
20
0.22
11
1.3200000000000001
21
0.22
0
LINE
8
BLACK
6
CONTINUOUS
10
1.3200000000000001
20
0.22
11
1.3200000000000001
21
0.28
0
LINE
8
BLACK
6
CONTINUOUS
10
1.3200000000000001
20
0.28
11
1.3799999999999999
21
0.28
0
LINE
8
BLACK
6
CONTINUOUS
10
1.3799999999999999
20
0.28
11
1.3799999999999999
21
0.22
0
LINE
8
BLACK
6
CONTINUOUS
10
1.48
20
0.22
11
1.4199999999999999
21
0.22
0
LINE
8
BLACK
6
CONTINUOUS
10
1.4199999999999999
20
0.22
11
1.4199999999999999
21
0.28
0
LINE
8
BLACK
6
CONTINUOUS
10
1.4199999999999999
20
0.28
11
1.48
21
0.28
0
LINE
8
BLACK
6
CONTINUOUS
10
1.48
20
0.28
11
1.48
21
0.22
0
LINE
8
BLACK
6
CONTINUOUS
10
1.5800000000000001
20
0.22
11
1.52
21
0.22
0
LINE
8
BLACK
6
CONTINUOUS
10
1.52
20
0.22
11
1.52
21
0.28
0
LINE
8
BLACK
6
CONTINUOUS
10
1.52
20
0.28
11
1.5800000000000001
21
0.28
0
LINE
8
BLACK
6
CONTINUOUS
10
1.5800000000000001
20
0.28
11
1.5800000000000001
21
0.22
0
LINE
8
BLACK
6
CONTINUOUS
10
1.7045275590551181
20
0.2330708661417323
11
1.6454724409448818
21
0.2330708661417323
0
LINE
8
BLACK
6
CONTINUOUS
10
1.6454724409448818
20
0.2330708661417323
11
1.6454724409448818
21
0.2744094488188976
0
LINE
8
BLACK
6
CONTINUOUS
10
1.6454724409448818
20
0.2744094488188976
11
1.7045275590551181
21
0.2744094488188976
0
LINE
8
BLACK
6
CONTINUOUS
10
1.7045275590551181
20
0.2744094488188976
11
1.7045275590551181
21
0.2330708661417323
0
LINE
8
BLACK
6
CONTINUOUS
10
1.8095275590551181
20
0.2330708661417323
11
1.7504724409448817
21
0.2330708661417323
0
LINE
8
BLACK
6
CONTINUOUS
10
1.7504724409448817
20
0.2330708661417323
11
1.7504724409448817
21
0.2744094488188976
0
LINE
8
BLACK
6
CONTINUOUS
10
1.7504724409448817
20
0.2744094488188976
11
1.8095275590551181
21
0.2744094488188976
0
LINE
8
BLACK
6
CONTINUOUS
10
1.8095275590551181
20
0.2744094488188976
11
1.8095275590551181
21
0.2330708661417323
0
LINE
8
BLACK
6
CONTINUOUS
10
1.9145275590551181
20
0.2330708661417323
11
1.855472440944882
21
0.2330708661417323
0
LINE
8
BLACK
6
CONTINUOUS
10
1.855472440944882
20
0.2330708661417323
11
1.855472440944882
21
0.2744094488188976
0
LINE
8
BLACK
6
CONTINUOUS
10
1.855472440944882
20
0.2744094488188976
11
1.9145275590551181
21
0.2744094488188976
0
LINE
8
BLACK
6
CONTINUOUS
10
1.9145275590551181
20
0.2744094488188976
11
1.9145275590551181
21
0.2330708661417323
0
LINE
8
BLACK
6
CONTINUOUS
10
2.0195275590551183
20
0.2330708661417323
11
1.9604724409448819
21
0.2330708661417323
0
LINE
8
BLACK
6
CONTINUOUS
10
1.9604724409448819
20
0.2330708661417323
11
1.9604724409448819
21
0.2744094488188976
0
LINE
8
BLACK
6
CONTINUOUS
10
1.9604724409448819
20
0.2744094488188976
11
2.0195275590551183
21
0.2744094488188976
0
LINE
8
BLACK
6
CONTINUOUS
10
2.0195275590551183
20
0.2744094488188976
11
2.0195275590551183
21
0.2330708661417323
0
LINE
8
BLACK
6
CONTINUOUS
10
2.1245275590551183
20
0.2330708661417323
11
2.0654724409448817
21
0.2330708661417323
0
LINE
8
BLACK
6
CONTINUOUS
10
2.0654724409448817
20
0.2330708661417323
11
2.0654724409448817
21
0.2744094488188976
0
LINE
8
BLACK
6
CONTINUOUS
10
2.0654724409448817
20
0.2744094488188976
11
2.1245275590551183
21
0.2744094488188976
0
LINE
8
BLACK
6
CONTINUOUS
10
2.1245275590551183
20
0.2744094488188976
11
2.1245275590551183
21
0.2330708661417323
0
LINE
8
BLACK
6
CONTINUOUS
10
2.2295275590551182
20
0.2330708661417323
11
2.1704724409448817
21
0.2330708661417323
0
LINE
8
BLACK
6
CONTINUOUS
10
2.1704724409448817
20
0.2330708661417323
11
2.1704724409448817
21
0.2744094488188976
0
LINE
8
BLACK
6
CONTINUOUS
10
2.1704724409448817
20
0.2744094488188976
11
2.2295275590551182
21
0.2744094488188976
0
LINE
8
BLACK
6
CONTINUOUS
10
2.2295275590551182
20
0.2744094488188976
11
2.2295275590551182
21
0.2330708661417323
0
LINE
8
BLACK
6
CONTINUOUS
10
2.3345275590551182
20
0.2330708661417323
11
2.2754724409448817
21
0.2330708661417323
0
LINE
8
BLACK
6
CONTINUOUS
10
2.2754724409448817
20
0.2330708661417323
11
2.2754724409448817
21
0.2744094488188976
0
LINE
8
BLACK
6
CONTINUOUS
10
2.2754724409448817
20
0.2744094488188976
11
2.3345275590551182
21
0.2744094488188976
0
LINE
8
BLACK
6
CONTINUOUS
10
2.3345275590551182
20
0.2744094488188976
11
2.3345275590551182
21
0.2330708661417323
0
LINE
8
BLACK
6
CONTINUOUS
10
2.4395275590551182
20
0.2330708661417323
11
2.3804724409448816
21
0.2330708661417323
0
LINE
8
BLACK
6
CONTINUOUS
10
2.3804724409448816
20
0.2330708661417323
11
2.3804724409448816
21
0.2744094488188976
0
LINE
8
BLACK
6
CONTINUOUS
10
2.3804724409448816
20
0.2744094488188976
11
2.4395275590551182
21
0.2744094488188976
0
LINE
8
BLACK
6
CONTINUOUS
10
2.4395275590551182
20
0.2744094488188976
11
2.4395275590551182
21
0.2330708661417323
0
LINE
8
BLACK
6
CONTINUOUS
10
0.6631496062992126
20
0.235
11
0.5131496062992126
21
0.235
0
LINE
8
BLACK
6
CONTINUOUS
10
0.5131496062992126
20
0.235
11
0.5131496062992126
21
0.385
0
LINE
8
BLACK
6
CONTINUOUS
10
0.5131496062992126
20
0.385
11
0.6631496062992126
21
0.385
0
LINE
8
BLACK
6
CONTINUOUS
10
0.6631496062992126
20
0.385
11
0.6631496062992126
21
0.235
0
LINE
8
BLACK
6
CONTINUOUS
10
0.86
20
0.235
11
0.71
21
0.235
0
LINE
8
BLACK
6
CONTINUOUS
10
0.71
20
0.235
11
0.71
21
0.385
0
LINE
8
BLACK
6
CONTINUOUS
10
0.71
20
0.385
11
0.86
21
0.385
0
LINE
8
BLACK
6
CONTINUOUS
10
0.86
20
0.385
11
0.86
21
0.235
0
LINE
8
BLACK
6
CONTINUOUS
10
2.5539842519685041
20
0.2755826771653543
11
2.4879842519685038
21
0.2755826771653543
0
LINE
8
BLACK
6
CONTINUOUS
10
2.4879842519685038
20
0.2755826771653543
11
2.4879842519685038
21
0.3415826771653543
0
LINE
8
BLACK
6
CONTINUOUS
10
2.4879842519685038
20
0.3415826771653543
11
2.5539842519685041
21
0.3415826771653543
0
LINE
8
BLACK
6
CONTINUOUS
10
2.5539842519685041
20
0.3415826771653543
11
2.5539842519685041
21
0.2755826771653543
0
LINE
8
BLACK
6
CONTINUOUS
10
2.8020157480314958
20
0.2755826771653543
11
2.7360157480314959
21
0.2755826771653543
0
LINE
8
BLACK
6
CONTINUOUS
10
2.7360157480314959
20
0.2755826771653543
11
2.7360157480314959
21
0.3415826771653543
0
LINE
8
BLACK
6
CONTINUOUS
10
2.7360157480314959
20
0.3415826771653543
11
2.8020157480314958
21
0.3415826771653543
0
LINE
8
BLACK
6
CONTINUOUS
10
2.8020157480314958
20
0.3415826771653543
11
2.8020157480314958
21
0.2755826771653543
0
LINE
8
BLACK
6
CONTINUOUS
10
1.7024999999999999
20
0.325
11
1.6475
21
0.325
0
LINE
8
BLACK
6
CONTINUOUS
10
1.6475
20
0.325
11
1.6475
21
0.36
0
LINE
8
BLACK
6
CONTINUOUS
10
1.6475
20
0.36
11
1.7024999999999999
21
0.36
0
LINE
8
BLACK
6
CONTINUOUS
10
1.7024999999999999
20
0.36
11
1.7024999999999999
21
0.325
0
LINE
8
BLACK
6
CONTINUOUS
10
1.8074999999999999
20
0.325
11
1.7524999999999999
21
0.325
0
LINE
8
BLACK
6
CONTINUOUS
10
1.7524999999999999
20
0.325
11
1.7524999999999999
21
0.36
0
LINE
8
BLACK
6
CONTINUOUS
10
1.7524999999999999
20
0.36
11
1.8074999999999999
21
0.36
0
LINE
8
BLACK
6
CONTINUOUS
10
1.8074999999999999
20
0.36
11
1.8074999999999999
21
0.325
0
LINE
8
BLACK
6
CONTINUOUS
10
1.9124999999999999
20
0.325
11
1.8574999999999999
21
0.325
0
LINE
8
BLACK
6
CONTINUOUS
10
1.8574999999999999
20
0.325
11
1.8574999999999999
21
0.36
0
LINE
8
BLACK
6
CONTINUOUS
10
1.8574999999999999
20
0.36
11
1.9124999999999999
21
0.36
0
LINE
8
BLACK
6
CONTINUOUS
10
1.9124999999999999
20
0.36
11
1.9124999999999999
21
0.325
0
LINE
8
BLACK
6
CONTINUOUS
10
2.0175000000000001
20
0.325
11
1.9624999999999999
21
0.325
0
LINE
8
BLACK
6
CONTINUOUS
10
1.9624999999999999
20
0.325
11
1.9624999999999999
21
0.36
0
LINE
8
BLACK
6
CONTINUOUS
10
1.9624999999999999
20
0.36
11
2.0175000000000001
21
0.36
0
LINE
8
BLACK
6
CONTINUOUS
10
2.0175000000000001
20
0.36
11
2.0175000000000001
21
0.325
0
LINE
8
BLACK
6
CONTINUOUS
10
2.1225000000000001
20
0.325
11
2.0674999999999999
21
0.325
0
LINE
8
BLACK
6
CONTINUOUS
10
2.0674999999999999
20
0.325
11
2.0674999999999999
21
0.36
0
LINE
8
BLACK
6
CONTINUOUS
10
2.0674999999999999
20
0.36
11
2.1225000000000001
21
0.36
0
LINE
8
BLACK
6
CONTINUOUS
10
2.1225000000000001
20
0.36
11
2.1225000000000001
21
0.325
0
LINE
8
BLACK
6
CONTINUOUS
10
2.2275
20
0.325
11
2.1724999999999999
21
0.325
0
LINE
8
BLACK
6
CONTINUOUS
10
2.1724999999999999
20
0.325
11
2.1724999999999999
21
0.36
0
LINE
8
BLACK
6
CONTINUOUS
10
2.1724999999999999
20
0.36
11
2.2275
21
0.36
0
LINE
8
BLACK
6
CONTINUOUS
10
2.2275
20
0.36
11
2.2275
21
0.325
0
LINE
8
BLACK
6
CONTINUOUS
10
2.3325
20
0.325
11
2.2774999999999999
21
0.325
0
LINE
8
BLACK
6
CONTINUOUS
10
2.2774999999999999
20
0.325
11
2.2774999999999999
21
0.36
0
LINE
8
BLACK
6
CONTINUOUS
10
2.2774999999999999
20
0.36
11
2.3325
21
0.36
0
LINE
8
BLACK
6
CONTINUOUS
10
2.3325
20
0.36
11
2.3325
21
0.325
0
LINE
8
BLACK
6
CONTINUOUS
10
2.4375
20
0.325
11
2.3824999999999998
21
0.325
0
LINE
8
BLACK
6
CONTINUOUS
10
2.3824999999999998
20
0.325
11
2.3824999999999998
21
0.36
0
LINE
8
BLACK
6
CONTINUOUS
10
2.3824999999999998
20
0.36
11
2.4375
21
0.36
0
LINE
8
BLACK
6
CONTINUOUS
10
2.4375
20
0.36
11
2.4375
21
0.325
0
LINE
8
BLACK
6
CONTINUOUS
10
1.7024999999999999
20
0.4
11
1.6475
21
0.4
0
LINE
8
BLACK
6
CONTINUOUS
10
1.6475
20
0.4
11
1.6475
21
0.435
0
LINE
8
BLACK
6
CONTINUOUS
10
1.6475
20
0.435
11
1.7024999999999999
21
0.435
0
LINE
8
BLACK
6
CONTINUOUS
10
1.7024999999999999
20
0.435
11
1.7024999999999999
21
0.4
0
LINE
8
BLACK
6
CONTINUOUS
10
1.8074999999999999
20
0.4
11
1.7524999999999999
21
0.4
0
LINE
8
BLACK
6
CONTINUOUS
10
1.7524999999999999
20
0.4
11
1.7524999999999999
21
0.435
0
LINE
8
BLACK
6
CONTINUOUS
10
1.7524999999999999
20
0.435
11
1.8074999999999999
21
0.435
0
LINE
8
BLACK
6
CONTINUOUS
10
1.8074999999999999
20
0.435
11
1.8074999999999999
21
0.4
0
LINE
8
BLACK
6
CONTINUOUS
10
1.9124999999999999
20
0.4
11
1.8574999999999999
21
0.4
0
LINE
8
BLACK
6
CONTINUOUS
10
1.8574999999999999
20
0.4
11
1.8574999999999999
21
0.435
0
LINE
8
BLACK
6
CONTINUOUS
10
1.8574999999999999
20
0.435
11
1.9124999999999999
21
0.435
0
LINE
8
BLACK
6
CONTINUOUS
10
1.9124999999999999
20
0.435
11
1.9124999999999999
21
0.4
0
LINE
8
BLACK
6
CONTINUOUS
10
2.0175000000000001
20
0.4
11
1.9624999999999999
21
0.4
0
LINE
8
BLACK
6
CONTINUOUS
10
1.9624999999999999
20
0.4
11
1.9624999999999999
21
0.435
0
LINE
8
BLACK
6
CONTINUOUS
10
1.9624999999999999
20
0.435
11
2.0175000000000001
21
0.435
0
LINE
8
BLACK
6
CONTINUOUS
10
2.0175000000000001
20
0.435
11
2.0175000000000001
21
0.4
0
LINE
8
BLACK
6
CONTINUOUS
10
2.1225000000000001
20
0.4
11
2.0674999999999999
21
0.4
0
LINE
8
BLACK
6
CONTINUOUS
10
2.0674999999999999
20
0.4
11
2.0674999999999999
21
0.435
0
LINE
8
BLACK
6
CONTINUOUS
10
2.0674999999999999
20
0.435
11
2.1225000000000001
21
0.435
0
LINE
8
BLACK
6
CONTINUOUS
10
2.1225000000000001
20
0.435
11
2.1225000000000001
21
0.4
0
LINE
8
BLACK
6
CONTINUOUS
10
2.2275
20
0.4
11
2.1724999999999999
21
0.4
0
LINE
8
BLACK
6
CONTINUOUS
10
2.1724999999999999
20
0.4
11
2.1724999999999999
21
0.435
0
LINE
8
BLACK
6
CONTINUOUS
10
2.1724999999999999
20
0.435
11
2.2275
21
0.435
0
LINE
8
BLACK
6
CONTINUOUS
10
2.2275
20
0.435
11
2.2275
21
0.4
0
LINE
8
BLACK
6
CONTINUOUS
10
2.3325
20
0.4
11
2.2774999999999999
21
0.4
0
LINE
8
BLACK
6
CONTINUOUS
10
2.2774999999999999
20
0.4
11
2.2774999999999999
21
0.435
0
LINE
8
BLACK
6
CONTINUOUS
10
2.2774999999999999
20
0.435
11
2.3325
21
0.435
0
LINE
8
BLACK
6
CONTINUOUS
10
2.3325
20
0.435
11
2.3325
21
0.4
0
LINE
8
BLACK
6
CONTINUOUS
10
2.4375
20
0.4
11
2.3824999999999998
21
0.4
0
LINE
8
BLACK
6
CONTINUOUS
10
2.3824999999999998
20
0.4
11
2.3824999999999998
21
0.435
0
LINE
8
BLACK
6
CONTINUOUS
10
2.3824999999999998
20
0.435
11
2.4375
21
0.435
0
LINE
8
BLACK
6
CONTINUOUS
10
2.4375
20
0.435
11
2.4375
21
0.4
0
LINE
8
BLACK
6
CONTINUOUS
10
1.9435662992125984
20
0.5218973228346456
11
1.9465922047244093
21
0.5210865354330708
0
LINE
8
BLACK
6
CONTINUOUS
10
1.9465922047244093
20
0.5210865354330708
11
1.9493051181102361
21
0.5195202362204724
0
LINE
8
BLACK
6
CONTINUOUS
10
1.9493051181102361
20
0.5195202362204724
11
1.9515202362204724
21
0.5173051181102362
0
LINE
8
BLACK
6
CONTINUOUS
10
1.9515202362204724
20
0.5173051181102362
11
1.9530865354330709
21
0.5145922047244095
0
LINE
8
BLACK
6
CONTINUOUS
10
1.9530865354330709
20
0.5145922047244095
11
1.9538973228346457
21
0.5115662992125984
0
LINE
8
BLACK
6
CONTINUOUS
10
1.9538973228346457
20
0.5115662992125984
11
1.9538973228346457
21
0.5084337007874016
0
LINE
8
BLACK
6
CONTINUOUS
10
1.9538973228346457
20
0.5084337007874016
11
1.9530865354330709
21
0.5054077952755905
0
LINE
8
BLACK
6
CONTINUOUS
10
1.9530865354330709
20
0.5054077952755905
11
1.9515202362204724
21
0.5026948818897637
0
LINE
8
BLACK
6
CONTINUOUS
10
1.9515202362204724
20
0.5026948818897637
11
1.9493051181102361
21
0.5004797637795275
0
LINE
8
BLACK
6
CONTINUOUS
10
1.9493051181102361
20
0.5004797637795275
11
1.9465922047244093
21
0.4989134645669291
0
LINE
8
BLACK
6
CONTINUOUS
10
1.9465922047244093
20
0.4989134645669291
11
1.9435662992125984
21
0.4981026771653543
0
LINE
8
BLACK
6
CONTINUOUS
10
1.9435662992125984
20
0.4981026771653543
11
1.9079999999999999
21
0.498
0
LINE
8
BLACK
6
CONTINUOUS
10
1.9079999999999999
20
0.498
11
1.9064337007874015
21
0.4981026771653543
0
LINE
8
BLACK
6
CONTINUOUS
10
1.9064337007874015
20
0.4981026771653543
11
1.9034077952755906
21
0.4989134645669291
0
LINE
8
BLACK
6
CONTINUOUS
10
1.9034077952755906
20
0.4989134645669291
11
1.9006948818897638
21
0.5004797637795275
0
LINE
8
BLACK
6
CONTINUOUS
10
1.9006948818897638
20
0.5004797637795275
11
1.8984797637795274
21
0.5026948818897637
0
LINE
8
BLACK
6
CONTINUOUS
10
1.8984797637795274
20
0.5026948818897637
11
1.896913464566929
21
0.5054077952755905
0
LINE
8
BLACK
6
CONTINUOUS
10
1.896913464566929
20
0.5054077952755905
11
1.8961026771653542
21
0.5084337007874016
0
LINE
8
BLACK
6
CONTINUOUS
10
1.8961026771653542
20
0.5084337007874016
11
1.8961026771653542
21
0.5115662992125984
0
LINE
8
BLACK
6
CONTINUOUS
10
1.8961026771653542
20
0.5115662992125984
11
1.896913464566929
21
0.5145922047244095
0
LINE
8
BLACK
6
CONTINUOUS
10
1.896913464566929
20
0.5145922047244095
11
1.8984797637795274
21
0.5173051181102362
0
LINE
8
BLACK
6
CONTINUOUS
10
1.8984797637795274
20
0.5173051181102362
11
1.9006948818897638
21
0.5195202362204724
0
LINE
8
BLACK
6
CONTINUOUS
10
1.9006948818897638
20
0.5195202362204724
11
1.9034077952755906
21
0.5210865354330708
0
LINE
8
BLACK
6
CONTINUOUS
10
1.9034077952755906
20
0.5210865354330708
11
1.9064337007874015
21
0.5218973228346456
0
LINE
8
BLACK
6
CONTINUOUS
10
1.9064337007874015
20
0.5218973228346456
11
1.9419999999999999
21
0.522
0
LINE
8
BLACK
6
CONTINUOUS
10
1.9419999999999999
20
0.522
11
1.9435662992125984
21
0.5218973228346456
0
LINE
8
BLACK
6
CONTINUOUS
10
2.1635662992125986
20
0.5218973228346456
11
2.1665922047244095
21
0.5210865354330708
0
LINE
8
BLACK
6
CONTINUOUS
10
2.1665922047244095
20
0.5210865354330708
11
2.1693051181102363
21
0.5195202362204724
0
LINE
8
BLACK
6
CONTINUOUS
10
2.1693051181102363
20
0.5195202362204724
11
2.1715202362204722
21
0.5173051181102362
0
LINE
8
BLACK
6
CONTINUOUS
10
2.1715202362204722
20
0.5173051181102362
11
2.1730865354330708
21
0.5145922047244095
0
LINE
8
BLACK
6
CONTINUOUS
10
2.1730865354330708
20
0.5145922047244095
11
2.1738973228346454
21
0.5115662992125984
0
LINE
8
BLACK
6
CONTINUOUS
10
2.1738973228346454
20
0.5115662992125984
11
2.1738973228346454
21
0.5084337007874016
0
LINE
8
BLACK
6
CONTINUOUS
10
2.1738973228346454
20
0.5084337007874016
11
2.1730865354330708
21
0.5054077952755905
0
LINE
8
BLACK
6
CONTINUOUS
10
2.1730865354330708
20
0.5054077952755905
11
2.1715202362204722
21
0.5026948818897637
0
LINE
8
BLACK
6
CONTINUOUS
10
2.1715202362204722
20
0.5026948818897637
11
2.1693051181102363
21
0.5004797637795275
0
LINE
8
BLACK
6
CONTINUOUS
10
2.1693051181102363
20
0.5004797637795275
11
2.1665922047244095
21
0.4989134645669291
0
LINE
8
BLACK
6
CONTINUOUS
10
2.1665922047244095
20
0.4989134645669291
11
2.1635662992125986
21
0.4981026771653543
0
LINE
8
BLACK
6
CONTINUOUS
10
2.1635662992125986
20
0.4981026771653543
11
2.1280000000000001
21
0.498
0
LINE
8
BLACK
6
CONTINUOUS
10
2.1280000000000001
20
0.498
11
2.1264337007874015
21
0.4981026771653543
0
LINE
8
BLACK
6
CONTINUOUS
10
2.1264337007874015
20
0.4981026771653543
11
2.1234077952755905
21
0.4989134645669291
0
LINE
8
BLACK
6
CONTINUOUS
10
2.1234077952755905
20
0.4989134645669291
11
2.1206948818897637
21
0.5004797637795275
0
LINE
8
BLACK
6
CONTINUOUS
10
2.1206948818897637
20
0.5004797637795275
11
2.1184797637795274
21
0.5026948818897637
0
LINE
8
BLACK
6
CONTINUOUS
10
2.1184797637795274
20
0.5026948818897637
11
2.1169134645669292
21
0.5054077952755905
0
LINE
8
BLACK
6
CONTINUOUS
10
2.1169134645669292
20
0.5054077952755905
11
2.1161026771653542
21
0.5084337007874016
0
LINE
8
BLACK
6
CONTINUOUS
10
2.1161026771653542
20
0.5084337007874016
11
2.1161026771653542
21
0.5115662992125984
0
LINE
8
BLACK
6
CONTINUOUS
10
2.1161026771653542
20
0.5115662992125984
11
2.1169134645669292
21
0.5145922047244095
0
LINE
8
BLACK
6
CONTINUOUS
10
2.1169134645669292
20
0.5145922047244095
11
2.1184797637795274
21
0.5173051181102362
0
LINE
8
BLACK
6
CONTINUOUS
10
2.1184797637795274
20
0.5173051181102362
11
2.1206948818897637
21
0.5195202362204724
0
LINE
8
BLACK
6
CONTINUOUS
10
2.1206948818897637
20
0.5195202362204724
11
2.1234077952755905
21
0.5210865354330708
0
LINE
8
BLACK
6
CONTINUOUS
10
2.1234077952755905
20
0.5210865354330708
11
2.1264337007874015
21
0.5218973228346456
0
LINE
8
BLACK
6
CONTINUOUS
10
2.1264337007874015
20
0.5218973228346456
11
2.1619999999999999
21
0.522
0
LINE
8
BLACK
6
CONTINUOUS
10
2.1619999999999999
20
0.522
11
2.1635662992125986
21
0.5218973228346456
0
LINE
8
BLACK
6
CONTINUOUS
10
2.8424999999999998
20
0.51
11
2.7875000000000001
21
0.51
0
LINE
8
BLACK
6
CONTINUOUS
10
2.7875000000000001
20
0.51
11
2.7875000000000001
21
0.545
0
LINE
8
BLACK
6
CONTINUOUS
10
2.7875000000000001
20
0.545
11
2.8424999999999998
21
0.545
0
LINE
8
BLACK
6
CONTINUOUS
10
2.8424999999999998
20
0.545
11
2.8424999999999998
21
0.51
0
LINE
8
BLACK
6
CONTINUOUS
10
1.9435662992125984
20
0.5718973228346457
11
1.9465922047244093
21
0.5710865354330709
0
LINE
8
BLACK
6
CONTINUOUS
10
1.9465922047244093
20
0.5710865354330709
11
1.9493051181102361
21
0.5695202362204724
0
LINE
8
BLACK
6
CONTINUOUS
10
1.9493051181102361
20
0.5695202362204724
11
1.9515202362204724
21
0.5673051181102362
0
LINE
8
BLACK
6
CONTINUOUS
10
1.9515202362204724
20
0.5673051181102362
11
1.9530865354330709
21
0.5645922047244094
0
LINE
8
BLACK
6
CONTINUOUS
10
1.9530865354330709
20
0.5645922047244094
11
1.9538973228346457
21
0.5615662992125984
0
LINE
8
BLACK
6
CONTINUOUS
10
1.9538973228346457
20
0.5615662992125984
11
1.9538973228346457
21
0.5584337007874015
0
LINE
8
BLACK
6
CONTINUOUS
10
1.9538973228346457
20
0.5584337007874015
11
1.9530865354330709
21
0.5554077952755906
0
LINE
8
BLACK
6
CONTINUOUS
10
1.9530865354330709
20
0.5554077952755906
11
1.9515202362204724
21
0.5526948818897638
0
LINE
8
BLACK
6
CONTINUOUS
10
1.9515202362204724
20
0.5526948818897638
11
1.9493051181102361
21
0.5504797637795276
0
LINE
8
BLACK
6
CONTINUOUS
10
1.9493051181102361
20
0.5504797637795276
11
1.9465922047244093
21
0.5489134645669291
0
LINE
8
BLACK
6
CONTINUOUS
10
1.9465922047244093
20
0.5489134645669291
11
1.9435662992125984
21
0.5481026771653543
0
LINE
8
BLACK
6
CONTINUOUS
10
1.9435662992125984
20
0.5481026771653543
11
1.9079999999999999
21
0.548
0
LINE
8
BLACK
6
CONTINUOUS
10
1.9079999999999999
20
0.548
11
1.9064337007874015
21
0.5481026771653543
0
LINE
8
BLACK
6
CONTINUOUS
10
1.9064337007874015
20
0.5481026771653543
11
1.9034077952755906
21
0.5489134645669291
0
LINE
8
BLACK
6
CONTINUOUS
10
1.9034077952755906
20
0.5489134645669291
11
1.9006948818897638
21
0.5504797637795276
0
LINE
8
BLACK
6
CONTINUOUS
10
1.9006948818897638
20
0.5504797637795276
11
1.8984797637795274
21
0.5526948818897638
0
LINE
8
BLACK
6
CONTINUOUS
10
1.8984797637795274
20
0.5526948818897638
11
1.896913464566929
21
0.5554077952755906
0
LINE
8
BLACK
6
CONTINUOUS
10
1.896913464566929
20
0.5554077952755906
11
1.8961026771653542
21
0.5584337007874015
0
LINE
8
BLACK
6
CONTINUOUS
10
1.8961026771653542
20
0.5584337007874015
11
1.8961026771653542
21
0.5615662992125984
0
LINE
8
BLACK
6
CONTINUOUS
10
1.8961026771653542
20
0.5615662992125984
11
1.896913464566929
21
0.5645922047244094
0
LINE
8
BLACK
6
CONTINUOUS
10
1.896913464566929
20
0.5645922047244094
11
1.8984797637795274
21
0.5673051181102362
0
LINE
8
BLACK
6
CONTINUOUS
10
1.8984797637795274
20
0.5673051181102362
11
1.9006948818897638
21
0.5695202362204724
0
LINE
8
BLACK
6
CONTINUOUS
10
1.9006948818897638
20
0.5695202362204724
11
1.9034077952755906
21
0.5710865354330709
0
LINE
8
BLACK
6
CONTINUOUS
10
1.9034077952755906
20
0.5710865354330709
11
1.9064337007874015
21
0.5718973228346457
0
LINE
8
BLACK
6
CONTINUOUS
10
1.9064337007874015
20
0.5718973228346457
11
1.9419999999999999
21
0.572
0
LINE
8
BLACK
6
CONTINUOUS
10
1.9419999999999999
20
0.572
11
1.9435662992125984
21
0.5718973228346457
0
LINE
8
BLACK
6
CONTINUOUS
10
2.1635662992125986
20
0.5718973228346457
11
2.1665922047244095
21
0.5710865354330709
0
LINE
8
BLACK
6
CONTINUOUS
10
2.1665922047244095
20
0.5710865354330709
11
2.1693051181102363
21
0.5695202362204724
0
LINE
8
BLACK
6
CONTINUOUS
10
2.1693051181102363
20
0.5695202362204724
11
2.1715202362204722
21
0.5673051181102362
0
LINE
8
BLACK
6
CONTINUOUS
10
2.1715202362204722
20
0.5673051181102362
11
2.1730865354330708
21
0.5645922047244094
0
LINE
8
BLACK
6
CONTINUOUS
10
2.1730865354330708
20
0.5645922047244094
11
2.1738973228346454
21
0.5615662992125984
0
LINE
8
BLACK
6
CONTINUOUS
10
2.1738973228346454
20
0.5615662992125984
11
2.1738973228346454
21
0.5584337007874015
0
LINE
8
BLACK
6
CONTINUOUS
10
2.1738973228346454
20
0.5584337007874015
11
2.1730865354330708
21
0.5554077952755906
0
LINE
8
BLACK
6
CONTINUOUS
10
2.1730865354330708
20
0.5554077952755906
11
2.1715202362204722
21
0.5526948818897638
0
LINE
8
BLACK
6
CONTINUOUS
10
2.1715202362204722
20
0.5526948818897638
11
2.1693051181102363
21
0.5504797637795276
0
LINE
8
BLACK
6
CONTINUOUS
10
2.1693051181102363
20
0.5504797637795276
11
2.1665922047244095
21
0.5489134645669291
0
LINE
8
BLACK
6
CONTINUOUS
10
2.1665922047244095
20
0.5489134645669291
11
2.1635662992125986
21
0.5481026771653543
0
LINE
8
BLACK
6
CONTINUOUS
10
2.1635662992125986
20
0.5481026771653543
11
2.1280000000000001
21
0.548
0
LINE
8
BLACK
6
CONTINUOUS
10
2.1280000000000001
20
0.548
11
2.1264337007874015
21
0.5481026771653543
0
LINE
8
BLACK
6
CONTINUOUS
10
2.1264337007874015
20
0.5481026771653543
11
2.1234077952755905
21
0.5489134645669291
0
LINE
8
BLACK
6
CONTINUOUS
10
2.1234077952755905
20
0.5489134645669291
11
2.1206948818897637
21
0.5504797637795276
0
LINE
8
BLACK
6
CONTINUOUS
10
2.1206948818897637
20
0.5504797637795276
11
2.1184797637795274
21
0.5526948818897638
0
LINE
8
BLACK
6
CONTINUOUS
10
2.1184797637795274
20
0.5526948818897638
11
2.1169134645669292
21
0.5554077952755906
0
LINE
8
BLACK
6
CONTINUOUS
10
2.1169134645669292
20
0.5554077952755906
11
2.1161026771653542
21
0.5584337007874015
0
LINE
8
BLACK
6
CONTINUOUS
10
2.1161026771653542
20
0.5584337007874015
11
2.1161026771653542
21
0.5615662992125984
0
LINE
8
BLACK
6
CONTINUOUS
10
2.1161026771653542
20
0.5615662992125984
11
2.1169134645669292
21
0.5645922047244094
0
LINE
8
BLACK
6
CONTINUOUS
10
2.1169134645669292
20
0.5645922047244094
11
2.1184797637795274
21
0.5673051181102362
0
LINE
8
BLACK
6
CONTINUOUS
10
2.1184797637795274
20
0.5673051181102362
11
2.1206948818897637
21
0.5695202362204724
0
LINE
8
BLACK
6
CONTINUOUS
10
2.1206948818897637
20
0.5695202362204724
11
2.1234077952755905
21
0.5710865354330709
0
LINE
8
BLACK
6
CONTINUOUS
10
2.1234077952755905
20
0.5710865354330709
11
2.1264337007874015
21
0.5718973228346457
0
LINE
8
BLACK
6
CONTINUOUS
10
2.1264337007874015
20
0.5718973228346457
11
2.1619999999999999
21
0.572
0
LINE
8
BLACK
6
CONTINUOUS
10
2.1619999999999999
20
0.572
11
2.1635662992125986
21
0.5718973228346457
0
LINE
8
BLACK
6
CONTINUOUS
10
2.8424999999999998
20
0.585
11
2.7875000000000001
21
0.585
0
LINE
8
BLACK
6
CONTINUOUS
10
2.7875000000000001
20
0.585
11
2.7875000000000001
21
0.62
0
LINE
8
BLACK
6
CONTINUOUS
10
2.7875000000000001
20
0.62
11
2.8424999999999998
21
0.62
0
LINE
8
BLACK
6
CONTINUOUS
10
2.8424999999999998
20
0.62
11
2.8424999999999998
21
0.585
0
LINE
8
BLACK
6
CONTINUOUS
10
1.9435662992125984
20
0.6218973228346456
11
1.9465922047244093
21
0.6210865354330708
0
LINE
8
BLACK
6
CONTINUOUS
10
1.9465922047244093
20
0.6210865354330708
11
1.9493051181102361
21
0.6195202362204725
0
LINE
8
BLACK
6
CONTINUOUS
10
1.9493051181102361
20
0.6195202362204725
11
1.9515202362204724
21
0.6173051181102363
0
LINE
8
BLACK
6
CONTINUOUS
10
1.9515202362204724
20
0.6173051181102363
11
1.9530865354330709
21
0.6145922047244095
0
LINE
8
BLACK
6
CONTINUOUS
10
1.9530865354330709
20
0.6145922047244095
11
1.9538973228346457
21
0.6115662992125984
0
LINE
8
BLACK
6
CONTINUOUS
10
1.9538973228346457
20
0.6115662992125984
11
1.9538973228346457
21
0.6084337007874016
0
LINE
8
BLACK
6
CONTINUOUS
10
1.9538973228346457
20
0.6084337007874016
11
1.9530865354330709
21
0.6054077952755905
0
LINE
8
BLACK
6
CONTINUOUS
10
1.9530865354330709
20
0.6054077952755905
11
1.9515202362204724
21
0.6026948818897637
0
LINE
8
BLACK
6
CONTINUOUS
10
1.9515202362204724
20
0.6026948818897637
11
1.9493051181102361
21
0.6004797637795275
0
LINE
8
BLACK
6
CONTINUOUS
10
1.9493051181102361
20
0.6004797637795275
11
1.9465922047244093
21
0.5989134645669291
0
LINE
8
BLACK
6
CONTINUOUS
10
1.9465922047244093
20
0.5989134645669291
11
1.9435662992125984
21
0.5981026771653544
0
LINE
8
BLACK
6
CONTINUOUS
10
1.9435662992125984
20
0.5981026771653544
11
1.9079999999999999
21
0.598
0
LINE
8
BLACK
6
CONTINUOUS
10
1.9079999999999999
20
0.598
11
1.9064337007874015
21
0.5981026771653544
0
LINE
8
BLACK
6
CONTINUOUS
10
1.9064337007874015
20
0.5981026771653544
11
1.9034077952755906
21
0.5989134645669291
0
LINE
8
BLACK
6
CONTINUOUS
10
1.9034077952755906
20
0.5989134645669291
11
1.9006948818897638
21
0.6004797637795275
0
LINE
8
BLACK
6
CONTINUOUS
10
1.9006948818897638
20
0.6004797637795275
11
1.8984797637795274
21
0.6026948818897637
0
LINE
8
BLACK
6
CONTINUOUS
10
1.8984797637795274
20
0.6026948818897637
11
1.896913464566929
21
0.6054077952755905
0
LINE
8
BLACK
6
CONTINUOUS
10
1.896913464566929
20
0.6054077952755905
11
1.8961026771653542
21
0.6084337007874016
0
LINE
8
BLACK
6
CONTINUOUS
10
1.8961026771653542
20
0.6084337007874016
11
1.8961026771653542
21
0.6115662992125984
0
LINE
8
BLACK
6
CONTINUOUS
10
1.8961026771653542
20
0.6115662992125984
11
1.896913464566929
21
0.6145922047244095
0
LINE
8
BLACK
6
CONTINUOUS
10
1.896913464566929
20
0.6145922047244095
11
1.8984797637795274
21
0.6173051181102363
0
LINE
8
BLACK
6
CONTINUOUS
10
1.8984797637795274
20
0.6173051181102363
11
1.9006948818897638
21
0.6195202362204725
0
LINE
8
BLACK
6
CONTINUOUS
10
1.9006948818897638
20
0.6195202362204725
11
1.9034077952755906
21
0.6210865354330708
0
LINE
8
BLACK
6
CONTINUOUS
10
1.9034077952755906
20
0.6210865354330708
11
1.9064337007874015
21
0.6218973228346456
0
LINE
8
BLACK
6
CONTINUOUS
10
1.9064337007874015
20
0.6218973228346456
11
1.9419999999999999
21
0.622
0
LINE
8
BLACK
6
CONTINUOUS
10
1.9419999999999999
20
0.622
11
1.9435662992125984
21
0.6218973228346456
0
LINE
8
BLACK
6
CONTINUOUS
10
2.1635662992125986
20
0.6218973228346456
11
2.1665922047244095
21
0.6210865354330708
0
LINE
8
BLACK
6
CONTINUOUS
10
2.1665922047244095
20
0.6210865354330708
11
2.1693051181102363
21
0.6195202362204725
0
LINE
8
BLACK
6
CONTINUOUS
10
2.1693051181102363
20
0.6195202362204725
11
2.1715202362204722
21
0.6173051181102363
0
LINE
8
BLACK
6
CONTINUOUS
10
2.1715202362204722
20
0.6173051181102363
11
2.1730865354330708
21
0.6145922047244095
0
LINE
8
BLACK
6
CONTINUOUS
10
2.1730865354330708
20
0.6145922047244095
11
2.1738973228346454
21
0.6115662992125984
0
LINE
8
BLACK
6
CONTINUOUS
10
2.1738973228346454
20
0.6115662992125984
11
2.1738973228346454
21
0.6084337007874016
0
LINE
8
BLACK
6
CONTINUOUS
10
2.1738973228346454
20
0.6084337007874016
11
2.1730865354330708
21
0.6054077952755905
0
LINE
8
BLACK
6
CONTINUOUS
10
2.1730865354330708
20
0.6054077952755905
11
2.1715202362204722
21
0.6026948818897637
0
LINE
8
BLACK
6
CONTINUOUS
10
2.1715202362204722
20
0.6026948818897637
11
2.1693051181102363
21
0.6004797637795275
0
LINE
8
BLACK
6
CONTINUOUS
10
2.1693051181102363
20
0.6004797637795275
11
2.1665922047244095
21
0.5989134645669291
0
LINE
8
BLACK
6
CONTINUOUS
10
2.1665922047244095
20
0.5989134645669291
11
2.1635662992125986
21
0.5981026771653544
0
LINE
8
BLACK
6
CONTINUOUS
10
2.1635662992125986
20
0.5981026771653544
11
2.1280000000000001
21
0.598
0
LINE
8
BLACK
6
CONTINUOUS
10
2.1280000000000001
20
0.598
11
2.1264337007874015
21
0.5981026771653544
0
LINE
8
BLACK
6
CONTINUOUS
10
2.1264337007874015
20
0.5981026771653544
11
2.1234077952755905
21
0.5989134645669291
0
LINE
8
BLACK
6
CONTINUOUS
10
2.1234077952755905
20
0.5989134645669291
11
2.1206948818897637
21
0.6004797637795275
0
LINE
8
BLACK
6
CONTINUOUS
10
2.1206948818897637
20
0.6004797637795275
11
2.1184797637795274
21
0.6026948818897637
0
LINE
8
BLACK
6
CONTINUOUS
10
2.1184797637795274
20
0.6026948818897637
11
2.1169134645669292
21
0.6054077952755905
0
LINE
8
BLACK
6
CONTINUOUS
10
2.1169134645669292
20
0.6054077952755905
11
2.1161026771653542
21
0.6084337007874016
0
LINE
8
BLACK
6
CONTINUOUS
10
2.1161026771653542
20
0.6084337007874016
11
2.1161026771653542
21
0.6115662992125984
0
LINE
8
BLACK
6
CONTINUOUS
10
2.1161026771653542
20
0.6115662992125984
11
2.1169134645669292
21
0.6145922047244095
0
LINE
8
BLACK
6
CONTINUOUS
10
2.1169134645669292
20
0.6145922047244095
11
2.1184797637795274
21
0.6173051181102363
0
LINE
8
BLACK
6
CONTINUOUS
10
2.1184797637795274
20
0.6173051181102363
11
2.1206948818897637
21
0.6195202362204725
0
LINE
8
BLACK
6
CONTINUOUS
10
2.1206948818897637
20
0.6195202362204725
11
2.1234077952755905
21
0.6210865354330708
0
LINE
8
BLACK
6
CONTINUOUS
10
2.1234077952755905
20
0.6210865354330708
11
2.1264337007874015
21
0.6218973228346456
0
LINE
8
BLACK
6
CONTINUOUS
10
2.1264337007874015
20
0.6218973228346456
11
2.1619999999999999
21
0.622
0
LINE
8
BLACK
6
CONTINUOUS
10
2.1619999999999999
20
0.622
11
2.1635662992125986
21
0.6218973228346456
0
LINE
8
BLACK
6
CONTINUOUS
10
2.7624999999999997
20
0.625
11
2.7075
21
0.625
0
LINE
8
BLACK
6
CONTINUOUS
10
2.7075
20
0.625
11
2.7075
21
0.66
0
LINE
8
BLACK
6
CONTINUOUS
10
2.7075
20
0.66
11
2.7624999999999997
21
0.66
0
LINE
8
BLACK
6
CONTINUOUS
10
2.7624999999999997
20
0.66
11
2.7624999999999997
21
0.625
0
LINE
8
BLACK
6
CONTINUOUS
10
1.9435662992125984
20
0.6718973228346456
11
1.9465922047244093
21
0.6710865354330708
0
LINE
8
BLACK
6
CONTINUOUS
10
1.9465922047244093
20
0.6710865354330708
11
1.9493051181102361
21
0.6695202362204724
0
LINE
8
BLACK
6
CONTINUOUS
10
1.9493051181102361
20
0.6695202362204724
11
1.9515202362204724
21
0.6673051181102362
0
LINE
8
BLACK
6
CONTINUOUS
10
1.9515202362204724
20
0.6673051181102362
11
1.9530865354330709
21
0.6645922047244094
0
LINE
8
BLACK
6
CONTINUOUS
10
1.9530865354330709
20
0.6645922047244094
11
1.9538973228346457
21
0.6615662992125985
0
LINE
8
BLACK
6
CONTINUOUS
10
1.9538973228346457
20
0.6615662992125985
11
1.9538973228346457
21
0.6584337007874016
0
LINE
8
BLACK
6
CONTINUOUS
10
1.9538973228346457
20
0.6584337007874016
11
1.9530865354330709
21
0.6554077952755906
0
LINE
8
BLACK
6
CONTINUOUS
10
1.9530865354330709
20
0.6554077952755906
11
1.9515202362204724
21
0.6526948818897638
0
LINE
8
BLACK
6
CONTINUOUS
10
1.9515202362204724
20
0.6526948818897638
11
1.9493051181102361
21
0.6504797637795275
0
LINE
8
BLACK
6
CONTINUOUS
10
1.9493051181102361
20
0.6504797637795275
11
1.9465922047244093
21
0.6489134645669291
0
LINE
8
BLACK
6
CONTINUOUS
10
1.9465922047244093
20
0.6489134645669291
11
1.9435662992125984
21
0.6481026771653543
0
LINE
8
BLACK
6
CONTINUOUS
10
1.9435662992125984
20
0.6481026771653543
11
1.9079999999999999
21
0.648
0
LINE
8
BLACK
6
CONTINUOUS
10
1.9079999999999999
20
0.648
11
1.9064337007874015
21
0.6481026771653543
0
LINE
8
BLACK
6
CONTINUOUS
10
1.9064337007874015
20
0.6481026771653543
11
1.9034077952755906
21
0.6489134645669291
0
LINE
8
BLACK
6
CONTINUOUS
10
1.9034077952755906
20
0.6489134645669291
11
1.9006948818897638
21
0.6504797637795275
0
LINE
8
BLACK
6
CONTINUOUS
10
1.9006948818897638
20
0.6504797637795275
11
1.8984797637795274
21
0.6526948818897638
0
LINE
8
BLACK
6
CONTINUOUS
10
1.8984797637795274
20
0.6526948818897638
11
1.896913464566929
21
0.6554077952755906
0
LINE
8
BLACK
6
CONTINUOUS
10
1.896913464566929
20
0.6554077952755906
11
1.8961026771653542
21
0.6584337007874016
0
LINE
8
BLACK
6
CONTINUOUS
10
1.8961026771653542
20
0.6584337007874016
11
1.8961026771653542
21
0.6615662992125985
0
LINE
8
BLACK
6
CONTINUOUS
10
1.8961026771653542
20
0.6615662992125985
11
1.896913464566929
21
0.6645922047244094
0
LINE
8
BLACK
6
CONTINUOUS
10
1.896913464566929
20
0.6645922047244094
11
1.8984797637795274
21
0.6673051181102362
0
LINE
8
BLACK
6
CONTINUOUS
10
1.8984797637795274
20
0.6673051181102362
11
1.9006948818897638
21
0.6695202362204724
0
LINE
8
BLACK
6
CONTINUOUS
10
1.9006948818897638
20
0.6695202362204724
11
1.9034077952755906
21
0.6710865354330708
0
LINE
8
BLACK
6
CONTINUOUS
10
1.9034077952755906
20
0.6710865354330708
11
1.9064337007874015
21
0.6718973228346456
0
LINE
8
BLACK
6
CONTINUOUS
10
1.9064337007874015
20
0.6718973228346456
11
1.9419999999999999
21
0.6719999999999999
0
LINE
8
BLACK
6
CONTINUOUS
10
1.9419999999999999
20
0.6719999999999999
11
1.9435662992125984
21
0.6718973228346456
0
LINE
8
BLACK
6
CONTINUOUS
10
2.1635662992125986
20
0.6718973228346456
11
2.1665922047244095
21
0.6710865354330708
0
LINE
8
BLACK
6
CONTINUOUS
10
2.1665922047244095
20
0.6710865354330708
11
2.1693051181102363
21
0.6695202362204724
0
LINE
8
BLACK
6
CONTINUOUS
10
2.1693051181102363
20
0.6695202362204724
11
2.1715202362204722
21
0.6673051181102362
0
LINE
8
BLACK
6
CONTINUOUS
10
2.1715202362204722
20
0.6673051181102362
11
2.1730865354330708
21
0.6645922047244094
0
LINE
8
BLACK
6
CONTINUOUS
10
2.1730865354330708
20
0.6645922047244094
11
2.1738973228346454
21
0.6615662992125985
0
LINE
8
BLACK
6
CONTINUOUS
10
2.1738973228346454
20
0.6615662992125985
11
2.1738973228346454
21
0.6584337007874016
0
LINE
8
BLACK
6
CONTINUOUS
10
2.1738973228346454
20
0.6584337007874016
11
2.1730865354330708
21
0.6554077952755906
0
LINE
8
BLACK
6
CONTINUOUS
10
2.1730865354330708
20
0.6554077952755906
11
2.1715202362204722
21
0.6526948818897638
0
LINE
8
BLACK
6
CONTINUOUS
10
2.1715202362204722
20
0.6526948818897638
11
2.1693051181102363
21
0.6504797637795275
0
LINE
8
BLACK
6
CONTINUOUS
10
2.1693051181102363
20
0.6504797637795275
11
2.1665922047244095
21
0.6489134645669291
0
LINE
8
BLACK
6
CONTINUOUS
10
2.1665922047244095
20
0.6489134645669291
11
2.1635662992125986
21
0.6481026771653543
0
LINE
8
BLACK
6
CONTINUOUS
10
2.1635662992125986
20
0.6481026771653543
11
2.1280000000000001
21
0.648
0
LINE
8
BLACK
6
CONTINUOUS
10
2.1280000000000001
20
0.648
11
2.1264337007874015
21
0.6481026771653543
0
LINE
8
BLACK
6
CONTINUOUS
10
2.1264337007874015
20
0.6481026771653543
11
2.1234077952755905
21
0.6489134645669291
0
LINE
8
BLACK
6
CONTINUOUS
10
2.1234077952755905
20
0.6489134645669291
11
2.1206948818897637
21
0.6504797637795275
0
LINE
8
BLACK
6
CONTINUOUS
10
2.1206948818897637
20
0.6504797637795275
11
2.1184797637795274
21
0.6526948818897638
0
LINE
8
BLACK
6
CONTINUOUS
10
2.1184797637795274
20
0.6526948818897638
11
2.1169134645669292
21
0.6554077952755906
0
LINE
8
BLACK
6
CONTINUOUS
10
2.1169134645669292
20
0.6554077952755906
11
2.1161026771653542
21
0.6584337007874016
0
LINE
8
BLACK
6
CONTINUOUS
10
2.1161026771653542
20
0.6584337007874016
11
2.1161026771653542
21
0.6615662992125985
0
LINE
8
BLACK
6
CONTINUOUS
10
2.1161026771653542
20
0.6615662992125985
11
2.1169134645669292
21
0.6645922047244094
0
LINE
8
BLACK
6
CONTINUOUS
10
2.1169134645669292
20
0.6645922047244094
11
2.1184797637795274
21
0.6673051181102362
0
LINE
8
BLACK
6
CONTINUOUS
10
2.1184797637795274
20
0.6673051181102362
11
2.1206948818897637
21
0.6695202362204724
0
LINE
8
BLACK
6
CONTINUOUS
10
2.1206948818897637
20
0.6695202362204724
11
2.1234077952755905
21
0.6710865354330708
0
LINE
8
BLACK
6
CONTINUOUS
10
2.1234077952755905
20
0.6710865354330708
11
2.1264337007874015
21
0.6718973228346456
0
LINE
8
BLACK
6
CONTINUOUS
10
2.1264337007874015
20
0.6718973228346456
11
2.1619999999999999
21
0.6719999999999999
0
LINE
8
BLACK
6
CONTINUOUS
10
2.1619999999999999
20
0.6719999999999999
11
2.1635662992125986
21
0.6718973228346456
0
LINE
8
BLACK
6
CONTINUOUS
10
1.9435662992125984
20
0.7218973228346457
11
1.9465922047244093
21
0.7210865354330709
0
LINE
8
BLACK
6
CONTINUOUS
10
1.9465922047244093
20
0.7210865354330709
11
1.9493051181102361
21
0.7195202362204725
0
LINE
8
BLACK
6
CONTINUOUS
10
1.9493051181102361
20
0.7195202362204725
11
1.9515202362204724
21
0.7173051181102362
0
LINE
8
BLACK
6
CONTINUOUS
10
1.9515202362204724
20
0.7173051181102362
11
1.9530865354330709
21
0.7145922047244094
0
LINE
8
BLACK
6
CONTINUOUS
10
1.9530865354330709
20
0.7145922047244094
11
1.9538973228346457
21
0.7115662992125984
0
LINE
8
BLACK
6
CONTINUOUS
10
1.9538973228346457
20
0.7115662992125984
11
1.9538973228346457
21
0.7084337007874015
0
LINE
8
BLACK
6
CONTINUOUS
10
1.9538973228346457
20
0.7084337007874015
11
1.9530865354330709
21
0.7054077952755905
0
LINE
8
BLACK
6
CONTINUOUS
10
1.9530865354330709
20
0.7054077952755905
11
1.9515202362204724
21
0.7026948818897638
0
LINE
8
BLACK
6
CONTINUOUS
10
1.9515202362204724
20
0.7026948818897638
11
1.9493051181102361
21
0.7004797637795276
0
LINE
8
BLACK
6
CONTINUOUS
10
1.9493051181102361
20
0.7004797637795276
11
1.9465922047244093
21
0.6989134645669292
0
LINE
8
BLACK
6
CONTINUOUS
10
1.9465922047244093
20
0.6989134645669292
11
1.9435662992125984
21
0.6981026771653543
0
LINE
8
BLACK
6
CONTINUOUS
10
1.9435662992125984
20
0.6981026771653543
11
1.9079999999999999
21
0.698
0
LINE
8
BLACK
6
CONTINUOUS
10
1.9079999999999999
20
0.698
11
1.9064337007874015
21
0.6981026771653543
0
LINE
8
BLACK
6
CONTINUOUS
10
1.9064337007874015
20
0.6981026771653543
11
1.9034077952755906
21
0.6989134645669292
0
LINE
8
BLACK
6
CONTINUOUS
10
1.9034077952755906
20
0.6989134645669292
11
1.9006948818897638
21
0.7004797637795276
0
LINE
8
BLACK
6
CONTINUOUS
10
1.9006948818897638
20
0.7004797637795276
11
1.8984797637795274
21
0.7026948818897638
0
LINE
8
BLACK
6
CONTINUOUS
10
1.8984797637795274
20
0.7026948818897638
11
1.896913464566929
21
0.7054077952755905
0
LINE
8
BLACK
6
CONTINUOUS
10
1.896913464566929
20
0.7054077952755905
11
1.8961026771653542
21
0.7084337007874015
0
LINE
8
BLACK
6
CONTINUOUS
10
1.8961026771653542
20
0.7084337007874015
11
1.8961026771653542
21
0.7115662992125984
0
LINE
8
BLACK
6
CONTINUOUS
10
1.8961026771653542
20
0.7115662992125984
11
1.896913464566929
21
0.7145922047244094
0
LINE
8
BLACK
6
CONTINUOUS
10
1.896913464566929
20
0.7145922047244094
11
1.8984797637795274
21
0.7173051181102362
0
LINE
8
BLACK
6
CONTINUOUS
10
1.8984797637795274
20
0.7173051181102362
11
1.9006948818897638
21
0.7195202362204725
0
LINE
8
BLACK
6
CONTINUOUS
10
1.9006948818897638
20
0.7195202362204725
11
1.9034077952755906
21
0.7210865354330709
0
LINE
8
BLACK
6
CONTINUOUS
10
1.9034077952755906
20
0.7210865354330709
11
1.9064337007874015
21
0.7218973228346457
0
LINE
8
BLACK
6
CONTINUOUS
10
1.9064337007874015
20
0.7218973228346457
11
1.9419999999999999
21
0.722
0
LINE
8
BLACK
6
CONTINUOUS
10
1.9419999999999999
20
0.722
11
1.9435662992125984
21
0.7218973228346457
0
LINE
8
BLACK
6
CONTINUOUS
10
2.1635662992125986
20
0.7218973228346457
11
2.1665922047244095
21
0.7210865354330709
0
LINE
8
BLACK
6
CONTINUOUS
10
2.1665922047244095
20
0.7210865354330709
11
2.1693051181102363
21
0.7195202362204725
0
LINE
8
BLACK
6
CONTINUOUS
10
2.1693051181102363
20
0.7195202362204725
11
2.1715202362204722
21
0.7173051181102362
0
LINE
8
BLACK
6
CONTINUOUS
10
2.1715202362204722
20
0.7173051181102362
11
2.1730865354330708
21
0.7145922047244094
0
LINE
8
BLACK
6
CONTINUOUS
10
2.1730865354330708
20
0.7145922047244094
11
2.1738973228346454
21
0.7115662992125984
0
LINE
8
BLACK
6
CONTINUOUS
10
2.1738973228346454
20
0.7115662992125984
11
2.1738973228346454
21
0.7084337007874015
0
LINE
8
BLACK
6
CONTINUOUS
10
2.1738973228346454
20
0.7084337007874015
11
2.1730865354330708
21
0.7054077952755905
0
LINE
8
BLACK
6
CONTINUOUS
10
2.1730865354330708
20
0.7054077952755905
11
2.1715202362204722
21
0.7026948818897638
0
LINE
8
BLACK
6
CONTINUOUS
10
2.1715202362204722
20
0.7026948818897638
11
2.1693051181102363
21
0.7004797637795276
0
LINE
8
BLACK
6
CONTINUOUS
10
2.1693051181102363
20
0.7004797637795276
11
2.1665922047244095
21
0.6989134645669292
0
LINE
8
BLACK
6
CONTINUOUS
10
2.1665922047244095
20
0.6989134645669292
11
2.1635662992125986
21
0.6981026771653543
0
LINE
8
BLACK
6
CONTINUOUS
10
2.1635662992125986
20
0.6981026771653543
11
2.1280000000000001
21
0.698
0
LINE
8
BLACK
6
CONTINUOUS
10
2.1280000000000001
20
0.698
11
2.1264337007874015
21
0.6981026771653543
0
LINE
8
BLACK
6
CONTINUOUS
10
2.1264337007874015
20
0.6981026771653543
11
2.1234077952755905
21
0.6989134645669292
0
LINE
8
BLACK
6
CONTINUOUS
10
2.1234077952755905
20
0.6989134645669292
11
2.1206948818897637
21
0.7004797637795276
0
LINE
8
BLACK
6
CONTINUOUS
10
2.1206948818897637
20
0.7004797637795276
11
2.1184797637795274
21
0.7026948818897638
0
LINE
8
BLACK
6
CONTINUOUS
10
2.1184797637795274
20
0.7026948818897638
11
2.1169134645669292
21
0.7054077952755905
0
LINE
8
BLACK
6
CONTINUOUS
10
2.1169134645669292
20
0.7054077952755905
11
2.1161026771653542
21
0.7084337007874015
0
LINE
8
BLACK
6
CONTINUOUS
10
2.1161026771653542
20
0.7084337007874015
11
2.1161026771653542
21
0.7115662992125984
0
LINE
8
BLACK
6
CONTINUOUS
10
2.1161026771653542
20
0.7115662992125984
11
2.1169134645669292
21
0.7145922047244094
0
LINE
8
BLACK
6
CONTINUOUS
10
2.1169134645669292
20
0.7145922047244094
11
2.1184797637795274
21
0.7173051181102362
0
LINE
8
BLACK
6
CONTINUOUS
10
2.1184797637795274
20
0.7173051181102362
11
2.1206948818897637
21
0.7195202362204725
0
LINE
8
BLACK
6
CONTINUOUS
10
2.1206948818897637
20
0.7195202362204725
11
2.1234077952755905
21
0.7210865354330709
0
LINE
8
BLACK
6
CONTINUOUS
10
2.1234077952755905
20
0.7210865354330709
11
2.1264337007874015
21
0.7218973228346457
0
LINE
8
BLACK
6
CONTINUOUS
10
2.1264337007874015
20
0.7218973228346457
11
2.1619999999999999
21
0.722
0
LINE
8
BLACK
6
CONTINUOUS
10
2.1619999999999999
20
0.722
11
2.1635662992125986
21
0.7218973228346457
0
LINE
8
BLACK
6
CONTINUOUS
10
2.7624999999999997
20
0.7
11
2.7075
21
0.7
0
LINE
8
BLACK
6
CONTINUOUS
10
2.7075
20
0.7
11
2.7075
21
0.735
0
LINE
8
BLACK
6
CONTINUOUS
10
2.7075
20
0.735
11
2.7624999999999997
21
0.735
0
LINE
8
BLACK
6
CONTINUOUS
10
2.7624999999999997
20
0.735
11
2.7624999999999997
21
0.7
0
LINE
8
BLACK
6
CONTINUOUS
10
1.8725000000000001
20
0.74
11
1.8174999999999999
21
0.74
0
LINE
8
BLACK
6
CONTINUOUS
10
1.8174999999999999
20
0.74
11
1.8174999999999999
21
0.775
0
LINE
8
BLACK
6
CONTINUOUS
10
1.8174999999999999
20
0.775
11
1.8725000000000001
21
0.775
0
LINE
8
BLACK
6
CONTINUOUS
10
1.8725000000000001
20
0.775
11
1.8725000000000001
21
0.74
0
LINE
8
BLACK
6
CONTINUOUS
10
1.9435662992125984
20
0.7718973228346456
11
1.9465922047244093
21
0.7710865354330708
0
LINE
8
BLACK
6
CONTINUOUS
10
1.9465922047244093
20
0.7710865354330708
11
1.9493051181102361
21
0.7695202362204724
0
LINE
8
BLACK
6
CONTINUOUS
10
1.9493051181102361
20
0.7695202362204724
11
1.9515202362204724
21
0.7673051181102362
0
LINE
8
BLACK
6
CONTINUOUS
10
1.9515202362204724
20
0.7673051181102362
11
1.9530865354330709
21
0.7645922047244095
0
LINE
8
BLACK
6
CONTINUOUS
10
1.9530865354330709
20
0.7645922047244095
11
1.9538973228346457
21
0.7615662992125984
0
LINE
8
BLACK
6
CONTINUOUS
10
1.9538973228346457
20
0.7615662992125984
11
1.9538973228346457
21
0.7584337007874016
0
LINE
8
BLACK
6
CONTINUOUS
10
1.9538973228346457
20
0.7584337007874016
11
1.9530865354330709
21
0.7554077952755905
0
LINE
8
BLACK
6
CONTINUOUS
10
1.9530865354330709
20
0.7554077952755905
11
1.9515202362204724
21
0.7526948818897637
0
LINE
8
BLACK
6
CONTINUOUS
10
1.9515202362204724
20
0.7526948818897637
11
1.9493051181102361
21
0.7504797637795275
0
LINE
8
BLACK
6
CONTINUOUS
10
1.9493051181102361
20
0.7504797637795275
11
1.9465922047244093
21
0.7489134645669291
0
LINE
8
BLACK
6
CONTINUOUS
10
1.9465922047244093
20
0.7489134645669291
11
1.9435662992125984
21
0.7481026771653543
0
LINE
8
BLACK
6
CONTINUOUS
10
1.9435662992125984
20
0.7481026771653543
11
1.9079999999999999
21
0.748
0
LINE
8
BLACK
6
CONTINUOUS
10
1.9079999999999999
20
0.748
11
1.9064337007874015
21
0.7481026771653543
0
LINE
8
BLACK
6
CONTINUOUS
10
1.9064337007874015
20
0.7481026771653543
11
1.9034077952755906
21
0.7489134645669291
0
LINE
8
BLACK
6
CONTINUOUS
10
1.9034077952755906
20
0.7489134645669291
11
1.9006948818897638
21
0.7504797637795275
0
LINE
8
BLACK
6
CONTINUOUS
10
1.9006948818897638
20
0.7504797637795275
11
1.8984797637795274
21
0.7526948818897637
0
LINE
8
BLACK
6
CONTINUOUS
10
1.8984797637795274
20
0.7526948818897637
11
1.896913464566929
21
0.7554077952755905
0
LINE
8
BLACK
6
CONTINUOUS
10
1.896913464566929
20
0.7554077952755905
11
1.8961026771653542
21
0.7584337007874016
0
LINE
8
BLACK
6
CONTINUOUS
10
1.8961026771653542
20
0.7584337007874016
11
1.8961026771653542
21
0.7615662992125984
0
LINE
8
BLACK
6
CONTINUOUS
10
1.8961026771653542
20
0.7615662992125984
11
1.896913464566929
21
0.7645922047244095
0
LINE
8
BLACK
6
CONTINUOUS
10
1.896913464566929
20
0.7645922047244095
11
1.8984797637795274
21
0.7673051181102362
0
LINE
8
BLACK
6
CONTINUOUS
10
1.8984797637795274
20
0.7673051181102362
11
1.9006948818897638
21
0.7695202362204724
0
LINE
8
BLACK
6
CONTINUOUS
10
1.9006948818897638
20
0.7695202362204724
11
1.9034077952755906
21
0.7710865354330708
0
LINE
8
BLACK
6
CONTINUOUS
10
1.9034077952755906
20
0.7710865354330708
11
1.9064337007874015
21
0.7718973228346456
0
LINE
8
BLACK
6
CONTINUOUS
10
1.9064337007874015
20
0.7718973228346456
11
1.9419999999999999
21
0.772
0
LINE
8
BLACK
6
CONTINUOUS
10
1.9419999999999999
20
0.772
11
1.9435662992125984
21
0.7718973228346456
0
LINE
8
BLACK
6
CONTINUOUS
10
2.1635662992125986
20
0.7718973228346456
11
2.1665922047244095
21
0.7710865354330708
0
LINE
8
BLACK
6
CONTINUOUS
10
2.1665922047244095
20
0.7710865354330708
11
2.1693051181102363
21
0.7695202362204724
0
LINE
8
BLACK
6
CONTINUOUS
10
2.1693051181102363
20
0.7695202362204724
11
2.1715202362204722
21
0.7673051181102362
0
LINE
8
BLACK
6
CONTINUOUS
10
2.1715202362204722
20
0.7673051181102362
11
2.1730865354330708
21
0.7645922047244095
0
LINE
8
BLACK
6
CONTINUOUS
10
2.1730865354330708
20
0.7645922047244095
11
2.1738973228346454
21
0.7615662992125984
0
LINE
8
BLACK
6
CONTINUOUS
10
2.1738973228346454
20
0.7615662992125984
11
2.1738973228346454
21
0.7584337007874016
0
LINE
8
BLACK
6
CONTINUOUS
10
2.1738973228346454
20
0.7584337007874016
11
2.1730865354330708
21
0.7554077952755905
0
LINE
8
BLACK
6
CONTINUOUS
10
2.1730865354330708
20
0.7554077952755905
11
2.1715202362204722
21
0.7526948818897637
0
LINE
8
BLACK
6
CONTINUOUS
10
2.1715202362204722
20
0.7526948818897637
11
2.1693051181102363
21
0.7504797637795275
0
LINE
8
BLACK
6
CONTINUOUS
10
2.1693051181102363
20
0.7504797637795275
11
2.1665922047244095
21
0.7489134645669291
0
LINE
8
BLACK
6
CONTINUOUS
10
2.1665922047244095
20
0.7489134645669291
11
2.1635662992125986
21
0.7481026771653543
0
LINE
8
BLACK
6
CONTINUOUS
10
2.1635662992125986
20
0.7481026771653543
11
2.1280000000000001
21
0.748
0
LINE
8
BLACK
6
CONTINUOUS
10
2.1280000000000001
20
0.748
11
2.1264337007874015
21
0.7481026771653543
0
LINE
8
BLACK
6
CONTINUOUS
10
2.1264337007874015
20
0.7481026771653543
11
2.1234077952755905
21
0.7489134645669291
0
LINE
8
BLACK
6
CONTINUOUS
10
2.1234077952755905
20
0.7489134645669291
11
2.1206948818897637
21
0.7504797637795275
0
LINE
8
BLACK
6
CONTINUOUS
10
2.1206948818897637
20
0.7504797637795275
11
2.1184797637795274
21
0.7526948818897637
0
LINE
8
BLACK
6
CONTINUOUS
10
2.1184797637795274
20
0.7526948818897637
11
2.1169134645669292
21
0.7554077952755905
0
LINE
8
BLACK
6
CONTINUOUS
10
2.1169134645669292
20
0.7554077952755905
11
2.1161026771653542
21
0.7584337007874016
0
LINE
8
BLACK
6
CONTINUOUS
10
2.1161026771653542
20
0.7584337007874016
11
2.1161026771653542
21
0.7615662992125984
0
LINE
8
BLACK
6
CONTINUOUS
10
2.1161026771653542
20
0.7615662992125984
11
2.1169134645669292
21
0.7645922047244095
0
LINE
8
BLACK
6
CONTINUOUS
10
2.1169134645669292
20
0.7645922047244095
11
2.1184797637795274
21
0.7673051181102362
0
LINE
8
BLACK
6
CONTINUOUS
10
2.1184797637795274
20
0.7673051181102362
11
2.1206948818897637
21
0.7695202362204724
0
LINE
8
BLACK
6
CONTINUOUS
10
2.1206948818897637
20
0.7695202362204724
11
2.1234077952755905
21
0.7710865354330708
0
LINE
8
BLACK
6
CONTINUOUS
10
2.1234077952755905
20
0.7710865354330708
11
2.1264337007874015
21
0.7718973228346456
0
LINE
8
BLACK
6
CONTINUOUS
10
2.1264337007874015
20
0.7718973228346456
11
2.1619999999999999
21
0.772
0
LINE
8
BLACK
6
CONTINUOUS
10
2.1619999999999999
20
0.772
11
2.1635662992125986
21
0.7718973228346456
0
LINE
8
BLACK
6
CONTINUOUS
10
0.2490748031496063
20
0.7563385826771654
11
0.0915944881889764
21
0.7563385826771654
0
LINE
8
BLACK
6
CONTINUOUS
10
0.0915944881889764
20
0.7563385826771654
11
0.0915944881889764
21
0.9138188976377952
0
LINE
8
BLACK
6
CONTINUOUS
10
0.0915944881889764
20
0.9138188976377952
11
0.2490748031496063
21
0.9138188976377952
0
LINE
8
BLACK
6
CONTINUOUS
10
0.2490748031496063
20
0.9138188976377952
11
0.2490748031496063
21
0.7563385826771654
0
LINE
8
BLACK
6
CONTINUOUS
10
3.1034055118110238
20
0.7563385826771654
11
2.9459251968503937
21
0.7563385826771654
0
LINE
8
BLACK
6
CONTINUOUS
10
2.9459251968503937
20
0.7563385826771654
11
2.9459251968503937
21
0.9138188976377952
0
LINE
8
BLACK
6
CONTINUOUS
10
2.9459251968503937
20
0.9138188976377952
11
3.1034055118110238
21
0.9138188976377952
0
LINE
8
BLACK
6
CONTINUOUS
10
3.1034055118110238
20
0.9138188976377952
11
3.1034055118110238
21
0.7563385826771654
0
LINE
8
BLACK
6
CONTINUOUS
10
0.63325
20
0.7595
11
0.60175
21
0.7595
0
LINE
8
BLACK
6
CONTINUOUS
10
0.60175
20
0.7595
11
0.60175
21
0.7988999999999999
0
LINE
8
BLACK
6
CONTINUOUS
10
0.60175
20
0.7988999999999999
11
0.63325
21
0.7988999999999999
0
LINE
8
BLACK
6
CONTINUOUS
10
0.63325
20
0.7988999999999999
11
0.63325
21
0.7595
0
LINE
8
BLACK
6
CONTINUOUS
10
1.9435662992125984
20
0.8218973228346457
11
1.9465922047244093
21
0.8210865354330709
0
LINE
8
BLACK
6
CONTINUOUS
10
1.9465922047244093
20
0.8210865354330709
11
1.9493051181102361
21
0.8195202362204724
0
LINE
8
BLACK
6
CONTINUOUS
10
1.9493051181102361
20
0.8195202362204724
11
1.9515202362204724
21
0.8173051181102362
0
LINE
8
BLACK
6
CONTINUOUS
10
1.9515202362204724
20
0.8173051181102362
11
1.9530865354330709
21
0.8145922047244094
0
LINE
8
BLACK
6
CONTINUOUS
10
1.9530865354330709
20
0.8145922047244094
11
1.9538973228346457
21
0.8115662992125984
0
LINE
8
BLACK
6
CONTINUOUS
10
1.9538973228346457
20
0.8115662992125984
11
1.9538973228346457
21
0.8084337007874015
0
LINE
8
BLACK
6
CONTINUOUS
10
1.9538973228346457
20
0.8084337007874015
11
1.9530865354330709
21
0.8054077952755906
0
LINE
8
BLACK
6
CONTINUOUS
10
1.9530865354330709
20
0.8054077952755906
11
1.9515202362204724
21
0.8026948818897638
0
LINE
8
BLACK
6
CONTINUOUS
10
1.9515202362204724
20
0.8026948818897638
11
1.9493051181102361
21
0.8004797637795276
0
LINE
8
BLACK
6
CONTINUOUS
10
1.9493051181102361
20
0.8004797637795276
11
1.9465922047244093
21
0.7989134645669291
0
LINE
8
BLACK
6
CONTINUOUS
10
1.9465922047244093
20
0.7989134645669291
11
1.9435662992125984
21
0.7981026771653543
0
LINE
8
BLACK
6
CONTINUOUS
10
1.9435662992125984
20
0.7981026771653543
11
1.9079999999999999
21
0.7979999999999999
0
LINE
8
BLACK
6
CONTINUOUS
10
1.9079999999999999
20
0.7979999999999999
11
1.9064337007874015
21
0.7981026771653543
0
LINE
8
BLACK
6
CONTINUOUS
10
1.9064337007874015
20
0.7981026771653543
11
1.9034077952755906
21
0.7989134645669291
0
LINE
8
BLACK
6
CONTINUOUS
10
1.9034077952755906
20
0.7989134645669291
11
1.9006948818897638
21
0.8004797637795276
0
LINE
8
BLACK
6
CONTINUOUS
10
1.9006948818897638
20
0.8004797637795276
11
1.8984797637795274
21
0.8026948818897638
0
LINE
8
BLACK
6
CONTINUOUS
10
1.8984797637795274
20
0.8026948818897638
11
1.896913464566929
21
0.8054077952755906
0
LINE
8
BLACK
6
CONTINUOUS
10
1.896913464566929
20
0.8054077952755906
11
1.8961026771653542
21
0.8084337007874015
0
LINE
8
BLACK
6
CONTINUOUS
10
1.8961026771653542
20
0.8084337007874015
11
1.8961026771653542
21
0.8115662992125984
0
LINE
8
BLACK
6
CONTINUOUS
10
1.8961026771653542
20
0.8115662992125984
11
1.896913464566929
21
0.8145922047244094
0
LINE
8
BLACK
6
CONTINUOUS
10
1.896913464566929
20
0.8145922047244094
11
1.8984797637795274
21
0.8173051181102362
0
LINE
8
BLACK
6
CONTINUOUS
10
1.8984797637795274
20
0.8173051181102362
11
1.9006948818897638
21
0.8195202362204724
0
LINE
8
BLACK
6
CONTINUOUS
10
1.9006948818897638
20
0.8195202362204724
11
1.9034077952755906
21
0.8210865354330709
0
LINE
8
BLACK
6
CONTINUOUS
10
1.9034077952755906
20
0.8210865354330709
11
1.9064337007874015
21
0.8218973228346457
0
LINE
8
BLACK
6
CONTINUOUS
10
1.9064337007874015
20
0.8218973228346457
11
1.9419999999999999
21
0.822
0
LINE
8
BLACK
6
CONTINUOUS
10
1.9419999999999999
20
0.822
11
1.9435662992125984
21
0.8218973228346457
0
LINE
8
BLACK
6
CONTINUOUS
10
2.1635662992125986
20
0.8218973228346457
11
2.1665922047244095
21
0.8210865354330709
0
LINE
8
BLACK
6
CONTINUOUS
10
2.1665922047244095
20
0.8210865354330709
11
2.1693051181102363
21
0.8195202362204724
0
LINE
8
BLACK
6
CONTINUOUS
10
2.1693051181102363
20
0.8195202362204724
11
2.1715202362204722
21
0.8173051181102362
0
LINE
8
BLACK
6
CONTINUOUS
10
2.1715202362204722
20
0.8173051181102362
11
2.1730865354330708
21
0.8145922047244094
0
LINE
8
BLACK
6
CONTINUOUS
10
2.1730865354330708
20
0.8145922047244094
11
2.1738973228346454
21
0.8115662992125984
0
LINE
8
BLACK
6
CONTINUOUS
10
2.1738973228346454
20
0.8115662992125984
11
2.1738973228346454
21
0.8084337007874015
0
LINE
8
BLACK
6
CONTINUOUS
10
2.1738973228346454
20
0.8084337007874015
11
2.1730865354330708
21
0.8054077952755906
0
LINE
8
BLACK
6
CONTINUOUS
10
2.1730865354330708
20
0.8054077952755906
11
2.1715202362204722
21
0.8026948818897638
0
LINE
8
BLACK
6
CONTINUOUS
10
2.1715202362204722
20
0.8026948818897638
11
2.1693051181102363
21
0.8004797637795276
0
LINE
8
BLACK
6
CONTINUOUS
10
2.1693051181102363
20
0.8004797637795276
11
2.1665922047244095
21
0.7989134645669291
0
LINE
8
BLACK
6
CONTINUOUS
10
2.1665922047244095
20
0.7989134645669291
11
2.1635662992125986
21
0.7981026771653543
0
LINE
8
BLACK
6
CONTINUOUS
10
2.1635662992125986
20
0.7981026771653543
11
2.1280000000000001
21
0.7979999999999999
0
LINE
8
BLACK
6
CONTINUOUS
10
2.1280000000000001
20
0.7979999999999999
11
2.1264337007874015
21
0.7981026771653543
0
LINE
8
BLACK
6
CONTINUOUS
10
2.1264337007874015
20
0.7981026771653543
11
2.1234077952755905
21
0.7989134645669291
0
LINE
8
BLACK
6
CONTINUOUS
10
2.1234077952755905
20
0.7989134645669291
11
2.1206948818897637
21
0.8004797637795276
0
LINE
8
BLACK
6
CONTINUOUS
10
2.1206948818897637
20
0.8004797637795276
11
2.1184797637795274
21
0.8026948818897638
0
LINE
8
BLACK
6
CONTINUOUS
10
2.1184797637795274
20
0.8026948818897638
11
2.1169134645669292
21
0.8054077952755906
0
LINE
8
BLACK
6
CONTINUOUS
10
2.1169134645669292
20
0.8054077952755906
11
2.1161026771653542
21
0.8084337007874015
0
LINE
8
BLACK
6
CONTINUOUS
10
2.1161026771653542
20
0.8084337007874015
11
2.1161026771653542
21
0.8115662992125984
0
LINE
8
BLACK
6
CONTINUOUS
10
2.1161026771653542
20
0.8115662992125984
11
2.1169134645669292
21
0.8145922047244094
0
LINE
8
BLACK
6
CONTINUOUS
10
2.1169134645669292
20
0.8145922047244094
11
2.1184797637795274
21
0.8173051181102362
0
LINE
8
BLACK
6
CONTINUOUS
10
2.1184797637795274
20
0.8173051181102362
11
2.1206948818897637
21
0.8195202362204724
0
LINE
8
BLACK
6
CONTINUOUS
10
2.1206948818897637
20
0.8195202362204724
11
2.1234077952755905
21
0.8210865354330709
0
LINE
8
BLACK
6
CONTINUOUS
10
2.1234077952755905
20
0.8210865354330709
11
2.1264337007874015
21
0.8218973228346457
0
LINE
8
BLACK
6
CONTINUOUS
10
2.1264337007874015
20
0.8218973228346457
11
2.1619999999999999
21
0.822
0
LINE
8
BLACK
6
CONTINUOUS
10
2.1619999999999999
20
0.822
11
2.1635662992125986
21
0.8218973228346457
0
LINE
8
BLACK
6
CONTINUOUS
10
1.8725000000000001
20
0.8149999999999999
11
1.8174999999999999
21
0.8149999999999999
0
LINE
8
BLACK
6
CONTINUOUS
10
1.8174999999999999
20
0.8149999999999999
11
1.8174999999999999
21
0.85
0
LINE
8
BLACK
6
CONTINUOUS
10
1.8174999999999999
20
0.85
11
1.8725000000000001
21
0.85
0
LINE
8
BLACK
6
CONTINUOUS
10
1.8725000000000001
20
0.85
11
1.8725000000000001
21
0.8149999999999999
0
LINE
8
BLACK
6
CONTINUOUS
10
2.9179921259842518
20
0.8232677165354331
11
2.7920078740157481
21
0.8232677165354331
0
LINE
8
BLACK
6
CONTINUOUS
10
2.7920078740157481
20
0.8232677165354331
11
2.7920078740157481
21
0.8626377952755905
0
LINE
8
BLACK
6
CONTINUOUS
10
2.7920078740157481
20
0.8626377952755905
11
2.9179921259842518
21
0.8626377952755905
0
LINE
8
BLACK
6
CONTINUOUS
10
2.9179921259842518
20
0.8626377952755905
11
2.9179921259842518
21
0.8232677165354331
0
LINE
8
BLACK
6
CONTINUOUS
10
1.0024999999999999
20
0.83
11
0.9475
21
0.83
0
LINE
8
BLACK
6
CONTINUOUS
10
0.9475
20
0.83
11
0.9475
21
0.865
0
LINE
8
BLACK
6
CONTINUOUS
10
0.9475
20
0.865
11
1.0024999999999999
21
0.865
0
LINE
8
BLACK
6
CONTINUOUS
10
1.0024999999999999
20
0.865
11
1.0024999999999999
21
0.83
0
LINE
8
BLACK
6
CONTINUOUS
10
0.59575
20
0.8461
11
0.56425
21
0.8461
0
LINE
8
BLACK
6
CONTINUOUS
10
0.56425
20
0.8461
11
0.56425
21
0.8855
0
LINE
8
BLACK
6
CONTINUOUS
10
0.56425
20
0.8855
11
0.59575
21
0.8855
0
LINE
8
BLACK
6
CONTINUOUS
10
0.59575
20
0.8855
11
0.59575
21
0.8461
0
LINE
8
BLACK
6
CONTINUOUS
10
0.67075
20
0.8461
11
0.63925
21
0.8461
0
LINE
8
BLACK
6
CONTINUOUS
10
0.63925
20
0.8461
11
0.63925
21
0.8855
0
LINE
8
BLACK
6
CONTINUOUS
10
0.63925
20
0.8855
11
0.67075
21
0.8855
0
LINE
8
BLACK
6
CONTINUOUS
10
0.67075
20
0.8855
11
0.67075
21
0.8461
0
LINE
8
BLACK
6
CONTINUOUS
10
2.5
20
0.8525
11
2.4649999999999999
21
0.8525
0
LINE
8
BLACK
6
CONTINUOUS
10
2.4649999999999999
20
0.8525
11
2.4649999999999999
21
0.9075
0
LINE
8
BLACK
6
CONTINUOUS
10
2.4649999999999999
20
0.9075
11
2.5
21
0.9075
0
LINE
8
BLACK
6
CONTINUOUS
10
2.5
20
0.9075
11
2.5
21
0.8525
0
LINE
8
BLACK
6
CONTINUOUS
10
2.5749999999999997
20
0.8525
11
2.54
21
0.8525
0
LINE
8
BLACK
6
CONTINUOUS
10
2.54
20
0.8525
11
2.54
21
0.9075
0
LINE
8
BLACK
6
CONTINUOUS
10
2.54
20
0.9075
11
2.5749999999999997
21
0.9075
0
LINE
8
BLACK
6
CONTINUOUS
10
2.5749999999999997
20
0.9075
11
2.5749999999999997
21
0.8525
0
LINE
8
BLACK
6
CONTINUOUS
10
2.1474015748031494
20
0.8943700787401575
11
2.0903149606299212
21
0.8943700787401575
0
LINE
8
BLACK
6
CONTINUOUS
10
2.0903149606299212
20
0.8943700787401575
11
2.0903149606299212
21
0.9120866141732283
0
LINE
8
BLACK
6
CONTINUOUS
10
2.0903149606299212
20
0.9120866141732283
11
2.1474015748031494
21
0.9120866141732283
0
LINE
8
BLACK
6
CONTINUOUS
10
2.1474015748031494
20
0.9120866141732283
11
2.1474015748031494
21
0.8943700787401575
0
LINE
8
BLACK
6
CONTINUOUS
10
2.3796850393700786
20
0.8943700787401575
11
2.3225984251968503
21
0.8943700787401575
0
LINE
8
BLACK
6
CONTINUOUS
10
2.3225984251968503
20
0.8943700787401575
11
2.3225984251968503
21
0.9120866141732283
0
LINE
8
BLACK
6
CONTINUOUS
10
2.3225984251968503
20
0.9120866141732283
11
2.3796850393700786
21
0.9120866141732283
0
LINE
8
BLACK
6
CONTINUOUS
10
2.3796850393700786
20
0.9120866141732283
11
2.3796850393700786
21
0.8943700787401575
0
LINE
8
BLACK
6
CONTINUOUS
10
1.0024999999999999
20
0.905
11
0.9475
21
0.905
0
LINE
8
BLACK
6
CONTINUOUS
10
0.9475
20
0.905
11
0.9475
21
0.9399999999999999
0
LINE
8
BLACK
6
CONTINUOUS
10
0.9475
20
0.9399999999999999
11
1.0024999999999999
21
0.9399999999999999
0
LINE
8
BLACK
6
CONTINUOUS
10
1.0024999999999999
20
0.9399999999999999
11
1.0024999999999999
21
0.905
0
LINE
8
BLACK
6
CONTINUOUS
10
1.1952
20
0.9068499999999999
11
1.0948
21
0.9068499999999999
0
LINE
8
BLACK
6
CONTINUOUS
10
1.0948
20
0.9068499999999999
11
1.0948
21
1.01315
0
LINE
8
BLACK
6
CONTINUOUS
10
1.0948
20
1.01315
11
1.1952
21
1.01315
0
LINE
8
BLACK
6
CONTINUOUS
10
1.1952
20
1.01315
11
1.1952
21
0.9068499999999999
0
LINE
8
BLACK
6
CONTINUOUS
10
1.4452
20
0.9068499999999999
11
1.3448
21
0.9068499999999999
0
LINE
8
BLACK
6
CONTINUOUS
10
1.3448
20
0.9068499999999999
11
1.3448
21
1.01315
0
LINE
8
BLACK
6
CONTINUOUS
10
1.3448
20
1.01315
11
1.4452
21
1.01315
0
LINE
8
BLACK
6
CONTINUOUS
10
1.4452
20
1.01315
11
1.4452
21
0.9068499999999999
0
LINE
8
BLACK
6
CONTINUOUS
10
2.0124999999999997
20
0.91
11
1.9575
21
0.91
0
LINE
8
BLACK
6
CONTINUOUS
10
1.9575
20
0.91
11
1.9575
21
0.945
0
LINE
8
BLACK
6
CONTINUOUS
10
1.9575
20
0.945
11
2.0124999999999997
21
0.945
0
LINE
8
BLACK
6
CONTINUOUS
10
2.0124999999999997
20
0.945
11
2.0124999999999997
21
0.91
0
LINE
8
BLACK
6
CONTINUOUS
10
2.1474015748031494
20
0.9199606299212598
11
2.0903149606299212
21
0.9199606299212598
0
LINE
8
BLACK
6
CONTINUOUS
10
2.0903149606299212
20
0.9199606299212598
11
2.0903149606299212
21
0.9376771653543307
0
LINE
8
BLACK
6
CONTINUOUS
10
2.0903149606299212
20
0.9376771653543307
11
2.1474015748031494
21
0.9376771653543307
0
LINE
8
BLACK
6
CONTINUOUS
10
2.1474015748031494
20
0.9376771653543307
11
2.1474015748031494
21
0.9199606299212598
0
LINE
8
BLACK
6
CONTINUOUS
10
2.3796850393700786
20
0.9199606299212598
11
2.3225984251968503
21
0.9199606299212598
0
LINE
8
BLACK
6
CONTINUOUS
10
2.3225984251968503
20
0.9199606299212598
11
2.3225984251968503
21
0.9376771653543307
0
LINE
8
BLACK
6
CONTINUOUS
10
2.3225984251968503
20
0.9376771653543307
11
2.3796850393700786
21
0.9376771653543307
0
LINE
8
BLACK
6
CONTINUOUS
10
2.3796850393700786
20
0.9376771653543307
11
2.3796850393700786
21
0.9199606299212598
0
LINE
8
BLACK
6
CONTINUOUS
10
0.6274999999999999
20
0.9325
11
0.5725
21
0.9325
0
LINE
8
BLACK
6
CONTINUOUS
10
0.5725
20
0.9325
11
0.5725
21
0.9675
0
LINE
8
BLACK
6
CONTINUOUS
10
0.5725
20
0.9675
11
0.6274999999999999
21
0.9675
0
LINE
8
BLACK
6
CONTINUOUS
10
0.6274999999999999
20
0.9675
11
0.6274999999999999
21
0.9325
0
LINE
8
BLACK
6
CONTINUOUS
10
0.7
20
0.9325
11
0.645
21
0.9325
0
LINE
8
BLACK
6
CONTINUOUS
10
0.645
20
0.9325
11
0.645
21
0.9675
0
LINE
8
BLACK
6
CONTINUOUS
10
0.645
20
0.9675
11
0.7
21
0.9675
0
LINE
8
BLACK
6
CONTINUOUS
10
0.7
20
0.9675
11
0.7
21
0.9325
0
LINE
8
BLACK
6
CONTINUOUS
10
2.5074999999999998
20
0.9349999999999999
11
2.4525000000000001
21
0.9349999999999999
0
LINE
8
BLACK
6
CONTINUOUS
10
2.4525000000000001
20
0.9349999999999999
11
2.4525000000000001
21
0.97
0
LINE
8
BLACK
6
CONTINUOUS
10
2.4525000000000001
20
0.97
11
2.5074999999999998
21
0.97
0
LINE
8
BLACK
6
CONTINUOUS
10
2.5074999999999998
20
0.97
11
2.5074999999999998
21
0.9349999999999999
0
LINE
8
BLACK
6
CONTINUOUS
10
2.6074999999999999
20
0.9349999999999999
11
2.5524999999999998
21
0.9349999999999999
0
LINE
8
BLACK
6
CONTINUOUS
10
2.5524999999999998
20
0.9349999999999999
11
2.5524999999999998
21
0.97
0
LINE
8
BLACK
6
CONTINUOUS
10
2.5524999999999998
20
0.97
11
2.6074999999999999
21
0.97
0
LINE
8
BLACK
6
CONTINUOUS
10
2.6074999999999999
20
0.97
11
2.6074999999999999
21
0.9349999999999999
0
LINE
8
BLACK
6
CONTINUOUS
10
0.4436220472440945
20
0.9406299212598425
11
0.3963779527559055
21
0.9406299212598425
0
LINE
8
BLACK
6
CONTINUOUS
10
0.3963779527559055
20
0.9406299212598425
11
0.3963779527559055
21
1.0193700787401574
0
LINE
8
BLACK
6
CONTINUOUS
10
0.3963779527559055
20
1.0193700787401574
11
0.4436220472440945
21
1.0193700787401574
0
LINE
8
BLACK
6
CONTINUOUS
10
0.4436220472440945
20
1.0193700787401574
11
0.4436220472440945
21
0.9406299212598425
0
LINE
8
BLACK
6
CONTINUOUS
10
0.5436220472440945
20
0.9406299212598425
11
0.4963779527559055
21
0.9406299212598425
0
LINE
8
BLACK
6
CONTINUOUS
10
0.4963779527559055
20
0.9406299212598425
11
0.4963779527559055
21
1.0193700787401574
0
LINE
8
BLACK
6
CONTINUOUS
10
0.4963779527559055
20
1.0193700787401574
11
0.5436220472440945
21
1.0193700787401574
0
LINE
8
BLACK
6
CONTINUOUS
10
0.5436220472440945
20
1.0193700787401574
11
0.5436220472440945
21
0.9406299212598425
0
LINE
8
BLACK
6
CONTINUOUS
10
2.1474015748031494
20
0.9455511811023621
11
2.0903149606299212
21
0.9455511811023621
0
LINE
8
BLACK
6
CONTINUOUS
10
2.0903149606299212
20
0.9455511811023621
11
2.0903149606299212
21
0.9632677165354331
0
LINE
8
BLACK
6
CONTINUOUS
10
2.0903149606299212
20
0.9632677165354331
11
2.1474015748031494
21
0.9632677165354331
0
LINE
8
BLACK
6
CONTINUOUS
10
2.1474015748031494
20
0.9632677165354331
11
2.1474015748031494
21
0.9455511811023621
0
LINE
8
BLACK
6
CONTINUOUS
10
2.3796850393700786
20
0.9455511811023621
11
2.3225984251968503
21
0.9455511811023621
0
LINE
8
BLACK
6
CONTINUOUS
10
2.3225984251968503
20
0.9455511811023621
11
2.3225984251968503
21
0.9632677165354331
0
LINE
8
BLACK
6
CONTINUOUS
10
2.3225984251968503
20
0.9632677165354331
11
2.3796850393700786
21
0.9632677165354331
0
LINE
8
BLACK
6
CONTINUOUS
10
2.3796850393700786
20
0.9632677165354331
11
2.3796850393700786
21
0.9455511811023621
0
LINE
8
BLACK
6
CONTINUOUS
10
2.1474015748031494
20
0.9711417322834646
11
2.0903149606299212
21
0.9711417322834646
0
LINE
8
BLACK
6
CONTINUOUS
10
2.0903149606299212
20
0.9711417322834646
11
2.0903149606299212
21
0.9888582677165354
0
LINE
8
BLACK
6
CONTINUOUS
10
2.0903149606299212
20
0.9888582677165354
11
2.1474015748031494
21
0.9888582677165354
0
LINE
8
BLACK
6
CONTINUOUS
10
2.1474015748031494
20
0.9888582677165354
11
2.1474015748031494
21
0.9711417322834646
0
LINE
8
BLACK
6
CONTINUOUS
10
2.3796850393700786
20
0.9711417322834646
11
2.3225984251968503
21
0.9711417322834646
0
LINE
8
BLACK
6
CONTINUOUS
10
2.3225984251968503
20
0.9711417322834646
11
2.3225984251968503
21
0.9888582677165354
0
LINE
8
BLACK
6
CONTINUOUS
10
2.3225984251968503
20
0.9888582677165354
11
2.3796850393700786
21
0.9888582677165354
0
LINE
8
BLACK
6
CONTINUOUS
10
2.3796850393700786
20
0.9888582677165354
11
2.3796850393700786
21
0.9711417322834646
0
LINE
8
BLACK
6
CONTINUOUS
10
2.0124999999999997
20
0.985
11
1.9575
21
0.985
0
LINE
8
BLACK
6
CONTINUOUS
10
1.9575
20
0.985
11
1.9575
21
1.02
0
LINE
8
BLACK
6
CONTINUOUS
10
1.9575
20
1.02
11
2.0124999999999997
21
1.02
0
LINE
8
BLACK
6
CONTINUOUS
10
2.0124999999999997
20
1.02
11
2.0124999999999997
21
0.985
0
LINE
8
BLACK
6
CONTINUOUS
10
2.6899999999999999
20
0.9924999999999999
11
2.6549999999999998
21
0.9924999999999999
0
LINE
8
BLACK
6
CONTINUOUS
10
2.6549999999999998
20
0.9924999999999999
11
2.6549999999999998
21
1.0474999999999999
0
LINE
8
BLACK
6
CONTINUOUS
10
2.6549999999999998
20
1.0474999999999999
11
2.6899999999999999
21
1.0474999999999999
0
LINE
8
BLACK
6
CONTINUOUS
10
2.6899999999999999
20
1.0474999999999999
11
2.6899999999999999
21
0.9924999999999999
0
LINE
8
BLACK
6
CONTINUOUS
10
2.7650000000000001
20
0.9924999999999999
11
2.73
21
0.9924999999999999
0
LINE
8
BLACK
6
CONTINUOUS
10
2.73
20
0.9924999999999999
11
2.73
21
1.0474999999999999
0
LINE
8
BLACK
6
CONTINUOUS
10
2.73
20
1.0474999999999999
11
2.7650000000000001
21
1.0474999999999999
0
LINE
8
BLACK
6
CONTINUOUS
10
2.7650000000000001
20
1.0474999999999999
11
2.7650000000000001
21
0.9924999999999999
0
LINE
8
BLACK
6
CONTINUOUS
10
2.1474015748031494
20
0.9967322834645669
11
2.0903149606299212
21
0.9967322834645669
0
LINE
8
BLACK
6
CONTINUOUS
10
2.0903149606299212
20
0.9967322834645669
11
2.0903149606299212
21
1.0144488188976377
0
LINE
8
BLACK
6
CONTINUOUS
10
2.0903149606299212
20
1.0144488188976377
11
2.1474015748031494
21
1.0144488188976377
0
LINE
8
BLACK
6
CONTINUOUS
10
2.1474015748031494
20
1.0144488188976377
11
2.1474015748031494
21
0.9967322834645669
0
LINE
8
BLACK
6
CONTINUOUS
10
2.3796850393700786
20
0.9967322834645669
11
2.3225984251968503
21
0.9967322834645669
0
LINE
8
BLACK
6
CONTINUOUS
10
2.3225984251968503
20
0.9967322834645669
11
2.3225984251968503
21
1.0144488188976377
0
LINE
8
BLACK
6
CONTINUOUS
10
2.3225984251968503
20
1.0144488188976377
11
2.3796850393700786
21
1.0144488188976377
0
LINE
8
BLACK
6
CONTINUOUS
10
2.3796850393700786
20
1.0144488188976377
11
2.3796850393700786
21
0.9967322834645669
0
LINE
8
BLACK
6
CONTINUOUS
10
0.3775
20
1.0049999999999999
11
0.3225
21
1.0049999999999999
0
LINE
8
BLACK
6
CONTINUOUS
10
0.3225
20
1.0049999999999999
11
0.3225
21
1.04
0
LINE
8
BLACK
6
CONTINUOUS
10
0.3225
20
1.04
11
0.3775
21
1.04
0
LINE
8
BLACK
6
CONTINUOUS
10
0.3775
20
1.04
11
0.3775
21
1.0049999999999999
0
LINE
8
BLACK
6
CONTINUOUS
10
0.6274999999999999
20
1.0075000000000001
11
0.5725
21
1.0075000000000001
0
LINE
8
BLACK
6
CONTINUOUS
10
0.5725
20
1.0075000000000001
11
0.5725
21
1.0425
0
LINE
8
BLACK
6
CONTINUOUS
10
0.5725
20
1.0425
11
0.6274999999999999
21
1.0425
0
LINE
8
BLACK
6
CONTINUOUS
10
0.6274999999999999
20
1.0425
11
0.6274999999999999
21
1.0075000000000001
0
LINE
8
BLACK
6
CONTINUOUS
10
0.7
20
1.0075000000000001
11
0.645
21
1.0075000000000001
0
LINE
8
BLACK
6
CONTINUOUS
10
0.645
20
1.0075000000000001
11
0.645
21
1.0425
0
LINE
8
BLACK
6
CONTINUOUS
10
0.645
20
1.0425
11
0.7
21
1.0425
0
LINE
8
BLACK
6
CONTINUOUS
10
0.7
20
1.0425
11
0.7
21
1.0075000000000001
0
LINE
8
BLACK
6
CONTINUOUS
10
2.5074999999999998
20
1.01
11
2.4525000000000001
21
1.01
0
LINE
8
BLACK
6
CONTINUOUS
10
2.4525000000000001
20
1.01
11
2.4525000000000001
21
1.0449999999999999
0
LINE
8
BLACK
6
CONTINUOUS
10
2.4525000000000001
20
1.0449999999999999
11
2.5074999999999998
21
1.0449999999999999
0
LINE
8
BLACK
6
CONTINUOUS
10
2.5074999999999998
20
1.0449999999999999
11
2.5074999999999998
21
1.01
0
LINE
8
BLACK
6
CONTINUOUS
10
2.6074999999999999
20
1.01
11
2.5524999999999998
21
1.01
0
LINE
8
BLACK
6
CONTINUOUS
10
2.5524999999999998
20
1.01
11
2.5524999999999998
21
1.0449999999999999
0
LINE
8
BLACK
6
CONTINUOUS
10
2.5524999999999998
20
1.0449999999999999
11
2.6074999999999999
21
1.0449999999999999
0
LINE
8
BLACK
6
CONTINUOUS
10
2.6074999999999999
20
1.0449999999999999
11
2.6074999999999999
21
1.01
0
LINE
8
BLACK
6
CONTINUOUS
10
2.1474015748031494
20
1.0223228346456692
11
2.0903149606299212
21
1.0223228346456692
0
LINE
8
BLACK
6
CONTINUOUS
10
2.0903149606299212
20
1.0223228346456692
11
2.0903149606299212
21
1.04003937007874
0
LINE
8
BLACK
6
CONTINUOUS
10
2.0903149606299212
20
1.04003937007874
11
2.1474015748031494
21
1.04003937007874
0
LINE
8
BLACK
6
CONTINUOUS
10
2.1474015748031494
20
1.04003937007874
11
2.1474015748031494
21
1.0223228346456692
0
LINE
8
BLACK
6
CONTINUOUS
10
2.3796850393700786
20
1.0223228346456692
11
2.3225984251968503
21
1.0223228346456692
0
LINE
8
BLACK
6
CONTINUOUS
10
2.3225984251968503
20
1.0223228346456692
11
2.3225984251968503
21
1.04003937007874
0
LINE
8
BLACK
6
CONTINUOUS
10
2.3225984251968503
20
1.04003937007874
11
2.3796850393700786
21
1.04003937007874
0
LINE
8
BLACK
6
CONTINUOUS
10
2.3796850393700786
20
1.04003937007874
11
2.3796850393700786
21
1.0223228346456692
0
LINE
8
BLACK
6
CONTINUOUS
10
2.1474015748031494
20
1.0479133858267717
11
2.0903149606299212
21
1.0479133858267717
0
LINE
8
BLACK
6
CONTINUOUS
10
2.0903149606299212
20
1.0479133858267717
11
2.0903149606299212
21
1.0656299212598426
0
LINE
8
BLACK
6
CONTINUOUS
10
2.0903149606299212
20
1.0656299212598426
11
2.1474015748031494
21
1.0656299212598426
0
LINE
8
BLACK
6
CONTINUOUS
10
2.1474015748031494
20
1.0656299212598426
11
2.1474015748031494
21
1.0479133858267717
0
LINE
8
BLACK
6
CONTINUOUS
10
2.3796850393700786
20
1.0479133858267717
11
2.3225984251968503
21
1.0479133858267717
0
LINE
8
BLACK
6
CONTINUOUS
10
2.3225984251968503
20
1.0479133858267717
11
2.3225984251968503
21
1.0656299212598426
0
LINE
8
BLACK
6
CONTINUOUS
10
2.3225984251968503
20
1.0656299212598426
11
2.3796850393700786
21
1.0656299212598426
0
LINE
8
BLACK
6
CONTINUOUS
10
2.3796850393700786
20
1.0656299212598426
11
2.3796850393700786
21
1.0479133858267717
0
LINE
8
BLACK
6
CONTINUOUS
10
0.64
20
1.0625
11
0.605
21
1.0625
0
LINE
8
BLACK
6
CONTINUOUS
10
0.605
20
1.0625
11
0.605
21
1.1174999999999999
0
LINE
8
BLACK
6
CONTINUOUS
10
0.605
20
1.1174999999999999
11
0.64
21
1.1174999999999999
0
LINE
8
BLACK
6
CONTINUOUS
10
0.64
20
1.1174999999999999
11
0.64
21
1.0625
0
LINE
8
BLACK
6
CONTINUOUS
10
0.715
20
1.0625
11
0.6799999999999999
21
1.0625
0
LINE
8
BLACK
6
CONTINUOUS
10
0.6799999999999999
20
1.0625
11
0.6799999999999999
21
1.1174999999999999
0
LINE
8
BLACK
6
CONTINUOUS
10
0.6799999999999999
20
1.1174999999999999
11
0.715
21
1.1174999999999999
0
LINE
8
BLACK
6
CONTINUOUS
10
0.715
20
1.1174999999999999
11
0.715
21
1.0625
0
LINE
8
BLACK
6
CONTINUOUS
10
2.9179921259842518
20
1.0673622047244093
11
2.7920078740157481
21
1.0673622047244093
0
LINE
8
BLACK
6
CONTINUOUS
10
2.7920078740157481
20
1.0673622047244093
11
2.7920078740157481
21
1.106732283464567
0
LINE
8
BLACK
6
CONTINUOUS
10
2.7920078740157481
20
1.106732283464567
11
2.9179921259842518
21
1.106732283464567
0
LINE
8
BLACK
6
CONTINUOUS
10
2.9179921259842518
20
1.106732283464567
11
2.9179921259842518
21
1.0673622047244093
0
LINE
8
BLACK
6
CONTINUOUS
10
0.4486614173228347
20
1.0747244094488189
11
0.4151968503937008
21
1.0747244094488189
0
LINE
8
BLACK
6
CONTINUOUS
10
0.4151968503937008
20
1.0747244094488189
11
0.4151968503937008
21
1.088503937007874
0
LINE
8
BLACK
6
CONTINUOUS
10
0.4151968503937008
20
1.088503937007874
11
0.4486614173228347
21
1.088503937007874
0
LINE
8
BLACK
6
CONTINUOUS
10
0.4486614173228347
20
1.088503937007874
11
0.4486614173228347
21
1.0747244094488189
0
LINE
8
BLACK
6
CONTINUOUS
10
0.5648031496062992
20
1.0747244094488189
11
0.5313385826771654
21
1.0747244094488189
0
LINE
8
BLACK
6
CONTINUOUS
10
0.5313385826771654
20
1.0747244094488189
11
0.5313385826771654
21
1.088503937007874
0
LINE
8
BLACK
6
CONTINUOUS
10
0.5313385826771654
20
1.088503937007874
11
0.5648031496062992
21
1.088503937007874
0
LINE
8
BLACK
6
CONTINUOUS
10
0.5648031496062992
20
1.088503937007874
11
0.5648031496062992
21
1.0747244094488189
0
LINE
8
BLACK
6
CONTINUOUS
10
0.21
20
1.0774999999999999
11
0.175
21
1.0774999999999999
0
LINE
8
BLACK
6
CONTINUOUS
10
0.175
20
1.0774999999999999
11
0.175
21
1.1325000000000001
0
LINE
8
BLACK
6
CONTINUOUS
10
0.175
20
1.1325000000000001
11
0.21
21
1.1325000000000001
0
LINE
8
BLACK
6
CONTINUOUS
10
0.21
20
1.1325000000000001
11
0.21
21
1.0774999999999999
0
LINE
8
BLACK
6
CONTINUOUS
10
0.285
20
1.0774999999999999
11
0.25
21
1.0774999999999999
0
LINE
8
BLACK
6
CONTINUOUS
10
0.25
20
1.0774999999999999
11
0.25
21
1.1325000000000001
0
LINE
8
BLACK
6
CONTINUOUS
10
0.25
20
1.1325000000000001
11
0.285
21
1.1325000000000001
0
LINE
8
BLACK
6
CONTINUOUS
10
0.285
20
1.1325000000000001
11
0.285
21
1.0774999999999999
0
LINE
8
BLACK
6
CONTINUOUS
10
1.1932677165354331
20
1.0790944881889764
11
0.9767322834645669
21
1.0790944881889764
0
LINE
8
BLACK
6
CONTINUOUS
10
0.9767322834645669
20
1.0790944881889764
11
0.9767322834645669
21
1.1972047244094488
0
LINE
8
BLACK
6
CONTINUOUS
10
0.9767322834645669
20
1.1972047244094488
11
1.1932677165354331
21
1.1972047244094488
0
LINE
8
BLACK
6
CONTINUOUS
10
1.1932677165354331
20
1.1972047244094488
11
1.1932677165354331
21
1.0790944881889764
0
LINE
8
BLACK
6
CONTINUOUS
10
0.3775
20
1.0800000000000001
11
0.3225
21
1.0800000000000001
0
LINE
8
BLACK
6
CONTINUOUS
10
0.3225
20
1.0800000000000001
11
0.3225
21
1.115
0
LINE
8
BLACK
6
CONTINUOUS
10
0.3225
20
1.115
11
0.3775
21
1.115
0
LINE
8
BLACK
6
CONTINUOUS
10
0.3775
20
1.115
11
0.3775
21
1.0800000000000001
0
LINE
8
BLACK
6
CONTINUOUS
10
0.5175590551181102
20
1.0806299212598425
11
0.4624409448818897
21
1.0806299212598425
0
LINE
8
BLACK
6
CONTINUOUS
10
0.4624409448818897
20
1.0806299212598425
11
0.4624409448818897
21
1.1593700787401575
0
LINE
8
BLACK
6
CONTINUOUS
10
0.4624409448818897
20
1.1593700787401575
11
0.5175590551181102
21
1.1593700787401575
0
LINE
8
BLACK
6
CONTINUOUS
10
0.5175590551181102
20
1.1593700787401575
11
0.5175590551181102
21
1.0806299212598425
0
LINE
8
BLACK
6
CONTINUOUS
10
2.5
20
1.0925
11
2.4649999999999999
21
1.0925
0
LINE
8
BLACK
6
CONTINUOUS
10
2.4649999999999999
20
1.0925
11
2.4649999999999999
21
1.1475
0
LINE
8
BLACK
6
CONTINUOUS
10
2.4649999999999999
20
1.1475
11
2.5
21
1.1475
0
LINE
8
BLACK
6
CONTINUOUS
10
2.5
20
1.1475
11
2.5
21
1.0925
0
LINE
8
BLACK
6
CONTINUOUS
10
2.5749999999999997
20
1.0925
11
2.54
21
1.0925
0
LINE
8
BLACK
6
CONTINUOUS
10
2.54
20
1.0925
11
2.54
21
1.1475
0
LINE
8
BLACK
6
CONTINUOUS
10
2.54
20
1.1475
11
2.5749999999999997
21
1.1475
0
LINE
8
BLACK
6
CONTINUOUS
10
2.5749999999999997
20
1.1475
11
2.5749999999999997
21
1.0925
0
LINE
8
BLACK
6
CONTINUOUS
10
0.4486614173228347
20
1.1003149606299212
11
0.4151968503937008
21
1.1003149606299212
0
LINE
8
BLACK
6
CONTINUOUS
10
0.4151968503937008
20
1.1003149606299212
11
0.4151968503937008
21
1.1140944881889763
0
LINE
8
BLACK
6
CONTINUOUS
10
0.4151968503937008
20
1.1140944881889763
11
0.4486614173228347
21
1.1140944881889763
0
LINE
8
BLACK
6
CONTINUOUS
10
0.4486614173228347
20
1.1140944881889763
11
0.4486614173228347
21
1.1003149606299212
0
LINE
8
BLACK
6
CONTINUOUS
10
0.5648031496062992
20
1.1003149606299212
11
0.5313385826771654
21
1.1003149606299212
0
LINE
8
BLACK
6
CONTINUOUS
10
0.5313385826771654
20
1.1003149606299212
11
0.5313385826771654
21
1.1140944881889763
0
LINE
8
BLACK
6
CONTINUOUS
10
0.5313385826771654
20
1.1140944881889763
11
0.5648031496062992
21
1.1140944881889763
0
LINE
8
BLACK
6
CONTINUOUS
10
0.5648031496062992
20
1.1140944881889763
11
0.5648031496062992
21
1.1003149606299212
0
LINE
8
BLACK
6
CONTINUOUS
10
2.0524999999999998
20
1.125
11
2.0175000000000001
21
1.125
0
LINE
8
BLACK
6
CONTINUOUS
10
2.0175000000000001
20
1.125
11
2.0175000000000001
21
1.1799999999999999
0
LINE
8
BLACK
6
CONTINUOUS
10
2.0175000000000001
20
1.1799999999999999
11
2.0524999999999998
21
1.1799999999999999
0
LINE
8
BLACK
6
CONTINUOUS
10
2.0524999999999998
20
1.1799999999999999
11
2.0524999999999998
21
1.125
0
LINE
8
BLACK
6
CONTINUOUS
10
2.1274999999999999
20
1.125
11
2.0924999999999998
21
1.125
0
LINE
8
BLACK
6
CONTINUOUS
10
2.0924999999999998
20
1.125
11
2.0924999999999998
21
1.1799999999999999
0
LINE
8
BLACK
6
CONTINUOUS
10
2.0924999999999998
20
1.1799999999999999
11
2.1274999999999999
21
1.1799999999999999
0
LINE
8
BLACK
6
CONTINUOUS
10
2.1274999999999999
20
1.1799999999999999
11
2.1274999999999999
21
1.125
0
LINE
8
BLACK
6
CONTINUOUS
10
0.4486614173228347
20
1.1259055118110235
11
0.4151968503937008
21
1.1259055118110235
0
LINE
8
BLACK
6
CONTINUOUS
10
0.4151968503937008
20
1.1259055118110235
11
0.4151968503937008
21
1.1396850393700788
0
LINE
8
BLACK
6
CONTINUOUS
10
0.4151968503937008
20
1.1396850393700788
11
0.4486614173228347
21
1.1396850393700788
0
LINE
8
BLACK
6
CONTINUOUS
10
0.4486614173228347
20
1.1396850393700788
11
0.4486614173228347
21
1.1259055118110235
0
LINE
8
BLACK
6
CONTINUOUS
10
0.5648031496062992
20
1.1259055118110235
11
0.5313385826771654
21
1.1259055118110235
0
LINE
8
BLACK
6
CONTINUOUS
10
0.5313385826771654
20
1.1259055118110235
11
0.5313385826771654
21
1.1396850393700788
0
LINE
8
BLACK
6
CONTINUOUS
10
0.5313385826771654
20
1.1396850393700788
11
0.5648031496062992
21
1.1396850393700788
0
LINE
8
BLACK
6
CONTINUOUS
10
0.5648031496062992
20
1.1396850393700788
11
0.5648031496062992
21
1.1259055118110235
0
LINE
8
BLACK
6
CONTINUOUS
10
1.7920922047244094
20
1.2005865354330709
11
1.7948051181102362
21
1.1990202362204725
0
LINE
8
BLACK
6
CONTINUOUS
10
1.7948051181102362
20
1.1990202362204725
11
1.7970202362204724
21
1.1968051181102362
0
LINE
8
BLACK
6
CONTINUOUS
10
1.7970202362204724
20
1.1968051181102362
11
1.7985865354330708
21
1.1940922047244094
0
LINE
8
BLACK
6
CONTINUOUS
10
1.7985865354330708
20
1.1940922047244094
11
1.7993973228346456
21
1.1910662992125984
0
LINE
8
BLACK
6
CONTINUOUS
10
1.7993973228346456
20
1.1910662992125984
11
1.7994999999999999
21
1.1555
0
LINE
8
BLACK
6
CONTINUOUS
10
1.7994999999999999
20
1.1555
11
1.7993973228346456
21
1.1539337007874015
0
LINE
8
BLACK
6
CONTINUOUS
10
1.7993973228346456
20
1.1539337007874015
11
1.7985865354330708
21
1.1509077952755906
0
LINE
8
BLACK
6
CONTINUOUS
10
1.7985865354330708
20
1.1509077952755906
11
1.7970202362204724
21
1.1481948818897638
0
LINE
8
BLACK
6
CONTINUOUS
10
1.7970202362204724
20
1.1481948818897638
11
1.7948051181102362
21
1.1459797637795275
0
LINE
8
BLACK
6
CONTINUOUS
10
1.7948051181102362
20
1.1459797637795275
11
1.7920922047244094
21
1.1444134645669291
0
LINE
8
BLACK
6
CONTINUOUS
10
1.7920922047244094
20
1.1444134645669291
11
1.7890662992125983
21
1.1436026771653542
0
LINE
8
BLACK
6
CONTINUOUS
10
1.7890662992125983
20
1.1436026771653542
11
1.7859337007874014
21
1.1436026771653542
0
LINE
8
BLACK
6
CONTINUOUS
10
1.7859337007874014
20
1.1436026771653542
11
1.7829077952755905
21
1.1444134645669291
0
LINE
8
BLACK
6
CONTINUOUS
10
1.7829077952755905
20
1.1444134645669291
11
1.7801948818897637
21
1.1459797637795275
0
LINE
8
BLACK
6
CONTINUOUS
10
1.7801948818897637
20
1.1459797637795275
11
1.7779797637795276
21
1.1481948818897638
0
LINE
8
BLACK
6
CONTINUOUS
10
1.7779797637795276
20
1.1481948818897638
11
1.7764134645669292
21
1.1509077952755906
0
LINE
8
BLACK
6
CONTINUOUS
10
1.7764134645669292
20
1.1509077952755906
11
1.7756026771653544
21
1.1539337007874015
0
LINE
8
BLACK
6
CONTINUOUS
10
1.7756026771653544
20
1.1539337007874015
11
1.7754999999999999
21
1.1895
0
LINE
8
BLACK
6
CONTINUOUS
10
1.7754999999999999
20
1.1895
11
1.7756026771653544
21
1.1910662992125984
0
LINE
8
BLACK
6
CONTINUOUS
10
1.7756026771653544
20
1.1910662992125984
11
1.7764134645669292
21
1.1940922047244094
0
LINE
8
BLACK
6
CONTINUOUS
10
1.7764134645669292
20
1.1940922047244094
11
1.7779797637795276
21
1.1968051181102362
0
LINE
8
BLACK
6
CONTINUOUS
10
1.7779797637795276
20
1.1968051181102362
11
1.7801948818897637
21
1.1990202362204725
0
LINE
8
BLACK
6
CONTINUOUS
10
1.7801948818897637
20
1.1990202362204725
11
1.7829077952755905
21
1.2005865354330709
0
LINE
8
BLACK
6
CONTINUOUS
10
1.7829077952755905
20
1.2005865354330709
11
1.7859337007874014
21
1.2013973228346457
0
LINE
8
BLACK
6
CONTINUOUS
10
1.7859337007874014
20
1.2013973228346457
11
1.7890662992125983
21
1.2013973228346457
0
LINE
8
BLACK
6
CONTINUOUS
10
1.7890662992125983
20
1.2013973228346457
11
1.7920922047244094
21
1.2005865354330709
0
LINE
8
BLACK
6
CONTINUOUS
10
1.8420922047244095
20
1.2005865354330709
11
1.8448051181102363
21
1.1990202362204725
0
LINE
8
BLACK
6
CONTINUOUS
10
1.8448051181102363
20
1.1990202362204725
11
1.8470202362204724
21
1.1968051181102362
0
LINE
8
BLACK
6
CONTINUOUS
10
1.8470202362204724
20
1.1968051181102362
11
1.8485865354330708
21
1.1940922047244094
0
LINE
8
BLACK
6
CONTINUOUS
10
1.8485865354330708
20
1.1940922047244094
11
1.8493973228346456
21
1.1910662992125984
0
LINE
8
BLACK
6
CONTINUOUS
10
1.8493973228346456
20
1.1910662992125984
11
1.8494999999999999
21
1.1555
0
LINE
8
BLACK
6
CONTINUOUS
10
1.8494999999999999
20
1.1555
11
1.8493973228346456
21
1.1539337007874015
0
LINE
8
BLACK
6
CONTINUOUS
10
1.8493973228346456
20
1.1539337007874015
11
1.8485865354330708
21
1.1509077952755906
0
LINE
8
BLACK
6
CONTINUOUS
10
1.8485865354330708
20
1.1509077952755906
11
1.8470202362204724
21
1.1481948818897638
0
LINE
8
BLACK
6
CONTINUOUS
10
1.8470202362204724
20
1.1481948818897638
11
1.8448051181102363
21
1.1459797637795275
0
LINE
8
BLACK
6
CONTINUOUS
10
1.8448051181102363
20
1.1459797637795275
11
1.8420922047244095
21
1.1444134645669291
0
LINE
8
BLACK
6
CONTINUOUS
10
1.8420922047244095
20
1.1444134645669291
11
1.8390662992125983
21
1.1436026771653542
0
LINE
8
BLACK
6
CONTINUOUS
10
1.8390662992125983
20
1.1436026771653542
11
1.8359337007874015
21
1.1436026771653542
0
LINE
8
BLACK
6
CONTINUOUS
10
1.8359337007874015
20
1.1436026771653542
11
1.8329077952755906
21
1.1444134645669291
0
LINE
8
BLACK
6
CONTINUOUS
10
1.8329077952755906
20
1.1444134645669291
11
1.8301948818897638
21
1.1459797637795275
0
LINE
8
BLACK
6
CONTINUOUS
10
1.8301948818897638
20
1.1459797637795275
11
1.8279797637795274
21
1.1481948818897638
0
LINE
8
BLACK
6
CONTINUOUS
10
1.8279797637795274
20
1.1481948818897638
11
1.826413464566929
21
1.1509077952755906
0
LINE
8
BLACK
6
CONTINUOUS
10
1.826413464566929
20
1.1509077952755906
11
1.8256026771653542
21
1.1539337007874015
0
LINE
8
BLACK
6
CONTINUOUS
10
1.8256026771653542
20
1.1539337007874015
11
1.8254999999999999
21
1.1895
0
LINE
8
BLACK
6
CONTINUOUS
10
1.8254999999999999
20
1.1895
11
1.8256026771653542
21
1.1910662992125984
0
LINE
8
BLACK
6
CONTINUOUS
10
1.8256026771653542
20
1.1910662992125984
11
1.826413464566929
21
1.1940922047244094
0
LINE
8
BLACK
6
CONTINUOUS
10
1.826413464566929
20
1.1940922047244094
11
1.8279797637795274
21
1.1968051181102362
0
LINE
8
BLACK
6
CONTINUOUS
10
1.8279797637795274
20
1.1968051181102362
11
1.8301948818897638
21
1.1990202362204725
0
LINE
8
BLACK
6
CONTINUOUS
10
1.8301948818897638
20
1.1990202362204725
11
1.8329077952755906
21
1.2005865354330709
0
LINE
8
BLACK
6
CONTINUOUS
10
1.8329077952755906
20
1.2005865354330709
11
1.8359337007874015
21
1.2013973228346457
0
LINE
8
BLACK
6
CONTINUOUS
10
1.8359337007874015
20
1.2013973228346457
11
1.8390662992125983
21
1.2013973228346457
0
LINE
8
BLACK
6
CONTINUOUS
10
1.8390662992125983
20
1.2013973228346457
11
1.8420922047244095
21
1.2005865354330709
0
LINE
8
BLACK
6
CONTINUOUS
10
1.8920922047244093
20
1.2005865354330709
11
1.8948051181102361
21
1.1990202362204725
0
LINE
8
BLACK
6
CONTINUOUS
10
1.8948051181102361
20
1.1990202362204725
11
1.8970202362204724
21
1.1968051181102362
0
LINE
8
BLACK
6
CONTINUOUS
10
1.8970202362204724
20
1.1968051181102362
11
1.8985865354330709
21
1.1940922047244094
0
LINE
8
BLACK
6
CONTINUOUS
10
1.8985865354330709
20
1.1940922047244094
11
1.8993973228346457
21
1.1910662992125984
0
LINE
8
BLACK
6
CONTINUOUS
10
1.8993973228346457
20
1.1910662992125984
11
1.8995
21
1.1555
0
LINE
8
BLACK
6
CONTINUOUS
10
1.8995
20
1.1555
11
1.8993973228346457
21
1.1539337007874015
0
LINE
8
BLACK
6
CONTINUOUS
10
1.8993973228346457
20
1.1539337007874015
11
1.8985865354330709
21
1.1509077952755906
0
LINE
8
BLACK
6
CONTINUOUS
10
1.8985865354330709
20
1.1509077952755906
11
1.8970202362204724
21
1.1481948818897638
0
LINE
8
BLACK
6
CONTINUOUS
10
1.8970202362204724
20
1.1481948818897638
11
1.8948051181102361
21
1.1459797637795275
0
LINE
8
BLACK
6
CONTINUOUS
10
1.8948051181102361
20
1.1459797637795275
11
1.8920922047244093
21
1.1444134645669291
0
LINE
8
BLACK
6
CONTINUOUS
10
1.8920922047244093
20
1.1444134645669291
11
1.8890662992125984
21
1.1436026771653542
0
LINE
8
BLACK
6
CONTINUOUS
10
1.8890662992125984
20
1.1436026771653542
11
1.8859337007874015
21
1.1436026771653542
0
LINE
8
BLACK
6
CONTINUOUS
10
1.8859337007874015
20
1.1436026771653542
11
1.8829077952755906
21
1.1444134645669291
0
LINE
8
BLACK
6
CONTINUOUS
10
1.8829077952755906
20
1.1444134645669291
11
1.8801948818897638
21
1.1459797637795275
0
LINE
8
BLACK
6
CONTINUOUS
10
1.8801948818897638
20
1.1459797637795275
11
1.8779797637795275
21
1.1481948818897638
0
LINE
8
BLACK
6
CONTINUOUS
10
1.8779797637795275
20
1.1481948818897638
11
1.876413464566929
21
1.1509077952755906
0
LINE
8
BLACK
6
CONTINUOUS
10
1.876413464566929
20
1.1509077952755906
11
1.8756026771653542
21
1.1539337007874015
0
LINE
8
BLACK
6
CONTINUOUS
10
1.8756026771653542
20
1.1539337007874015
11
1.8754999999999999
21
1.1895
0
LINE
8
BLACK
6
CONTINUOUS
10
1.8754999999999999
20
1.1895
11
1.8756026771653542
21
1.1910662992125984
0
LINE
8
BLACK
6
CONTINUOUS
10
1.8756026771653542
20
1.1910662992125984
11
1.876413464566929
21
1.1940922047244094
0
LINE
8
BLACK
6
CONTINUOUS
10
1.876413464566929
20
1.1940922047244094
11
1.8779797637795275
21
1.1968051181102362
0
LINE
8
BLACK
6
CONTINUOUS
10
1.8779797637795275
20
1.1968051181102362
11
1.8801948818897638
21
1.1990202362204725
0
LINE
8
BLACK
6
CONTINUOUS
10
1.8801948818897638
20
1.1990202362204725
11
1.8829077952755906
21
1.2005865354330709
0
LINE
8
BLACK
6
CONTINUOUS
10
1.8829077952755906
20
1.2005865354330709
11
1.8859337007874015
21
1.2013973228346457
0
LINE
8
BLACK
6
CONTINUOUS
10
1.8859337007874015
20
1.2013973228346457
11
1.8890662992125984
21
1.2013973228346457
0
LINE
8
BLACK
6
CONTINUOUS
10
1.8890662992125984
20
1.2013973228346457
11
1.8920922047244093
21
1.2005865354330709
0
LINE
8
BLACK
6
CONTINUOUS
10
1.9420922047244094
20
1.2005865354330709
11
1.9448051181102362
21
1.1990202362204725
0
LINE
8
BLACK
6
CONTINUOUS
10
1.9448051181102362
20
1.1990202362204725
11
1.9470202362204725
21
1.1968051181102362
0
LINE
8
BLACK
6
CONTINUOUS
10
1.9470202362204725
20
1.1968051181102362
11
1.9485865354330709
21
1.1940922047244094
0
LINE
8
BLACK
6
CONTINUOUS
10
1.9485865354330709
20
1.1940922047244094
11
1.9493973228346457
21
1.1910662992125984
0
LINE
8
BLACK
6
CONTINUOUS
10
1.9493973228346457
20
1.1910662992125984
11
1.9495
21
1.1555
0
LINE
8
BLACK
6
CONTINUOUS
10
1.9495
20
1.1555
11
1.9493973228346457
21
1.1539337007874015
0
LINE
8
BLACK
6
CONTINUOUS
10
1.9493973228346457
20
1.1539337007874015
11
1.9485865354330709
21
1.1509077952755906
0
LINE
8
BLACK
6
CONTINUOUS
10
1.9485865354330709
20
1.1509077952755906
11
1.9470202362204725
21
1.1481948818897638
0
LINE
8
BLACK
6
CONTINUOUS
10
1.9470202362204725
20
1.1481948818897638
11
1.9448051181102362
21
1.1459797637795275
0
LINE
8
BLACK
6
CONTINUOUS
10
1.9448051181102362
20
1.1459797637795275
11
1.9420922047244094
21
1.1444134645669291
0
LINE
8
BLACK
6
CONTINUOUS
10
1.9420922047244094
20
1.1444134645669291
11
1.9390662992125984
21
1.1436026771653542
0
LINE
8
BLACK
6
CONTINUOUS
10
1.9390662992125984
20
1.1436026771653542
11
1.9359337007874016
21
1.1436026771653542
0
LINE
8
BLACK
6
CONTINUOUS
10
1.9359337007874016
20
1.1436026771653542
11
1.9329077952755904
21
1.1444134645669291
0
LINE
8
BLACK
6
CONTINUOUS
10
1.9329077952755904
20
1.1444134645669291
11
1.9301948818897636
21
1.1459797637795275
0
LINE
8
BLACK
6
CONTINUOUS
10
1.9301948818897636
20
1.1459797637795275
11
1.9279797637795275
21
1.1481948818897638
0
LINE
8
BLACK
6
CONTINUOUS
10
1.9279797637795275
20
1.1481948818897638
11
1.9264134645669291
21
1.1509077952755906
0
LINE
8
BLACK
6
CONTINUOUS
10
1.9264134645669291
20
1.1509077952755906
11
1.9256026771653543
21
1.1539337007874015
0
LINE
8
BLACK
6
CONTINUOUS
10
1.9256026771653543
20
1.1539337007874015
11
1.9255
21
1.1895
0
LINE
8
BLACK
6
CONTINUOUS
10
1.9255
20
1.1895
11
1.9256026771653543
21
1.1910662992125984
0
LINE
8
BLACK
6
CONTINUOUS
10
1.9256026771653543
20
1.1910662992125984
11
1.9264134645669291
21
1.1940922047244094
0
LINE
8
BLACK
6
CONTINUOUS
10
1.9264134645669291
20
1.1940922047244094
11
1.9279797637795275
21
1.1968051181102362
0
LINE
8
BLACK
6
CONTINUOUS
10
1.9279797637795275
20
1.1968051181102362
11
1.9301948818897636
21
1.1990202362204725
0
LINE
8
BLACK
6
CONTINUOUS
10
1.9301948818897636
20
1.1990202362204725
11
1.9329077952755904
21
1.2005865354330709
0
LINE
8
BLACK
6
CONTINUOUS
10
1.9329077952755904
20
1.2005865354330709
11
1.9359337007874016
21
1.2013973228346457
0
LINE
8
BLACK
6
CONTINUOUS
10
1.9359337007874016
20
1.2013973228346457
11
1.9390662992125984
21
1.2013973228346457
0
LINE
8
BLACK
6
CONTINUOUS
10
1.9390662992125984
20
1.2013973228346457
11
1.9420922047244094
21
1.2005865354330709
0
LINE
8
BLACK
6
CONTINUOUS
10
0.3775
20
1.1499999999999999
11
0.3225
21
1.1499999999999999
0
LINE
8
BLACK
6
CONTINUOUS
10
0.3225
20
1.1499999999999999
11
0.3225
21
1.1850000000000001
0
LINE
8
BLACK
6
CONTINUOUS
10
0.3225
20
1.1850000000000001
11
0.3775
21
1.1850000000000001
0
LINE
8
BLACK
6
CONTINUOUS
10
0.3775
20
1.1850000000000001
11
0.3775
21
1.1499999999999999
0
LINE
8
BLACK
6
CONTINUOUS
10
0.4486614173228347
20
1.151496062992126
11
0.4151968503937008
21
1.151496062992126
0
LINE
8
BLACK
6
CONTINUOUS
10
0.4151968503937008
20
1.151496062992126
11
0.4151968503937008
21
1.1652755905511811
0
LINE
8
BLACK
6
CONTINUOUS
10
0.4151968503937008
20
1.1652755905511811
11
0.4486614173228347
21
1.1652755905511811
0
LINE
8
BLACK
6
CONTINUOUS
10
0.4486614173228347
20
1.1652755905511811
11
0.4486614173228347
21
1.151496062992126
0
LINE
8
BLACK
6
CONTINUOUS
10
0.5648031496062992
20
1.151496062992126
11
0.5313385826771654
21
1.151496062992126
0
LINE
8
BLACK
6
CONTINUOUS
10
0.5313385826771654
20
1.151496062992126
11
0.5313385826771654
21
1.1652755905511811
0
LINE
8
BLACK
6
CONTINUOUS
10
0.5313385826771654
20
1.1652755905511811
11
0.5648031496062992
21
1.1652755905511811
0
LINE
8
BLACK
6
CONTINUOUS
10
0.5648031496062992
20
1.1652755905511811
11
0.5648031496062992
21
1.151496062992126
0
LINE
8
BLACK
6
CONTINUOUS
10
0.7232499999999999
20
1.1619999999999999
11
0.69175
21
1.1619999999999999
0
LINE
8
BLACK
6
CONTINUOUS
10
0.69175
20
1.1619999999999999
11
0.69175
21
1.2014
0
LINE
8
BLACK
6
CONTINUOUS
10
0.69175
20
1.2014
11
0.7232499999999999
21
1.2014
0
LINE
8
BLACK
6
CONTINUOUS
10
0.7232499999999999
20
1.2014
11
0.7232499999999999
21
1.1619999999999999
0
LINE
8
BLACK
6
CONTINUOUS
10
0.79825
20
1.1619999999999999
11
0.7667499999999999
21
1.1619999999999999
0
LINE
8
BLACK
6
CONTINUOUS
10
0.7667499999999999
20
1.1619999999999999
11
0.7667499999999999
21
1.2014
0
LINE
8
BLACK
6
CONTINUOUS
10
0.7667499999999999
20
1.2014
11
0.79825
21
1.2014
0
LINE
8
BLACK
6
CONTINUOUS
10
0.79825
20
1.2014
11
0.79825
21
1.1619999999999999
0
LINE
8
BLACK
6
CONTINUOUS
10
0.6475
20
1.165
11
0.5925
21
1.165
0
LINE
8
BLACK
6
CONTINUOUS
10
0.5925
20
1.165
11
0.5925
21
1.2
0
LINE
8
BLACK
6
CONTINUOUS
10
0.5925
20
1.2
11
0.6475
21
1.2
0
LINE
8
BLACK
6
CONTINUOUS
10
0.6475
20
1.2
11
0.6475
21
1.165
0
LINE
8
BLACK
6
CONTINUOUS
10
0.21
20
1.1675
11
0.175
21
1.1675
0
LINE
8
BLACK
6
CONTINUOUS
10
0.175
20
1.1675
11
0.175
21
1.2224999999999999
0
LINE
8
BLACK
6
CONTINUOUS
10
0.175
20
1.2224999999999999
11
0.21
21
1.2224999999999999
0
LINE
8
BLACK
6
CONTINUOUS
10
0.21
20
1.2224999999999999
11
0.21
21
1.1675
0
LINE
8
BLACK
6
CONTINUOUS
10
0.285
20
1.1675
11
0.25
21
1.1675
0
LINE
8
BLACK
6
CONTINUOUS
10
0.25
20
1.1675
11
0.25
21
1.2224999999999999
0
LINE
8
BLACK
6
CONTINUOUS
10
0.25
20
1.2224999999999999
11
0.285
21
1.2224999999999999
0
LINE
8
BLACK
6
CONTINUOUS
10
0.285
20
1.2224999999999999
11
0.285
21
1.1675
0
LINE
8
BLACK
6
CONTINUOUS
10
0.47
20
1.2124999999999999
11
0.435
21
1.2124999999999999
0
LINE
8
BLACK
6
CONTINUOUS
10
0.435
20
1.2124999999999999
11
0.435
21
1.2675000000000001
0
LINE
8
BLACK
6
CONTINUOUS
10
0.435
20
1.2675000000000001
11
0.47
21
1.2675000000000001
0
LINE
8
BLACK
6
CONTINUOUS
10
0.47
20
1.2675000000000001
11
0.47
21
1.2124999999999999
0
LINE
8
BLACK
6
CONTINUOUS
10
0.545
20
1.2124999999999999
11
0.51
21
1.2124999999999999
0
LINE
8
BLACK
6
CONTINUOUS
10
0.51
20
1.2124999999999999
11
0.51
21
1.2675000000000001
0
LINE
8
BLACK
6
CONTINUOUS
10
0.51
20
1.2675000000000001
11
0.545
21
1.2675000000000001
0
LINE
8
BLACK
6
CONTINUOUS
10
0.545
20
1.2675000000000001
11
0.545
21
1.2124999999999999
0
LINE
8
BLACK
6
CONTINUOUS
10
1.5179921259842519
20
1.2132677165354331
11
1.392007874015748
21
1.2132677165354331
0
LINE
8
BLACK
6
CONTINUOUS
10
1.392007874015748
20
1.2132677165354331
11
1.392007874015748
21
1.2526377952755905
0
LINE
8
BLACK
6
CONTINUOUS
10
1.392007874015748
20
1.2526377952755905
11
1.5179921259842519
21
1.2526377952755905
0
LINE
8
BLACK
6
CONTINUOUS
10
1.5179921259842519
20
1.2526377952755905
11
1.5179921259842519
21
1.2132677165354331
0
LINE
8
BLACK
6
CONTINUOUS
10
2.1499999999999999
20
1.2150000000000001
11
2.0949999999999998
21
1.2150000000000001
0
LINE
8
BLACK
6
CONTINUOUS
10
2.0949999999999998
20
1.2150000000000001
11
2.0949999999999998
21
1.25
0
LINE
8
BLACK
6
CONTINUOUS
10
2.0949999999999998
20
1.25
11
2.1499999999999999
21
1.25
0
LINE
8
BLACK
6
CONTINUOUS
10
2.1499999999999999
20
1.25
11
2.1499999999999999
21
1.2150000000000001
0
LINE
8
BLACK
6
CONTINUOUS
10
2.23
20
1.2150000000000001
11
2.1749999999999998
21
1.2150000000000001
0
LINE
8
BLACK
6
CONTINUOUS
10
2.1749999999999998
20
1.2150000000000001
11
2.1749999999999998
21
1.25
0
LINE
8
BLACK
6
CONTINUOUS
10
2.1749999999999998
20
1.25
11
2.23
21
1.25
0
LINE
8
BLACK
6
CONTINUOUS
10
2.23
20
1.25
11
2.23
21
1.2150000000000001
0
LINE
8
BLACK
6
CONTINUOUS
10
0.3775
20
1.2249999999999999
11
0.3225
21
1.2249999999999999
0
LINE
8
BLACK
6
CONTINUOUS
10
0.3225
20
1.2249999999999999
11
0.3225
21
1.26
0
LINE
8
BLACK
6
CONTINUOUS
10
0.3225
20
1.26
11
0.3775
21
1.26
0
LINE
8
BLACK
6
CONTINUOUS
10
0.3775
20
1.26
11
0.3775
21
1.2249999999999999
0
LINE
8
BLACK
6
CONTINUOUS
10
2.0474999999999999
20
1.2375
11
1.9924999999999999
21
1.2375
0
LINE
8
BLACK
6
CONTINUOUS
10
1.9924999999999999
20
1.2375
11
1.9924999999999999
21
1.2725
0
LINE
8
BLACK
6
CONTINUOUS
10
1.9924999999999999
20
1.2725
11
2.0474999999999999
21
1.2725
0
LINE
8
BLACK
6
CONTINUOUS
10
2.0474999999999999
20
1.2725
11
2.0474999999999999
21
1.2375
0
LINE
8
BLACK
6
CONTINUOUS
10
0.6475
20
1.24
11
0.5925
21
1.24
0
LINE
8
BLACK
6
CONTINUOUS
10
0.5925
20
1.24
11
0.5925
21
1.2749999999999999
0
LINE
8
BLACK
6
CONTINUOUS
10
0.5925
20
1.2749999999999999
11
0.6475
21
1.2749999999999999
0
LINE
8
BLACK
6
CONTINUOUS
10
0.6475
20
1.2749999999999999
11
0.6475
21
1.24
0
LINE
8
BLACK
6
CONTINUOUS
10
0.76075
20
1.2485999999999999
11
0.72925
21
1.2485999999999999
0
LINE
8
BLACK
6
CONTINUOUS
10
0.72925
20
1.2485999999999999
11
0.72925
21
1.288
0
LINE
8
BLACK
6
CONTINUOUS
10
0.72925
20
1.288
11
0.76075
21
1.288
0
LINE
8
BLACK
6
CONTINUOUS
10
0.76075
20
1.288
11
0.76075
21
1.2485999999999999
0
LINE
8
BLACK
6
CONTINUOUS
10
0.2825
20
1.28
11
0.2275
21
1.28
0
LINE
8
BLACK
6
CONTINUOUS
10
0.2275
20
1.28
11
0.2275
21
1.3149999999999999
0
LINE
8
BLACK
6
CONTINUOUS
10
0.2275
20
1.3149999999999999
11
0.2825
21
1.3149999999999999
0
LINE
8
BLACK
6
CONTINUOUS
10
0.2825
20
1.3149999999999999
11
0.2825
21
1.28
0
LINE
8
BLACK
6
CONTINUOUS
10
2.1499999999999999
20
1.29
11
2.0949999999999998
21
1.29
0
LINE
8
BLACK
6
CONTINUOUS
10
2.0949999999999998
20
1.29
11
2.0949999999999998
21
1.325
0
LINE
8
BLACK
6
CONTINUOUS
10
2.0949999999999998
20
1.325
11
2.1499999999999999
21
1.325
0
LINE
8
BLACK
6
CONTINUOUS
10
2.1499999999999999
20
1.325
11
2.1499999999999999
21
1.29
0
LINE
8
BLACK
6
CONTINUOUS
10
2.23
20
1.29
11
2.1749999999999998
21
1.29
0
LINE
8
BLACK
6
CONTINUOUS
10
2.1749999999999998
20
1.29
11
2.1749999999999998
21
1.325
0
LINE
8
BLACK
6
CONTINUOUS
10
2.1749999999999998
20
1.325
11
2.23
21
1.325
0
LINE
8
BLACK
6
CONTINUOUS
10
2.23
20
1.325
11
2.23
21
1.29
0
LINE
8
BLACK
6
CONTINUOUS
10
2.0474999999999999
20
1.3125
11
1.9924999999999999
21
1.3125
0
LINE
8
BLACK
6
CONTINUOUS
10
1.9924999999999999
20
1.3125
11
1.9924999999999999
21
1.3474999999999999
0
LINE
8
BLACK
6
CONTINUOUS
10
1.9924999999999999
20
1.3474999999999999
11
2.0474999999999999
21
1.3474999999999999
0
LINE
8
BLACK
6
CONTINUOUS
10
2.0474999999999999
20
1.3474999999999999
11
2.0474999999999999
21
1.3125
0
LINE
8
BLACK
6
CONTINUOUS
10
2.1524999999999999
20
1.3499999999999999
11
2.1175000000000002
21
1.3499999999999999
0
LINE
8
BLACK
6
CONTINUOUS
10
2.1175000000000002
20
1.3499999999999999
11
2.1175000000000002
21
1.405
0
LINE
8
BLACK
6
CONTINUOUS
10
2.1175000000000002
20
1.405
11
2.1524999999999999
21
1.405
0
LINE
8
BLACK
6
CONTINUOUS
10
2.1524999999999999
20
1.405
11
2.1524999999999999
21
1.3499999999999999
0
LINE
8
BLACK
6
CONTINUOUS
10
2.2275
20
1.3499999999999999
11
2.1924999999999999
21
1.3499999999999999
0
LINE
8
BLACK
6
CONTINUOUS
10
2.1924999999999999
20
1.3499999999999999
11
2.1924999999999999
21
1.405
0
LINE
8
BLACK
6
CONTINUOUS
10
2.1924999999999999
20
1.405
11
2.2275
21
1.405
0
LINE
8
BLACK
6
CONTINUOUS
10
2.2275
20
1.405
11
2.2275
21
1.3499999999999999
0
LINE
8
BLACK
6
CONTINUOUS
10
0.2825
20
1.355
11
0.2275
21
1.355
0
LINE
8
BLACK
6
CONTINUOUS
10
0.2275
20
1.355
11
0.2275
21
1.3899999999999999
0
LINE
8
BLACK
6
CONTINUOUS
10
0.2275
20
1.3899999999999999
11
0.2825
21
1.3899999999999999
0
LINE
8
BLACK
6
CONTINUOUS
10
0.2825
20
1.3899999999999999
11
0.2825
21
1.355
0
LINE
8
BLACK
6
CONTINUOUS
10
0.4309842519685039
20
1.355
11
0.2998818897637795
21
1.355
0
LINE
8
BLACK
6
CONTINUOUS
10
0.2998818897637795
20
1.355
11
0.2998818897637795
21
1.5049999999999999
0
LINE
8
BLACK
6
CONTINUOUS
10
0.2998818897637795
20
1.5049999999999999
11
0.4309842519685039
21
1.5049999999999999
0
LINE
8
BLACK
6
CONTINUOUS
10
0.4309842519685039
20
1.5049999999999999
11
0.4309842519685039
21
1.355
0
LINE
8
BLACK
6
CONTINUOUS
10
0.6601181102362205
20
1.355
11
0.5290157480314961
21
1.355
0
LINE
8
BLACK
6
CONTINUOUS
10
0.5290157480314961
20
1.355
11
0.5290157480314961
21
1.5049999999999999
0
LINE
8
BLACK
6
CONTINUOUS
10
0.5290157480314961
20
1.5049999999999999
11
0.6601181102362205
21
1.5049999999999999
0
LINE
8
BLACK
6
CONTINUOUS
10
0.6601181102362205
20
1.5049999999999999
11
0.6601181102362205
21
1.355
0
LINE
8
BLACK
6
CONTINUOUS
10
1.7920922047244094
20
1.4205865354330709
11
1.7948051181102362
21
1.4190202362204725
0
LINE
8
BLACK
6
CONTINUOUS
10
1.7948051181102362
20
1.4190202362204725
11
1.7970202362204724
21
1.4168051181102361
0
LINE
8
BLACK
6
CONTINUOUS
10
1.7970202362204724
20
1.4168051181102361
11
1.7985865354330708
21
1.4140922047244093
0
LINE
8
BLACK
6
CONTINUOUS
10
1.7985865354330708
20
1.4140922047244093
11
1.7993973228346456
21
1.4110662992125984
0
LINE
8
BLACK
6
CONTINUOUS
10
1.7993973228346456
20
1.4110662992125984
11
1.7994999999999999
21
1.3754999999999999
0
LINE
8
BLACK
6
CONTINUOUS
10
1.7994999999999999
20
1.3754999999999999
11
1.7993973228346456
21
1.3739337007874015
0
LINE
8
BLACK
6
CONTINUOUS
10
1.7993973228346456
20
1.3739337007874015
11
1.7985865354330708
21
1.3709077952755906
0
LINE
8
BLACK
6
CONTINUOUS
10
1.7985865354330708
20
1.3709077952755906
11
1.7970202362204724
21
1.3681948818897638
0
LINE
8
BLACK
6
CONTINUOUS
10
1.7970202362204724
20
1.3681948818897638
11
1.7948051181102362
21
1.3659797637795275
0
LINE
8
BLACK
6
CONTINUOUS
10
1.7948051181102362
20
1.3659797637795275
11
1.7920922047244094
21
1.364413464566929
0
LINE
8
BLACK
6
CONTINUOUS
10
1.7920922047244094
20
1.364413464566929
11
1.7890662992125983
21
1.3636026771653542
0
LINE
8
BLACK
6
CONTINUOUS
10
1.7890662992125983
20
1.3636026771653542
11
1.7859337007874014
21
1.3636026771653542
0
LINE
8
BLACK
6
CONTINUOUS
10
1.7859337007874014
20
1.3636026771653542
11
1.7829077952755905
21
1.364413464566929
0
LINE
8
BLACK
6
CONTINUOUS
10
1.7829077952755905
20
1.364413464566929
11
1.7801948818897637
21
1.3659797637795275
0
LINE
8
BLACK
6
CONTINUOUS
10
1.7801948818897637
20
1.3659797637795275
11
1.7779797637795276
21
1.3681948818897638
0
LINE
8
BLACK
6
CONTINUOUS
10
1.7779797637795276
20
1.3681948818897638
11
1.7764134645669292
21
1.3709077952755906
0
LINE
8
BLACK
6
CONTINUOUS
10
1.7764134645669292
20
1.3709077952755906
11
1.7756026771653544
21
1.3739337007874015
0
LINE
8
BLACK
6
CONTINUOUS
10
1.7756026771653544
20
1.3739337007874015
11
1.7754999999999999
21
1.4095
0
LINE
8
BLACK
6
CONTINUOUS
10
1.7754999999999999
20
1.4095
11
1.7756026771653544
21
1.4110662992125984
0
LINE
8
BLACK
6
CONTINUOUS
10
1.7756026771653544
20
1.4110662992125984
11
1.7764134645669292
21
1.4140922047244093
0
LINE
8
BLACK
6
CONTINUOUS
10
1.7764134645669292
20
1.4140922047244093
11
1.7779797637795276
21
1.4168051181102361
0
LINE
8
BLACK
6
CONTINUOUS
10
1.7779797637795276
20
1.4168051181102361
11
1.7801948818897637
21
1.4190202362204725
0
LINE
8
BLACK
6
CONTINUOUS
10
1.7801948818897637
20
1.4190202362204725
11
1.7829077952755905
21
1.4205865354330709
0
LINE
8
BLACK
6
CONTINUOUS
10
1.7829077952755905
20
1.4205865354330709
11
1.7859337007874014
21
1.4213973228346457
0
LINE
8
BLACK
6
CONTINUOUS
10
1.7859337007874014
20
1.4213973228346457
11
1.7890662992125983
21
1.4213973228346457
0
LINE
8
BLACK
6
CONTINUOUS
10
1.7890662992125983
20
1.4213973228346457
11
1.7920922047244094
21
1.4205865354330709
0
LINE
8
BLACK
6
CONTINUOUS
10
1.8420922047244095
20
1.4205865354330709
11
1.8448051181102363
21
1.4190202362204725
0
LINE
8
BLACK
6
CONTINUOUS
10
1.8448051181102363
20
1.4190202362204725
11
1.8470202362204724
21
1.4168051181102361
0
LINE
8
BLACK
6
CONTINUOUS
10
1.8470202362204724
20
1.4168051181102361
11
1.8485865354330708
21
1.4140922047244093
0
LINE
8
BLACK
6
CONTINUOUS
10
1.8485865354330708
20
1.4140922047244093
11
1.8493973228346456
21
1.4110662992125984
0
LINE
8
BLACK
6
CONTINUOUS
10
1.8493973228346456
20
1.4110662992125984
11
1.8494999999999999
21
1.3754999999999999
0
LINE
8
BLACK
6
CONTINUOUS
10
1.8494999999999999
20
1.3754999999999999
11
1.8493973228346456
21
1.3739337007874015
0
LINE
8
BLACK
6
CONTINUOUS
10
1.8493973228346456
20
1.3739337007874015
11
1.8485865354330708
21
1.3709077952755906
0
LINE
8
BLACK
6
CONTINUOUS
10
1.8485865354330708
20
1.3709077952755906
11
1.8470202362204724
21
1.3681948818897638
0
LINE
8
BLACK
6
CONTINUOUS
10
1.8470202362204724
20
1.3681948818897638
11
1.8448051181102363
21
1.3659797637795275
0
LINE
8
BLACK
6
CONTINUOUS
10
1.8448051181102363
20
1.3659797637795275
11
1.8420922047244095
21
1.364413464566929
0
LINE
8
BLACK
6
CONTINUOUS
10
1.8420922047244095
20
1.364413464566929
11
1.8390662992125983
21
1.3636026771653542
0
LINE
8
BLACK
6
CONTINUOUS
10
1.8390662992125983
20
1.3636026771653542
11
1.8359337007874015
21
1.3636026771653542
0
LINE
8
BLACK
6
CONTINUOUS
10
1.8359337007874015
20
1.3636026771653542
11
1.8329077952755906
21
1.364413464566929
0
LINE
8
BLACK
6
CONTINUOUS
10
1.8329077952755906
20
1.364413464566929
11
1.8301948818897638
21
1.3659797637795275
0
LINE
8
BLACK
6
CONTINUOUS
10
1.8301948818897638
20
1.3659797637795275
11
1.8279797637795274
21
1.3681948818897638
0
LINE
8
BLACK
6
CONTINUOUS
10
1.8279797637795274
20
1.3681948818897638
11
1.826413464566929
21
1.3709077952755906
0
LINE
8
BLACK
6
CONTINUOUS
10
1.826413464566929
20
1.3709077952755906
11
1.8256026771653542
21
1.3739337007874015
0
LINE
8
BLACK
6
CONTINUOUS
10
1.8256026771653542
20
1.3739337007874015
11
1.8254999999999999
21
1.4095
0
LINE
8
BLACK
6
CONTINUOUS
10
1.8254999999999999
20
1.4095
11
1.8256026771653542
21
1.4110662992125984
0
LINE
8
BLACK
6
CONTINUOUS
10
1.8256026771653542
20
1.4110662992125984
11
1.826413464566929
21
1.4140922047244093
0
LINE
8
BLACK
6
CONTINUOUS
10
1.826413464566929
20
1.4140922047244093
11
1.8279797637795274
21
1.4168051181102361
0
LINE
8
BLACK
6
CONTINUOUS
10
1.8279797637795274
20
1.4168051181102361
11
1.8301948818897638
21
1.4190202362204725
0
LINE
8
BLACK
6
CONTINUOUS
10
1.8301948818897638
20
1.4190202362204725
11
1.8329077952755906
21
1.4205865354330709
0
LINE
8
BLACK
6
CONTINUOUS
10
1.8329077952755906
20
1.4205865354330709
11
1.8359337007874015
21
1.4213973228346457
0
LINE
8
BLACK
6
CONTINUOUS
10
1.8359337007874015
20
1.4213973228346457
11
1.8390662992125983
21
1.4213973228346457
0
LINE
8
BLACK
6
CONTINUOUS
10
1.8390662992125983
20
1.4213973228346457
11
1.8420922047244095
21
1.4205865354330709
0
LINE
8
BLACK
6
CONTINUOUS
10
1.8920922047244093
20
1.4205865354330709
11
1.8948051181102361
21
1.4190202362204725
0
LINE
8
BLACK
6
CONTINUOUS
10
1.8948051181102361
20
1.4190202362204725
11
1.8970202362204724
21
1.4168051181102361
0
LINE
8
BLACK
6
CONTINUOUS
10
1.8970202362204724
20
1.4168051181102361
11
1.8985865354330709
21
1.4140922047244093
0
LINE
8
BLACK
6
CONTINUOUS
10
1.8985865354330709
20
1.4140922047244093
11
1.8993973228346457
21
1.4110662992125984
0
LINE
8
BLACK
6
CONTINUOUS
10
1.8993973228346457
20
1.4110662992125984
11
1.8995
21
1.3754999999999999
0
LINE
8
BLACK
6
CONTINUOUS
10
1.8995
20
1.3754999999999999
11
1.8993973228346457
21
1.3739337007874015
0
LINE
8
BLACK
6
CONTINUOUS
10
1.8993973228346457
20
1.3739337007874015
11
1.8985865354330709
21
1.3709077952755906
0
LINE
8
BLACK
6
CONTINUOUS
10
1.8985865354330709
20
1.3709077952755906
11
1.8970202362204724
21
1.3681948818897638
0
LINE
8
BLACK
6
CONTINUOUS
10
1.8970202362204724
20
1.3681948818897638
11
1.8948051181102361
21
1.3659797637795275
0
LINE
8
BLACK
6
CONTINUOUS
10
1.8948051181102361
20
1.3659797637795275
11
1.8920922047244093
21
1.364413464566929
0
LINE
8
BLACK
6
CONTINUOUS
10
1.8920922047244093
20
1.364413464566929
11
1.8890662992125984
21
1.3636026771653542
0
LINE
8
BLACK
6
CONTINUOUS
10
1.8890662992125984
20
1.3636026771653542
11
1.8859337007874015
21
1.3636026771653542
0
LINE
8
BLACK
6
CONTINUOUS
10
1.8859337007874015
20
1.3636026771653542
11
1.8829077952755906
21
1.364413464566929
0
LINE
8
BLACK
6
CONTINUOUS
10
1.8829077952755906
20
1.364413464566929
11
1.8801948818897638
21
1.3659797637795275
0
LINE
8
BLACK
6
CONTINUOUS
10
1.8801948818897638
20
1.3659797637795275
11
1.8779797637795275
21
1.3681948818897638
0
LINE
8
BLACK
6
CONTINUOUS
10
1.8779797637795275
20
1.3681948818897638
11
1.876413464566929
21
1.3709077952755906
0
LINE
8
BLACK
6
CONTINUOUS
10
1.876413464566929
20
1.3709077952755906
11
1.8756026771653542
21
1.3739337007874015
0
LINE
8
BLACK
6
CONTINUOUS
10
1.8756026771653542
20
1.3739337007874015
11
1.8754999999999999
21
1.4095
0
LINE
8
BLACK
6
CONTINUOUS
10
1.8754999999999999
20
1.4095
11
1.8756026771653542
21
1.4110662992125984
0
LINE
8
BLACK
6
CONTINUOUS
10
1.8756026771653542
20
1.4110662992125984
11
1.876413464566929
21
1.4140922047244093
0
LINE
8
BLACK
6
CONTINUOUS
10
1.876413464566929
20
1.4140922047244093
11
1.8779797637795275
21
1.4168051181102361
0
LINE
8
BLACK
6
CONTINUOUS
10
1.8779797637795275
20
1.4168051181102361
11
1.8801948818897638
21
1.4190202362204725
0
LINE
8
BLACK
6
CONTINUOUS
10
1.8801948818897638
20
1.4190202362204725
11
1.8829077952755906
21
1.4205865354330709
0
LINE
8
BLACK
6
CONTINUOUS
10
1.8829077952755906
20
1.4205865354330709
11
1.8859337007874015
21
1.4213973228346457
0
LINE
8
BLACK
6
CONTINUOUS
10
1.8859337007874015
20
1.4213973228346457
11
1.8890662992125984
21
1.4213973228346457
0
LINE
8
BLACK
6
CONTINUOUS
10
1.8890662992125984
20
1.4213973228346457
11
1.8920922047244093
21
1.4205865354330709
0
LINE
8
BLACK
6
CONTINUOUS
10
1.9420922047244094
20
1.4205865354330709
11
1.9448051181102362
21
1.4190202362204725
0
LINE
8
BLACK
6
CONTINUOUS
10
1.9448051181102362
20
1.4190202362204725
11
1.9470202362204725
21
1.4168051181102361
0
LINE
8
BLACK
6
CONTINUOUS
10
1.9470202362204725
20
1.4168051181102361
11
1.9485865354330709
21
1.4140922047244093
0
LINE
8
BLACK
6
CONTINUOUS
10
1.9485865354330709
20
1.4140922047244093
11
1.9493973228346457
21
1.4110662992125984
0
LINE
8
BLACK
6
CONTINUOUS
10
1.9493973228346457
20
1.4110662992125984
11
1.9495
21
1.3754999999999999
0
LINE
8
BLACK
6
CONTINUOUS
10
1.9495
20
1.3754999999999999
11
1.9493973228346457
21
1.3739337007874015
0
LINE
8
BLACK
6
CONTINUOUS
10
1.9493973228346457
20
1.3739337007874015
11
1.9485865354330709
21
1.3709077952755906
0
LINE
8
BLACK
6
CONTINUOUS
10
1.9485865354330709
20
1.3709077952755906
11
1.9470202362204725
21
1.3681948818897638
0
LINE
8
BLACK
6
CONTINUOUS
10
1.9470202362204725
20
1.3681948818897638
11
1.9448051181102362
21
1.3659797637795275
0
LINE
8
BLACK
6
CONTINUOUS
10
1.9448051181102362
20
1.3659797637795275
11
1.9420922047244094
21
1.364413464566929
0
LINE
8
BLACK
6
CONTINUOUS
10
1.9420922047244094
20
1.364413464566929
11
1.9390662992125984
21
1.3636026771653542
0
LINE
8
BLACK
6
CONTINUOUS
10
1.9390662992125984
20
1.3636026771653542
11
1.9359337007874016
21
1.3636026771653542
0
LINE
8
BLACK
6
CONTINUOUS
10
1.9359337007874016
20
1.3636026771653542
11
1.9329077952755904
21
1.364413464566929
0
LINE
8
BLACK
6
CONTINUOUS
10
1.9329077952755904
20
1.364413464566929
11
1.9301948818897636
21
1.3659797637795275
0
LINE
8
BLACK
6
CONTINUOUS
10
1.9301948818897636
20
1.3659797637795275
11
1.9279797637795275
21
1.3681948818897638
0
LINE
8
BLACK
6
CONTINUOUS
10
1.9279797637795275
20
1.3681948818897638
11
1.9264134645669291
21
1.3709077952755906
0
LINE
8
BLACK
6
CONTINUOUS
10
1.9264134645669291
20
1.3709077952755906
11
1.9256026771653543
21
1.3739337007874015
0
LINE
8
BLACK
6
CONTINUOUS
10
1.9256026771653543
20
1.3739337007874015
11
1.9255
21
1.4095
0
LINE
8
BLACK
6
CONTINUOUS
10
1.9255
20
1.4095
11
1.9256026771653543
21
1.4110662992125984
0
LINE
8
BLACK
6
CONTINUOUS
10
1.9256026771653543
20
1.4110662992125984
11
1.9264134645669291
21
1.4140922047244093
0
LINE
8
BLACK
6
CONTINUOUS
10
1.9264134645669291
20
1.4140922047244093
11
1.9279797637795275
21
1.4168051181102361
0
LINE
8
BLACK
6
CONTINUOUS
10
1.9279797637795275
20
1.4168051181102361
11
1.9301948818897636
21
1.4190202362204725
0
LINE
8
BLACK
6
CONTINUOUS
10
1.9301948818897636
20
1.4190202362204725
11
1.9329077952755904
21
1.4205865354330709
0
LINE
8
BLACK
6
CONTINUOUS
10
1.9329077952755904
20
1.4205865354330709
11
1.9359337007874016
21
1.4213973228346457
0
LINE
8
BLACK
6
CONTINUOUS
10
1.9359337007874016
20
1.4213973228346457
11
1.9390662992125984
21
1.4213973228346457
0
LINE
8
BLACK
6
CONTINUOUS
10
1.9390662992125984
20
1.4213973228346457
11
1.9420922047244094
21
1.4205865354330709
0
LINE
8
BLACK
6
CONTINUOUS
10
2.0474999999999999
20
1.3674999999999999
11
1.9924999999999999
21
1.3674999999999999
0
LINE
8
BLACK
6
CONTINUOUS
10
1.9924999999999999
20
1.3674999999999999
11
1.9924999999999999
21
1.4024999999999999
0
LINE
8
BLACK
6
CONTINUOUS
10
1.9924999999999999
20
1.4024999999999999
11
2.0474999999999999
21
1.4024999999999999
0
LINE
8
BLACK
6
CONTINUOUS
10
2.0474999999999999
20
1.4024999999999999
11
2.0474999999999999
21
1.3674999999999999
0
LINE
8
BLACK
6
CONTINUOUS
10
0.76545
20
1.3720999999999999
11
0.69455
21
1.3720999999999999
0
LINE
8
BLACK
6
CONTINUOUS
10
0.69455
20
1.3720999999999999
11
0.69455
21
1.4704999999999999
0
LINE
8
BLACK
6
CONTINUOUS
10
0.69455
20
1.4704999999999999
11
0.76545
21
1.4704999999999999
0
LINE
8
BLACK
6
CONTINUOUS
10
0.76545
20
1.4704999999999999
11
0.76545
21
1.3720999999999999
0
LINE
8
BLACK
6
CONTINUOUS
10
2.2050000000000001
20
1.425
11
2.1699999999999999
21
1.425
0
LINE
8
BLACK
6
CONTINUOUS
10
2.1699999999999999
20
1.425
11
2.1699999999999999
21
1.48
0
LINE
8
BLACK
6
CONTINUOUS
10
2.1699999999999999
20
1.48
11
2.2050000000000001
21
1.48
0
LINE
8
BLACK
6
CONTINUOUS
10
2.2050000000000001
20
1.48
11
2.2050000000000001
21
1.425
0
LINE
8
BLACK
6
CONTINUOUS
10
2.2799999999999998
20
1.425
11
2.2450000000000001
21
1.425
0
LINE
8
BLACK
6
CONTINUOUS
10
2.2450000000000001
20
1.425
11
2.2450000000000001
21
1.48
0
LINE
8
BLACK
6
CONTINUOUS
10
2.2450000000000001
20
1.48
11
2.2799999999999998
21
1.48
0
LINE
8
BLACK
6
CONTINUOUS
10
2.2799999999999998
20
1.48
11
2.2799999999999998
21
1.425
0
LINE
8
BLACK
6
CONTINUOUS
10
2.0474999999999999
20
1.4424999999999999
11
1.9924999999999999
21
1.4424999999999999
0
LINE
8
BLACK
6
CONTINUOUS
10
1.9924999999999999
20
1.4424999999999999
11
1.9924999999999999
21
1.4775
0
LINE
8
BLACK
6
CONTINUOUS
10
1.9924999999999999
20
1.4775
11
2.0474999999999999
21
1.4775
0
LINE
8
BLACK
6
CONTINUOUS
10
2.0474999999999999
20
1.4775
11
2.0474999999999999
21
1.4424999999999999
0
LINE
8
BLACK
6
CONTINUOUS
10
1.8774999999999999
20
1.4450000000000001
11
1.8225
21
1.4450000000000001
0
LINE
8
BLACK
6
CONTINUOUS
10
1.8225
20
1.4450000000000001
11
1.8225
21
1.48
0
LINE
8
BLACK
6
CONTINUOUS
10
1.8225
20
1.48
11
1.8774999999999999
21
1.48
0
LINE
8
BLACK
6
CONTINUOUS
10
1.8774999999999999
20
1.48
11
1.8774999999999999
21
1.4450000000000001
0
LINE
8
BLACK
6
CONTINUOUS
10
1.5179921259842519
20
1.4573622047244095
11
1.392007874015748
21
1.4573622047244095
0
LINE
8
BLACK
6
CONTINUOUS
10
1.392007874015748
20
1.4573622047244095
11
1.392007874015748
21
1.4967322834645669
0
LINE
8
BLACK
6
CONTINUOUS
10
1.392007874015748
20
1.4967322834645669
11
1.5179921259842519
21
1.4967322834645669
0
LINE
8
BLACK
6
CONTINUOUS
10
1.5179921259842519
20
1.4967322834645669
11
1.5179921259842519
21
1.4573622047244095
0
LINE
8
BLACK
6
CONTINUOUS
10
1.1932677165354331
20
1.4727952755905511
11
0.9767322834645669
21
1.4727952755905511
0
LINE
8
BLACK
6
CONTINUOUS
10
0.9767322834645669
20
1.4727952755905511
11
0.9767322834645669
21
1.5909055118110236
0
LINE
8
BLACK
6
CONTINUOUS
10
0.9767322834645669
20
1.5909055118110236
11
1.1932677165354331
21
1.5909055118110236
0
LINE
8
BLACK
6
CONTINUOUS
10
1.1932677165354331
20
1.5909055118110236
11
1.1932677165354331
21
1.4727952755905511
0
LINE
8
BLACK
6
CONTINUOUS
10
2.0417000000000001
20
1.5128999999999999
11
1.9433
21
1.5128999999999999
0
LINE
8
BLACK
6
CONTINUOUS
10
1.9433
20
1.5128999999999999
11
1.9433
21
1.6133
0
LINE
8
BLACK
6
CONTINUOUS
10
1.9433
20
1.6133
11
2.0417000000000001
21
1.6133
0
LINE
8
BLACK
6
CONTINUOUS
10
2.0417000000000001
20
1.6133
11
2.0417000000000001
21
1.5128999999999999
0
LINE
8
BLACK
6
CONTINUOUS
10
0.2490748031496063
20
1.5161811023622047
11
0.0915944881889764
21
1.5161811023622047
0
LINE
8
BLACK
6
CONTINUOUS
10
0.0915944881889764
20
1.5161811023622047
11
0.0915944881889764
21
1.6736614173228346
0
LINE
8
BLACK
6
CONTINUOUS
10
0.0915944881889764
20
1.6736614173228346
11
0.2490748031496063
21
1.6736614173228346
0
LINE
8
BLACK
6
CONTINUOUS
10
0.2490748031496063
20
1.6736614173228346
11
0.2490748031496063
21
1.5161811023622047
0
LINE
8
BLACK
6
CONTINUOUS
10
3.1034055118110238
20
1.5161811023622047
11
2.9459251968503937
21
1.5161811023622047
0
LINE
8
BLACK
6
CONTINUOUS
10
2.9459251968503937
20
1.5161811023622047
11
2.9459251968503937
21
1.6736614173228346
0
LINE
8
BLACK
6
CONTINUOUS
10
2.9459251968503937
20
1.6736614173228346
11
3.1034055118110238
21
1.6736614173228346
0
LINE
8
BLACK
6
CONTINUOUS
10
3.1034055118110238
20
1.6736614173228346
11
3.1034055118110238
21
1.5161811023622047
0
LINE
8
BLACK
6
CONTINUOUS
10
1.8774999999999999
20
1.52
11
1.8225
21
1.52
0
LINE
8
BLACK
6
CONTINUOUS
10
1.8225
20
1.52
11
1.8225
21
1.5549999999999999
0
LINE
8
BLACK
6
CONTINUOUS
10
1.8225
20
1.5549999999999999
11
1.8774999999999999
21
1.5549999999999999
0
LINE
8
BLACK
6
CONTINUOUS
10
1.8774999999999999
20
1.5549999999999999
11
1.8774999999999999
21
1.52
0
LINE
8
BLACK
6
CONTINUOUS
10
0.76545
20
1.5294999999999999
11
0.69455
21
1.5294999999999999
0
LINE
8
BLACK
6
CONTINUOUS
10
0.69455
20
1.5294999999999999
11
0.69455
21
1.6278999999999999
0
LINE
8
BLACK
6
CONTINUOUS
10
0.69455
20
1.6278999999999999
11
0.76545
21
1.6278999999999999
0
LINE
8
BLACK
6
CONTINUOUS
10
0.76545
20
1.6278999999999999
11
0.76545
21
1.5294999999999999
0
LINE
8
BLACK
6
CONTINUOUS
10
1.520984251968504
20
1.585
11
1.3898818897637795
21
1.585
0
LINE
8
BLACK
6
CONTINUOUS
10
1.3898818897637795
20
1.585
11
1.3898818897637795
21
1.7349999999999999
0
LINE
8
BLACK
6
CONTINUOUS
10
1.3898818897637795
20
1.7349999999999999
11
1.520984251968504
21
1.7349999999999999
0
LINE
8
BLACK
6
CONTINUOUS
10
1.520984251968504
20
1.7349999999999999
11
1.520984251968504
21
1.585
0
LINE
8
BLACK
6
CONTINUOUS
10
1.7501181102362204
20
1.585
11
1.6190157480314959
21
1.585
0
LINE
8
BLACK
6
CONTINUOUS
10
1.6190157480314959
20
1.585
11
1.6190157480314959
21
1.7349999999999999
0
LINE
8
BLACK
6
CONTINUOUS
10
1.6190157480314959
20
1.7349999999999999
11
1.7501181102362204
21
1.7349999999999999
0
LINE
8
BLACK
6
CONTINUOUS
10
1.7501181102362204
20
1.7349999999999999
11
1.7501181102362204
21
1.585
0
LINE
8
BLACK
6
CONTINUOUS
10
1.040984251968504
20
1.6156692913385826
11
1.0299606299212598
21
1.6156692913385826
0
LINE
8
BLACK
6
CONTINUOUS
10
1.0299606299212598
20
1.6156692913385826
11
1.0299606299212598
21
1.6491338582677164
0
LINE
8
BLACK
6
CONTINUOUS
10
1.0299606299212598
20
1.6491338582677164
11
1.040984251968504
21
1.6491338582677164
0
LINE
8
BLACK
6
CONTINUOUS
10
1.040984251968504
20
1.6491338582677164
11
1.040984251968504
21
1.6156692913385826
0
LINE
8
BLACK
6
CONTINUOUS
10
1.1000393700787401
20
1.6156692913385826
11
1.0890157480314961
21
1.6156692913385826
0
LINE
8
BLACK
6
CONTINUOUS
10
1.0890157480314961
20
1.6156692913385826
11
1.0890157480314961
21
1.6491338582677164
0
LINE
8
BLACK
6
CONTINUOUS
10
1.0890157480314961
20
1.6491338582677164
11
1.1000393700787401
21
1.6491338582677164
0
LINE
8
BLACK
6
CONTINUOUS
10
1.1000393700787401
20
1.6491338582677164
11
1.1000393700787401
21
1.6156692913385826
0
LINE
8
BLACK
6
CONTINUOUS
10
1.0587007874015748
20
1.7977559055118111
11
1.0712992125984251
21
1.7977559055118111
0
LINE
8
BLACK
6
CONTINUOUS
10
1.0712992125984251
20
1.7977559055118111
11
1.0712992125984251
21
1.8238385826771653
0
LINE
8
BLACK
6
CONTINUOUS
10
1.0712992125984251
20
1.8238385826771653
11
1.0823228346456693
21
1.8238385826771653
0
LINE
8
BLACK
6
CONTINUOUS
10
1.0823228346456693
20
1.8238385826771653
11
1.0823228346456693
21
1.78003937007874
0
LINE
8
BLACK
6
CONTINUOUS
10
1.0823228346456693
20
1.78003937007874
11
1.1053543307086613
21
1.78003937007874
0
LINE
8
BLACK
6
CONTINUOUS
10
1.1053543307086613
20
1.78003937007874
11
1.1053543307086613
21
1.6599606299212597
0
LINE
8
BLACK
6
CONTINUOUS
10
1.1053543307086613
20
1.6599606299212597
11
1.0823228346456693
21
1.6599606299212597
0
LINE
8
BLACK
6
CONTINUOUS
10
1.0823228346456693
20
1.6599606299212597
11
1.0823228346456693
21
1.6161614173228347
0
LINE
8
BLACK
6
CONTINUOUS
10
1.0823228346456693
20
1.6161614173228347
11
1.0712992125984251
21
1.6161614173228347
0
LINE
8
BLACK
6
CONTINUOUS
10
1.0712992125984251
20
1.6161614173228347
11
1.0712992125984251
21
1.6422440944881889
0
LINE
8
BLACK
6
CONTINUOUS
10
1.0712992125984251
20
1.6422440944881889
11
1.0587007874015748
21
1.6422440944881889
0
LINE
8
BLACK
6
CONTINUOUS
10
1.0587007874015748
20
1.6422440944881889
11
1.0587007874015748
21
1.6161614173228347
0
LINE
8
BLACK
6
CONTINUOUS
10
1.0587007874015748
20
1.6161614173228347
11
1.0476771653543306
21
1.6161614173228347
0
LINE
8
BLACK
6
CONTINUOUS
10
1.0476771653543306
20
1.6161614173228347
11
1.0476771653543306
21
1.6599606299212597
0
LINE
8
BLACK
6
CONTINUOUS
10
1.0476771653543306
20
1.6599606299212597
11
1.0246456692913386
21
1.6599606299212597
0
LINE
8
BLACK
6
CONTINUOUS
10
1.0246456692913386
20
1.6599606299212597
11
1.0246456692913386
21
1.78003937007874
0
LINE
8
BLACK
6
CONTINUOUS
10
1.0246456692913386
20
1.78003937007874
11
1.0476771653543306
21
1.78003937007874
0
LINE
8
BLACK
6
CONTINUOUS
10
1.0476771653543306
20
1.78003937007874
11
1.0476771653543306
21
1.8238385826771653
0
LINE
8
BLACK
6
CONTINUOUS
10
1.0476771653543306
20
1.8238385826771653
11
1.0587007874015748
21
1.8238385826771653
0
LINE
8
BLACK
6
CONTINUOUS
10
1.0587007874015748
20
1.8238385826771653
11
1.0587007874015748
21
1.7977559055118111
0
LINE
8
BLACK
6
CONTINUOUS
10
0.8225
20
1.645
11
0.7675
21
1.645
0
LINE
8
BLACK
6
CONTINUOUS
10
0.7675
20
1.645
11
0.7675
21
1.6799999999999999
0
LINE
8
BLACK
6
CONTINUOUS
10
0.7675
20
1.6799999999999999
11
0.8225
21
1.6799999999999999
0
LINE
8
BLACK
6
CONTINUOUS
10
0.8225
20
1.6799999999999999
11
0.8225
21
1.645
0
LINE
8
BLACK
6
CONTINUOUS
10
0.8885
20
1.645
11
0.8335
21
1.645
0
LINE
8
BLACK
6
CONTINUOUS
10
0.8335
20
1.645
11
0.8335
21
1.6799999999999999
0
LINE
8
BLACK
6
CONTINUOUS
10
0.8335
20
1.6799999999999999
11
0.8885
21
1.6799999999999999
0
LINE
8
BLACK
6
CONTINUOUS
10
0.8885
20
1.6799999999999999
11
0.8885
21
1.645
0
LINE
8
BLACK
6
CONTINUOUS
10
1.0138188976377953
20
1.6455905511811024
11
0.9803543307086614
21
1.6455905511811024
0
LINE
8
BLACK
6
CONTINUOUS
10
0.9803543307086614
20
1.6455905511811024
11
0.9803543307086614
21
1.6566141732283464
0
LINE
8
BLACK
6
CONTINUOUS
10
0.9803543307086614
20
1.6566141732283464
11
1.0138188976377953
21
1.6566141732283464
0
LINE
8
BLACK
6
CONTINUOUS
10
1.0138188976377953
20
1.6566141732283464
11
1.0138188976377953
21
1.6455905511811024
0
LINE
8
BLACK
6
CONTINUOUS
10
1.1496456692913386
20
1.6455905511811024
11
1.1161811023622048
21
1.6455905511811024
0
LINE
8
BLACK
6
CONTINUOUS
10
1.1161811023622048
20
1.6455905511811024
11
1.1161811023622048
21
1.6566141732283464
0
LINE
8
BLACK
6
CONTINUOUS
10
1.1161811023622048
20
1.6566141732283464
11
1.1496456692913386
21
1.6566141732283464
0
LINE
8
BLACK
6
CONTINUOUS
10
1.1496456692913386
20
1.6566141732283464
11
1.1496456692913386
21
1.6455905511811024
0
LINE
8
BLACK
6
CONTINUOUS
10
1.0138188976377953
20
1.6652755905511811
11
0.9803543307086614
21
1.6652755905511811
0
LINE
8
BLACK
6
CONTINUOUS
10
0.9803543307086614
20
1.6652755905511811
11
0.9803543307086614
21
1.6762992125984251
0
LINE
8
BLACK
6
CONTINUOUS
10
0.9803543307086614
20
1.6762992125984251
11
1.0138188976377953
21
1.6762992125984251
0
LINE
8
BLACK
6
CONTINUOUS
10
1.0138188976377953
20
1.6762992125984251
11
1.0138188976377953
21
1.6652755905511811
0
LINE
8
BLACK
6
CONTINUOUS
10
1.1496456692913386
20
1.6652755905511811
11
1.1161811023622048
21
1.6652755905511811
0
LINE
8
BLACK
6
CONTINUOUS
10
1.1161811023622048
20
1.6652755905511811
11
1.1161811023622048
21
1.6762992125984251
0
LINE
8
BLACK
6
CONTINUOUS
10
1.1161811023622048
20
1.6762992125984251
11
1.1496456692913386
21
1.6762992125984251
0
LINE
8
BLACK
6
CONTINUOUS
10
1.1496456692913386
20
1.6762992125984251
11
1.1496456692913386
21
1.6652755905511811
0
LINE
8
BLACK
6
CONTINUOUS
10
0.7292
20
1.671
11
0.6308
21
1.671
0
LINE
8
BLACK
6
CONTINUOUS
10
0.6308
20
1.671
11
0.6308
21
1.7713999999999999
0
LINE
8
BLACK
6
CONTINUOUS
10
0.6308
20
1.7713999999999999
11
0.7292
21
1.7713999999999999
0
LINE
8
BLACK
6
CONTINUOUS
10
0.7292
20
1.7713999999999999
11
0.7292
21
1.671
0
LINE
8
BLACK
6
CONTINUOUS
10
1.0138188976377953
20
1.6849606299212598
11
0.9803543307086614
21
1.6849606299212598
0
LINE
8
BLACK
6
CONTINUOUS
10
0.9803543307086614
20
1.6849606299212598
11
0.9803543307086614
21
1.695984251968504
0
LINE
8
BLACK
6
CONTINUOUS
10
0.9803543307086614
20
1.695984251968504
11
1.0138188976377953
21
1.695984251968504
0
LINE
8
BLACK
6
CONTINUOUS
10
1.0138188976377953
20
1.695984251968504
11
1.0138188976377953
21
1.6849606299212598
0
LINE
8
BLACK
6
CONTINUOUS
10
1.1496456692913386
20
1.6849606299212598
11
1.1161811023622048
21
1.6849606299212598
0
LINE
8
BLACK
6
CONTINUOUS
10
1.1161811023622048
20
1.6849606299212598
11
1.1161811023622048
21
1.695984251968504
0
LINE
8
BLACK
6
CONTINUOUS
10
1.1161811023622048
20
1.695984251968504
11
1.1496456692913386
21
1.695984251968504
0
LINE
8
BLACK
6
CONTINUOUS
10
1.1496456692913386
20
1.695984251968504
11
1.1496456692913386
21
1.6849606299212598
0
LINE
8
BLACK
6
CONTINUOUS
10
1.0138188976377953
20
1.7046456692913385
11
0.9803543307086614
21
1.7046456692913385
0
LINE
8
BLACK
6
CONTINUOUS
10
0.9803543307086614
20
1.7046456692913385
11
0.9803543307086614
21
1.7156692913385827
0
LINE
8
BLACK
6
CONTINUOUS
10
0.9803543307086614
20
1.7156692913385827
11
1.0138188976377953
21
1.7156692913385827
0
LINE
8
BLACK
6
CONTINUOUS
10
1.0138188976377953
20
1.7156692913385827
11
1.0138188976377953
21
1.7046456692913385
0
LINE
8
BLACK
6
CONTINUOUS
10
1.1496456692913386
20
1.7046456692913385
11
1.1161811023622048
21
1.7046456692913385
0
LINE
8
BLACK
6
CONTINUOUS
10
1.1161811023622048
20
1.7046456692913385
11
1.1161811023622048
21
1.7156692913385827
0
LINE
8
BLACK
6
CONTINUOUS
10
1.1161811023622048
20
1.7156692913385827
11
1.1496456692913386
21
1.7156692913385827
0
LINE
8
BLACK
6
CONTINUOUS
10
1.1496456692913386
20
1.7156692913385827
11
1.1496456692913386
21
1.7046456692913385
0
LINE
8
BLACK
6
CONTINUOUS
10
2.0417000000000001
20
1.7117
11
1.9433
21
1.7117
0
LINE
8
BLACK
6
CONTINUOUS
10
1.9433
20
1.7117
11
1.9433
21
1.8121
0
LINE
8
BLACK
6
CONTINUOUS
10
1.9433
20
1.8121
11
2.0417000000000001
21
1.8121
0
LINE
8
BLACK
6
CONTINUOUS
10
2.0417000000000001
20
1.8121
11
2.0417000000000001
21
1.7117
0
LINE
8
BLACK
6
CONTINUOUS
10
0.8225
20
1.72
11
0.7675
21
1.72
0
LINE
8
BLACK
6
CONTINUOUS
10
0.7675
20
1.72
11
0.7675
21
1.7549999999999999
0
LINE
8
BLACK
6
CONTINUOUS
10
0.7675
20
1.7549999999999999
11
0.8225
21
1.7549999999999999
0
LINE
8
BLACK
6
CONTINUOUS
10
0.8225
20
1.7549999999999999
11
0.8225
21
1.72
0
LINE
8
BLACK
6
CONTINUOUS
10
0.8885
20
1.72
11
0.8335
21
1.72
0
LINE
8
BLACK
6
CONTINUOUS
10
0.8335
20
1.72
11
0.8335
21
1.7549999999999999
0
LINE
8
BLACK
6
CONTINUOUS
10
0.8335
20
1.7549999999999999
11
0.8885
21
1.7549999999999999
0
LINE
8
BLACK
6
CONTINUOUS
10
0.8885
20
1.7549999999999999
11
0.8885
21
1.72
0
LINE
8
BLACK
6
CONTINUOUS
10
1.0138188976377953
20
1.7243307086614172
11
0.9803543307086614
21
1.7243307086614172
0
LINE
8
BLACK
6
CONTINUOUS
10
0.9803543307086614
20
1.7243307086614172
11
0.9803543307086614
21
1.7353543307086614
0
LINE
8
BLACK
6
CONTINUOUS
10
0.9803543307086614
20
1.7353543307086614
11
1.0138188976377953
21
1.7353543307086614
0
LINE
8
BLACK
6
CONTINUOUS
10
1.0138188976377953
20
1.7353543307086614
11
1.0138188976377953
21
1.7243307086614172
0
LINE
8
BLACK
6
CONTINUOUS
10
1.1496456692913386
20
1.7243307086614172
11
1.1161811023622048
21
1.7243307086614172
0
LINE
8
BLACK
6
CONTINUOUS
10
1.1161811023622048
20
1.7243307086614172
11
1.1161811023622048
21
1.7353543307086614
0
LINE
8
BLACK
6
CONTINUOUS
10
1.1161811023622048
20
1.7353543307086614
11
1.1496456692913386
21
1.7353543307086614
0
LINE
8
BLACK
6
CONTINUOUS
10
1.1496456692913386
20
1.7353543307086614
11
1.1496456692913386
21
1.7243307086614172
0
LINE
8
BLACK
6
CONTINUOUS
10
1.0138188976377953
20
1.7440157480314959
11
0.9803543307086614
21
1.7440157480314959
0
LINE
8
BLACK
6
CONTINUOUS
10
0.9803543307086614
20
1.7440157480314959
11
0.9803543307086614
21
1.7550393700787401
0
LINE
8
BLACK
6
CONTINUOUS
10
0.9803543307086614
20
1.7550393700787401
11
1.0138188976377953
21
1.7550393700787401
0
LINE
8
BLACK
6
CONTINUOUS
10
1.0138188976377953
20
1.7550393700787401
11
1.0138188976377953
21
1.7440157480314959
0
LINE
8
BLACK
6
CONTINUOUS
10
1.1496456692913386
20
1.7440157480314959
11
1.1161811023622048
21
1.7440157480314959
0
LINE
8
BLACK
6
CONTINUOUS
10
1.1161811023622048
20
1.7440157480314959
11
1.1161811023622048
21
1.7550393700787401
0
LINE
8
BLACK
6
CONTINUOUS
10
1.1161811023622048
20
1.7550393700787401
11
1.1496456692913386
21
1.7550393700787401
0
LINE
8
BLACK
6
CONTINUOUS
10
1.1496456692913386
20
1.7550393700787401
11
1.1496456692913386
21
1.7440157480314959
0
LINE
8
BLACK
6
CONTINUOUS
10
1.0138188976377953
20
1.7637007874015747
11
0.9803543307086614
21
1.7637007874015747
0
LINE
8
BLACK
6
CONTINUOUS
10
0.9803543307086614
20
1.7637007874015747
11
0.9803543307086614
21
1.7747244094488188
0
LINE
8
BLACK
6
CONTINUOUS
10
0.9803543307086614
20
1.7747244094488188
11
1.0138188976377953
21
1.7747244094488188
0
LINE
8
BLACK
6
CONTINUOUS
10
1.0138188976377953
20
1.7747244094488188
11
1.0138188976377953
21
1.7637007874015747
0
LINE
8
BLACK
6
CONTINUOUS
10
1.1496456692913386
20
1.7637007874015747
11
1.1161811023622048
21
1.7637007874015747
0
LINE
8
BLACK
6
CONTINUOUS
10
1.1161811023622048
20
1.7637007874015747
11
1.1161811023622048
21
1.7747244094488188
0
LINE
8
BLACK
6
CONTINUOUS
10
1.1161811023622048
20
1.7747244094488188
11
1.1496456692913386
21
1.7747244094488188
0
LINE
8
BLACK
6
CONTINUOUS
10
1.1496456692913386
20
1.7747244094488188
11
1.1496456692913386
21
1.7637007874015747
0
LINE
8
BLACK
6
CONTINUOUS
10
1.3100000000000001
20
1.7674999999999998
11
1.2749999999999999
21
1.7674999999999998
0
LINE
8
BLACK
6
CONTINUOUS
10
1.2749999999999999
20
1.7674999999999998
11
1.2749999999999999
21
1.8225
0
LINE
8
BLACK
6
CONTINUOUS
10
1.2749999999999999
20
1.8225
11
1.3100000000000001
21
1.8225
0
LINE
8
BLACK
6
CONTINUOUS
10
1.3100000000000001
20
1.8225
11
1.3100000000000001
21
1.7674999999999998
0
LINE
8
BLACK
6
CONTINUOUS
10
1.385
20
1.7674999999999998
11
1.3499999999999999
21
1.7674999999999998
0
LINE
8
BLACK
6
CONTINUOUS
10
1.3499999999999999
20
1.7674999999999998
11
1.3499999999999999
21
1.8225
0
LINE
8
BLACK
6
CONTINUOUS
10
1.3499999999999999
20
1.8225
11
1.385
21
1.8225
0
LINE
8
BLACK
6
CONTINUOUS
10
1.385
20
1.8225
11
1.385
21
1.7674999999999998
0
LINE
8
BLACK
6
CONTINUOUS
10
1.0138188976377953
20
1.7833858267716536
11
0.9803543307086614
21
1.7833858267716536
0
LINE
8
BLACK
6
CONTINUOUS
10
0.9803543307086614
20
1.7833858267716536
11
0.9803543307086614
21
1.7944094488188975
0
LINE
8
BLACK
6
CONTINUOUS
10
0.9803543307086614
20
1.7944094488188975
11
1.0138188976377953
21
1.7944094488188975
0
LINE
8
BLACK
6
CONTINUOUS
10
1.0138188976377953
20
1.7944094488188975
11
1.0138188976377953
21
1.7833858267716536
0
LINE
8
BLACK
6
CONTINUOUS
10
1.1496456692913386
20
1.7833858267716536
11
1.1161811023622048
21
1.7833858267716536
0
LINE
8
BLACK
6
CONTINUOUS
10
1.1161811023622048
20
1.7833858267716536
11
1.1161811023622048
21
1.7944094488188975
0
LINE
8
BLACK
6
CONTINUOUS
10
1.1161811023622048
20
1.7944094488188975
11
1.1496456692913386
21
1.7944094488188975
0
LINE
8
BLACK
6
CONTINUOUS
10
1.1496456692913386
20
1.7944094488188975
11
1.1496456692913386
21
1.7833858267716536
0
LINE
8
BLACK
6
CONTINUOUS
10
1.040984251968504
20
1.7908661417322835
11
1.0299606299212598
21
1.7908661417322835
0
LINE
8
BLACK
6
CONTINUOUS
10
1.0299606299212598
20
1.7908661417322835
11
1.0299606299212598
21
1.8243307086614173
0
LINE
8
BLACK
6
CONTINUOUS
10
1.0299606299212598
20
1.8243307086614173
11
1.040984251968504
21
1.8243307086614173
0
LINE
8
BLACK
6
CONTINUOUS
10
1.040984251968504
20
1.8243307086614173
11
1.040984251968504
21
1.7908661417322835
0
LINE
8
BLACK
6
CONTINUOUS
10
1.1000393700787401
20
1.7908661417322835
11
1.0890157480314961
21
1.7908661417322835
0
LINE
8
BLACK
6
CONTINUOUS
10
1.0890157480314961
20
1.7908661417322835
11
1.0890157480314961
21
1.8243307086614173
0
LINE
8
BLACK
6
CONTINUOUS
10
1.0890157480314961
20
1.8243307086614173
11
1.1000393700787401
21
1.8243307086614173
0
LINE
8
BLACK
6
CONTINUOUS
10
1.1000393700787401
20
1.8243307086614173
11
1.1000393700787401
21
1.7908661417322835
0
LINE
8
BLACK
6
CONTINUOUS
10
1.2124999999999999
20
1.8499999999999999
11
1.1575
21
1.8499999999999999
0
LINE
8
BLACK
6
CONTINUOUS
10
1.1575
20
1.8499999999999999
11
1.1575
21
1.885
0
LINE
8
BLACK
6
CONTINUOUS
10
1.1575
20
1.885
11
1.2124999999999999
21
1.885
0
LINE
8
BLACK
6
CONTINUOUS
10
1.2124999999999999
20
1.885
11
1.2124999999999999
21
1.8499999999999999
0
LINE
8
BLACK
6
CONTINUOUS
10
1.3174999999999999
20
1.8499999999999999
11
1.2625
21
1.8499999999999999
0
LINE
8
BLACK
6
CONTINUOUS
10
1.2625
20
1.8499999999999999
11
1.2625
21
1.885
0
LINE
8
BLACK
6
CONTINUOUS
10
1.2625
20
1.885
11
1.3174999999999999
21
1.885
0
LINE
8
BLACK
6
CONTINUOUS
10
1.3174999999999999
20
1.885
11
1.3174999999999999
21
1.8499999999999999
0
LINE
8
BLACK
6
CONTINUOUS
10
0.7292
20
1.8697999999999999
11
0.6308
21
1.8697999999999999
0
LINE
8
BLACK
6
CONTINUOUS
10
0.6308
20
1.8697999999999999
11
0.6308
21
1.9702
0
LINE
8
BLACK
6
CONTINUOUS
10
0.6308
20
1.9702
11
0.7292
21
1.9702
0
LINE
8
BLACK
6
CONTINUOUS
10
0.7292
20
1.9702
11
0.7292
21
1.8697999999999999
0
LINE
8
BLACK
6
CONTINUOUS
10
0.8825
20
1.8799999999999999
11
0.8275
21
1.8799999999999999
0
LINE
8
BLACK
6
CONTINUOUS
10
0.8275
20
1.8799999999999999
11
0.8275
21
1.915
0
LINE
8
BLACK
6
CONTINUOUS
10
0.8275
20
1.915
11
0.8825
21
1.915
0
LINE
8
BLACK
6
CONTINUOUS
10
0.8825
20
1.915
11
0.8825
21
1.8799999999999999
0
LINE
8
BLACK
6
CONTINUOUS
10
0.9675
20
1.8799999999999999
11
0.9125
21
1.8799999999999999
0
LINE
8
BLACK
6
CONTINUOUS
10
0.9125
20
1.8799999999999999
11
0.9125
21
1.915
0
LINE
8
BLACK
6
CONTINUOUS
10
0.9125
20
1.915
11
0.9675
21
1.915
0
LINE
8
BLACK
6
CONTINUOUS
10
0.9675
20
1.915
11
0.9675
21
1.8799999999999999
0
LINE
8
BLACK
6
CONTINUOUS
10
1.0474999999999999
20
1.8799999999999999
11
0.9924999999999999
21
1.8799999999999999
0
LINE
8
BLACK
6
CONTINUOUS
10
0.9924999999999999
20
1.8799999999999999
11
0.9924999999999999
21
1.915
0
LINE
8
BLACK
6
CONTINUOUS
10
0.9924999999999999
20
1.915
11
1.0474999999999999
21
1.915
0
LINE
8
BLACK
6
CONTINUOUS
10
1.0474999999999999
20
1.915
11
1.0474999999999999
21
1.8799999999999999
0
LINE
8
BLACK
6
CONTINUOUS
10
0.4318
20
1.90455
11
0.3334
21
1.90455
0
LINE
8
BLACK
6
CONTINUOUS
10
0.3334
20
1.90455
11
0.3334
21
1.9754499999999999
0
LINE
8
BLACK
6
CONTINUOUS
10
0.3334
20
1.9754499999999999
11
0.4318
21
1.9754499999999999
0
LINE
8
BLACK
6
CONTINUOUS
10
0.4318
20
1.9754499999999999
11
0.4318
21
1.90455
0
LINE
8
BLACK
6
CONTINUOUS
10
0.5891999999999999
20
1.90455
11
0.4908
21
1.90455
0
LINE
8
BLACK
6
CONTINUOUS
10
0.4908
20
1.90455
11
0.4908
21
1.9754499999999999
0
LINE
8
BLACK
6
CONTINUOUS
10
0.4908
20
1.9754499999999999
11
0.5891999999999999
21
1.9754499999999999
0
LINE
8
BLACK
6
CONTINUOUS
10
0.5891999999999999
20
1.9754499999999999
11
0.5891999999999999
21
1.90455
0
LINE
8
BLACK
6
CONTINUOUS
10
1.2124999999999999
20
1.925
11
1.1575
21
1.925
0
LINE
8
BLACK
6
CONTINUOUS
10
1.1575
20
1.925
11
1.1575
21
1.96
0
LINE
8
BLACK
6
CONTINUOUS
10
1.1575
20
1.96
11
1.2124999999999999
21
1.96
0
LINE
8
BLACK
6
CONTINUOUS
10
1.2124999999999999
20
1.96
11
1.2124999999999999
21
1.925
0
LINE
8
BLACK
6
CONTINUOUS
10
1.3174999999999999
20
1.925
11
1.2625
21
1.925
0
LINE
8
BLACK
6
CONTINUOUS
10
1.2625
20
1.925
11
1.2625
21
1.96
0
LINE
8
BLACK
6
CONTINUOUS
10
1.2625
20
1.96
11
1.3174999999999999
21
1.96
0
LINE
8
BLACK
6
CONTINUOUS
10
1.3174999999999999
20
1.96
11
1.3174999999999999
21
1.925
0
LINE
8
BLACK
6
CONTINUOUS
10
1.4075
20
1.9275
11
1.3525
21
1.9275
0
LINE
8
BLACK
6
CONTINUOUS
10
1.3525
20
1.9275
11
1.3525
21
1.9624999999999999
0
LINE
8
BLACK
6
CONTINUOUS
10
1.3525
20
1.9624999999999999
11
1.4075
21
1.9624999999999999
0
LINE
8
BLACK
6
CONTINUOUS
10
1.4075
20
1.9624999999999999
11
1.4075
21
1.9275
0
LINE
8
BLACK
6
CONTINUOUS
10
1.8574999999999999
20
1.9350000000000001
11
1.8025
21
1.9350000000000001
0
LINE
8
BLACK
6
CONTINUOUS
10
1.8025
20
1.9350000000000001
11
1.8025
21
1.97
0
LINE
8
BLACK
6
CONTINUOUS
10
1.8025
20
1.97
11
1.8574999999999999
21
1.97
0
LINE
8
BLACK
6
CONTINUOUS
10
1.8574999999999999
20
1.97
11
1.8574999999999999
21
1.9350000000000001
0
LINE
8
BLACK
6
CONTINUOUS
10
0.8825
20
1.9549999999999998
11
0.8275
21
1.9549999999999998
0
LINE
8
BLACK
6
CONTINUOUS
10
0.8275
20
1.9549999999999998
11
0.8275
21
1.99
0
LINE
8
BLACK
6
CONTINUOUS
10
0.8275
20
1.99
11
0.8825
21
1.99
0
LINE
8
BLACK
6
CONTINUOUS
10
0.8825
20
1.99
11
0.8825
21
1.9549999999999998
0
LINE
8
BLACK
6
CONTINUOUS
10
0.9675
20
1.9549999999999998
11
0.9125
21
1.9549999999999998
0
LINE
8
BLACK
6
CONTINUOUS
10
0.9125
20
1.9549999999999998
11
0.9125
21
1.99
0
LINE
8
BLACK
6
CONTINUOUS
10
0.9125
20
1.99
11
0.9675
21
1.99
0
LINE
8
BLACK
6
CONTINUOUS
10
0.9675
20
1.99
11
0.9675
21
1.9549999999999998
0
LINE
8
BLACK
6
CONTINUOUS
10
1.0474999999999999
20
1.9549999999999998
11
0.9924999999999999
21
1.9549999999999998
0
LINE
8
BLACK
6
CONTINUOUS
10
0.9924999999999999
20
1.9549999999999998
11
0.9924999999999999
21
1.99
0
LINE
8
BLACK
6
CONTINUOUS
10
0.9924999999999999
20
1.99
11
1.0474999999999999
21
1.99
0
LINE
8
BLACK
6
CONTINUOUS
10
1.0474999999999999
20
1.99
11
1.0474999999999999
21
1.9549999999999998
0
LINE
8
BLACK
6
CONTINUOUS
10
1.4075
20
2.0024999999999999
11
1.3525
21
2.0024999999999999
0
LINE
8
BLACK
6
CONTINUOUS
10
1.3525
20
2.0024999999999999
11
1.3525
21
2.0375000000000001
0
LINE
8
BLACK
6
CONTINUOUS
10
1.3525
20
2.0375000000000001
11
1.4075
21
2.0375000000000001
0
LINE
8
BLACK
6
CONTINUOUS
10
1.4075
20
2.0375000000000001
11
1.4075
21
2.0024999999999999
0
LINE
8
BLACK
6
CONTINUOUS
10
1.1074999999999999
20
2.0099999999999998
11
1.0525
21
2.0099999999999998
0
LINE
8
BLACK
6
CONTINUOUS
10
1.0525
20
2.0099999999999998
11
1.0525
21
2.0449999999999999
0
LINE
8
BLACK
6
CONTINUOUS
10
1.0525
20
2.0449999999999999
11
1.1074999999999999
21
2.0449999999999999
0
LINE
8
BLACK
6
CONTINUOUS
10
1.1074999999999999
20
2.0449999999999999
11
1.1074999999999999
21
2.0099999999999998
0
LINE
8
BLACK
6
CONTINUOUS
10
1.3025
20
2.0099999999999998
11
1.2475000000000001
21
2.0099999999999998
0
LINE
8
BLACK
6
CONTINUOUS
10
1.2475000000000001
20
2.0099999999999998
11
1.2475000000000001
21
2.0449999999999999
0
LINE
8
BLACK
6
CONTINUOUS
10
1.2475000000000001
20
2.0449999999999999
11
1.3025
21
2.0449999999999999
0
LINE
8
BLACK
6
CONTINUOUS
10
1.3025
20
2.0449999999999999
11
1.3025
21
2.0099999999999998
0
LINE
8
BLACK
6
CONTINUOUS
10
1.8574999999999999
20
2.0099999999999998
11
1.8025
21
2.0099999999999998
0
LINE
8
BLACK
6
CONTINUOUS
10
1.8025
20
2.0099999999999998
11
1.8025
21
2.0449999999999999
0
LINE
8
BLACK
6
CONTINUOUS
10
1.8025
20
2.0449999999999999
11
1.8574999999999999
21
2.0449999999999999
0
LINE
8
BLACK
6
CONTINUOUS
10
1.8574999999999999
20
2.0449999999999999
11
1.8574999999999999
21
2.0099999999999998
0
LINE
8
BLACK
6
CONTINUOUS
10
0.9125
20
2.0150000000000001
11
0.8574999999999999
21
2.0150000000000001
0
LINE
8
BLACK
6
CONTINUOUS
10
0.8574999999999999
20
2.0150000000000001
11
0.8574999999999999
21
2.0499999999999998
0
LINE
8
BLACK
6
CONTINUOUS
10
0.8574999999999999
20
2.0499999999999998
11
0.9125
21
2.0499999999999998
0
LINE
8
BLACK
6
CONTINUOUS
10
0.9125
20
2.0499999999999998
11
0.9125
21
2.0150000000000001
0
LINE
8
BLACK
6
CONTINUOUS
10
2.5049999999999999
20
2.0350000000000001
11
2.4449999999999998
21
2.0350000000000001
0
LINE
8
BLACK
6
CONTINUOUS
10
2.4449999999999998
20
2.0350000000000001
11
2.4449999999999998
21
2.0949999999999998
0
LINE
8
BLACK
6
CONTINUOUS
10
2.4449999999999998
20
2.0949999999999998
11
2.5049999999999999
21
2.0949999999999998
0
LINE
8
BLACK
6
CONTINUOUS
10
2.5049999999999999
20
2.0949999999999998
11
2.5049999999999999
21
2.0350000000000001
0
LINE
8
BLACK
6
CONTINUOUS
10
2.605
20
2.0350000000000001
11
2.5449999999999999
21
2.0350000000000001
0
LINE
8
BLACK
6
CONTINUOUS
10
2.5449999999999999
20
2.0350000000000001
11
2.5449999999999999
21
2.0949999999999998
0
LINE
8
BLACK
6
CONTINUOUS
10
2.5449999999999999
20
2.0949999999999998
11
2.605
21
2.0949999999999998
0
LINE
8
BLACK
6
CONTINUOUS
10
2.605
20
2.0949999999999998
11
2.605
21
2.0350000000000001
0
LINE
8
BLACK
6
CONTINUOUS
10
2.7050000000000001
20
2.0350000000000001
11
2.645
21
2.0350000000000001
0
LINE
8
BLACK
6
CONTINUOUS
10
2.645
20
2.0350000000000001
11
2.645
21
2.0949999999999998
0
LINE
8
BLACK
6
CONTINUOUS
10
2.645
20
2.0949999999999998
11
2.7050000000000001
21
2.0949999999999998
0
LINE
8
BLACK
6
CONTINUOUS
10
2.7050000000000001
20
2.0949999999999998
11
2.7050000000000001
21
2.0350000000000001
0
LINE
8
BLACK
6
CONTINUOUS
10
2.8049999999999997
20
2.0350000000000001
11
2.7450000000000001
21
2.0350000000000001
0
LINE
8
BLACK
6
CONTINUOUS
10
2.7450000000000001
20
2.0350000000000001
11
2.7450000000000001
21
2.0949999999999998
0
LINE
8
BLACK
6
CONTINUOUS
10
2.7450000000000001
20
2.0949999999999998
11
2.8049999999999997
21
2.0949999999999998
0
LINE
8
BLACK
6
CONTINUOUS
10
2.8049999999999997
20
2.0949999999999998
11
2.8049999999999997
21
2.0350000000000001
0
LINE
8
BLACK
6
CONTINUOUS
10
0.2205096456692913
20
2.316315866141732
11
0.2338744094488189
21
2.3131483858267714
0
LINE
8
BLACK
6
CONTINUOUS
10
0.2338744094488189
20
2.3131483858267714
11
0.246781062992126
21
2.3084507086614172
0
LINE
8
BLACK
6
CONTINUOUS
10
0.246781062992126
20
2.3084507086614172
11
0.2590551181102362
21
2.3022864566929133
0
LINE
8
BLACK
6
CONTINUOUS
10
0.2590551181102362
20
2.3022864566929133
11
0.2705305511811024
21
2.2947389763779529
0
LINE
8
BLACK
6
CONTINUOUS
10
0.2705305511811024
20
2.2947389763779529
11
0.2810521653543307
21
2.2859102755905512
0
LINE
8
BLACK
6
CONTINUOUS
10
0.2810521653543307
20
2.2859102755905512
11
0.2904776771653543
21
2.2759198031496064
0
LINE
8
BLACK
6
CONTINUOUS
10
0.2904776771653543
20
2.2759198031496064
11
0.2986796456692913
21
2.2649026377952755
0
LINE
8
BLACK
6
CONTINUOUS
10
0.2986796456692913
20
2.2649026377952755
11
0.3055471653543307
21
2.2530077952755905
0
LINE
8
BLACK
6
CONTINUOUS
10
0.3055471653543307
20
2.2530077952755905
11
0.3109873228346456
21
2.2403960629921258
0
LINE
8
BLACK
6
CONTINUOUS
10
0.3109873228346456
20
2.2403960629921258
11
0.3149265748031496
21
2.2272381102362204
0
LINE
8
BLACK
6
CONTINUOUS
10
0.3149265748031496
20
2.2272381102362204
11
0.3173116141732283
21
2.2137117716535433
0
LINE
8
BLACK
6
CONTINUOUS
10
0.3173116141732283
20
2.2137117716535433
11
0.3181102362204724
21
2.1999999999999997
0
LINE
8
BLACK
6
CONTINUOUS
10
0.3181102362204724
20
2.1999999999999997
11
0.3173116141732283
21
2.1862882283464566
0
LINE
8
BLACK
6
CONTINUOUS
10
0.3173116141732283
20
2.1862882283464566
11
0.3149265748031496
21
2.1727618897637795
0
LINE
8
BLACK
6
CONTINUOUS
10
0.3149265748031496
20
2.1727618897637795
11
0.3109873228346456
21
2.1596039370078741
0
LINE
8
BLACK
6
CONTINUOUS
10
0.3109873228346456
20
2.1596039370078741
11
0.3055471653543307
21
2.1469922047244094
0
LINE
8
BLACK
6
CONTINUOUS
10
0.3055471653543307
20
2.1469922047244094
11
0.2986796456692913
21
2.1350973622047245
0
LINE
8
BLACK
6
CONTINUOUS
10
0.2986796456692913
20
2.1350973622047245
11
0.2904776771653543
21
2.1240801968503935
0
LINE
8
BLACK
6
CONTINUOUS
10
0.2904776771653543
20
2.1240801968503935
11
0.2810521653543307
21
2.1140897244094488
0
LINE
8
BLACK
6
CONTINUOUS
10
0.2810521653543307
20
2.1140897244094488
11
0.2705305511811024
21
2.105261023622047
0
LINE
8
BLACK
6
CONTINUOUS
10
0.2705305511811024
20
2.105261023622047
11
0.2590551181102362
21
2.0977135433070866
0
LINE
8
BLACK
6
CONTINUOUS
10
0.2590551181102362
20
2.0977135433070866
11
0.246781062992126
21
2.0915492913385827
0
LINE
8
BLACK
6
CONTINUOUS
10
0.246781062992126
20
2.0915492913385827
11
0.2338744094488189
21
2.0868516141732285
0
LINE
8
BLACK
6
CONTINUOUS
10
0.2338744094488189
20
2.0868516141732285
11
0.2205096456692913
21
2.0836841338582675
0
LINE
8
BLACK
6
CONTINUOUS
10
0.2205096456692913
20
2.0836841338582675
11
0.2068674803149606
21
2.0820896062992125
0
LINE
8
BLACK
6
CONTINUOUS
10
0.2068674803149606
20
2.0820896062992125
11
0.1931325196850394
21
2.0820896062992125
0
LINE
8
BLACK
6
CONTINUOUS
10
0.1931325196850394
20
2.0820896062992125
11
0.1794903543307086
21
2.0836841338582675
0
LINE
8
BLACK
6
CONTINUOUS
10
0.1794903543307086
20
2.0836841338582675
11
0.1661255905511811
21
2.0868516141732285
0
LINE
8
BLACK
6
CONTINUOUS
10
0.1661255905511811
20
2.0868516141732285
11
0.153218937007874
21
2.0915492913385827
0
LINE
8
BLACK
6
CONTINUOUS
10
0.153218937007874
20
2.0915492913385827
11
0.1409448818897638
21
2.0977135433070866
0
LINE
8
BLACK
6
CONTINUOUS
10
0.1409448818897638
20
2.0977135433070866
11
0.1294694488188976
21
2.105261023622047
0
LINE
8
BLACK
6
CONTINUOUS
10
0.1294694488188976
20
2.105261023622047
11
0.1189478346456693
21
2.1140897244094488
0
LINE
8
BLACK
6
CONTINUOUS
10
0.1189478346456693
20
2.1140897244094488
11
0.1095223228346457
21
2.1240801968503935
0
LINE
8
BLACK
6
CONTINUOUS
10
0.1095223228346457
20
2.1240801968503935
11
0.1013203543307087
21
2.1350973622047245
0
LINE
8
BLACK
6
CONTINUOUS
10
0.1013203543307087
20
2.1350973622047245
11
0.0944528346456693
21
2.1469922047244094
0
LINE
8
BLACK
6
CONTINUOUS
10
0.0944528346456693
20
2.1469922047244094
11
0.0890126771653543
21
2.1596039370078741
0
LINE
8
BLACK
6
CONTINUOUS
10
0.0890126771653543
20
2.1596039370078741
11
0.0850734251968504
21
2.1727618897637795
0
LINE
8
BLACK
6
CONTINUOUS
10
0.0850734251968504
20
2.1727618897637795
11
0.0826883858267717
21
2.1862882283464566
0
LINE
8
BLACK
6
CONTINUOUS
10
0.0826883858267717
20
2.1862882283464566
11
0.0818897637795276
21
2.1999999999999997
0
LINE
8
BLACK
6
CONTINUOUS
10
0.0818897637795276
20
2.1999999999999997
11
0.0826883858267717
21
2.2137117716535433
0
LINE
8
BLACK
6
CONTINUOUS
10
0.0826883858267717
20
2.2137117716535433
11
0.0850734251968504
21
2.2272381102362204
0
LINE
8
BLACK
6
CONTINUOUS
10
0.0850734251968504
20
2.2272381102362204
11
0.0890126771653543
21
2.2403960629921258
0
LINE
8
BLACK
6
CONTINUOUS
10
0.0890126771653543
20
2.2403960629921258
11
0.0944528346456693
21
2.2530077952755905
0
LINE
8
BLACK
6
CONTINUOUS
10
0.0944528346456693
20
2.2530077952755905
11
0.1013203543307087
21
2.2649026377952755
0
LINE
8
BLACK
6
CONTINUOUS
10
0.1013203543307087
20
2.2649026377952755
11
0.1095223228346457
21
2.2759198031496064
0
LINE
8
BLACK
6
CONTINUOUS
10
0.1095223228346457
20
2.2759198031496064
11
0.1189478346456693
21
2.2859102755905512
0
LINE
8
BLACK
6
CONTINUOUS
10
0.1189478346456693
20
2.2859102755905512
11
0.1294694488188976
21
2.2947389763779529
0
LINE
8
BLACK
6
CONTINUOUS
10
0.1294694488188976
20
2.2947389763779529
11
0.1409448818897638
21
2.3022864566929133
0
LINE
8
BLACK
6
CONTINUOUS
10
0.1409448818897638
20
2.3022864566929133
11
0.153218937007874
21
2.3084507086614172
0
LINE
8
BLACK
6
CONTINUOUS
10
0.153218937007874
20
2.3084507086614172
11
0.1661255905511811
21
2.3131483858267714
0
LINE
8
BLACK
6
CONTINUOUS
10
0.1661255905511811
20
2.3131483858267714
11
0.1794903543307086
21
2.316315866141732
0
LINE
8
BLACK
6
CONTINUOUS
10
0.1794903543307086
20
2.316315866141732
11
0.1931325196850394
21
2.3179103937007874
0
LINE
8
BLACK
6
CONTINUOUS
10
0.1931325196850394
20
2.3179103937007874
11
0.2068674803149606
21
2.3179103937007874
0
LINE
8
BLACK
6
CONTINUOUS
10
0.2068674803149606
20
2.3179103937007874
11
0.2205096456692913
21
2.316315866141732
0
LINE
8
BLACK
6
CONTINUOUS
10
3.0205096456692915
20
2.316315866141732
11
3.0338744094488188
21
2.3131483858267714
0
LINE
8
BLACK
6
CONTINUOUS
10
3.0338744094488188
20
2.3131483858267714
11
3.0467810629921259
21
2.3084507086614172
0
LINE
8
BLACK
6
CONTINUOUS
10
3.0467810629921259
20
2.3084507086614172
11
3.0590551181102361
21
2.3022864566929133
0
LINE
8
BLACK
6
CONTINUOUS
10
3.0590551181102361
20
2.3022864566929133
11
3.0705305511811023
21
2.2947389763779529
0
LINE
8
BLACK
6
CONTINUOUS
10
3.0705305511811023
20
2.2947389763779529
11
3.0810521653543308
21
2.2859102755905512
0
LINE
8
BLACK
6
CONTINUOUS
10
3.0810521653543308
20
2.2859102755905512
11
3.0904776771653544
21
2.2759198031496064
0
LINE
8
BLACK
6
CONTINUOUS
10
3.0904776771653544
20
2.2759198031496064
11
3.0986796456692911
21
2.2649026377952755
0
LINE
8
BLACK
6
CONTINUOUS
10
3.0986796456692911
20
2.2649026377952755
11
3.1055471653543307
21
2.2530077952755905
0
LINE
8
BLACK
6
CONTINUOUS
10
3.1055471653543307
20
2.2530077952755905
11
3.1109873228346454
21
2.2403960629921258
0
LINE
8
BLACK
6
CONTINUOUS
10
3.1109873228346454
20
2.2403960629921258
11
3.1149265748031496
21
2.2272381102362204
0
LINE
8
BLACK
6
CONTINUOUS
10
3.1149265748031496
20
2.2272381102362204
11
3.1173116141732282
21
2.2137117716535433
0
LINE
8
BLACK
6
CONTINUOUS
10
3.1173116141732282
20
2.2137117716535433
11
3.1181102362204722
21
2.1999999999999997
0
LINE
8
BLACK
6
CONTINUOUS
10
3.1181102362204722
20
2.1999999999999997
11
3.1173116141732282
21
2.1862882283464566
0
LINE
8
BLACK
6
CONTINUOUS
10
3.1173116141732282
20
2.1862882283464566
11
3.1149265748031496
21
2.1727618897637795
0
LINE
8
BLACK
6
CONTINUOUS
10
3.1149265748031496
20
2.1727618897637795
11
3.1109873228346454
21
2.1596039370078741
0
LINE
8
BLACK
6
CONTINUOUS
10
3.1109873228346454
20
2.1596039370078741
11
3.1055471653543307
21
2.1469922047244094
0
LINE
8
BLACK
6
CONTINUOUS
10
3.1055471653543307
20
2.1469922047244094
11
3.0986796456692911
21
2.1350973622047245
0
LINE
8
BLACK
6
CONTINUOUS
10
3.0986796456692911
20
2.1350973622047245
11
3.0904776771653544
21
2.1240801968503935
0
LINE
8
BLACK
6
CONTINUOUS
10
3.0904776771653544
20
2.1240801968503935
11
3.0810521653543308
21
2.1140897244094488
0
LINE
8
BLACK
6
CONTINUOUS
10
3.0810521653543308
20
2.1140897244094488
11
3.0705305511811023
21
2.105261023622047
0
LINE
8
BLACK
6
CONTINUOUS
10
3.0705305511811023
20
2.105261023622047
11
3.0590551181102361
21
2.0977135433070866
0
LINE
8
BLACK
6
CONTINUOUS
10
3.0590551181102361
20
2.0977135433070866
11
3.0467810629921259
21
2.0915492913385827
0
LINE
8
BLACK
6
CONTINUOUS
10
3.0467810629921259
20
2.0915492913385827
11
3.0338744094488188
21
2.0868516141732285
0
LINE
8
BLACK
6
CONTINUOUS
10
3.0338744094488188
20
2.0868516141732285
11
3.0205096456692915
21
2.0836841338582675
0
LINE
8
BLACK
6
CONTINUOUS
10
3.0205096456692915
20
2.0836841338582675
11
3.0068674803149604
21
2.0820896062992125
0
LINE
8
BLACK
6
CONTINUOUS
10
3.0068674803149604
20
2.0820896062992125
11
2.9931325196850391
21
2.0820896062992125
0
LINE
8
BLACK
6
CONTINUOUS
10
2.9931325196850391
20
2.0820896062992125
11
2.9794903543307085
21
2.0836841338582675
0
LINE
8
BLACK
6
CONTINUOUS
10
2.9794903543307085
20
2.0836841338582675
11
2.9661255905511812
21
2.0868516141732285
0
LINE
8
BLACK
6
CONTINUOUS
10
2.9661255905511812
20
2.0868516141732285
11
2.9532189370078741
21
2.0915492913385827
0
LINE
8
BLACK
6
CONTINUOUS
10
2.9532189370078741
20
2.0915492913385827
11
2.9409448818897639
21
2.0977135433070866
0
LINE
8
BLACK
6
CONTINUOUS
10
2.9409448818897639
20
2.0977135433070866
11
2.9294694488188977
21
2.105261023622047
0
LINE
8
BLACK
6
CONTINUOUS
10
2.9294694488188977
20
2.105261023622047
11
2.9189478346456692
21
2.1140897244094488
0
LINE
8
BLACK
6
CONTINUOUS
10
2.9189478346456692
20
2.1140897244094488
11
2.9095223228346456
21
2.1240801968503935
0
LINE
8
BLACK
6
CONTINUOUS
10
2.9095223228346456
20
2.1240801968503935
11
2.9013203543307085
21
2.1350973622047245
0
LINE
8
BLACK
6
CONTINUOUS
10
2.9013203543307085
20
2.1350973622047245
11
2.8944528346456693
21
2.1469922047244094
0
LINE
8
BLACK
6
CONTINUOUS
10
2.8944528346456693
20
2.1469922047244094
11
2.8890126771653541
21
2.1596039370078741
0
LINE
8
BLACK
6
CONTINUOUS
10
2.8890126771653541
20
2.1596039370078741
11
2.8850734251968504
21
2.1727618897637795
0
LINE
8
BLACK
6
CONTINUOUS
10
2.8850734251968504
20
2.1727618897637795
11
2.8826883858267718
21
2.1862882283464566
0
LINE
8
BLACK
6
CONTINUOUS
10
2.8826883858267718
20
2.1862882283464566
11
2.8818897637795273
21
2.1999999999999997
0
LINE
8
BLACK
6
CONTINUOUS
10
2.8818897637795273
20
2.1999999999999997
11
2.8826883858267718
21
2.2137117716535433
0
LINE
8
BLACK
6
CONTINUOUS
10
2.8826883858267718
20
2.2137117716535433
11
2.8850734251968504
21
2.2272381102362204
0
LINE
8
BLACK
6
CONTINUOUS
10
2.8850734251968504
20
2.2272381102362204
11
2.8890126771653541
21
2.2403960629921258
0
LINE
8
BLACK
6
CONTINUOUS
10
2.8890126771653541
20
2.2403960629921258
11
2.8944528346456693
21
2.2530077952755905
0
LINE
8
BLACK
6
CONTINUOUS
10
2.8944528346456693
20
2.2530077952755905
11
2.9013203543307085
21
2.2649026377952755
0
LINE
8
BLACK
6
CONTINUOUS
10
2.9013203543307085
20
2.2649026377952755
11
2.9095223228346456
21
2.2759198031496064
0
LINE
8
BLACK
6
CONTINUOUS
10
2.9095223228346456
20
2.2759198031496064
11
2.9189478346456692
21
2.2859102755905512
0
LINE
8
BLACK
6
CONTINUOUS
10
2.9189478346456692
20
2.2859102755905512
11
2.9294694488188977
21
2.2947389763779529
0
LINE
8
BLACK
6
CONTINUOUS
10
2.9294694488188977
20
2.2947389763779529
11
2.9409448818897639
21
2.3022864566929133
0
LINE
8
BLACK
6
CONTINUOUS
10
2.9409448818897639
20
2.3022864566929133
11
2.9532189370078741
21
2.3084507086614172
0
LINE
8
BLACK
6
CONTINUOUS
10
2.9532189370078741
20
2.3084507086614172
11
2.9661255905511812
21
2.3131483858267714
0
LINE
8
BLACK
6
CONTINUOUS
10
2.9661255905511812
20
2.3131483858267714
11
2.9794903543307085
21
2.316315866141732
0
LINE
8
BLACK
6
CONTINUOUS
10
2.9794903543307085
20
2.316315866141732
11
2.9931325196850391
21
2.3179103937007874
0
LINE
8
BLACK
6
CONTINUOUS
10
2.9931325196850391
20
2.3179103937007874
11
3.0068674803149604
21
2.3179103937007874
0
LINE
8
BLACK
6
CONTINUOUS
10
3.0068674803149604
20
2.3179103937007874
11
3.0205096456692915
21
2.316315866141732
0
LINE
8
BLACK
6
CONTINUOUS
10
1.1074999999999999
20
2.085
11
1.0525
21
2.085
0
LINE
8
BLACK
6
CONTINUOUS
10
1.0525
20
2.085
11
1.0525
21
2.1200000000000001
0
LINE
8
BLACK
6
CONTINUOUS
10
1.0525
20
2.1200000000000001
11
1.1074999999999999
21
2.1200000000000001
0
LINE
8
BLACK
6
CONTINUOUS
10
1.1074999999999999
20
2.1200000000000001
11
1.1074999999999999
21
2.085
0
LINE
8
BLACK
6
CONTINUOUS
10
1.3025
20
2.085
11
1.2475000000000001
21
2.085
0
LINE
8
BLACK
6
CONTINUOUS
10
1.2475000000000001
20
2.085
11
1.2475000000000001
21
2.1200000000000001
0
LINE
8
BLACK
6
CONTINUOUS
10
1.2475000000000001
20
2.1200000000000001
11
1.3025
21
2.1200000000000001
0
LINE
8
BLACK
6
CONTINUOUS
10
1.3025
20
2.1200000000000001
11
1.3025
21
2.085
0
LINE
8
BLACK
6
CONTINUOUS
10
0.9125
20
2.0899999999999999
11
0.8574999999999999
21
2.0899999999999999
0
LINE
8
BLACK
6
CONTINUOUS
10
0.8574999999999999
20
2.0899999999999999
11
0.8574999999999999
21
2.125
0
LINE
8
BLACK
6
CONTINUOUS
10
0.8574999999999999
20
2.125
11
0.9125
21
2.125
0
LINE
8
BLACK
6
CONTINUOUS
10
0.9125
20
2.125
11
0.9125
21
2.0899999999999999
0
LINE
8
BLACK
6
CONTINUOUS
10
1.0045275590551181
20
2.1005905511811025
11
0.9454724409448819
21
2.1005905511811025
0
LINE
8
BLACK
6
CONTINUOUS
10
0.9454724409448819
20
2.1005905511811025
11
0.9454724409448819
21
2.1419291338582678
0
LINE
8
BLACK
6
CONTINUOUS
10
0.9454724409448819
20
2.1419291338582678
11
1.0045275590551181
21
2.1419291338582678
0
LINE
8
BLACK
6
CONTINUOUS
10
1.0045275590551181
20
2.1419291338582678
11
1.0045275590551181
21
2.1005905511811025
0
LINE
8
BLACK
6
CONTINUOUS
10
1.2045275590551181
20
2.1005905511811025
11
1.1454724409448818
21
2.1005905511811025
0
LINE
8
BLACK
6
CONTINUOUS
10
1.1454724409448818
20
2.1005905511811025
11
1.1454724409448818
21
2.1419291338582678
0
LINE
8
BLACK
6
CONTINUOUS
10
1.1454724409448818
20
2.1419291338582678
11
1.2045275590551181
21
2.1419291338582678
0
LINE
8
BLACK
6
CONTINUOUS
10
1.2045275590551181
20
2.1419291338582678
11
1.2045275590551181
21
2.1005905511811025
0
LINE
8
BLACK
6
CONTINUOUS
10
1.4045275590551181
20
2.1005905511811025
11
1.3454724409448819
21
2.1005905511811025
0
LINE
8
BLACK
6
CONTINUOUS
10
1.3454724409448819
20
2.1005905511811025
11
1.3454724409448819
21
2.1419291338582678
0
LINE
8
BLACK
6
CONTINUOUS
10
1.3454724409448819
20
2.1419291338582678
11
1.4045275590551181
21
2.1419291338582678
0
LINE
8
BLACK
6
CONTINUOUS
10
1.4045275590551181
20
2.1419291338582678
11
1.4045275590551181
21
2.1005905511811025
0
LINE
8
BLACK
6
CONTINUOUS
10
1.5600000000000001
20
2.1099999999999999
11
1.5
21
2.1099999999999999
0
LINE
8
BLACK
6
CONTINUOUS
10
1.5
20
2.1099999999999999
11
1.5
21
2.1699999999999999
0
LINE
8
BLACK
6
CONTINUOUS
10
1.5
20
2.1699999999999999
11
1.5600000000000001
21
2.1699999999999999
0
LINE
8
BLACK
6
CONTINUOUS
10
1.5600000000000001
20
2.1699999999999999
11
1.5600000000000001
21
2.1099999999999999
0
LINE
8
BLACK
6
CONTINUOUS
10
1.6599999999999999
20
2.1099999999999999
11
1.5999999999999999
21
2.1099999999999999
0
LINE
8
BLACK
6
CONTINUOUS
10
1.5999999999999999
20
2.1099999999999999
11
1.5999999999999999
21
2.1699999999999999
0
LINE
8
BLACK
6
CONTINUOUS
10
1.5999999999999999
20
2.1699999999999999
11
1.6599999999999999
21
2.1699999999999999
0
LINE
8
BLACK
6
CONTINUOUS
10
1.6599999999999999
20
2.1699999999999999
11
1.6599999999999999
21
2.1099999999999999
0
LINE
8
BLACK
6
CONTINUOUS
10
1.76
20
2.1099999999999999
11
1.7
21
2.1099999999999999
0
LINE
8
BLACK
6
CONTINUOUS
10
1.7
20
2.1099999999999999
11
1.7
21
2.1699999999999999
0
LINE
8
BLACK
6
CONTINUOUS
10
1.7
20
2.1699999999999999
11
1.76
21
2.1699999999999999
0
LINE
8
BLACK
6
CONTINUOUS
10
1.76
20
2.1699999999999999
11
1.76
21
2.1099999999999999
0
LINE
8
BLACK
6
CONTINUOUS
10
1.8599999999999999
20
2.1099999999999999
11
1.8
21
2.1099999999999999
0
LINE
8
BLACK
6
CONTINUOUS
10
1.8
20
2.1099999999999999
11
1.8
21
2.1699999999999999
0
LINE
8
BLACK
6
CONTINUOUS
10
1.8
20
2.1699999999999999
11
1.8599999999999999
21
2.1699999999999999
0
LINE
8
BLACK
6
CONTINUOUS
10
1.8599999999999999
20
2.1699999999999999
11
1.8599999999999999
21
2.1099999999999999
0
LINE
8
BLACK
6
CONTINUOUS
10
1.96
20
2.1099999999999999
11
1.8999999999999999
21
2.1099999999999999
0
LINE
8
BLACK
6
CONTINUOUS
10
1.8999999999999999
20
2.1099999999999999
11
1.8999999999999999
21
2.1699999999999999
0
LINE
8
BLACK
6
CONTINUOUS
10
1.8999999999999999
20
2.1699999999999999
11
1.96
21
2.1699999999999999
0
LINE
8
BLACK
6
CONTINUOUS
10
1.96
20
2.1699999999999999
11
1.96
21
2.1099999999999999
0
LINE
8
BLACK
6
CONTINUOUS
10
2.0800000000000001
20
2.1099999999999999
11
2.02
21
2.1099999999999999
0
LINE
8
BLACK
6
CONTINUOUS
10
2.02
20
2.1099999999999999
11
2.02
21
2.1699999999999999
0
LINE
8
BLACK
6
CONTINUOUS
10
2.02
20
2.1699999999999999
11
2.0800000000000001
21
2.1699999999999999
0
LINE
8
BLACK
6
CONTINUOUS
10
2.0800000000000001
20
2.1699999999999999
11
2.0800000000000001
21
2.1099999999999999
0
LINE
8
BLACK
6
CONTINUOUS
10
2.1800000000000002
20
2.1099999999999999
11
2.1200000000000001
21
2.1099999999999999
0
LINE
8
BLACK
6
CONTINUOUS
10
2.1200000000000001
20
2.1099999999999999
11
2.1200000000000001
21
2.1699999999999999
0
LINE
8
BLACK
6
CONTINUOUS
10
2.1200000000000001
20
2.1699999999999999
11
2.1800000000000002
21
2.1699999999999999
0
LINE
8
BLACK
6
CONTINUOUS
10
2.1800000000000002
20
2.1699999999999999
11
2.1800000000000002
21
2.1099999999999999
0
LINE
8
BLACK
6
CONTINUOUS
10
2.2799999999999998
20
2.1099999999999999
11
2.2199999999999998
21
2.1099999999999999
0
LINE
8
BLACK
6
CONTINUOUS
10
2.2199999999999998
20
2.1099999999999999
11
2.2199999999999998
21
2.1699999999999999
0
LINE
8
BLACK
6
CONTINUOUS
10
2.2199999999999998
20
2.1699999999999999
11
2.2799999999999998
21
2.1699999999999999
0
LINE
8
BLACK
6
CONTINUOUS
10
2.2799999999999998
20
2.1699999999999999
11
2.2799999999999998
21
2.1099999999999999
0
LINE
8
BLACK
6
CONTINUOUS
10
2.3799999999999999
20
2.1099999999999999
11
2.3199999999999998
21
2.1099999999999999
0
LINE
8
BLACK
6
CONTINUOUS
10
2.3199999999999998
20
2.1099999999999999
11
2.3199999999999998
21
2.1699999999999999
0
LINE
8
BLACK
6
CONTINUOUS
10
2.3199999999999998
20
2.1699999999999999
11
2.3799999999999999
21
2.1699999999999999
0
LINE
8
BLACK
6
CONTINUOUS
10
2.3799999999999999
20
2.1699999999999999
11
2.3799999999999999
21
2.1099999999999999
0
LINE
8
BLACK
6
CONTINUOUS
10
0.5
20
2.1200000000000001
11
0.44
21
2.1200000000000001
0
LINE
8
BLACK
6
CONTINUOUS
10
0.44
20
2.1200000000000001
11
0.44
21
2.1800000000000002
0
LINE
8
BLACK
6
CONTINUOUS
10
0.44
20
2.1800000000000002
11
0.5
21
2.1800000000000002
0
LINE
8
BLACK
6
CONTINUOUS
10
0.5
20
2.1800000000000002
11
0.5
21
2.1200000000000001
0
LINE
8
BLACK
6
CONTINUOUS
10
0.6
20
2.1200000000000001
11
0.54
21
2.1200000000000001
0
LINE
8
BLACK
6
CONTINUOUS
10
0.54
20
2.1200000000000001
11
0.54
21
2.1800000000000002
0
LINE
8
BLACK
6
CONTINUOUS
10
0.54
20
2.1800000000000002
11
0.6
21
2.1800000000000002
0
LINE
8
BLACK
6
CONTINUOUS
10
0.6
20
2.1800000000000002
11
0.6
21
2.1200000000000001
0
LINE
8
BLACK
6
CONTINUOUS
10
0.7
20
2.1200000000000001
11
0.64
21
2.1200000000000001
0
LINE
8
BLACK
6
CONTINUOUS
10
0.64
20
2.1200000000000001
11
0.64
21
2.1800000000000002
0
LINE
8
BLACK
6
CONTINUOUS
10
0.64
20
2.1800000000000002
11
0.7
21
2.1800000000000002
0
LINE
8
BLACK
6
CONTINUOUS
10
0.7
20
2.1800000000000002
11
0.7
21
2.1200000000000001
0
LINE
8
BLACK
6
CONTINUOUS
10
0.7999999999999999
20
2.1200000000000001
11
0.74
21
2.1200000000000001
0
LINE
8
BLACK
6
CONTINUOUS
10
0.74
20
2.1200000000000001
11
0.74
21
2.1800000000000002
0
LINE
8
BLACK
6
CONTINUOUS
10
0.74
20
2.1800000000000002
11
0.7999999999999999
21
2.1800000000000002
0
LINE
8
BLACK
6
CONTINUOUS
10
0.7999999999999999
20
2.1800000000000002
11
0.7999999999999999
21
2.1200000000000001
0
LINE
8
BLACK
6
CONTINUOUS
10
2.5049999999999999
20
2.1349999999999998
11
2.4449999999999998
21
2.1349999999999998
0
LINE
8
BLACK
6
CONTINUOUS
10
2.4449999999999998
20
2.1349999999999998
11
2.4449999999999998
21
2.1949999999999998
0
LINE
8
BLACK
6
CONTINUOUS
10
2.4449999999999998
20
2.1949999999999998
11
2.5049999999999999
21
2.1949999999999998
0
LINE
8
BLACK
6
CONTINUOUS
10
2.5049999999999999
20
2.1949999999999998
11
2.5049999999999999
21
2.1349999999999998
0
LINE
8
BLACK
6
CONTINUOUS
10
2.605
20
2.1349999999999998
11
2.5449999999999999
21
2.1349999999999998
0
LINE
8
BLACK
6
CONTINUOUS
10
2.5449999999999999
20
2.1349999999999998
11
2.5449999999999999
21
2.1949999999999998
0
LINE
8
BLACK
6
CONTINUOUS
10
2.5449999999999999
20
2.1949999999999998
11
2.605
21
2.1949999999999998
0
LINE
8
BLACK
6
CONTINUOUS
10
2.605
20
2.1949999999999998
11
2.605
21
2.1349999999999998
0
LINE
8
BLACK
6
CONTINUOUS
10
2.7050000000000001
20
2.1349999999999998
11
2.645
21
2.1349999999999998
0
LINE
8
BLACK
6
CONTINUOUS
10
2.645
20
2.1349999999999998
11
2.645
21
2.1949999999999998
0
LINE
8
BLACK
6
CONTINUOUS
10
2.645
20
2.1949999999999998
11
2.7050000000000001
21
2.1949999999999998
0
LINE
8
BLACK
6
CONTINUOUS
10
2.7050000000000001
20
2.1949999999999998
11
2.7050000000000001
21
2.1349999999999998
0
LINE
8
BLACK
6
CONTINUOUS
10
2.8049999999999997
20
2.1349999999999998
11
2.7450000000000001
21
2.1349999999999998
0
LINE
8
BLACK
6
CONTINUOUS
10
2.7450000000000001
20
2.1349999999999998
11
2.7450000000000001
21
2.1949999999999998
0
LINE
8
BLACK
6
CONTINUOUS
10
2.7450000000000001
20
2.1949999999999998
11
2.8049999999999997
21
2.1949999999999998
0
LINE
8
BLACK
6
CONTINUOUS
10
2.8049999999999997
20
2.1949999999999998
11
2.8049999999999997
21
2.1349999999999998
0
LINE
8
BLACK
6
CONTINUOUS
10
0.9842293307086614
20
2.252342125984252
11
0.9931782283464566
21
2.2499442913385828
0
LINE
8
BLACK
6
CONTINUOUS
10
0.9931782283464566
20
2.2499442913385828
11
1.0015748031496063
21
2.2460288976377951
0
LINE
8
BLACK
6
CONTINUOUS
10
1.0015748031496063
20
2.2460288976377951
11
1.0091638976377952
21
2.240714960629921
0
LINE
8
BLACK
6
CONTINUOUS
10
1.0091638976377952
20
2.240714960629921
11
1.0157149606299212
21
2.2341638976377953
0
LINE
8
BLACK
6
CONTINUOUS
10
1.0157149606299212
20
2.2341638976377953
11
1.0210288976377953
21
2.2265748031496062
0
LINE
8
BLACK
6
CONTINUOUS
10
1.0210288976377953
20
2.2265748031496062
11
1.0249442913385827
21
2.2181782283464568
0
LINE
8
BLACK
6
CONTINUOUS
10
1.0249442913385827
20
2.2181782283464568
11
1.0273421259842519
21
2.2092293307086615
0
LINE
8
BLACK
6
CONTINUOUS
10
1.0273421259842519
20
2.2092293307086615
11
1.0281496062992126
21
2.1999999999999997
0
LINE
8
BLACK
6
CONTINUOUS
10
1.0281496062992126
20
2.1999999999999997
11
1.0273421259842519
21
2.1907706692913385
0
LINE
8
BLACK
6
CONTINUOUS
10
1.0273421259842519
20
2.1907706692913385
11
1.0249442913385827
21
2.1818217716535431
0
LINE
8
BLACK
6
CONTINUOUS
10
1.0249442913385827
20
2.1818217716535431
11
1.0210288976377953
21
2.1734251968503937
0
LINE
8
BLACK
6
CONTINUOUS
10
1.0210288976377953
20
2.1734251968503937
11
1.0157149606299212
21
2.1658361023622046
0
LINE
8
BLACK
6
CONTINUOUS
10
1.0157149606299212
20
2.1658361023622046
11
1.0091638976377952
21
2.1592850393700789
0
LINE
8
BLACK
6
CONTINUOUS
10
1.0091638976377952
20
2.1592850393700789
11
1.0015748031496063
21
2.1539711023622048
0
LINE
8
BLACK
6
CONTINUOUS
10
1.0015748031496063
20
2.1539711023622048
11
0.9931782283464566
21
2.1500557086614172
0
LINE
8
BLACK
6
CONTINUOUS
10
0.9931782283464566
20
2.1500557086614172
11
0.9842293307086614
21
2.1476578740157479
0
LINE
8
BLACK
6
CONTINUOUS
10
0.9842293307086614
20
2.1476578740157479
11
0.975
21
2.1468503937007872
0
LINE
8
BLACK
6
CONTINUOUS
10
0.975
20
2.1468503937007872
11
0.9657706692913386
21
2.1476578740157479
0
LINE
8
BLACK
6
CONTINUOUS
10
0.9657706692913386
20
2.1476578740157479
11
0.9568217716535433
21
2.1500557086614172
0
LINE
8
BLACK
6
CONTINUOUS
10
0.9568217716535433
20
2.1500557086614172
11
0.9484251968503937
21
2.1539711023622048
0
LINE
8
BLACK
6
CONTINUOUS
10
0.9484251968503937
20
2.1539711023622048
11
0.9408361023622047
21
2.1592850393700789
0
LINE
8
BLACK
6
CONTINUOUS
10
0.9408361023622047
20
2.1592850393700789
11
0.9342850393700787
21
2.1658361023622046
0
LINE
8
BLACK
6
CONTINUOUS
10
0.9342850393700787
20
2.1658361023622046
11
0.9289711023622047
21
2.1734251968503937
0
LINE
8
BLACK
6
CONTINUOUS
10
0.9289711023622047
20
2.1734251968503937
11
0.9250557086614173
21
2.1818217716535431
0
LINE
8
BLACK
6
CONTINUOUS
10
0.9250557086614173
20
2.1818217716535431
11
0.9226578740157481
21
2.1907706692913385
0
LINE
8
BLACK
6
CONTINUOUS
10
0.9226578740157481
20
2.1907706692913385
11
0.9218503937007874
21
2.1999999999999997
0
LINE
8
BLACK
6
CONTINUOUS
10
0.9218503937007874
20
2.1999999999999997
11
0.9226578740157481
21
2.2092293307086615
0
LINE
8
BLACK
6
CONTINUOUS
10
0.9226578740157481
20
2.2092293307086615
11
0.9250557086614173
21
2.2181782283464568
0
LINE
8
BLACK
6
CONTINUOUS
10
0.9250557086614173
20
2.2181782283464568
11
0.9289711023622047
21
2.2265748031496062
0
LINE
8
BLACK
6
CONTINUOUS
10
0.9289711023622047
20
2.2265748031496062
11
0.9342850393700787
21
2.2341638976377953
0
LINE
8
BLACK
6
CONTINUOUS
10
0.9342850393700787
20
2.2341638976377953
11
0.9408361023622047
21
2.240714960629921
0
LINE
8
BLACK
6
CONTINUOUS
10
0.9408361023622047
20
2.240714960629921
11
0.9484251968503937
21
2.2460288976377951
0
LINE
8
BLACK
6
CONTINUOUS
10
0.9484251968503937
20
2.2460288976377951
11
0.9568217716535433
21
2.2499442913385828
0
LINE
8
BLACK
6
CONTINUOUS
10
0.9568217716535433
20
2.2499442913385828
11
0.9657706692913386
21
2.252342125984252
0
LINE
8
BLACK
6
CONTINUOUS
10
0.9657706692913386
20
2.252342125984252
11
0.975
21
2.2531496062992127
0
LINE
8
BLACK
6
CONTINUOUS
10
0.975
20
2.2531496062992127
11
0.9842293307086614
21
2.252342125984252
0
LINE
8
BLACK
6
CONTINUOUS
10
1.1842293307086613
20
2.252342125984252
11
1.1931782283464567
21
2.2499442913385828
0
LINE
8
BLACK
6
CONTINUOUS
10
1.1931782283464567
20
2.2499442913385828
11
1.2015748031496063
21
2.2460288976377951
0
LINE
8
BLACK
6
CONTINUOUS
10
1.2015748031496063
20
2.2460288976377951
11
1.2091638976377952
21
2.240714960629921
0
LINE
8
BLACK
6
CONTINUOUS
10
1.2091638976377952
20
2.240714960629921
11
1.2157149606299211
21
2.2341638976377953
0
LINE
8
BLACK
6
CONTINUOUS
10
1.2157149606299211
20
2.2341638976377953
11
1.2210288976377952
21
2.2265748031496062
0
LINE
8
BLACK
6
CONTINUOUS
10
1.2210288976377952
20
2.2265748031496062
11
1.2249442913385826
21
2.2181782283464568
0
LINE
8
BLACK
6
CONTINUOUS
10
1.2249442913385826
20
2.2181782283464568
11
1.2273421259842519
21
2.2092293307086615
0
LINE
8
BLACK
6
CONTINUOUS
10
1.2273421259842519
20
2.2092293307086615
11
1.2281496062992125
21
2.1999999999999997
0
LINE
8
BLACK
6
CONTINUOUS
10
1.2281496062992125
20
2.1999999999999997
11
1.2273421259842519
21
2.1907706692913385
0
LINE
8
BLACK
6
CONTINUOUS
10
1.2273421259842519
20
2.1907706692913385
11
1.2249442913385826
21
2.1818217716535431
0
LINE
8
BLACK
6
CONTINUOUS
10
1.2249442913385826
20
2.1818217716535431
11
1.2210288976377952
21
2.1734251968503937
0
LINE
8
BLACK
6
CONTINUOUS
10
1.2210288976377952
20
2.1734251968503937
11
1.2157149606299211
21
2.1658361023622046
0
LINE
8
BLACK
6
CONTINUOUS
10
1.2157149606299211
20
2.1658361023622046
11
1.2091638976377952
21
2.1592850393700789
0
LINE
8
BLACK
6
CONTINUOUS
10
1.2091638976377952
20
2.1592850393700789
11
1.2015748031496063
21
2.1539711023622048
0
LINE
8
BLACK
6
CONTINUOUS
10
1.2015748031496063
20
2.1539711023622048
11
1.1931782283464567
21
2.1500557086614172
0
LINE
8
BLACK
6
CONTINUOUS
10
1.1931782283464567
20
2.1500557086614172
11
1.1842293307086613
21
2.1476578740157479
0
LINE
8
BLACK
6
CONTINUOUS
10
1.1842293307086613
20
2.1476578740157479
11
1.175
21
2.1468503937007872
0
LINE
8
BLACK
6
CONTINUOUS
10
1.175
20
2.1468503937007872
11
1.1657706692913385
21
2.1476578740157479
0
LINE
8
BLACK
6
CONTINUOUS
10
1.1657706692913385
20
2.1476578740157479
11
1.1568217716535434
21
2.1500557086614172
0
LINE
8
BLACK
6
CONTINUOUS
10
1.1568217716535434
20
2.1500557086614172
11
1.1484251968503936
21
2.1539711023622048
0
LINE
8
BLACK
6
CONTINUOUS
10
1.1484251968503936
20
2.1539711023622048
11
1.1408361023622047
21
2.1592850393700789
0
LINE
8
BLACK
6
CONTINUOUS
10
1.1408361023622047
20
2.1592850393700789
11
1.1342850393700787
21
2.1658361023622046
0
LINE
8
BLACK
6
CONTINUOUS
10
1.1342850393700787
20
2.1658361023622046
11
1.1289711023622047
21
2.1734251968503937
0
LINE
8
BLACK
6
CONTINUOUS
10
1.1289711023622047
20
2.1734251968503937
11
1.1250557086614172
21
2.1818217716535431
0
LINE
8
BLACK
6
CONTINUOUS
10
1.1250557086614172
20
2.1818217716535431
11
1.122657874015748
21
2.1907706692913385
0
LINE
8
BLACK
6
CONTINUOUS
10
1.122657874015748
20
2.1907706692913385
11
1.1218503937007873
21
2.1999999999999997
0
LINE
8
BLACK
6
CONTINUOUS
10
1.1218503937007873
20
2.1999999999999997
11
1.122657874015748
21
2.2092293307086615
0
LINE
8
BLACK
6
CONTINUOUS
10
1.122657874015748
20
2.2092293307086615
11
1.1250557086614172
21
2.2181782283464568
0
LINE
8
BLACK
6
CONTINUOUS
10
1.1250557086614172
20
2.2181782283464568
11
1.1289711023622047
21
2.2265748031496062
0
LINE
8
BLACK
6
CONTINUOUS
10
1.1289711023622047
20
2.2265748031496062
11
1.1342850393700787
21
2.2341638976377953
0
LINE
8
BLACK
6
CONTINUOUS
10
1.1342850393700787
20
2.2341638976377953
11
1.1408361023622047
21
2.240714960629921
0
LINE
8
BLACK
6
CONTINUOUS
10
1.1408361023622047
20
2.240714960629921
11
1.1484251968503936
21
2.2460288976377951
0
LINE
8
BLACK
6
CONTINUOUS
10
1.1484251968503936
20
2.2460288976377951
11
1.1568217716535434
21
2.2499442913385828
0
LINE
8
BLACK
6
CONTINUOUS
10
1.1568217716535434
20
2.2499442913385828
11
1.1657706692913385
21
2.252342125984252
0
LINE
8
BLACK
6
CONTINUOUS
10
1.1657706692913385
20
2.252342125984252
11
1.175
21
2.2531496062992127
0
LINE
8
BLACK
6
CONTINUOUS
10
1.175
20
2.2531496062992127
11
1.1842293307086613
21
2.252342125984252
0
LINE
8
BLACK
6
CONTINUOUS
10
1.3842293307086613
20
2.252342125984252
11
1.3931782283464567
21
2.2499442913385828
0
LINE
8
BLACK
6
CONTINUOUS
10
1.3931782283464567
20
2.2499442913385828
11
1.4015748031496063
21
2.2460288976377951
0
LINE
8
BLACK
6
CONTINUOUS
10
1.4015748031496063
20
2.2460288976377951
11
1.4091638976377951
21
2.240714960629921
0
LINE
8
BLACK
6
CONTINUOUS
10
1.4091638976377951
20
2.240714960629921
11
1.4157149606299213
21
2.2341638976377953
0
LINE
8
BLACK
6
CONTINUOUS
10
1.4157149606299213
20
2.2341638976377953
11
1.4210288976377952
21
2.2265748031496062
0
LINE
8
BLACK
6
CONTINUOUS
10
1.4210288976377952
20
2.2265748031496062
11
1.4249442913385826
21
2.2181782283464568
0
LINE
8
BLACK
6
CONTINUOUS
10
1.4249442913385826
20
2.2181782283464568
11
1.427342125984252
21
2.2092293307086615
0
LINE
8
BLACK
6
CONTINUOUS
10
1.427342125984252
20
2.2092293307086615
11
1.4281496062992125
21
2.1999999999999997
0
LINE
8
BLACK
6
CONTINUOUS
10
1.4281496062992125
20
2.1999999999999997
11
1.427342125984252
21
2.1907706692913385
0
LINE
8
BLACK
6
CONTINUOUS
10
1.427342125984252
20
2.1907706692913385
11
1.4249442913385826
21
2.1818217716535431
0
LINE
8
BLACK
6
CONTINUOUS
10
1.4249442913385826
20
2.1818217716535431
11
1.4210288976377952
21
2.1734251968503937
0
LINE
8
BLACK
6
CONTINUOUS
10
1.4210288976377952
20
2.1734251968503937
11
1.4157149606299213
21
2.1658361023622046
0
LINE
8
BLACK
6
CONTINUOUS
10
1.4157149606299213
20
2.1658361023622046
11
1.4091638976377951
21
2.1592850393700789
0
LINE
8
BLACK
6
CONTINUOUS
10
1.4091638976377951
20
2.1592850393700789
11
1.4015748031496063
21
2.1539711023622048
0
LINE
8
BLACK
6
CONTINUOUS
10
1.4015748031496063
20
2.1539711023622048
11
1.3931782283464567
21
2.1500557086614172
0
LINE
8
BLACK
6
CONTINUOUS
10
1.3931782283464567
20
2.1500557086614172
11
1.3842293307086613
21
2.1476578740157479
0
LINE
8
BLACK
6
CONTINUOUS
10
1.3842293307086613
20
2.1476578740157479
11
1.375
21
2.1468503937007872
0
LINE
8
BLACK
6
CONTINUOUS
10
1.375
20
2.1468503937007872
11
1.3657706692913385
21
2.1476578740157479
0
LINE
8
BLACK
6
CONTINUOUS
10
1.3657706692913385
20
2.1476578740157479
11
1.3568217716535433
21
2.1500557086614172
0
LINE
8
BLACK
6
CONTINUOUS
10
1.3568217716535433
20
2.1500557086614172
11
1.3484251968503937
21
2.1539711023622048
0
LINE
8
BLACK
6
CONTINUOUS
10
1.3484251968503937
20
2.1539711023622048
11
1.3408361023622046
21
2.1592850393700789
0
LINE
8
BLACK
6
CONTINUOUS
10
1.3408361023622046
20
2.1592850393700789
11
1.3342850393700787
21
2.1658361023622046
0
LINE
8
BLACK
6
CONTINUOUS
10
1.3342850393700787
20
2.1658361023622046
11
1.3289711023622046
21
2.1734251968503937
0
LINE
8
BLACK
6
CONTINUOUS
10
1.3289711023622046
20
2.1734251968503937
11
1.3250557086614172
21
2.1818217716535431
0
LINE
8
BLACK
6
CONTINUOUS
10
1.3250557086614172
20
2.1818217716535431
11
1.322657874015748
21
2.1907706692913385
0
LINE
8
BLACK
6
CONTINUOUS
10
1.322657874015748
20
2.1907706692913385
11
1.3218503937007873
21
2.1999999999999997
0
LINE
8
BLACK
6
CONTINUOUS
10
1.3218503937007873
20
2.1999999999999997
11
1.322657874015748
21
2.2092293307086615
0
LINE
8
BLACK
6
CONTINUOUS
10
1.322657874015748
20
2.2092293307086615
11
1.3250557086614172
21
2.2181782283464568
0
LINE
8
BLACK
6
CONTINUOUS
10
1.3250557086614172
20
2.2181782283464568
11
1.3289711023622046
21
2.2265748031496062
0
LINE
8
BLACK
6
CONTINUOUS
10
1.3289711023622046
20
2.2265748031496062
11
1.3342850393700787
21
2.2341638976377953
0
LINE
8
BLACK
6
CONTINUOUS
10
1.3342850393700787
20
2.2341638976377953
11
1.3408361023622046
21
2.240714960629921
0
LINE
8
BLACK
6
CONTINUOUS
10
1.3408361023622046
20
2.240714960629921
11
1.3484251968503937
21
2.2460288976377951
0
LINE
8
BLACK
6
CONTINUOUS
10
1.3484251968503937
20
2.2460288976377951
11
1.3568217716535433
21
2.2499442913385828
0
LINE
8
BLACK
6
CONTINUOUS
10
1.3568217716535433
20
2.2499442913385828
11
1.3657706692913385
21
2.252342125984252
0
LINE
8
BLACK
6
CONTINUOUS
10
1.3657706692913385
20
2.252342125984252
11
1.375
21
2.2531496062992127
0
LINE
8
BLACK
6
CONTINUOUS
10
1.375
20
2.2531496062992127
11
1.3842293307086613
21
2.252342125984252
0
LINE
8
BLACK
6
CONTINUOUS
10
1.5600000000000001
20
2.21
11
1.5
21
2.21
0
LINE
8
BLACK
6
CONTINUOUS
10
1.5
20
2.21
11
1.5
21
2.27
0
LINE
8
BLACK
6
CONTINUOUS
10
1.5
20
2.27
11
1.5600000000000001
21
2.27
0
LINE
8
BLACK
6
CONTINUOUS
10
1.5600000000000001
20
2.27
11
1.5600000000000001
21
2.21
0
LINE
8
BLACK
6
CONTINUOUS
10
1.6599999999999999
20
2.21
11
1.5999999999999999
21
2.21
0
LINE
8
BLACK
6
CONTINUOUS
10
1.5999999999999999
20
2.21
11
1.5999999999999999
21
2.27
0
LINE
8
BLACK
6
CONTINUOUS
10
1.5999999999999999
20
2.27
11
1.6599999999999999
21
2.27
0
LINE
8
BLACK
6
CONTINUOUS
10
1.6599999999999999
20
2.27
11
1.6599999999999999
21
2.21
0
LINE
8
BLACK
6
CONTINUOUS
10
1.76
20
2.21
11
1.7
21
2.21
0
LINE
8
BLACK
6
CONTINUOUS
10
1.7
20
2.21
11
1.7
21
2.27
0
LINE
8
BLACK
6
CONTINUOUS
10
1.7
20
2.27
11
1.76
21
2.27
0
LINE
8
BLACK
6
CONTINUOUS
10
1.76
20
2.27
11
1.76
21
2.21
0
LINE
8
BLACK
6
CONTINUOUS
10
1.8599999999999999
20
2.21
11
1.8
21
2.21
0
LINE
8
BLACK
6
CONTINUOUS
10
1.8
20
2.21
11
1.8
21
2.27
0
LINE
8
BLACK
6
CONTINUOUS
10
1.8
20
2.27
11
1.8599999999999999
21
2.27
0
LINE
8
BLACK
6
CONTINUOUS
10
1.8599999999999999
20
2.27
11
1.8599999999999999
21
2.21
0
LINE
8
BLACK
6
CONTINUOUS
10
1.96
20
2.21
11
1.8999999999999999
21
2.21
0
LINE
8
BLACK
6
CONTINUOUS
10
1.8999999999999999
20
2.21
11
1.8999999999999999
21
2.27
0
LINE
8
BLACK
6
CONTINUOUS
10
1.8999999999999999
20
2.27
11
1.96
21
2.27
0
LINE
8
BLACK
6
CONTINUOUS
10
1.96
20
2.27
11
1.96
21
2.21
0
LINE
8
BLACK
6
CONTINUOUS
10
2.0800000000000001
20
2.21
11
2.02
21
2.21
0
LINE
8
BLACK
6
CONTINUOUS
10
2.02
20
2.21
11
2.02
21
2.27
0
LINE
8
BLACK
6
CONTINUOUS
10
2.02
20
2.27
11
2.0800000000000001
21
2.27
0
LINE
8
BLACK
6
CONTINUOUS
10
2.0800000000000001
20
2.27
11
2.0800000000000001
21
2.21
0
LINE
8
BLACK
6
CONTINUOUS
10
2.1800000000000002
20
2.21
11
2.1200000000000001
21
2.21
0
LINE
8
BLACK
6
CONTINUOUS
10
2.1200000000000001
20
2.21
11
2.1200000000000001
21
2.27
0
LINE
8
BLACK
6
CONTINUOUS
10
2.1200000000000001
20
2.27
11
2.1800000000000002
21
2.27
0
LINE
8
BLACK
6
CONTINUOUS
10
2.1800000000000002
20
2.27
11
2.1800000000000002
21
2.21
0
LINE
8
BLACK
6
CONTINUOUS
10
2.2799999999999998
20
2.21
11
2.2199999999999998
21
2.21
0
LINE
8
BLACK
6
CONTINUOUS
10
2.2199999999999998
20
2.21
11
2.2199999999999998
21
2.27
0
LINE
8
BLACK
6
CONTINUOUS
10
2.2199999999999998
20
2.27
11
2.2799999999999998
21
2.27
0
LINE
8
BLACK
6
CONTINUOUS
10
2.2799999999999998
20
2.27
11
2.2799999999999998
21
2.21
0
LINE
8
BLACK
6
CONTINUOUS
10
2.3799999999999999
20
2.21
11
2.3199999999999998
21
2.21
0
LINE
8
BLACK
6
CONTINUOUS
10
2.3199999999999998
20
2.21
11
2.3199999999999998
21
2.27
0
LINE
8
BLACK
6
CONTINUOUS
10
2.3199999999999998
20
2.27
11
2.3799999999999999
21
2.27
0
LINE
8
BLACK
6
CONTINUOUS
10
2.3799999999999999
20
2.27
11
2.3799999999999999
21
2.21
0
LINE
8
BLACK
6
CONTINUOUS
10
0.5
20
2.2199999999999998
11
0.44
21
2.2199999999999998
0
LINE
8
BLACK
6
CONTINUOUS
10
0.44
20
2.2199999999999998
11
0.44
21
2.2799999999999998
0
LINE
8
BLACK
6
CONTINUOUS
10
0.44
20
2.2799999999999998
11
0.5
21
2.2799999999999998
0
LINE
8
BLACK
6
CONTINUOUS
10
0.5
20
2.2799999999999998
11
0.5
21
2.2199999999999998
0
LINE
8
BLACK
6
CONTINUOUS
10
0.6
20
2.2199999999999998
11
0.54
21
2.2199999999999998
0
LINE
8
BLACK
6
CONTINUOUS
10
0.54
20
2.2199999999999998
11
0.54
21
2.2799999999999998
0
LINE
8
BLACK
6
CONTINUOUS
10
0.54
20
2.2799999999999998
11
0.6
21
2.2799999999999998
0
LINE
8
BLACK
6
CONTINUOUS
10
0.6
20
2.2799999999999998
11
0.6
21
2.2199999999999998
0
LINE
8
BLACK
6
CONTINUOUS
10
0.7
20
2.2199999999999998
11
0.64
21
2.2199999999999998
0
LINE
8
BLACK
6
CONTINUOUS
10
0.64
20
2.2199999999999998
11
0.64
21
2.2799999999999998
0
LINE
8
BLACK
6
CONTINUOUS
10
0.64
20
2.2799999999999998
11
0.7
21
2.2799999999999998
0
LINE
8
BLACK
6
CONTINUOUS
10
0.7
20
2.2799999999999998
11
0.7
21
2.2199999999999998
0
LINE
8
BLACK
6
CONTINUOUS
10
0.7999999999999999
20
2.2199999999999998
11
0.74
21
2.2199999999999998
0
LINE
8
BLACK
6
CONTINUOUS
10
0.74
20
2.2199999999999998
11
0.74
21
2.2799999999999998
0
LINE
8
BLACK
6
CONTINUOUS
10
0.74
20
2.2799999999999998
11
0.7999999999999999
21
2.2799999999999998
0
LINE
8
BLACK
6
CONTINUOUS
10
0.7999999999999999
20
2.2799999999999998
11
0.7999999999999999
21
2.2199999999999998
0
LINE
8
BLACK
6
CONTINUOUS
10
1.0045275590551181
20
2.2580708661417321
11
0.9454724409448819
21
2.2580708661417321
0
LINE
8
BLACK
6
CONTINUOUS
10
0.9454724409448819
20
2.2580708661417321
11
0.9454724409448819
21
2.2994094488188974
0
LINE
8
BLACK
6
CONTINUOUS
10
0.9454724409448819
20
2.2994094488188974
11
1.0045275590551181
21
2.2994094488188974
0
LINE
8
BLACK
6
CONTINUOUS
10
1.0045275590551181
20
2.2994094488188974
11
1.0045275590551181
21
2.2580708661417321
0
LINE
8
BLACK
6
CONTINUOUS
10
1.2045275590551181
20
2.2580708661417321
11
1.1454724409448818
21
2.2580708661417321
0
LINE
8
BLACK
6
CONTINUOUS
10
1.1454724409448818
20
2.2580708661417321
11
1.1454724409448818
21
2.2994094488188974
0
LINE
8
BLACK
6
CONTINUOUS
10
1.1454724409448818
20
2.2994094488188974
11
1.2045275590551181
21
2.2994094488188974
0
LINE
8
BLACK
6
CONTINUOUS
10
1.2045275590551181
20
2.2994094488188974
11
1.2045275590551181
21
2.2580708661417321
0
LINE
8
BLACK
6
CONTINUOUS
10
1.4045275590551181
20
2.2580708661417321
11
1.3454724409448819
21
2.2580708661417321
0
LINE
8
BLACK
6
CONTINUOUS
10
1.3454724409448819
20
2.2580708661417321
11
1.3454724409448819
21
2.2994094488188974
0
LINE
8
BLACK
6
CONTINUOUS
10
1.3454724409448819
20
2.2994094488188974
11
1.4045275590551181
21
2.2994094488188974
0
LINE
8
BLACK
6
CONTINUOUS
10
1.4045275590551181
20
2.2994094488188974
11
1.4045275590551181
21
2.2580708661417321
  0
ENDSEC
  0
EOF
