  0
SECTION
  2
HEADER
  9
$ANGBASE
  50
0.0
  9
$ANGDIR
  70
1
  9
$MEASUREMENT
  70
0
  0
ENDSEC
  0
SECTION
  2
TABLES
  0
TABLE
  2
LTYPE
  70
4
  0
LTYPE
  5
40F
  2
CONTINUOUS
  70
0
  3
Solid line
  72
65
  73
0
  40
0.0
  0
LTYPE
  5
410
  2
DASHDOT
 70
0
  3
Dash Dot ____ _ ____ _
 72
65
 73
4
 40
2.0
 49
1.25
 49
-0.25
 49
0.25
 49
-0.25
  0
LTYPE
  5
411
  2
DASHED
 70
0
  3
Dashed __ __ __ __ __
 72
65
 73
2
 40
0.75
 49
0.5
 49
-0.25
  0
LTYPE
  5
43B
  2
DOTTED
 70
0
  3
Dotted .  .  .  .
 72
65
 73
2
 40
0.2
 49
0.0
 49
-0.2
  0
ENDTAB
  0
TABLE
  2
STYLE
  70
4
  0
STYLE
  2
KICAD
  70
0
  40
0
  41
1
  42
1
  50
0
  71
0
  3
isocp.shx
  0
STYLE
  2
KICADB
  70
0
  40
0
  41
1
  42
1
  50
0
  71
0
  3
isocp.shx
  0
STYLE
  2
KICADI
  70
0
  40
0
  41
1
  42
1
  50
15
  71
0
  3
isocp.shx
  0
STYLE
  2
KICADBI
  70
0
  40
0
  41
1
  42
1
  50
15
  71
0
  3
isocp.shx
  0
ENDTAB
  0
TABLE
  2
LAYER
  70
1
  0
LAYER
  2
BLACK
  70
0
  62
7
  6
CONTINUOUS
  0
ENDTAB
  0
ENDSEC
  0
SECTION
  2
ENTITIES
0
LINE
8
BLACK
6
CONTINUOUS
10
3.5177432283464567
20
0.9667594881889764
11
3.5179392913385827
21
0.9666782283464567
0
LINE
8
BLACK
6
CONTINUOUS
10
3.5179392913385827
20
0.9666782283464567
11
3.5181509055118108
21
0.9666632283464567
0
LINE
8
BLACK
6
CONTINUOUS
10
3.5181509055118108
20
0.9666632283464567
11
3.5192369291338581
21
0.9661407086614173
0
LINE
8
BLACK
6
CONTINUOUS
10
3.5192369291338581
20
0.9661407086614173
11
3.5198720472440943
21
0.9658776771653543
0
LINE
8
BLACK
6
CONTINUOUS
10
3.5198720472440943
20
0.9658776771653543
11
3.5199538582677166
21
0.9657958267716535
0
LINE
8
BLACK
6
CONTINUOUS
10
3.5199538582677166
20
0.9657958267716535
11
3.5248564173228347
21
0.9634373228346457
0
LINE
8
BLACK
6
CONTINUOUS
10
3.5248564173228347
20
0.9634373228346457
11
3.5253522834645667
21
0.9631251574803149
0
LINE
8
BLACK
6
CONTINUOUS
10
3.5253522834645667
20
0.9631251574803149
11
3.5254962598425195
21
0.9630655511811024
0
LINE
8
BLACK
6
CONTINUOUS
10
3.5254962598425195
20
0.9630655511811024
11
3.5255909448818898
21
0.9629749212598425
0
LINE
8
BLACK
6
CONTINUOUS
10
3.5255909448818898
20
0.9629749212598425
11
3.525836181102362
21
0.9628205905511811
0
LINE
8
BLACK
6
CONTINUOUS
10
3.525836181102362
20
0.9628205905511811
11
3.5262448031496061
21
0.9623494094488189
0
LINE
8
BLACK
6
CONTINUOUS
10
3.5262448031496061
20
0.9623494094488189
11
3.529203346456693
21
0.9595190157480314
0
LINE
8
BLACK
6
CONTINUOUS
10
3.529203346456693
20
0.9595190157480314
11
3.5295749606299212
21
0.9590661417322834
0
LINE
8
BLACK
6
CONTINUOUS
10
3.5295749606299212
20
0.9590661417322834
11
3.5296929133858268
21
0.9589638976377952
0
LINE
8
BLACK
6
CONTINUOUS
10
3.5296929133858268
20
0.9589638976377952
11
3.5297514173228346
21
0.9588511417322835
0
LINE
8
BLACK
6
CONTINUOUS
10
3.5297514173228346
20
0.9588511417322835
11
3.5299377952755906
21
0.958624094488189
0
LINE
8
BLACK
6
CONTINUOUS
10
3.5299377952755906
20
0.958624094488189
11
3.5302078346456693
21
0.9579720866141732
0
LINE
8
BLACK
6
CONTINUOUS
10
3.5302078346456693
20
0.9579720866141732
11
3.5331217716535432
21
0.9523598031496063
0
LINE
8
BLACK
6
CONTINUOUS
10
3.5331217716535432
20
0.9523598031496063
11
3.5335355118110234
21
0.9512785826771654
0
LINE
8
BLACK
6
CONTINUOUS
10
3.5335355118110234
20
0.9512785826771654
11
3.5335505118110238
21
0.9510669291338583
0
LINE
8
BLACK
6
CONTINUOUS
10
3.5335505118110238
20
0.9510669291338583
11
3.5336317322834643
21
0.9508709448818897
0
LINE
8
BLACK
6
CONTINUOUS
10
3.5336317322834643
20
0.9508709448818897
11
3.5336416535433068
21
0.9497843700787402
0
LINE
8
BLACK
6
CONTINUOUS
10
3.5336416535433068
20
0.9497843700787402
11
3.5336988188976379
21
0.9489801181102362
0
LINE
8
BLACK
6
CONTINUOUS
10
3.5336988188976379
20
0.9489801181102362
11
3.5336503543307085
21
0.9488347244094488
0
LINE
8
BLACK
6
CONTINUOUS
10
3.5336503543307085
20
0.9488347244094488
11
3.5337451968503935
21
0.9384702362204724
0
LINE
8
BLACK
6
CONTINUOUS
10
3.5337451968503935
20
0.9384702362204724
11
3.5336317322834643
21
0.9373181102362205
0
LINE
8
BLACK
6
CONTINUOUS
10
3.5336317322834643
20
0.9373181102362205
11
3.5335505118110238
21
0.9371220866141732
0
LINE
8
BLACK
6
CONTINUOUS
10
3.5335505118110238
20
0.9371220866141732
11
3.5335355118110234
21
0.9369104724409448
0
LINE
8
BLACK
6
CONTINUOUS
10
3.5335355118110234
20
0.9369104724409448
11
3.5330128346456693
21
0.9358240157480314
0
LINE
8
BLACK
6
CONTINUOUS
10
3.5330128346456693
20
0.9358240157480314
11
3.5327499212598426
21
0.9351892913385826
0
LINE
8
BLACK
6
CONTINUOUS
10
3.5327499212598426
20
0.9351892913385826
11
3.5326681102362203
21
0.9351074803149606
0
LINE
8
BLACK
6
CONTINUOUS
10
3.5326681102362203
20
0.9351074803149606
11
3.5303096062992125
21
0.9302049212598424
0
LINE
8
BLACK
6
CONTINUOUS
10
3.5303096062992125
20
0.9302049212598424
11
3.5299975196850393
21
0.9297091732283465
0
LINE
8
BLACK
6
CONTINUOUS
10
3.5299975196850393
20
0.9297091732283465
11
3.5299378346456693
21
0.9295650393700787
0
LINE
8
BLACK
6
CONTINUOUS
10
3.5299378346456693
20
0.9295650393700787
11
3.5298470866141733
21
0.9294701968503937
0
LINE
8
BLACK
6
CONTINUOUS
10
3.5298470866141733
20
0.9294701968503937
11
3.529692874015748
21
0.9292251968503937
0
LINE
8
BLACK
6
CONTINUOUS
10
3.529692874015748
20
0.9292251968503937
11
3.5292219685039368
21
0.928816811023622
0
LINE
8
BLACK
6
CONTINUOUS
10
3.5292219685039368
20
0.928816811023622
11
3.526391220472441
21
0.9258579527559055
0
LINE
8
BLACK
6
CONTINUOUS
10
3.526391220472441
20
0.9258579527559055
11
3.5259383858267714
21
0.9254862992125984
0
LINE
8
BLACK
6
CONTINUOUS
10
3.5259383858267714
20
0.9254862992125984
11
3.525836181102362
21
0.9253684645669291
0
LINE
8
BLACK
6
CONTINUOUS
10
3.525836181102362
20
0.9253684645669291
11
3.5257234645669291
21
0.9253099212598425
0
LINE
8
BLACK
6
CONTINUOUS
10
3.5257234645669291
20
0.9253099212598425
11
3.5254962992125982
21
0.9251235039370078
0
LINE
8
BLACK
6
CONTINUOUS
10
3.5254962992125982
20
0.9251235039370078
11
3.5248439763779529
21
0.9248533070866142
0
LINE
8
BLACK
6
CONTINUOUS
10
3.5248439763779529
20
0.9248533070866142
11
3.5192321259842521
21
0.9219396062992126
0
LINE
8
BLACK
6
CONTINUOUS
10
3.5192321259842521
20
0.9219396062992126
11
3.518150866141732
21
0.9215258267716535
0
LINE
8
BLACK
6
CONTINUOUS
10
3.518150866141732
20
0.9215258267716535
11
3.5179392125984252
21
0.9215107874015748
0
LINE
8
BLACK
6
CONTINUOUS
10
3.5179392125984252
20
0.9215107874015748
11
3.5177432283464567
21
0.9214296062992126
0
LINE
8
BLACK
6
CONTINUOUS
10
3.5177432283464567
20
0.9214296062992126
11
3.5167280708661415
21
0.9214247244094488
0
LINE
8
BLACK
6
CONTINUOUS
10
3.5167280708661415
20
0.9214247244094488
11
3.5158524409448817
21
0.9213625196850393
0
LINE
8
BLACK
6
CONTINUOUS
10
3.5158524409448817
20
0.9213625196850393
11
3.5156808661417323
21
0.9214196850393701
0
LINE
8
BLACK
6
CONTINUOUS
10
3.5156808661417323
20
0.9214196850393701
11
3.4940938976377951
21
0.9213161417322835
0
LINE
8
BLACK
6
CONTINUOUS
10
3.4940938976377951
20
0.9213161417322835
11
3.4938929527559055
21
0.921335905511811
0
LINE
8
BLACK
6
CONTINUOUS
10
3.4938929527559055
20
0.921335905511811
11
3.4938068503937005
21
0.9213231102362205
0
LINE
8
BLACK
6
CONTINUOUS
10
3.4938068503937005
20
0.9213231102362205
11
3.4936569291338584
21
0.9213591732283465
0
LINE
8
BLACK
6
CONTINUOUS
10
3.4936569291338584
20
0.9213591732283465
11
3.4929417716535434
21
0.9214296062992126
0
LINE
8
BLACK
6
CONTINUOUS
10
3.4929417716535434
20
0.9214296062992126
11
3.492356653543307
21
0.921671968503937
0
LINE
8
BLACK
6
CONTINUOUS
10
3.492356653543307
20
0.921671968503937
11
3.481413031496063
21
0.9243046062992126
0
LINE
8
BLACK
6
CONTINUOUS
10
3.481413031496063
20
0.9243046062992126
11
3.4807342519685038
21
0.9245470866141732
0
LINE
8
BLACK
6
CONTINUOUS
10
3.4807342519685038
20
0.9245470866141732
11
3.4805910629921257
21
0.9245754330708661
0
LINE
8
BLACK
6
CONTINUOUS
10
3.4805910629921257
20
0.9245754330708661
11
3.4805136220472441
21
0.924625905511811
0
LINE
8
BLACK
6
CONTINUOUS
10
3.4805136220472441
20
0.924625905511811
11
3.4803228346456692
21
0.924694094488189
0
LINE
8
BLACK
6
CONTINUOUS
10
3.4803228346456692
20
0.924694094488189
11
3.4796881496062992
21
0.9251643307086614
0
LINE
8
BLACK
6
CONTINUOUS
10
3.4796881496062992
20
0.9251643307086614
11
3.4711330708661419
21
0.9307444488188976
0
LINE
8
BLACK
6
CONTINUOUS
10
3.4711330708661419
20
0.9307444488188976
11
3.4711299606299213
21
0.930746968503937
0
LINE
8
BLACK
6
CONTINUOUS
10
3.4711299606299213
20
0.930746968503937
11
3.4711279133858266
21
0.9307478346456692
0
LINE
8
BLACK
6
CONTINUOUS
10
3.4711279133858266
20
0.9307478346456692
11
3.4711218110236222
21
0.9307536220472441
0
LINE
8
BLACK
6
CONTINUOUS
10
3.4711218110236222
20
0.9307536220472441
11
3.4702373622047245
21
0.9314779133858268
0
LINE
8
BLACK
6
CONTINUOUS
10
3.4702373622047245
20
0.9314779133858268
11
3.4700100787401573
21
0.9318172440944882
0
LINE
8
BLACK
6
CONTINUOUS
10
3.4700100787401573
20
0.9318172440944882
11
3.467420905511811
21
0.9342944094488189
0
LINE
8
BLACK
6
CONTINUOUS
10
3.467420905511811
20
0.9342944094488189
11
3.4670492519685037
21
0.9347472047244094
0
LINE
8
BLACK
6
CONTINUOUS
10
3.4670492519685037
20
0.9347472047244094
11
3.4669314173228347
21
0.9348494488188976
0
LINE
8
BLACK
6
CONTINUOUS
10
3.4669314173228347
20
0.9348494488188976
11
3.4668728740157482
21
0.934962125984252
0
LINE
8
BLACK
6
CONTINUOUS
10
3.4668728740157482
20
0.934962125984252
11
3.4666864566929134
21
0.9351893307086614
0
LINE
8
BLACK
6
CONTINUOUS
10
3.4666864566929134
20
0.9351893307086614
11
3.4664162598425197
21
0.9358415748031496
0
LINE
8
BLACK
6
CONTINUOUS
10
3.4664162598425197
20
0.9358415748031496
11
3.4635025196850391
21
0.9414535039370079
0
LINE
8
BLACK
6
CONTINUOUS
10
3.4635025196850391
20
0.9414535039370079
11
3.4630887795275589
21
0.9425347244094487
0
LINE
8
BLACK
6
CONTINUOUS
10
3.4630887795275589
20
0.9425347244094487
11
3.4630737401574803
21
0.9427462992125984
0
LINE
8
BLACK
6
CONTINUOUS
10
3.4630737401574803
20
0.9427462992125984
11
3.4629925196850393
21
0.9429424015748031
0
LINE
8
BLACK
6
CONTINUOUS
10
3.4629925196850393
20
0.9429424015748031
11
3.462982559055118
21
0.9440290551181102
0
LINE
8
BLACK
6
CONTINUOUS
10
3.462982559055118
20
0.9440290551181102
11
3.4629254330708661
21
0.9448331496062992
0
LINE
8
BLACK
6
CONTINUOUS
10
3.4629254330708661
20
0.9448331496062992
11
3.4629738582677163
21
0.9449785039370079
0
LINE
8
BLACK
6
CONTINUOUS
10
3.4629738582677163
20
0.9449785039370079
11
3.4628790551181101
21
0.9553431496062992
0
LINE
8
BLACK
6
CONTINUOUS
10
3.4628790551181101
20
0.9553431496062992
11
3.4629925196850393
21
0.9564952755905511
0
LINE
8
BLACK
6
CONTINUOUS
10
3.4629925196850393
20
0.9564952755905511
11
3.4638743307086615
21
0.958624094488189
0
LINE
8
BLACK
6
CONTINUOUS
10
3.4638743307086615
20
0.958624094488189
11
3.4655036220472439
21
0.9602533858267717
0
LINE
8
BLACK
6
CONTINUOUS
10
3.4655036220472439
20
0.9602533858267717
11
3.467632440944882
21
0.9611351968503937
0
LINE
8
BLACK
6
CONTINUOUS
10
3.467632440944882
20
0.9611351968503937
11
3.4699366929133859
21
0.9611351968503937
0
LINE
8
BLACK
6
CONTINUOUS
10
3.4699366929133859
20
0.9611351968503937
11
3.4720655118110235
21
0.9602533858267717
0
LINE
8
BLACK
6
CONTINUOUS
10
3.4720655118110235
20
0.9602533858267717
11
3.4736948031496064
21
0.958624094488189
0
LINE
8
BLACK
6
CONTINUOUS
10
3.4736948031496064
20
0.958624094488189
11
3.4745766141732282
21
0.9564952755905511
0
LINE
8
BLACK
6
CONTINUOUS
10
3.4745766141732282
20
0.9564952755905511
11
3.4746785826771651
21
0.945348779527559
0
LINE
8
BLACK
6
CONTINUOUS
10
3.4746785826771651
20
0.945348779527559
11
3.4765128346456691
21
0.9418160629921259
0
LINE
8
BLACK
6
CONTINUOUS
10
3.4765128346456691
20
0.9418160629921259
11
3.4784888582677165
21
0.9399255511811023
0
LINE
8
BLACK
6
CONTINUOUS
10
3.4784888582677165
20
0.9399255511811023
11
3.4854751968503934
21
0.9353687007874015
0
LINE
8
BLACK
6
CONTINUOUS
10
3.4854751968503934
20
0.9353687007874015
11
3.4863477952755906
21
0.935158779527559
0
LINE
8
BLACK
6
CONTINUOUS
10
3.4863477952755906
20
0.935158779527559
11
3.4859997244094489
21
0.9358292125984252
0
LINE
8
BLACK
6
CONTINUOUS
10
3.4859997244094489
20
0.9358292125984252
11
3.4855859448818896
21
0.9369104724409448
0
LINE
8
BLACK
6
CONTINUOUS
10
3.4855859448818896
20
0.9369104724409448
11
3.4855709055118109
21
0.9371220866141732
0
LINE
8
BLACK
6
CONTINUOUS
10
3.4855709055118109
20
0.9371220866141732
11
3.4854897244094487
21
0.9373181102362205
0
LINE
8
BLACK
6
CONTINUOUS
10
3.4854897244094487
20
0.9373181102362205
11
3.4854797637795274
21
0.9384046062992126
0
LINE
8
BLACK
6
CONTINUOUS
10
3.4854797637795274
20
0.9384046062992126
11
3.4854226377952755
21
0.9392088976377952
0
LINE
8
BLACK
6
CONTINUOUS
10
3.4854226377952755
20
0.9392088976377952
11
3.4854710629921257
21
0.9393542519685039
0
LINE
8
BLACK
6
CONTINUOUS
10
3.4854710629921257
20
0.9393542519685039
11
3.4853762598425195
21
0.9497188188976378
0
LINE
8
BLACK
6
CONTINUOUS
10
3.4853762598425195
20
0.9497188188976378
11
3.4854897244094487
21
0.9508709448818897
0
LINE
8
BLACK
6
CONTINUOUS
10
3.4854897244094487
20
0.9508709448818897
11
3.4855709055118109
21
0.9510669291338583
0
LINE
8
BLACK
6
CONTINUOUS
10
3.4855709055118109
20
0.9510669291338583
11
3.4855859448818896
21
0.9512785826771654
0
LINE
8
BLACK
6
CONTINUOUS
10
3.4855859448818896
20
0.9512785826771654
11
3.4861086220472441
21
0.9523650393700788
0
LINE
8
BLACK
6
CONTINUOUS
10
3.4861086220472441
20
0.9523650393700788
11
3.4863715354330709
21
0.9529997637795276
0
LINE
8
BLACK
6
CONTINUOUS
10
3.4863715354330709
20
0.9529997637795276
11
3.4864532677165352
21
0.9530814960629921
0
LINE
8
BLACK
6
CONTINUOUS
10
3.4864532677165352
20
0.9530814960629921
11
3.4888118503937009
21
0.9579841732283464
0
LINE
8
BLACK
6
CONTINUOUS
10
3.4888118503937009
20
0.9579841732283464
11
3.4891239763779525
21
0.95848
0
LINE
8
BLACK
6
CONTINUOUS
10
3.4891239763779525
20
0.95848
11
3.4891836614173228
21
0.958624094488189
0
LINE
8
BLACK
6
CONTINUOUS
10
3.4891836614173228
20
0.958624094488189
11
3.4892743307086613
21
0.9587188582677165
0
LINE
8
BLACK
6
CONTINUOUS
10
3.4892743307086613
20
0.9587188582677165
11
3.4894285826771654
21
0.9589638976377952
0
LINE
8
BLACK
6
CONTINUOUS
10
3.4894285826771654
20
0.9589638976377952
11
3.4898995669291337
21
0.9593723622047244
0
LINE
8
BLACK
6
CONTINUOUS
10
3.4898995669291337
20
0.9593723622047244
11
3.4927302755905512
21
0.9623311417322834
0
LINE
8
BLACK
6
CONTINUOUS
10
3.4927302755905512
20
0.9623311417322834
11
3.4931830314960628
21
0.962702716535433
0
LINE
8
BLACK
6
CONTINUOUS
10
3.4931830314960628
20
0.962702716535433
11
3.493285275590551
21
0.9628205905511811
0
LINE
8
BLACK
6
CONTINUOUS
10
3.493285275590551
20
0.9628205905511811
11
3.4933979527559056
21
0.962879094488189
0
LINE
8
BLACK
6
CONTINUOUS
10
3.4933979527559056
20
0.962879094488189
11
3.4936251574803148
21
0.9630655511811024
0
LINE
8
BLACK
6
CONTINUOUS
10
3.4936251574803148
20
0.9630655511811024
11
3.4942773228346455
21
0.9633356692913385
0
LINE
8
BLACK
6
CONTINUOUS
10
3.4942773228346455
20
0.9633356692913385
11
3.4998892913385826
21
0.9662494881889764
0
LINE
8
BLACK
6
CONTINUOUS
10
3.4998892913385826
20
0.9662494881889764
11
3.5009705511811022
21
0.9666632283464567
0
LINE
8
BLACK
6
CONTINUOUS
10
3.5009705511811022
20
0.9666632283464567
11
3.5011821259842519
21
0.9666782283464567
0
LINE
8
BLACK
6
CONTINUOUS
10
3.5011821259842519
20
0.9666782283464567
11
3.5013782283464567
21
0.9667594881889764
0
LINE
8
BLACK
6
CONTINUOUS
10
3.5013782283464567
20
0.9667594881889764
11
3.5024359842519686
21
0.9667673622047244
0
LINE
8
BLACK
6
CONTINUOUS
10
3.5024359842519686
20
0.9667673622047244
11
3.5032689763779525
21
0.9668265748031496
0
LINE
8
BLACK
6
CONTINUOUS
10
3.5032689763779525
20
0.9668265748031496
11
3.5034244488188975
21
0.9667747244094488
0
LINE
8
BLACK
6
CONTINUOUS
10
3.5034244488188975
20
0.9667747244094488
11
3.5165911023622045
21
0.9668729527559055
0
LINE
8
BLACK
6
CONTINUOUS
10
3.5165911023622045
20
0.9668729527559055
11
3.5177432283464567
21
0.9667594881889764
0
LINE
8
BLACK
6
CONTINUOUS
10
3.5037804724409449
20
0.955071220472441
11
3.5002518897637795
21
0.9532391732283464
0
LINE
8
BLACK
6
CONTINUOUS
10
3.5002518897637795
20
0.9532391732283464
11
3.4987956299212599
21
0.9517170078740157
0
LINE
8
BLACK
6
CONTINUOUS
10
3.4987956299212599
20
0.9517170078740157
11
3.4970983464566929
21
0.948188937007874
0
LINE
8
BLACK
6
CONTINUOUS
10
3.4970983464566929
20
0.948188937007874
11
3.4971757874015745
21
0.9397244094488189
0
LINE
8
BLACK
6
CONTINUOUS
10
3.4971757874015745
20
0.9397244094488189
11
3.4990099212598422
21
0.9361918503937008
0
LINE
8
BLACK
6
CONTINUOUS
10
3.4990099212598422
20
0.9361918503937008
11
3.5005321653543304
21
0.9347355118110237
0
LINE
8
BLACK
6
CONTINUOUS
10
3.5005321653543304
20
0.9347355118110237
11
3.5040009448818896
21
0.9330667322834646
0
LINE
8
BLACK
6
CONTINUOUS
10
3.5040009448818896
20
0.9330667322834646
11
3.5153474803149605
21
0.9331211811023622
0
LINE
8
BLACK
6
CONTINUOUS
10
3.5153474803149605
20
0.9331211811023622
11
3.5188694488188976
21
0.9349498031496063
0
LINE
8
BLACK
6
CONTINUOUS
10
3.5188694488188976
20
0.9349498031496063
11
3.5203257874015748
21
0.9364720472440945
0
LINE
8
BLACK
6
CONTINUOUS
10
3.5203257874015748
20
0.9364720472440945
11
3.5220230708661417
21
0.9400001181102362
0
LINE
8
BLACK
6
CONTINUOUS
10
3.5220230708661417
20
0.9400001181102362
11
3.5219456299212597
21
0.9484646062992126
0
LINE
8
BLACK
6
CONTINUOUS
10
3.5219456299212597
20
0.9484646062992126
11
3.520111496062992
21
0.9519971653543307
0
LINE
8
BLACK
6
CONTINUOUS
10
3.520111496062992
20
0.9519971653543307
11
3.5185892125984251
21
0.9534535433070865
0
LINE
8
BLACK
6
CONTINUOUS
10
3.5185892125984251
20
0.9534535433070865
11
3.5150518897637792
21
0.9551553149606299
0
LINE
8
BLACK
6
CONTINUOUS
10
3.5150518897637792
20
0.9551553149606299
11
3.5037804724409449
21
0.955071220472441
0
LINE
8
BLACK
6
CONTINUOUS
10
3.5055434251968505
20
1.0230961023622047
11
3.5056295669291337
21
1.0231089370078741
0
LINE
8
BLACK
6
CONTINUOUS
10
3.5056295669291337
20
1.0231089370078741
11
3.5057794488188976
21
1.0230728346456692
0
LINE
8
BLACK
6
CONTINUOUS
10
3.5057794488188976
20
1.0230728346456692
11
3.5064946456692914
21
1.0230024409448819
0
LINE
8
BLACK
6
CONTINUOUS
10
3.5064946456692914
20
1.0230024409448819
11
3.5070797637795277
21
1.0227600393700786
0
LINE
8
BLACK
6
CONTINUOUS
10
3.5070797637795277
20
1.0227600393700786
11
3.5180233858267718
21
1.0201274015748032
0
LINE
8
BLACK
6
CONTINUOUS
10
3.5180233858267718
20
1.0201274015748032
11
3.5181082283464566
21
1.0200970472440944
0
LINE
8
BLACK
6
CONTINUOUS
10
3.5181082283464566
20
1.0200970472440944
11
3.518150866141732
21
1.0200940551181101
0
LINE
8
BLACK
6
CONTINUOUS
10
3.518150866141732
20
1.0200940551181101
11
3.5182493700787401
21
1.020046653543307
0
LINE
8
BLACK
6
CONTINUOUS
10
3.5182493700787401
20
1.020046653543307
11
3.5191135826771651
21
1.0197379133858266
0
LINE
8
BLACK
6
CONTINUOUS
10
3.5191135826771651
20
1.0197379133858266
11
3.5195253149606298
21
1.0194327952755906
0
LINE
8
BLACK
6
CONTINUOUS
10
3.5195253149606298
20
1.0194327952755906
11
3.5248564173228347
21
1.0168681496062992
0
LINE
8
BLACK
6
CONTINUOUS
10
3.5248564173228347
20
1.0168681496062992
11
3.5253522047244092
21
1.0165560236220472
0
LINE
8
BLACK
6
CONTINUOUS
10
3.5253522047244092
20
1.0165560236220472
11
3.5254962992125982
21
1.0164963779527558
0
LINE
8
BLACK
6
CONTINUOUS
10
3.5254962992125982
20
1.0164963779527558
11
3.5255910629921261
21
1.0164056692913386
0
LINE
8
BLACK
6
CONTINUOUS
10
3.5255910629921261
20
1.0164056692913386
11
3.525836181102362
21
1.0162514173228345
0
LINE
8
BLACK
6
CONTINUOUS
10
3.525836181102362
20
1.0162514173228345
11
3.5262446850393698
21
1.0157803543307087
0
LINE
8
BLACK
6
CONTINUOUS
10
3.5262446850393698
20
1.0157803543307087
11
3.5292033858267717
21
1.0129497637795275
0
LINE
8
BLACK
6
CONTINUOUS
10
3.5292033858267717
20
1.0129497637795275
11
3.5295750787401574
21
1.0124968110236221
0
LINE
8
BLACK
6
CONTINUOUS
10
3.5295750787401574
20
1.0124968110236221
11
3.529692874015748
21
1.0123946850393701
0
LINE
8
BLACK
6
CONTINUOUS
10
3.529692874015748
20
1.0123946850393701
11
3.5297512992125983
21
1.0122820866141733
0
LINE
8
BLACK
6
CONTINUOUS
10
3.5297512992125983
20
1.0122820866141733
11
3.5299378346456693
21
1.0120548425196849
0
LINE
8
BLACK
6
CONTINUOUS
10
3.5299378346456693
20
1.0120548425196849
11
3.5302081102362206
21
1.0114023228346456
0
LINE
8
BLACK
6
CONTINUOUS
10
3.5302081102362206
20
1.0114023228346456
11
3.5331217322834645
21
1.0057906299212598
0
LINE
8
BLACK
6
CONTINUOUS
10
3.5331217322834645
20
1.0057906299212598
11
3.5335355118110234
21
1.0047094094488189
0
LINE
8
BLACK
6
CONTINUOUS
10
3.5335355118110234
20
1.0047094094488189
11
3.5335505118110238
21
1.0044977559055117
0
LINE
8
BLACK
6
CONTINUOUS
10
3.5335505118110238
20
1.0044977559055117
11
3.5336317322834643
21
1.0043017716535432
0
LINE
8
BLACK
6
CONTINUOUS
10
3.5336317322834643
20
1.0043017716535432
11
3.533652440944882
21
1.0030633070866142
0
LINE
8
BLACK
6
CONTINUOUS
10
3.533652440944882
20
1.0030633070866142
11
3.5336988188976379
21
1.0024109842519684
0
LINE
8
BLACK
6
CONTINUOUS
10
3.5336988188976379
20
1.0024109842519684
11
3.5336650787401576
21
1.0023097637795275
0
LINE
8
BLACK
6
CONTINUOUS
10
3.5336650787401576
20
1.0023097637795275
11
3.5337451968503935
21
0.9975253543307087
0
LINE
8
BLACK
6
CONTINUOUS
10
3.5337451968503935
20
0.9975253543307087
11
3.5336317322834643
21
0.9963732283464567
0
LINE
8
BLACK
6
CONTINUOUS
10
3.5336317322834643
20
0.9963732283464567
11
3.5335505118110238
21
0.9961772047244094
0
LINE
8
BLACK
6
CONTINUOUS
10
3.5335505118110238
20
0.9961772047244094
11
3.5335355118110234
21
0.9959655905511811
0
LINE
8
BLACK
6
CONTINUOUS
10
3.5335355118110234
20
0.9959655905511811
11
3.5330128346456693
21
0.9948791338582677
0
LINE
8
BLACK
6
CONTINUOUS
10
3.5330128346456693
20
0.9948791338582677
11
3.5327499212598426
21
0.9942444094488189
0
LINE
8
BLACK
6
CONTINUOUS
10
3.5327499212598426
20
0.9942444094488189
11
3.5326681102362203
21
0.9941625984251968
0
LINE
8
BLACK
6
CONTINUOUS
10
3.5326681102362203
20
0.9941625984251968
11
3.5303096062992125
21
0.9892600393700787
0
LINE
8
BLACK
6
CONTINUOUS
10
3.5303096062992125
20
0.9892600393700787
11
3.5299975196850393
21
0.9887642913385827
0
LINE
8
BLACK
6
CONTINUOUS
10
3.5299975196850393
20
0.9887642913385827
11
3.5299378346456693
21
0.988620157480315
0
LINE
8
BLACK
6
CONTINUOUS
10
3.5299378346456693
20
0.988620157480315
11
3.5298470866141733
21
0.9885253149606299
0
LINE
8
BLACK
6
CONTINUOUS
10
3.5298470866141733
20
0.9885253149606299
11
3.529692874015748
21
0.9882803149606298
0
LINE
8
BLACK
6
CONTINUOUS
10
3.529692874015748
20
0.9882803149606298
11
3.5292219685039368
21
0.9878719291338582
0
LINE
8
BLACK
6
CONTINUOUS
10
3.5292219685039368
20
0.9878719291338582
11
3.526391220472441
21
0.9849130708661417
0
LINE
8
BLACK
6
CONTINUOUS
10
3.526391220472441
20
0.9849130708661417
11
3.5259383858267714
21
0.9845414173228346
0
LINE
8
BLACK
6
CONTINUOUS
10
3.5259383858267714
20
0.9845414173228346
11
3.525836181102362
21
0.9844235826771653
0
LINE
8
BLACK
6
CONTINUOUS
10
3.525836181102362
20
0.9844235826771653
11
3.5257234645669291
21
0.9843650393700787
0
LINE
8
BLACK
6
CONTINUOUS
10
3.5257234645669291
20
0.9843650393700787
11
3.5254962992125982
21
0.984178622047244
0
LINE
8
BLACK
6
CONTINUOUS
10
3.5254962992125982
20
0.984178622047244
11
3.5248440157480316
21
0.9839084251968504
0
LINE
8
BLACK
6
CONTINUOUS
10
3.5248440157480316
20
0.9839084251968504
11
3.5192321259842521
21
0.98099468503937
0
LINE
8
BLACK
6
CONTINUOUS
10
3.5192321259842521
20
0.98099468503937
11
3.5191478346456693
21
0.9809624015748031
0
LINE
8
BLACK
6
CONTINUOUS
10
3.5191478346456693
20
0.9809624015748031
11
3.5191135826771651
21
0.9809370472440945
0
LINE
8
BLACK
6
CONTINUOUS
10
3.5191135826771651
20
0.9809370472440945
11
3.5190138976377954
21
0.9809111811023622
0
LINE
8
BLACK
6
CONTINUOUS
10
3.5190138976377954
20
0.9809111811023622
11
3.5181509055118108
21
0.9805809448818897
0
LINE
8
BLACK
6
CONTINUOUS
10
3.5181509055118108
20
0.9805809448818897
11
3.5175866141732284
21
0.9805408267716536
0
LINE
8
BLACK
6
CONTINUOUS
10
3.5175866141732284
20
0.9805408267716536
11
3.5067748031496064
21
0.9777354330708661
0
LINE
8
BLACK
6
CONTINUOUS
10
3.5067748031496064
20
0.9777354330708661
11
3.506575118110236
21
0.977705905511811
0
LINE
8
BLACK
6
CONTINUOUS
10
3.506575118110236
20
0.977705905511811
11
3.5064946456692914
21
0.9776725590551181
0
LINE
8
BLACK
6
CONTINUOUS
10
3.5064946456692914
20
0.9776725590551181
11
3.5063419291338582
21
0.9776714173228346
0
LINE
8
BLACK
6
CONTINUOUS
10
3.5063419291338582
20
0.9776714173228346
11
3.5056295669291337
21
0.977566062992126
0
LINE
8
BLACK
6
CONTINUOUS
10
3.5056295669291337
20
0.977566062992126
11
3.5049893700787402
21
0.9776612992125984
0
LINE
8
BLACK
6
CONTINUOUS
10
3.5049893700787402
20
0.9776612992125984
11
3.4912817716535431
21
0.977559094488189
0
LINE
8
BLACK
6
CONTINUOUS
10
3.4912817716535431
20
0.977559094488189
11
3.4910808267716535
21
0.9775788582677165
0
LINE
8
BLACK
6
CONTINUOUS
10
3.4910808267716535
20
0.9775788582677165
11
3.4909947244094486
21
0.977566062992126
0
LINE
8
BLACK
6
CONTINUOUS
10
3.4909947244094486
20
0.977566062992126
11
3.4908448031496064
21
0.977602125984252
0
LINE
8
BLACK
6
CONTINUOUS
10
3.4908448031496064
20
0.977602125984252
11
3.4901296456692914
21
0.9776725590551181
0
LINE
8
BLACK
6
CONTINUOUS
10
3.4901296456692914
20
0.9776725590551181
11
3.4895445275590551
21
0.9779148818897637
0
LINE
8
BLACK
6
CONTINUOUS
10
3.4895445275590551
20
0.9779148818897637
11
3.4786008661417323
21
0.980547559055118
0
LINE
8
BLACK
6
CONTINUOUS
10
3.4786008661417323
20
0.980547559055118
11
3.4785158661417324
21
0.9805779133858268
0
LINE
8
BLACK
6
CONTINUOUS
10
3.4785158661417324
20
0.9805779133858268
11
3.4784733464566928
21
0.9805809448818897
0
LINE
8
BLACK
6
CONTINUOUS
10
3.4784733464566928
20
0.9805809448818897
11
3.4783749999999998
21
0.9806282283464567
0
LINE
8
BLACK
6
CONTINUOUS
10
3.4783749999999998
20
0.9806282283464567
11
3.4775106692913385
21
0.9809370472440945
0
LINE
8
BLACK
6
CONTINUOUS
10
3.4775106692913385
20
0.9809370472440945
11
3.4770988188976375
21
0.9812421653543307
0
LINE
8
BLACK
6
CONTINUOUS
10
3.4770988188976375
20
0.9812421653543307
11
3.4717678346456693
21
0.9838068503937007
0
LINE
8
BLACK
6
CONTINUOUS
10
3.4717678346456693
20
0.9838068503937007
11
3.4712718897637793
21
0.9841189763779528
0
LINE
8
BLACK
6
CONTINUOUS
10
3.4712718897637793
20
0.9841189763779528
11
3.4711279133858266
21
0.9841786614173228
0
LINE
8
BLACK
6
CONTINUOUS
10
3.4711279133858266
20
0.9841786614173228
11
3.4710331496062992
21
0.9842692913385827
0
LINE
8
BLACK
6
CONTINUOUS
10
3.4710331496062992
20
0.9842692913385827
11
3.4707880708661416
21
0.9844235826771653
0
LINE
8
BLACK
6
CONTINUOUS
10
3.4707880708661416
20
0.9844235826771653
11
3.4703794094488187
21
0.9848947244094488
0
LINE
8
BLACK
6
CONTINUOUS
10
3.4703794094488187
20
0.9848947244094488
11
3.4674208661417323
21
0.9877252755905511
0
LINE
8
BLACK
6
CONTINUOUS
10
3.4674208661417323
20
0.9877252755905511
11
3.4670492913385824
21
0.9881779921259842
0
LINE
8
BLACK
6
CONTINUOUS
10
3.4670492913385824
20
0.9881779921259842
11
3.4669314173228347
21
0.9882802755905512
0
LINE
8
BLACK
6
CONTINUOUS
10
3.4669314173228347
20
0.9882802755905512
11
3.4668728346456694
21
0.9883930314960629
0
LINE
8
BLACK
6
CONTINUOUS
10
3.4668728346456694
20
0.9883930314960629
11
3.4666864566929134
21
0.9886201968503937
0
LINE
8
BLACK
6
CONTINUOUS
10
3.4666864566929134
20
0.9886201968503937
11
3.4664163385826772
21
0.9892722440944882
0
LINE
8
BLACK
6
CONTINUOUS
10
3.4664163385826772
20
0.9892722440944882
11
3.4635025196850391
21
0.9948843307086614
0
LINE
8
BLACK
6
CONTINUOUS
10
3.4635025196850391
20
0.9948843307086614
11
3.4630887795275589
21
0.9959655511811023
0
LINE
8
BLACK
6
CONTINUOUS
10
3.4630887795275589
20
0.9959655511811023
11
3.4630737401574803
21
0.9961771259842519
0
LINE
8
BLACK
6
CONTINUOUS
10
3.4630737401574803
20
0.9961771259842519
11
3.4629925196850393
21
0.9963732283464567
0
LINE
8
BLACK
6
CONTINUOUS
10
3.4629925196850393
20
0.9963732283464567
11
3.4629717716535433
21
0.9976118110236221
0
LINE
8
BLACK
6
CONTINUOUS
10
3.4629717716535433
20
0.9976118110236221
11
3.4629254330708661
21
0.9982639763779527
0
LINE
8
BLACK
6
CONTINUOUS
10
3.4629254330708661
20
0.9982639763779527
11
3.4629591338582677
21
0.998365157480315
0
LINE
8
BLACK
6
CONTINUOUS
10
3.4629591338582677
20
0.998365157480315
11
3.4628790551181101
21
1.0031496456692912
0
LINE
8
BLACK
6
CONTINUOUS
10
3.4628790551181101
20
1.0031496456692912
11
3.4629925196850393
21
1.0043017716535432
0
LINE
8
BLACK
6
CONTINUOUS
10
3.4629925196850393
20
1.0043017716535432
11
3.4630737401574803
21
1.0044978346456692
0
LINE
8
BLACK
6
CONTINUOUS
10
3.4630737401574803
20
1.0044978346456692
11
3.4630887795275589
21
1.0047094488188977
0
LINE
8
BLACK
6
CONTINUOUS
10
3.4630887795275589
20
1.0047094488188977
11
3.4636112598425197
21
1.0057954724409448
0
LINE
8
BLACK
6
CONTINUOUS
10
3.4636112598425197
20
1.0057954724409448
11
3.4638743307086615
21
1.006430590551181
0
LINE
8
BLACK
6
CONTINUOUS
10
3.4638743307086615
20
1.006430590551181
11
3.4639561417322833
21
1.006512401574803
0
LINE
8
BLACK
6
CONTINUOUS
10
3.4639561417322833
20
1.006512401574803
11
3.4663146850393698
21
1.0114149606299212
0
LINE
8
BLACK
6
CONTINUOUS
10
3.4663146850393698
20
1.0114149606299212
11
3.4666268110236218
21
1.0119108267716534
0
LINE
8
BLACK
6
CONTINUOUS
10
3.4666268110236218
20
1.0119108267716534
11
3.4666864566929134
21
1.0120548031496064
0
LINE
8
BLACK
6
CONTINUOUS
10
3.4666864566929134
20
1.0120548031496064
11
3.4667770472440944
21
1.0121494881889763
0
LINE
8
BLACK
6
CONTINUOUS
10
3.4667770472440944
20
1.0121494881889763
11
3.4669314173228347
21
1.0123947244094489
0
LINE
8
BLACK
6
CONTINUOUS
10
3.4669314173228347
20
1.0123947244094489
11
3.4674025590551181
21
1.0128033464566928
0
LINE
8
BLACK
6
CONTINUOUS
10
3.4674025590551181
20
1.0128033464566928
11
3.4702329921259842
21
1.0157618897637795
0
LINE
8
BLACK
6
CONTINUOUS
10
3.4702329921259842
20
1.0157618897637795
11
3.4706859448818896
21
1.0161336220472441
0
LINE
8
BLACK
6
CONTINUOUS
10
3.4706859448818896
20
1.0161336220472441
11
3.4707881102362204
21
1.0162514173228345
0
LINE
8
BLACK
6
CONTINUOUS
10
3.4707881102362204
20
1.0162514173228345
11
3.4709007086614174
21
1.0163098818897638
0
LINE
8
BLACK
6
CONTINUOUS
10
3.4709007086614174
20
1.0163098818897638
11
3.4711279133858266
21
1.0164963385826771
0
LINE
8
BLACK
6
CONTINUOUS
10
3.4711279133858266
20
1.0164963385826771
11
3.4717802362204724
21
1.0167665354330708
0
LINE
8
BLACK
6
CONTINUOUS
10
3.4717802362204724
20
1.0167665354330708
11
3.4773921653543307
21
1.0196802755905512
0
LINE
8
BLACK
6
CONTINUOUS
10
3.4773921653543307
20
1.0196802755905512
11
3.4774762598425197
21
1.0197124409448819
0
LINE
8
BLACK
6
CONTINUOUS
10
3.4774762598425197
20
1.0197124409448819
11
3.4775106299212597
21
1.0197379133858266
0
LINE
8
BLACK
6
CONTINUOUS
10
3.4775106299212597
20
1.0197379133858266
11
3.4776104330708661
21
1.0197638188976377
0
LINE
8
BLACK
6
CONTINUOUS
10
3.4776104330708661
20
1.0197638188976377
11
3.4784733858267716
21
1.0200940551181101
0
LINE
8
BLACK
6
CONTINUOUS
10
3.4784733858267716
20
1.0200940551181101
11
3.4790376771653544
21
1.0201341338582677
0
LINE
8
BLACK
6
CONTINUOUS
10
3.4790376771653544
20
1.0201341338582677
11
3.4898494488188976
21
1.0229395669291339
0
LINE
8
BLACK
6
CONTINUOUS
10
3.4898494488188976
20
1.0229395669291339
11
3.4900491338582675
21
1.0229690944881888
0
LINE
8
BLACK
6
CONTINUOUS
10
3.4900491338582675
20
1.0229690944881888
11
3.4901296456692914
21
1.0230024409448819
0
LINE
8
BLACK
6
CONTINUOUS
10
3.4901296456692914
20
1.0230024409448819
11
3.490282283464567
21
1.0230035433070865
0
LINE
8
BLACK
6
CONTINUOUS
10
3.490282283464567
20
1.0230035433070865
11
3.4909946850393698
21
1.0231089370078741
0
LINE
8
BLACK
6
CONTINUOUS
10
3.4909946850393698
20
1.0231089370078741
11
3.491634842519685
21
1.0230136614173229
0
LINE
8
BLACK
6
CONTINUOUS
10
3.491634842519685
20
1.0230136614173229
11
3.5053425196850392
21
1.0231159055118111
0
LINE
8
BLACK
6
CONTINUOUS
10
3.5053425196850392
20
1.0231159055118111
11
3.5055434251968505
21
1.0230961023622047
0
LINE
8
BLACK
6
CONTINUOUS
10
3.4916337007874017
20
1.0113074803149606
11
3.4817442519685038
21
1.0087413779527559
0
LINE
8
BLACK
6
CONTINUOUS
10
3.4817442519685038
20
1.0087413779527559
11
3.4777547637795276
21
1.0066700393700787
0
LINE
8
BLACK
6
CONTINUOUS
10
3.4777547637795276
20
1.0066700393700787
11
3.4762984251968505
21
1.0051477559055118
0
LINE
8
BLACK
6
CONTINUOUS
10
3.4762984251968505
20
1.0051477559055118
11
3.4746208267716536
21
1.0016606299212598
0
LINE
8
BLACK
6
CONTINUOUS
10
3.4746208267716536
20
1.0016606299212598
11
3.4746687401574801
21
0.9987985826771654
0
LINE
8
BLACK
6
CONTINUOUS
10
3.4746687401574801
20
0.9987985826771654
11
3.4765128346456691
21
0.9952468503937008
0
LINE
8
BLACK
6
CONTINUOUS
10
3.4765128346456691
20
0.9952468503937008
11
3.4780349999999998
21
0.9937905905511811
0
LINE
8
BLACK
6
CONTINUOUS
10
3.4780349999999998
20
0.9937905905511811
11
3.4824653543307087
21
0.9916592125984252
0
LINE
8
BLACK
6
CONTINUOUS
10
3.4824653543307087
20
0.9916592125984252
11
3.4923827952755904
21
0.9892734251968504
0
LINE
8
BLACK
6
CONTINUOUS
10
3.4923827952755904
20
0.9892734251968504
11
3.5049905511811024
21
0.9893674803149606
0
LINE
8
BLACK
6
CONTINUOUS
10
3.5049905511811024
20
0.9893674803149606
11
3.5148798818897635
21
0.9919335039370079
0
LINE
8
BLACK
6
CONTINUOUS
10
3.5148798818897635
20
0.9919335039370079
11
3.5188695275590551
21
0.994005
0
LINE
8
BLACK
6
CONTINUOUS
10
3.5188695275590551
20
0.994005
11
3.5203257874015748
21
0.9955271653543307
0
LINE
8
BLACK
6
CONTINUOUS
10
3.5203257874015748
20
0.9955271653543307
11
3.5220033858267716
21
0.9990143307086614
0
LINE
8
BLACK
6
CONTINUOUS
10
3.5220033858267716
20
0.9990143307086614
11
3.5219554724409448
21
1.0018764173228347
0
LINE
8
BLACK
6
CONTINUOUS
10
3.5219554724409448
20
1.0018764173228347
11
3.5201114566929133
21
1.0054280314960631
0
LINE
8
BLACK
6
CONTINUOUS
10
3.5201114566929133
20
1.0054280314960631
11
3.5185892519685038
21
1.0068843307086615
0
LINE
8
BLACK
6
CONTINUOUS
10
3.5185892519685038
20
1.0068843307086615
11
3.5141588582677166
21
1.0090157086614173
0
LINE
8
BLACK
6
CONTINUOUS
10
3.5141588582677166
20
1.0090157086614173
11
3.5042413779527557
21
1.0114015354330708
0
LINE
8
BLACK
6
CONTINUOUS
10
3.5042413779527557
20
1.0114015354330708
11
3.4916337007874017
21
1.0113074803149606
0
LINE
8
BLACK
6
CONTINUOUS
10
3.5270614566929135
20
1.050758622047244
11
3.5283084645669289
21
1.050242125984252
0
LINE
8
BLACK
6
CONTINUOUS
10
3.5283084645669289
20
1.050242125984252
11
3.5283085039370077
21
1.0502420866141733
0
LINE
8
BLACK
6
CONTINUOUS
10
3.5283085039370077
20
1.0502420866141733
11
3.5320155511811024
21
1.046695472440945
0
LINE
8
BLACK
6
CONTINUOUS
10
3.5320155511811024
20
1.046695472440945
11
3.5327499606299213
21
1.0458005905511811
0
LINE
8
BLACK
6
CONTINUOUS
10
3.5327499606299213
20
1.0458005905511811
11
3.5327499606299213
21
1.0458005511811024
0
LINE
8
BLACK
6
CONTINUOUS
10
3.5327499606299213
20
1.0458005511811024
11
3.5336317322834643
21
1.0436718110236221
0
LINE
8
BLACK
6
CONTINUOUS
10
3.5336317322834643
20
1.0436718110236221
11
3.5336317322834643
21
1.0413675590551181
0
LINE
8
BLACK
6
CONTINUOUS
10
3.5336317322834643
20
1.0413675590551181
11
3.533115157480315
21
1.0401205118110235
0
LINE
8
BLACK
6
CONTINUOUS
10
3.533115157480315
20
1.0401205118110235
11
3.5327499606299213
21
1.0392387401574803
0
LINE
8
BLACK
6
CONTINUOUS
10
3.5327499606299213
20
1.0392387401574803
11
3.5292033858267717
21
1.0355317322834645
0
LINE
8
BLACK
6
CONTINUOUS
10
3.5292033858267717
20
1.0355317322834645
11
3.5283084645669289
21
1.0347972834645669
0
LINE
8
BLACK
6
CONTINUOUS
10
3.5283084645669289
20
1.0347972834645669
11
3.5261796456692913
21
1.0339155118110237
0
LINE
8
BLACK
6
CONTINUOUS
10
3.5261796456692913
20
1.0339155118110237
11
3.5238755118110237
21
1.0339155118110237
0
LINE
8
BLACK
6
CONTINUOUS
10
3.5238755118110237
20
1.0339155118110237
11
3.5238754724409449
21
1.0339155118110237
0
LINE
8
BLACK
6
CONTINUOUS
10
3.5238754724409449
20
1.0339155118110237
11
3.5217466535433068
21
1.0347972834645669
0
LINE
8
BLACK
6
CONTINUOUS
10
3.5217466535433068
20
1.0347972834645669
11
3.5217466141732281
21
1.0347973228346456
0
LINE
8
BLACK
6
CONTINUOUS
10
3.5217466141732281
20
1.0347973228346456
11
3.5180396062992125
21
1.0383438188976377
0
LINE
8
BLACK
6
CONTINUOUS
10
3.5180396062992125
20
1.0383438188976377
11
3.5173051574803149
21
1.0392387401574803
0
LINE
8
BLACK
6
CONTINUOUS
10
3.5173051574803149
20
1.0392387401574803
11
3.5173051181102362
21
1.0392387795275591
0
LINE
8
BLACK
6
CONTINUOUS
10
3.5173051181102362
20
1.0392387795275591
11
3.5166337401574803
21
1.0408596850393701
0
LINE
8
BLACK
6
CONTINUOUS
10
3.5166337401574803
20
1.0408596850393701
11
3.5164233464566927
21
1.0413675590551181
0
LINE
8
BLACK
6
CONTINUOUS
10
3.5164233464566927
20
1.0413675590551181
11
3.5164233464566927
21
1.0436717322834645
0
LINE
8
BLACK
6
CONTINUOUS
10
3.5164233464566927
20
1.0436717322834645
11
3.5164233464566927
21
1.0436717716535433
0
LINE
8
BLACK
6
CONTINUOUS
10
3.5164233464566927
20
1.0436717716535433
11
3.5164233464566927
21
1.0436718110236221
0
LINE
8
BLACK
6
CONTINUOUS
10
3.5164233464566927
20
1.0436718110236221
11
3.5173051181102362
21
1.0458005511811024
0
LINE
8
BLACK
6
CONTINUOUS
10
3.5173051181102362
20
1.0458005511811024
11
3.5173051181102362
21
1.0458005905511811
0
LINE
8
BLACK
6
CONTINUOUS
10
3.5173051181102362
20
1.0458005905511811
11
3.5208517322834645
21
1.0495076771653542
0
LINE
8
BLACK
6
CONTINUOUS
10
3.5208517322834645
20
1.0495076771653542
11
3.5217466535433068
21
1.050242125984252
0
LINE
8
BLACK
6
CONTINUOUS
10
3.5217466535433068
20
1.050242125984252
11
3.5238754724409449
21
1.0511238976377952
0
LINE
8
BLACK
6
CONTINUOUS
10
3.5238754724409449
20
1.0511238976377952
11
3.5261796456692913
21
1.0511238976377952
0
LINE
8
BLACK
6
CONTINUOUS
10
3.5261796456692913
20
1.0511238976377952
11
3.5261796850393701
21
1.0511238976377952
0
LINE
8
BLACK
6
CONTINUOUS
10
3.5261796850393701
20
1.0511238976377952
11
3.5270614566929135
21
1.050758622047244
0
LINE
8
BLACK
6
CONTINUOUS
10
3.5114355905511809
20
1.1092972047244094
11
3.5130648818897638
21
1.1076679133858267
0
LINE
8
BLACK
6
CONTINUOUS
10
3.5130648818897638
20
1.1076679133858267
11
3.5139466929133856
21
1.1055390944881889
0
LINE
8
BLACK
6
CONTINUOUS
10
3.5139466929133856
20
1.1055390944881889
11
3.5139578740157478
21
1.1018171653543307
0
LINE
8
BLACK
6
CONTINUOUS
10
3.5139578740157478
20
1.1018171653543307
11
3.5278396850393698
21
1.1018560629921259
0
LINE
8
BLACK
6
CONTINUOUS
10
3.5278396850393698
20
1.1018560629921259
11
3.528991811023622
21
1.1017425984251967
0
LINE
8
BLACK
6
CONTINUOUS
10
3.528991811023622
20
1.1017425984251967
11
3.5311206299212596
21
1.1008607874015748
0
LINE
8
BLACK
6
CONTINUOUS
10
3.5311206299212596
20
1.1008607874015748
11
3.5327499212598426
21
1.0992314960629921
0
LINE
8
BLACK
6
CONTINUOUS
10
3.5327499212598426
20
1.0992314960629921
11
3.5336317322834643
21
1.0971026771653543
0
LINE
8
BLACK
6
CONTINUOUS
10
3.5336317322834643
20
1.0971026771653543
11
3.5336317322834643
21
1.0947984251968503
0
LINE
8
BLACK
6
CONTINUOUS
10
3.5336317322834643
20
1.0947984251968503
11
3.5327499212598426
21
1.0926696062992125
0
LINE
8
BLACK
6
CONTINUOUS
10
3.5327499212598426
20
1.0926696062992125
11
3.5311206299212596
21
1.0910403149606298
0
LINE
8
BLACK
6
CONTINUOUS
10
3.5311206299212596
20
1.0910403149606298
11
3.528991811023622
21
1.0901585039370079
0
LINE
8
BLACK
6
CONTINUOUS
10
3.528991811023622
20
1.0901585039370079
11
3.5139930708661415
21
1.0901164960629921
0
LINE
8
BLACK
6
CONTINUOUS
10
3.5139930708661415
20
1.0901164960629921
11
3.5140601574803147
21
1.0678290551181102
0
LINE
8
BLACK
6
CONTINUOUS
10
3.5140601574803147
20
1.0678290551181102
11
3.5140027165354328
21
1.0672459055118111
0
LINE
8
BLACK
6
CONTINUOUS
10
3.5140027165354328
20
1.0672459055118111
11
3.5140137795275588
21
1.0670904724409449
0
LINE
8
BLACK
6
CONTINUOUS
10
3.5140137795275588
20
1.0670904724409449
11
3.513976338582677
21
1.0669782283464566
0
LINE
8
BLACK
6
CONTINUOUS
10
3.513976338582677
20
1.0669782283464566
11
3.5139466929133856
21
1.0666769291338583
0
LINE
8
BLACK
6
CONTINUOUS
10
3.5139466929133856
20
1.0666769291338583
11
3.5135843700787399
21
1.0658022440944881
0
LINE
8
BLACK
6
CONTINUOUS
10
3.5135843700787399
20
1.0658022440944881
11
3.513285118110236
21
1.0649044488188977
0
LINE
8
BLACK
6
CONTINUOUS
10
3.513285118110236
20
1.0649044488188977
11
3.5131460629921261
21
1.0647441338582677
0
LINE
8
BLACK
6
CONTINUOUS
10
3.5131460629921261
20
1.0647441338582677
11
3.5130648818897638
21
1.0645481102362204
0
LINE
8
BLACK
6
CONTINUOUS
10
3.5130648818897638
20
1.0645481102362204
11
3.5123953543307085
21
1.0638785826771653
0
LINE
8
BLACK
6
CONTINUOUS
10
3.5123953543307085
20
1.0638785826771653
11
3.5117753543307084
21
1.0631637401574803
0
LINE
8
BLACK
6
CONTINUOUS
10
3.5117753543307084
20
1.0631637401574803
11
3.5115856299212598
21
1.0630688582677166
0
LINE
8
BLACK
6
CONTINUOUS
10
3.5115856299212598
20
1.0630688582677166
11
3.5114355905511809
21
1.0629188188976377
0
LINE
8
BLACK
6
CONTINUOUS
10
3.5114355905511809
20
1.0629188188976377
11
3.510560866141732
21
1.0625564566929133
0
LINE
8
BLACK
6
CONTINUOUS
10
3.510560866141732
20
1.0625564566929133
11
3.5097144488188974
21
1.0621332677165354
0
LINE
8
BLACK
6
CONTINUOUS
10
3.5097144488188974
20
1.0621332677165354
11
3.5095028346456694
21
1.0621182283464567
0
LINE
8
BLACK
6
CONTINUOUS
10
3.5095028346456694
20
1.0621182283464567
11
3.5093067716535433
21
1.0620370078740158
0
LINE
8
BLACK
6
CONTINUOUS
10
3.5093067716535433
20
1.0620370078740158
11
3.5083599999999997
21
1.0620370078740158
0
LINE
8
BLACK
6
CONTINUOUS
10
3.5083599999999997
20
1.0620370078740158
11
3.5074160236220471
21
1.0619699212598426
0
LINE
8
BLACK
6
CONTINUOUS
10
3.5074160236220471
20
1.0619699212598426
11
3.5072130708661415
21
1.0620370078740158
0
LINE
8
BLACK
6
CONTINUOUS
10
3.5072130708661415
20
1.0620370078740158
11
3.5070025196850394
21
1.0620370078740158
0
LINE
8
BLACK
6
CONTINUOUS
10
3.5070025196850394
20
1.0620370078740158
11
3.5061704330708658
21
1.062381653543307
0
LINE
8
BLACK
6
CONTINUOUS
10
3.5061704330708658
20
1.062381653543307
11
3.4641049606299212
21
1.0762873622047244
0
LINE
8
BLACK
6
CONTINUOUS
10
3.4641049606299212
20
1.0762873622047244
11
3.463047834645669
21
1.0767593307086614
0
LINE
8
BLACK
6
CONTINUOUS
10
3.463047834645669
20
1.0767593307086614
11
3.4613071259842521
21
1.0782690551181102
0
LINE
8
BLACK
6
CONTINUOUS
10
3.4613071259842521
20
1.0782690551181102
11
3.4602766535433069
21
1.0803299606299213
0
LINE
8
BLACK
6
CONTINUOUS
10
3.4602766535433069
20
1.0803299606299213
11
3.4601133070866141
21
1.0826284251968503
0
LINE
8
BLACK
6
CONTINUOUS
10
3.4601133070866141
20
1.0826284251968503
11
3.4608419685039369
21
1.0848144094488188
0
LINE
8
BLACK
6
CONTINUOUS
10
3.4608419685039369
20
1.0848144094488188
11
3.4623516929133857
21
1.0865551181102362
0
LINE
8
BLACK
6
CONTINUOUS
10
3.4623516929133857
20
1.0865551181102362
11
3.4644125984251968
21
1.0875855905511811
0
LINE
8
BLACK
6
CONTINUOUS
10
3.4644125984251968
20
1.0875855905511811
11
3.4667110629921258
21
1.0877489370078739
0
LINE
8
BLACK
6
CONTINUOUS
10
3.4667110629921258
20
1.0877489370078739
11
3.5023346062992124
21
1.0759727952755904
0
LINE
8
BLACK
6
CONTINUOUS
10
3.5023346062992124
20
1.0759727952755904
11
3.5022921653543304
21
1.0900837401574803
0
LINE
8
BLACK
6
CONTINUOUS
10
3.5022921653543304
20
1.0900837401574803
11
3.4884696062992124
21
1.0900450393700787
0
LINE
8
BLACK
6
CONTINUOUS
10
3.4884696062992124
20
1.0900450393700787
11
3.4873174803149607
21
1.0901585039370079
0
LINE
8
BLACK
6
CONTINUOUS
10
3.4873174803149607
20
1.0901585039370079
11
3.4851886614173226
21
1.0910403149606298
0
LINE
8
BLACK
6
CONTINUOUS
10
3.4851886614173226
20
1.0910403149606298
11
3.4835593700787402
21
1.0926696062992125
0
LINE
8
BLACK
6
CONTINUOUS
10
3.4835593700787402
20
1.0926696062992125
11
3.482677559055118
21
1.0947984251968503
0
LINE
8
BLACK
6
CONTINUOUS
10
3.482677559055118
20
1.0947984251968503
11
3.482677559055118
21
1.0971026771653543
0
LINE
8
BLACK
6
CONTINUOUS
10
3.482677559055118
20
1.0971026771653543
11
3.4835593700787402
21
1.0992314960629921
0
LINE
8
BLACK
6
CONTINUOUS
10
3.4835593700787402
20
1.0992314960629921
11
3.4851886614173226
21
1.1008607874015748
0
LINE
8
BLACK
6
CONTINUOUS
10
3.4851886614173226
20
1.1008607874015748
11
3.4873174803149607
21
1.1017425984251967
0
LINE
8
BLACK
6
CONTINUOUS
10
3.4873174803149607
20
1.1017425984251967
11
3.5022569291338583
21
1.1017844094488189
0
LINE
8
BLACK
6
CONTINUOUS
10
3.5022569291338583
20
1.1017844094488189
11
3.5022491338582675
21
1.1043869685039369
0
LINE
8
BLACK
6
CONTINUOUS
10
3.5022491338582675
20
1.1043869685039369
11
3.5023625984251967
21
1.1055390944881889
0
LINE
8
BLACK
6
CONTINUOUS
10
3.5023625984251967
20
1.1055390944881889
11
3.5032444094488189
21
1.1076679133858267
0
LINE
8
BLACK
6
CONTINUOUS
10
3.5032444094488189
20
1.1076679133858267
11
3.5048737007874013
21
1.1092972047244094
0
LINE
8
BLACK
6
CONTINUOUS
10
3.5048737007874013
20
1.1092972047244094
11
3.5070025196850394
21
1.1101790157480316
0
LINE
8
BLACK
6
CONTINUOUS
10
3.5070025196850394
20
1.1101790157480316
11
3.5093067716535433
21
1.1101790157480316
0
LINE
8
BLACK
6
CONTINUOUS
10
3.5093067716535433
20
1.1101790157480316
11
3.5114355905511809
21
1.1092972047244094
0
LINE
8
BLACK
6
CONTINUOUS
10
3.5177432283464567
20
1.163609842519685
11
3.5179392913385827
21
1.1635285826771653
0
LINE
8
BLACK
6
CONTINUOUS
10
3.5179392913385827
20
1.1635285826771653
11
3.5181509055118108
21
1.1635135826771654
0
LINE
8
BLACK
6
CONTINUOUS
10
3.5181509055118108
20
1.1635135826771654
11
3.5192369291338581
21
1.1629910629921261
0
LINE
8
BLACK
6
CONTINUOUS
10
3.5192369291338581
20
1.1629910629921261
11
3.5198720472440943
21
1.1627280314960631
0
LINE
8
BLACK
6
CONTINUOUS
10
3.5198720472440943
20
1.1627280314960631
11
3.5199538582677166
21
1.1626461811023623
0
LINE
8
BLACK
6
CONTINUOUS
10
3.5199538582677166
20
1.1626461811023623
11
3.5248564173228347
21
1.1602876771653543
0
LINE
8
BLACK
6
CONTINUOUS
10
3.5248564173228347
20
1.1602876771653543
11
3.5253522834645667
21
1.1599755118110235
0
LINE
8
BLACK
6
CONTINUOUS
10
3.5253522834645667
20
1.1599755118110235
11
3.5254962598425195
21
1.1599159055118109
0
LINE
8
BLACK
6
CONTINUOUS
10
3.5254962598425195
20
1.1599159055118109
11
3.5255909448818898
21
1.1598252755905512
0
LINE
8
BLACK
6
CONTINUOUS
10
3.5255909448818898
20
1.1598252755905512
11
3.525836181102362
21
1.1596709448818898
0
LINE
8
BLACK
6
CONTINUOUS
10
3.525836181102362
20
1.1596709448818898
11
3.5262448031496061
21
1.1591997637795275
0
LINE
8
BLACK
6
CONTINUOUS
10
3.5262448031496061
20
1.1591997637795275
11
3.529203346456693
21
1.1563693700787401
0
LINE
8
BLACK
6
CONTINUOUS
10
3.529203346456693
20
1.1563693700787401
11
3.5295749606299212
21
1.1559164960629922
0
LINE
8
BLACK
6
CONTINUOUS
10
3.5295749606299212
20
1.1559164960629922
11
3.5296929133858268
21
1.155814251968504
0
LINE
8
BLACK
6
CONTINUOUS
10
3.5296929133858268
20
1.155814251968504
11
3.5297514173228346
21
1.1557014960629921
0
LINE
8
BLACK
6
CONTINUOUS
10
3.5297514173228346
20
1.1557014960629921
11
3.5299377952755906
21
1.1554744488188977
0
LINE
8
BLACK
6
CONTINUOUS
10
3.5299377952755906
20
1.1554744488188977
11
3.5302078346456693
21
1.154822440944882
0
LINE
8
BLACK
6
CONTINUOUS
10
3.5302078346456693
20
1.154822440944882
11
3.5331217716535432
21
1.1492101574803149
0
LINE
8
BLACK
6
CONTINUOUS
10
3.5331217716535432
20
1.1492101574803149
11
3.5335355118110234
21
1.148128937007874
0
LINE
8
BLACK
6
CONTINUOUS
10
3.5335355118110234
20
1.148128937007874
11
3.5335505118110238
21
1.147917283464567
0
LINE
8
BLACK
6
CONTINUOUS
10
3.5335505118110238
20
1.147917283464567
11
3.5336317322834643
21
1.1477212992125985
0
LINE
8
BLACK
6
CONTINUOUS
10
3.5336317322834643
20
1.1477212992125985
11
3.5336396062992126
21
1.1466636220472441
0
LINE
8
BLACK
6
CONTINUOUS
10
3.5336396062992126
20
1.1466636220472441
11
3.5336988188976379
21
1.1458304724409449
0
LINE
8
BLACK
6
CONTINUOUS
10
3.5336988188976379
20
1.1458304724409449
11
3.5336469685039371
21
1.145675
0
LINE
8
BLACK
6
CONTINUOUS
10
3.5336469685039371
20
1.145675
11
3.5337451968503935
21
1.1325084645669292
0
LINE
8
BLACK
6
CONTINUOUS
10
3.5337451968503935
20
1.1325084645669292
11
3.5336317322834643
21
1.131356338582677
0
LINE
8
BLACK
6
CONTINUOUS
10
3.5336317322834643
20
1.131356338582677
11
3.5335505118110238
21
1.13116031496063
0
LINE
8
BLACK
6
CONTINUOUS
10
3.5335505118110238
20
1.13116031496063
11
3.5335355118110234
21
1.1309487007874015
0
LINE
8
BLACK
6
CONTINUOUS
10
3.5335355118110234
20
1.1309487007874015
11
3.5330128346456693
21
1.1298622440944881
0
LINE
8
BLACK
6
CONTINUOUS
10
3.5330128346456693
20
1.1298622440944881
11
3.5327499212598426
21
1.1292275196850394
0
LINE
8
BLACK
6
CONTINUOUS
10
3.5327499212598426
20
1.1292275196850394
11
3.5326681102362203
21
1.1291457086614174
0
LINE
8
BLACK
6
CONTINUOUS
10
3.5326681102362203
20
1.1291457086614174
11
3.5303096062992125
21
1.1242431496062992
0
LINE
8
BLACK
6
CONTINUOUS
10
3.5303096062992125
20
1.1242431496062992
11
3.5299974409448818
21
1.1237472047244095
0
LINE
8
BLACK
6
CONTINUOUS
10
3.5299974409448818
20
1.1237472047244095
11
3.5299377952755906
21
1.123603188976378
0
LINE
8
BLACK
6
CONTINUOUS
10
3.5299377952755906
20
1.123603188976378
11
3.5298471653543304
21
1.1235084645669291
0
LINE
8
BLACK
6
CONTINUOUS
10
3.5298471653543304
20
1.1235084645669291
11
3.5296929133858268
21
1.1232633858267715
0
LINE
8
BLACK
6
CONTINUOUS
10
3.5296929133858268
20
1.1232633858267715
11
3.5292217322834647
21
1.1228547244094489
0
LINE
8
BLACK
6
CONTINUOUS
10
3.5292217322834647
20
1.1228547244094489
11
3.5263911811023623
21
1.1198961417322835
0
LINE
8
BLACK
6
CONTINUOUS
10
3.5263911811023623
20
1.1198961417322835
11
3.5254962598425195
21
1.1191617322834646
0
LINE
8
BLACK
6
CONTINUOUS
10
3.5254962598425195
20
1.1191617322834646
11
3.5233674409448819
21
1.1182799606299212
0
LINE
8
BLACK
6
CONTINUOUS
10
3.5233674409448819
20
1.1182799606299212
11
3.5210632677165354
21
1.1182799606299212
0
LINE
8
BLACK
6
CONTINUOUS
10
3.5210632677165354
20
1.1182799606299212
11
3.5189344488188974
21
1.1191617716535434
0
LINE
8
BLACK
6
CONTINUOUS
10
3.5189344488188974
20
1.1191617716535434
11
3.5173051181102362
21
1.1207911417322833
0
LINE
8
BLACK
6
CONTINUOUS
10
3.5173051181102362
20
1.1207911417322833
11
3.5164233464566927
21
1.1229199606299212
0
LINE
8
BLACK
6
CONTINUOUS
10
3.5164233464566927
20
1.1229199606299212
11
3.5164233464566927
21
1.1252241338582676
0
LINE
8
BLACK
6
CONTINUOUS
10
3.5164233464566927
20
1.1252241338582676
11
3.5173051574803149
21
1.1273529527559054
0
LINE
8
BLACK
6
CONTINUOUS
10
3.5173051574803149
20
1.1273529527559054
11
3.5203257874015748
21
1.1305101968503937
0
LINE
8
BLACK
6
CONTINUOUS
10
3.5203257874015748
20
1.1305101968503937
11
3.5220275590551182
21
1.1340476377952755
0
LINE
8
BLACK
6
CONTINUOUS
10
3.5220275590551182
20
1.1340476377952755
11
3.5219434645669292
21
1.145319094488189
0
LINE
8
BLACK
6
CONTINUOUS
10
3.5219434645669292
20
1.145319094488189
11
3.520111496062992
21
1.1488475196850394
0
LINE
8
BLACK
6
CONTINUOUS
10
3.520111496062992
20
1.1488475196850394
11
3.5185892125984251
21
1.1503038976377953
0
LINE
8
BLACK
6
CONTINUOUS
10
3.5185892125984251
20
1.1503038976377953
11
3.5150518897637792
21
1.1520056692913385
0
LINE
8
BLACK
6
CONTINUOUS
10
3.5150518897637792
20
1.1520056692913385
11
3.5037804724409449
21
1.1519215748031495
0
LINE
8
BLACK
6
CONTINUOUS
10
3.5037804724409449
20
1.1519215748031495
11
3.5002518897637795
21
1.150089527559055
0
LINE
8
BLACK
6
CONTINUOUS
10
3.5002518897637795
20
1.150089527559055
11
3.4987956299212599
21
1.1485673622047243
0
LINE
8
BLACK
6
CONTINUOUS
10
3.4987956299212599
20
1.1485673622047243
11
3.4970938582677165
21
1.14503
0
LINE
8
BLACK
6
CONTINUOUS
10
3.4970938582677165
20
1.14503
11
3.4971779527559055
21
1.1337585826771652
0
LINE
8
BLACK
6
CONTINUOUS
10
3.4971779527559055
20
1.1337585826771652
11
3.4990099999999997
21
1.1302299606299213
0
LINE
8
BLACK
6
CONTINUOUS
10
3.4990099999999997
20
1.1302299606299213
11
3.5010818503937009
21
1.128247874015748
0
LINE
8
BLACK
6
CONTINUOUS
10
3.5010818503937009
20
1.128247874015748
11
3.5018162992125985
21
1.1273529527559054
0
LINE
8
BLACK
6
CONTINUOUS
10
3.5018162992125985
20
1.1273529527559054
11
3.5019300787401573
21
1.1270781889763779
0
LINE
8
BLACK
6
CONTINUOUS
10
3.5019300787401573
20
1.1270781889763779
11
3.5021183858267717
21
1.1268480708661417
0
LINE
8
BLACK
6
CONTINUOUS
10
3.5021183858267717
20
1.1268480708661417
11
3.5023677165354328
21
1.1260216141732282
0
LINE
8
BLACK
6
CONTINUOUS
10
3.5023677165354328
20
1.1260216141732282
11
3.5026980708661415
21
1.1252241338582676
0
LINE
8
BLACK
6
CONTINUOUS
10
3.5026980708661415
20
1.1252241338582676
11
3.5026980708661415
21
1.1249267716535434
0
LINE
8
BLACK
6
CONTINUOUS
10
3.5026980708661415
20
1.1249267716535434
11
3.5027839763779527
21
1.1246420866141733
0
LINE
8
BLACK
6
CONTINUOUS
10
3.5027839763779527
20
1.1246420866141733
11
3.5026980708661415
21
1.1237831496062991
0
LINE
8
BLACK
6
CONTINUOUS
10
3.5026980708661415
20
1.1237831496062991
11
3.5026981102362202
21
1.1229199606299212
0
LINE
8
BLACK
6
CONTINUOUS
10
3.5026981102362202
20
1.1229199606299212
11
3.5025842913385827
21
1.1226451968503937
0
LINE
8
BLACK
6
CONTINUOUS
10
3.5025842913385827
20
1.1226451968503937
11
3.5025547244094488
21
1.1223492913385826
0
LINE
8
BLACK
6
CONTINUOUS
10
3.5025547244094488
20
1.1223492913385826
11
3.5021466535433068
21
1.1215886614173227
0
LINE
8
BLACK
6
CONTINUOUS
10
3.5021466535433068
20
1.1215886614173227
11
3.5018163385826773
21
1.1207911417322833
0
LINE
8
BLACK
6
CONTINUOUS
10
3.5018163385826773
20
1.1207911417322833
11
3.5016059842519685
21
1.1205807874015747
0
LINE
8
BLACK
6
CONTINUOUS
10
3.5016059842519685
20
1.1205807874015747
11
3.5014654330708659
21
1.1203187795275591
0
LINE
8
BLACK
6
CONTINUOUS
10
3.5014654330708659
20
1.1203187795275591
11
3.5007974803149606
21
1.1197722834645669
0
LINE
8
BLACK
6
CONTINUOUS
10
3.5007974803149606
20
1.1197722834645669
11
3.5001870078740156
21
1.1191617716535434
0
LINE
8
BLACK
6
CONTINUOUS
10
3.5001870078740156
20
1.1191617716535434
11
3.4999122047244096
21
1.1190479527559054
0
LINE
8
BLACK
6
CONTINUOUS
10
3.4999122047244096
20
1.1190479527559054
11
3.4996821259842519
21
1.1188596850393699
0
LINE
8
BLACK
6
CONTINUOUS
10
3.4996821259842519
20
1.1188596850393699
11
3.4988555511811024
21
1.1186102755905512
0
LINE
8
BLACK
6
CONTINUOUS
10
3.4988555511811024
20
1.1186102755905512
11
3.498058188976378
21
1.1182799999999999
0
LINE
8
BLACK
6
CONTINUOUS
10
3.498058188976378
20
1.1182799999999999
11
3.4977609448818896
21
1.1182799606299212
0
LINE
8
BLACK
6
CONTINUOUS
10
3.4977609448818896
20
1.1182799606299212
11
3.4974761417322835
21
1.1181940551181102
0
LINE
8
BLACK
6
CONTINUOUS
10
3.4974761417322835
20
1.1181940551181102
11
3.4965820866141732
21
1.1182799606299212
0
LINE
8
BLACK
6
CONTINUOUS
10
3.4965820866141732
20
1.1182799606299212
11
3.4957540157480316
21
1.1182799606299212
0
LINE
8
BLACK
6
CONTINUOUS
10
3.4957540157480316
20
1.1182799606299212
11
3.4955037795275592
21
1.1183835826771653
0
LINE
8
BLACK
6
CONTINUOUS
10
3.4955037795275592
20
1.1183835826771653
11
3.4681969685039369
21
1.1210079133858268
0
LINE
8
BLACK
6
CONTINUOUS
10
3.4681969685039369
20
1.1210079133858268
11
3.4677770866141731
21
1.1210920866141731
0
LINE
8
BLACK
6
CONTINUOUS
10
3.4677770866141731
20
1.1210920866141731
11
3.467632440944882
21
1.1210920866141731
0
LINE
8
BLACK
6
CONTINUOUS
10
3.467632440944882
20
1.1210920866141731
11
3.4674967716535434
21
1.1211482677165354
0
LINE
8
BLACK
6
CONTINUOUS
10
3.4674967716535434
20
1.1211482677165354
11
3.4670618503937005
21
1.1212354724409448
0
LINE
8
BLACK
6
CONTINUOUS
10
3.4670618503937005
20
1.1212354724409448
11
3.4663011417322833
21
1.1216435039370078
0
LINE
8
BLACK
6
CONTINUOUS
10
3.4663011417322833
20
1.1216435039370078
11
3.4655036220472439
21
1.1219738976377953
0
LINE
8
BLACK
6
CONTINUOUS
10
3.4655036220472439
20
1.1219738976377953
11
3.4652933464566926
21
1.1221841338582677
0
LINE
8
BLACK
6
CONTINUOUS
10
3.4652933464566926
20
1.1221841338582677
11
3.4650313385826772
21
1.1223247244094487
0
LINE
8
BLACK
6
CONTINUOUS
10
3.4650313385826772
20
1.1223247244094487
11
3.4644847637795273
21
1.122992716535433
0
LINE
8
BLACK
6
CONTINUOUS
10
3.4644847637795273
20
1.122992716535433
11
3.4638743307086615
21
1.123603188976378
0
LINE
8
BLACK
6
CONTINUOUS
10
3.4638743307086615
20
1.123603188976378
11
3.4637604724409448
21
1.1238779527559055
0
LINE
8
BLACK
6
CONTINUOUS
10
3.4637604724409448
20
1.1238779527559055
11
3.4635722440944883
21
1.1241080708661417
0
LINE
8
BLACK
6
CONTINUOUS
10
3.4635722440944883
20
1.1241080708661417
11
3.463322874015748
21
1.1249343700787402
0
LINE
8
BLACK
6
CONTINUOUS
10
3.463322874015748
20
1.1249343700787402
11
3.4629925196850393
21
1.1257320078740156
0
LINE
8
BLACK
6
CONTINUOUS
10
3.4629925196850393
20
1.1257320078740156
11
3.4629913385826772
21
1.1260331889763779
0
LINE
8
BLACK
6
CONTINUOUS
10
3.4629913385826772
20
1.1260331889763779
11
3.4629066141732281
21
1.1263140551181101
0
LINE
8
BLACK
6
CONTINUOUS
10
3.4629066141732281
20
1.1263140551181101
11
3.462987125984252
21
1.1271192913385826
0
LINE
8
BLACK
6
CONTINUOUS
10
3.462987125984252
20
1.1271192913385826
11
3.4628790551181101
21
1.1550056299212599
0
LINE
8
BLACK
6
CONTINUOUS
10
3.4628790551181101
20
1.1550056299212599
11
3.4629925196850393
21
1.1561577559055118
0
LINE
8
BLACK
6
CONTINUOUS
10
3.4629925196850393
20
1.1561577559055118
11
3.4638743307086615
21
1.1582865748031497
0
LINE
8
BLACK
6
CONTINUOUS
10
3.4638743307086615
20
1.1582865748031497
11
3.4655036220472439
21
1.1599158661417324
0
LINE
8
BLACK
6
CONTINUOUS
10
3.4655036220472439
20
1.1599158661417324
11
3.467632440944882
21
1.1607976771653543
0
LINE
8
BLACK
6
CONTINUOUS
10
3.467632440944882
20
1.1607976771653543
11
3.4699366929133859
21
1.1607976771653543
0
LINE
8
BLACK
6
CONTINUOUS
10
3.4699366929133859
20
1.1607976771653543
11
3.4720655118110235
21
1.1599158661417324
0
LINE
8
BLACK
6
CONTINUOUS
10
3.4720655118110235
20
1.1599158661417324
11
3.4736948031496064
21
1.1582865748031497
0
LINE
8
BLACK
6
CONTINUOUS
10
3.4736948031496064
20
1.1582865748031497
11
3.4745766141732282
21
1.1561577559055118
0
LINE
8
BLACK
6
CONTINUOUS
10
3.4745766141732282
20
1.1561577559055118
11
3.4746696850393701
21
1.1321416929133858
0
LINE
8
BLACK
6
CONTINUOUS
10
3.4746696850393701
20
1.1321416929133858
11
3.4855756299212599
21
1.1310935826771653
0
LINE
8
BLACK
6
CONTINUOUS
10
3.4855756299212599
20
1.1310935826771653
11
3.4855709055118109
21
1.13116031496063
0
LINE
8
BLACK
6
CONTINUOUS
10
3.4855709055118109
20
1.13116031496063
11
3.4854897244094487
21
1.131356338582677
0
LINE
8
BLACK
6
CONTINUOUS
10
3.4854897244094487
20
1.131356338582677
11
3.4854818110236221
21
1.1324139370078741
0
LINE
8
BLACK
6
CONTINUOUS
10
3.4854818110236221
20
1.1324139370078741
11
3.4854226377952755
21
1.133247125984252
0
LINE
8
BLACK
6
CONTINUOUS
10
3.4854226377952755
20
1.133247125984252
11
3.4854744488188976
21
1.133402559055118
0
LINE
8
BLACK
6
CONTINUOUS
10
3.4854744488188976
20
1.133402559055118
11
3.4853762598425195
21
1.1465691732283465
0
LINE
8
BLACK
6
CONTINUOUS
10
3.4853762598425195
20
1.1465691732283465
11
3.4854897244094487
21
1.1477212992125985
0
LINE
8
BLACK
6
CONTINUOUS
10
3.4854897244094487
20
1.1477212992125985
11
3.4855709055118109
21
1.147917283464567
0
LINE
8
BLACK
6
CONTINUOUS
10
3.4855709055118109
20
1.147917283464567
11
3.4855859448818896
21
1.148128937007874
0
LINE
8
BLACK
6
CONTINUOUS
10
3.4855859448818896
20
1.148128937007874
11
3.4861086220472441
21
1.1492153937007874
0
LINE
8
BLACK
6
CONTINUOUS
10
3.4861086220472441
20
1.1492153937007874
11
3.4863715354330709
21
1.1498501181102363
0
LINE
8
BLACK
6
CONTINUOUS
10
3.4863715354330709
20
1.1498501181102363
11
3.4864532677165352
21
1.1499318503937008
0
LINE
8
BLACK
6
CONTINUOUS
10
3.4864532677165352
20
1.1499318503937008
11
3.4888118503937009
21
1.154834527559055
0
LINE
8
BLACK
6
CONTINUOUS
10
3.4888118503937009
20
1.154834527559055
11
3.4891239763779525
21
1.1553303543307087
0
LINE
8
BLACK
6
CONTINUOUS
10
3.4891239763779525
20
1.1553303543307087
11
3.4891836614173228
21
1.1554744488188977
0
LINE
8
BLACK
6
CONTINUOUS
10
3.4891836614173228
20
1.1554744488188977
11
3.4892743307086613
21
1.1555692125984252
0
LINE
8
BLACK
6
CONTINUOUS
10
3.4892743307086613
20
1.1555692125984252
11
3.4894285826771654
21
1.155814251968504
0
LINE
8
BLACK
6
CONTINUOUS
10
3.4894285826771654
20
1.155814251968504
11
3.4898995669291337
21
1.1562227165354331
0
LINE
8
BLACK
6
CONTINUOUS
10
3.4898995669291337
20
1.1562227165354331
11
3.4927302755905512
21
1.159181496062992
0
LINE
8
BLACK
6
CONTINUOUS
10
3.4927302755905512
20
1.159181496062992
11
3.4931830314960628
21
1.1595530708661417
0
LINE
8
BLACK
6
CONTINUOUS
10
3.4931830314960628
20
1.1595530708661417
11
3.493285275590551
21
1.1596709448818898
0
LINE
8
BLACK
6
CONTINUOUS
10
3.493285275590551
20
1.1596709448818898
11
3.4933979527559056
21
1.1597294488188976
0
LINE
8
BLACK
6
CONTINUOUS
10
3.4933979527559056
20
1.1597294488188976
11
3.4936251574803148
21
1.1599159055118109
0
LINE
8
BLACK
6
CONTINUOUS
10
3.4936251574803148
20
1.1599159055118109
11
3.4942773228346455
21
1.1601860236220471
0
LINE
8
BLACK
6
CONTINUOUS
10
3.4942773228346455
20
1.1601860236220471
11
3.4998892913385826
21
1.163099842519685
0
LINE
8
BLACK
6
CONTINUOUS
10
3.4998892913385826
20
1.163099842519685
11
3.5009705511811022
21
1.1635135826771654
0
LINE
8
BLACK
6
CONTINUOUS
10
3.5009705511811022
20
1.1635135826771654
11
3.5011821259842519
21
1.1635285826771653
0
LINE
8
BLACK
6
CONTINUOUS
10
3.5011821259842519
20
1.1635285826771653
11
3.5013782283464567
21
1.163609842519685
0
LINE
8
BLACK
6
CONTINUOUS
10
3.5013782283464567
20
1.163609842519685
11
3.5024359842519686
21
1.1636177165354331
0
LINE
8
BLACK
6
CONTINUOUS
10
3.5024359842519686
20
1.1636177165354331
11
3.5032689763779525
21
1.1636769291338582
0
LINE
8
BLACK
6
CONTINUOUS
10
3.5032689763779525
20
1.1636769291338582
11
3.5034244488188975
21
1.1636250787401574
0
LINE
8
BLACK
6
CONTINUOUS
10
3.5034244488188975
20
1.1636250787401574
11
3.5165911023622045
21
1.1637233070866142
0
LINE
8
BLACK
6
CONTINUOUS
10
3.5165911023622045
20
1.1637233070866142
11
3.5177432283464567
21
1.163609842519685
0
LINE
8
BLACK
6
CONTINUOUS
10
3.4862405905511809
20
1.2199088188976377
11
3.4863961023622045
21
1.2199198818897639
0
LINE
8
BLACK
6
CONTINUOUS
10
3.4863961023622045
20
1.2199198818897639
11
3.4865146456692915
21
1.219881811023622
0
LINE
8
BLACK
6
CONTINUOUS
10
3.4865146456692915
20
1.219881811023622
11
3.4868096062992127
21
1.2198527952755904
0
LINE
8
BLACK
6
CONTINUOUS
10
3.4868096062992127
20
1.2198527952755904
11
3.4875117716535433
21
1.2195619291338582
0
LINE
8
BLACK
6
CONTINUOUS
10
3.4875117716535433
20
1.2195619291338582
11
3.4959613779527556
21
1.2168510236220471
0
LINE
8
BLACK
6
CONTINUOUS
10
3.4959613779527556
20
1.2168510236220471
11
3.4970185039370079
21
1.2163790551181102
0
LINE
8
BLACK
6
CONTINUOUS
10
3.4970185039370079
20
1.2163790551181102
11
3.4971787401574801
21
1.2162400393700787
0
LINE
8
BLACK
6
CONTINUOUS
10
3.4971787401574801
20
1.2162400393700787
11
3.4973748031496061
21
1.2161588582677165
0
LINE
8
BLACK
6
CONTINUOUS
10
3.4973748031496061
20
1.2161588582677165
11
3.4980685433070864
21
1.2154682677165354
0
LINE
8
BLACK
6
CONTINUOUS
10
3.4980685433070864
20
1.2154682677165354
11
3.4987592125984253
21
1.2148692913385826
0
LINE
8
BLACK
6
CONTINUOUS
10
3.4987592125984253
20
1.2148692913385826
11
3.4988472047244095
21
1.2146932283464567
0
LINE
8
BLACK
6
CONTINUOUS
10
3.4988472047244095
20
1.2146932283464567
11
3.5220016141732282
21
1.1916461023622047
0
LINE
8
BLACK
6
CONTINUOUS
10
3.5220016141732282
20
1.1916461023622047
11
3.5219341732283462
21
1.214060748031496
0
LINE
8
BLACK
6
CONTINUOUS
10
3.5219341732283462
20
1.214060748031496
11
3.5220476377952754
21
1.215212874015748
0
LINE
8
BLACK
6
CONTINUOUS
10
3.5220476377952754
20
1.215212874015748
11
3.5229294488188976
21
1.2173416929133858
0
LINE
8
BLACK
6
CONTINUOUS
10
3.5229294488188976
20
1.2173416929133858
11
3.5245587401574801
21
1.2189709842519685
0
LINE
8
BLACK
6
CONTINUOUS
10
3.5245587401574801
20
1.2189709842519685
11
3.5266875590551181
21
1.2198527952755904
0
LINE
8
BLACK
6
CONTINUOUS
10
3.5266875590551181
20
1.2198527952755904
11
3.528991811023622
21
1.2198527952755904
0
LINE
8
BLACK
6
CONTINUOUS
10
3.528991811023622
20
1.2198527952755904
11
3.5311206299212596
21
1.2189709842519685
0
LINE
8
BLACK
6
CONTINUOUS
10
3.5311206299212596
20
1.2189709842519685
11
3.5327499212598426
21
1.2173416929133858
0
LINE
8
BLACK
6
CONTINUOUS
10
3.5327499212598426
20
1.2173416929133858
11
3.5336317322834643
21
1.215212874015748
0
LINE
8
BLACK
6
CONTINUOUS
10
3.5336317322834643
20
1.215212874015748
11
3.5337451968503935
21
1.1775027952755905
0
LINE
8
BLACK
6
CONTINUOUS
10
3.5337451968503935
20
1.1775027952755905
11
3.5336317322834643
21
1.1763507086614173
0
LINE
8
BLACK
6
CONTINUOUS
10
3.5336317322834643
20
1.1763507086614173
11
3.5327499606299213
21
1.1742218897637795
0
LINE
8
BLACK
6
CONTINUOUS
10
3.5327499606299213
20
1.1742218897637795
11
3.5311205905511809
21
1.1725925196850393
0
LINE
8
BLACK
6
CONTINUOUS
10
3.5311205905511809
20
1.1725925196850393
11
3.5298735826771654
21
1.1720759842519686
0
LINE
8
BLACK
6
CONTINUOUS
10
3.5298735826771654
20
1.1720759842519686
11
3.528991811023622
21
1.1717107480314961
0
LINE
8
BLACK
6
CONTINUOUS
10
3.528991811023622
20
1.1717107480314961
11
3.5289917716535433
21
1.1717107480314961
0
LINE
8
BLACK
6
CONTINUOUS
10
3.5289917716535433
20
1.1717107480314961
11
3.5266875984251969
21
1.1717107480314961
0
LINE
8
BLACK
6
CONTINUOUS
10
3.5266875984251969
20
1.1717107480314961
11
3.5266875590551181
21
1.1717107480314961
0
LINE
8
BLACK
6
CONTINUOUS
10
3.5266875590551181
20
1.1717107480314961
11
3.5260640551181099
21
1.1719690157480314
0
LINE
8
BLACK
6
CONTINUOUS
10
3.5260640551181099
20
1.1719690157480314
11
3.5245587401574801
21
1.1725925196850393
0
LINE
8
BLACK
6
CONTINUOUS
10
3.5245587401574801
20
1.1725925196850393
11
3.4907787007874016
21
1.2062160629921259
0
LINE
8
BLACK
6
CONTINUOUS
10
3.4907787007874016
20
1.2062160629921259
11
3.4845013779527556
21
1.2082300393700787
0
LINE
8
BLACK
6
CONTINUOUS
10
3.4845013779527556
20
1.2082300393700787
11
3.4813063779527558
21
1.2081765354330709
0
LINE
8
BLACK
6
CONTINUOUS
10
3.4813063779527558
20
1.2081765354330709
11
3.4777547637795276
21
1.2063325196850394
0
LINE
8
BLACK
6
CONTINUOUS
10
3.4777547637795276
20
1.2063325196850394
11
3.4762984645669293
21
1.20481031496063
0
LINE
8
BLACK
6
CONTINUOUS
10
3.4762984645669293
20
1.20481031496063
11
3.474596653543307
21
1.2012729133858266
0
LINE
8
BLACK
6
CONTINUOUS
10
3.474596653543307
20
1.2012729133858266
11
3.4746807480314961
21
1.1900014960629921
0
LINE
8
BLACK
6
CONTINUOUS
10
3.4746807480314961
20
1.1900014960629921
11
3.4765127952755903
21
1.1864729527559055
0
LINE
8
BLACK
6
CONTINUOUS
10
3.4765127952755903
20
1.1864729527559055
11
3.4785846850393698
21
1.1844907874015749
0
LINE
8
BLACK
6
CONTINUOUS
10
3.4785846850393698
20
1.1844907874015749
11
3.4793191338582679
21
1.183595905511811
0
LINE
8
BLACK
6
CONTINUOUS
10
3.4793191338582679
20
1.183595905511811
11
3.4802008661417321
21
1.1814670472440945
0
LINE
8
BLACK
6
CONTINUOUS
10
3.4802008661417321
20
1.1814670472440945
11
3.4802008661417321
21
1.179162874015748
0
LINE
8
BLACK
6
CONTINUOUS
10
3.4802008661417321
20
1.179162874015748
11
3.4793191338582679
21
1.1770340551181102
0
LINE
8
BLACK
6
CONTINUOUS
10
3.4793191338582679
20
1.1770340551181102
11
3.4776897637795274
21
1.17540468503937
0
LINE
8
BLACK
6
CONTINUOUS
10
3.4776897637795274
20
1.17540468503937
11
3.4755609448818898
21
1.1745229527559056
0
LINE
8
BLACK
6
CONTINUOUS
10
3.4755609448818898
20
1.1745229527559056
11
3.4732567716535434
21
1.1745229527559056
0
LINE
8
BLACK
6
CONTINUOUS
10
3.4732567716535434
20
1.1745229527559056
11
3.4711279133858266
21
1.17540468503937
0
LINE
8
BLACK
6
CONTINUOUS
10
3.4711279133858266
20
1.17540468503937
11
3.467420905511811
21
1.1789512598425196
0
LINE
8
BLACK
6
CONTINUOUS
10
3.467420905511811
20
1.1789512598425196
11
3.4670492519685037
21
1.1794040551181102
0
LINE
8
BLACK
6
CONTINUOUS
10
3.4670492519685037
20
1.1794040551181102
11
3.4669314173228347
21
1.1795062992125984
0
LINE
8
BLACK
6
CONTINUOUS
10
3.4669314173228347
20
1.1795062992125984
11
3.4668728740157482
21
1.1796189763779528
0
LINE
8
BLACK
6
CONTINUOUS
10
3.4668728740157482
20
1.1796189763779528
11
3.4666864566929134
21
1.1798461811023622
0
LINE
8
BLACK
6
CONTINUOUS
10
3.4666864566929134
20
1.1798461811023622
11
3.4664162598425197
21
1.1804984645669292
0
LINE
8
BLACK
6
CONTINUOUS
10
3.4664162598425197
20
1.1804984645669292
11
3.4635025196850391
21
1.1861103937007873
0
LINE
8
BLACK
6
CONTINUOUS
10
3.4635025196850391
20
1.1861103937007873
11
3.4630887401574801
21
1.1871916141732284
0
LINE
8
BLACK
6
CONTINUOUS
10
3.4630887401574801
20
1.1871916141732284
11
3.4630736614173228
21
1.1874033070866141
0
LINE
8
BLACK
6
CONTINUOUS
10
3.4630736614173228
20
1.1874033070866141
11
3.4629925196850393
21
1.1875992913385827
0
LINE
8
BLACK
6
CONTINUOUS
10
3.4629925196850393
20
1.1875992913385827
11
3.4629846062992127
21
1.1886568503937007
0
LINE
8
BLACK
6
CONTINUOUS
10
3.4629846062992127
20
1.1886568503937007
11
3.4629254330708661
21
1.1894900787401574
0
LINE
8
BLACK
6
CONTINUOUS
10
3.4629254330708661
20
1.1894900787401574
11
3.4629772440944881
21
1.1896455118110236
0
LINE
8
BLACK
6
CONTINUOUS
10
3.4629772440944881
20
1.1896455118110236
11
3.4628790551181101
21
1.2028121259842519
0
LINE
8
BLACK
6
CONTINUOUS
10
3.4628790551181101
20
1.2028121259842519
11
3.4629925196850393
21
1.2039642519685039
0
LINE
8
BLACK
6
CONTINUOUS
10
3.4629925196850393
20
1.2039642519685039
11
3.4630736614173228
21
1.2041601968503937
0
LINE
8
BLACK
6
CONTINUOUS
10
3.4630736614173228
20
1.2041601968503937
11
3.4630887401574801
21
1.2043719291338582
0
LINE
8
BLACK
6
CONTINUOUS
10
3.4630887401574801
20
1.2043719291338582
11
3.4636114566929135
21
1.2054585039370078
0
LINE
8
BLACK
6
CONTINUOUS
10
3.4636114566929135
20
1.2054585039370078
11
3.4638743307086615
21
1.2060930708661417
0
LINE
8
BLACK
6
CONTINUOUS
10
3.4638743307086615
20
1.2060930708661417
11
3.4639560629921258
21
1.2061748031496062
0
LINE
8
BLACK
6
CONTINUOUS
10
3.4639560629921258
20
1.2061748031496062
11
3.4663146850393698
21
1.2110774803149607
0
LINE
8
BLACK
6
CONTINUOUS
10
3.4663146850393698
20
1.2110774803149607
11
3.466626771653543
21
1.2115732677165354
0
LINE
8
BLACK
6
CONTINUOUS
10
3.466626771653543
20
1.2115732677165354
11
3.4666864566929134
21
1.2117173622047244
0
LINE
8
BLACK
6
CONTINUOUS
10
3.4666864566929134
20
1.2117173622047244
11
3.4667771259842519
21
1.211812125984252
0
LINE
8
BLACK
6
CONTINUOUS
10
3.4667771259842519
20
1.211812125984252
11
3.4669314173228347
21
1.2120572440944881
0
LINE
8
BLACK
6
CONTINUOUS
10
3.4669314173228347
20
1.2120572440944881
11
3.4674024409448818
21
1.212465748031496
0
LINE
8
BLACK
6
CONTINUOUS
10
3.4674024409448818
20
1.212465748031496
11
3.470233031496063
21
1.2154244094488189
0
LINE
8
BLACK
6
CONTINUOUS
10
3.470233031496063
20
1.2154244094488189
11
3.4706858661417321
21
1.2157960629921261
0
LINE
8
BLACK
6
CONTINUOUS
10
3.4706858661417321
20
1.2157960629921261
11
3.4707880708661416
21
1.2159138976377952
0
LINE
8
BLACK
6
CONTINUOUS
10
3.4707880708661416
20
1.2159138976377952
11
3.4709006692913387
21
1.2159723622047245
0
LINE
8
BLACK
6
CONTINUOUS
10
3.4709006692913387
20
1.2159723622047245
11
3.4711279133858266
21
1.2161588582677165
0
LINE
8
BLACK
6
CONTINUOUS
10
3.4711279133858266
20
1.2161588582677165
11
3.4717801574803149
21
1.2164289763779528
0
LINE
8
BLACK
6
CONTINUOUS
10
3.4717801574803149
20
1.2164289763779528
11
3.4773920866141732
21
1.2193427952755904
0
LINE
8
BLACK
6
CONTINUOUS
10
3.4773920866141732
20
1.2193427952755904
11
3.4784733464566928
21
1.2197565354330708
0
LINE
8
BLACK
6
CONTINUOUS
10
3.4784733464566928
20
1.2197565354330708
11
3.4786849212598425
21
1.2197715354330709
0
LINE
8
BLACK
6
CONTINUOUS
10
3.4786849212598425
20
1.2197715354330709
11
3.4788810236220473
21
1.2198527952755904
0
LINE
8
BLACK
6
CONTINUOUS
10
3.4788810236220473
20
1.2198527952755904
11
3.4801196062992124
21
1.2198735039370079
0
LINE
8
BLACK
6
CONTINUOUS
10
3.4801196062992124
20
1.2198735039370079
11
3.4807717716535431
21
1.2199198818897639
0
LINE
8
BLACK
6
CONTINUOUS
10
3.4807717716535431
20
1.2199198818897639
11
3.4808729527559055
21
1.2198861417322835
0
LINE
8
BLACK
6
CONTINUOUS
10
3.4808729527559055
20
1.2198861417322835
11
3.4856574803149605
21
1.2199662598425196
0
LINE
8
BLACK
6
CONTINUOUS
10
3.4856574803149605
20
1.2199662598425196
11
3.4862405905511809
21
1.2199088188976377
0
LINE
8
BLACK
6
CONTINUOUS
10
3.5055434251968505
20
1.2761894094488189
11
3.5056295669291337
21
1.2762022440944882
0
LINE
8
BLACK
6
CONTINUOUS
10
3.5056295669291337
20
1.2762022440944882
11
3.5057794488188976
21
1.2761661417322834
0
LINE
8
BLACK
6
CONTINUOUS
10
3.5057794488188976
20
1.2761661417322834
11
3.5064946456692914
21
1.2760957480314961
0
LINE
8
BLACK
6
CONTINUOUS
10
3.5064946456692914
20
1.2760957480314961
11
3.5070797637795277
21
1.2758533464566928
0
LINE
8
BLACK
6
CONTINUOUS
10
3.5070797637795277
20
1.2758533464566928
11
3.5180233858267718
21
1.2732207086614173
0
LINE
8
BLACK
6
CONTINUOUS
10
3.5180233858267718
20
1.2732207086614173
11
3.5181082283464566
21
1.2731903543307086
0
LINE
8
BLACK
6
CONTINUOUS
10
3.5181082283464566
20
1.2731903543307086
11
3.518150866141732
21
1.2731873622047243
0
LINE
8
BLACK
6
CONTINUOUS
10
3.518150866141732
20
1.2731873622047243
11
3.5182493700787401
21
1.2731399606299212
0
LINE
8
BLACK
6
CONTINUOUS
10
3.5182493700787401
20
1.2731399606299212
11
3.5191135826771651
21
1.272831220472441
0
LINE
8
BLACK
6
CONTINUOUS
10
3.5191135826771651
20
1.272831220472441
11
3.5195253149606298
21
1.2725261023622048
0
LINE
8
BLACK
6
CONTINUOUS
10
3.5195253149606298
20
1.2725261023622048
11
3.5248564173228347
21
1.2699614566929134
0
LINE
8
BLACK
6
CONTINUOUS
10
3.5248564173228347
20
1.2699614566929134
11
3.5253522047244092
21
1.2696493307086614
0
LINE
8
BLACK
6
CONTINUOUS
10
3.5253522047244092
20
1.2696493307086614
11
3.5254962992125982
21
1.26958968503937
0
LINE
8
BLACK
6
CONTINUOUS
10
3.5254962992125982
20
1.26958968503937
11
3.5255910629921261
21
1.2694989763779527
0
LINE
8
BLACK
6
CONTINUOUS
10
3.5255910629921261
20
1.2694989763779527
11
3.525836181102362
21
1.2693447244094489
0
LINE
8
BLACK
6
CONTINUOUS
10
3.525836181102362
20
1.2693447244094489
11
3.5262446850393698
21
1.2688736614173228
0
LINE
8
BLACK
6
CONTINUOUS
10
3.5262446850393698
20
1.2688736614173228
11
3.5292033858267717
21
1.2660430708661417
0
LINE
8
BLACK
6
CONTINUOUS
10
3.5292033858267717
20
1.2660430708661417
11
3.5295750787401574
21
1.2655901181102363
0
LINE
8
BLACK
6
CONTINUOUS
10
3.5295750787401574
20
1.2655901181102363
11
3.529692874015748
21
1.2654879921259843
0
LINE
8
BLACK
6
CONTINUOUS
10
3.529692874015748
20
1.2654879921259843
11
3.5297512992125983
21
1.2653753937007874
0
LINE
8
BLACK
6
CONTINUOUS
10
3.5297512992125983
20
1.2653753937007874
11
3.5299378346456693
21
1.2651481496062993
0
LINE
8
BLACK
6
CONTINUOUS
10
3.5299378346456693
20
1.2651481496062993
11
3.5302081102362206
21
1.2644956299212597
0
LINE
8
BLACK
6
CONTINUOUS
10
3.5302081102362206
20
1.2644956299212597
11
3.5331217322834645
21
1.2588839370078739
0
LINE
8
BLACK
6
CONTINUOUS
10
3.5331217322834645
20
1.2588839370078739
11
3.5335355118110234
21
1.2578027165354331
0
LINE
8
BLACK
6
CONTINUOUS
10
3.5335355118110234
20
1.2578027165354331
11
3.5335505118110238
21
1.2575910629921259
0
LINE
8
BLACK
6
CONTINUOUS
10
3.5335505118110238
20
1.2575910629921259
11
3.5336317322834643
21
1.2573950787401575
0
LINE
8
BLACK
6
CONTINUOUS
10
3.5336317322834643
20
1.2573950787401575
11
3.533652440944882
21
1.2561566141732283
0
LINE
8
BLACK
6
CONTINUOUS
10
3.533652440944882
20
1.2561566141732283
11
3.5336988188976379
21
1.2555042913385825
0
LINE
8
BLACK
6
CONTINUOUS
10
3.5336988188976379
20
1.2555042913385825
11
3.5336650787401576
21
1.2554030708661417
0
LINE
8
BLACK
6
CONTINUOUS
10
3.5336650787401576
20
1.2554030708661417
11
3.5337451968503935
21
1.2506186614173227
0
LINE
8
BLACK
6
CONTINUOUS
10
3.5337451968503935
20
1.2506186614173227
11
3.5336317322834643
21
1.2494665354330707
0
LINE
8
BLACK
6
CONTINUOUS
10
3.5336317322834643
20
1.2494665354330707
11
3.5335505118110238
21
1.2492705118110237
0
LINE
8
BLACK
6
CONTINUOUS
10
3.5335505118110238
20
1.2492705118110237
11
3.5335355118110234
21
1.2490588976377952
0
LINE
8
BLACK
6
CONTINUOUS
10
3.5335355118110234
20
1.2490588976377952
11
3.5330128346456693
21
1.2479724409448818
0
LINE
8
BLACK
6
CONTINUOUS
10
3.5330128346456693
20
1.2479724409448818
11
3.5327499212598426
21
1.2473377165354331
0
LINE
8
BLACK
6
CONTINUOUS
10
3.5327499212598426
20
1.2473377165354331
11
3.5326681102362203
21
1.2472559055118111
0
LINE
8
BLACK
6
CONTINUOUS
10
3.5326681102362203
20
1.2472559055118111
11
3.5303096062992125
21
1.2423533464566929
0
LINE
8
BLACK
6
CONTINUOUS
10
3.5303096062992125
20
1.2423533464566929
11
3.5299975196850393
21
1.2418575984251967
0
LINE
8
BLACK
6
CONTINUOUS
10
3.5299975196850393
20
1.2418575984251967
11
3.5299378346456693
21
1.2417134645669292
0
LINE
8
BLACK
6
CONTINUOUS
10
3.5299378346456693
20
1.2417134645669292
11
3.5298470866141733
21
1.241618622047244
0
LINE
8
BLACK
6
CONTINUOUS
10
3.5298470866141733
20
1.241618622047244
11
3.529692874015748
21
1.241373622047244
0
LINE
8
BLACK
6
CONTINUOUS
10
3.529692874015748
20
1.241373622047244
11
3.5292219685039368
21
1.2409652362204724
0
LINE
8
BLACK
6
CONTINUOUS
10
3.5292219685039368
20
1.2409652362204724
11
3.526391220472441
21
1.2380063779527559
0
LINE
8
BLACK
6
CONTINUOUS
10
3.526391220472441
20
1.2380063779527559
11
3.5259383858267714
21
1.2376347244094488
0
LINE
8
BLACK
6
CONTINUOUS
10
3.5259383858267714
20
1.2376347244094488
11
3.525836181102362
21
1.2375168897637796
0
LINE
8
BLACK
6
CONTINUOUS
10
3.525836181102362
20
1.2375168897637796
11
3.5257234645669291
21
1.2374583464566928
0
LINE
8
BLACK
6
CONTINUOUS
10
3.5257234645669291
20
1.2374583464566928
11
3.5254962992125982
21
1.2372719291338583
0
LINE
8
BLACK
6
CONTINUOUS
10
3.5254962992125982
20
1.2372719291338583
11
3.5248440157480316
21
1.2370017322834646
0
LINE
8
BLACK
6
CONTINUOUS
10
3.5248440157480316
20
1.2370017322834646
11
3.5192321259842521
21
1.2340879921259842
0
LINE
8
BLACK
6
CONTINUOUS
10
3.5192321259842521
20
1.2340879921259842
11
3.5191478346456693
21
1.2340557086614172
0
LINE
8
BLACK
6
CONTINUOUS
10
3.5191478346456693
20
1.2340557086614172
11
3.5191135826771651
21
1.2340303543307087
0
LINE
8
BLACK
6
CONTINUOUS
10
3.5191135826771651
20
1.2340303543307087
11
3.5190138976377954
21
1.2340044881889765
0
LINE
8
BLACK
6
CONTINUOUS
10
3.5190138976377954
20
1.2340044881889765
11
3.5181509055118108
21
1.233674251968504
0
LINE
8
BLACK
6
CONTINUOUS
10
3.5181509055118108
20
1.233674251968504
11
3.5175866141732284
21
1.2336341338582677
0
LINE
8
BLACK
6
CONTINUOUS
10
3.5175866141732284
20
1.2336341338582677
11
3.5067748031496064
21
1.2308287401574802
0
LINE
8
BLACK
6
CONTINUOUS
10
3.5067748031496064
20
1.2308287401574802
11
3.506575118110236
21
1.2307992125984251
0
LINE
8
BLACK
6
CONTINUOUS
10
3.506575118110236
20
1.2307992125984251
11
3.5064946456692914
21
1.2307658661417322
0
LINE
8
BLACK
6
CONTINUOUS
10
3.5064946456692914
20
1.2307658661417322
11
3.5063419291338582
21
1.2307647244094488
0
LINE
8
BLACK
6
CONTINUOUS
10
3.5063419291338582
20
1.2307647244094488
11
3.5056295669291337
21
1.23065937007874
0
LINE
8
BLACK
6
CONTINUOUS
10
3.5056295669291337
20
1.23065937007874
11
3.5049893700787402
21
1.2307546062992125
0
LINE
8
BLACK
6
CONTINUOUS
10
3.5049893700787402
20
1.2307546062992125
11
3.4912817716535431
21
1.230652401574803
0
LINE
8
BLACK
6
CONTINUOUS
10
3.4912817716535431
20
1.230652401574803
11
3.4910808267716535
21
1.2306721653543307
0
LINE
8
BLACK
6
CONTINUOUS
10
3.4910808267716535
20
1.2306721653543307
11
3.4909947244094486
21
1.23065937007874
0
LINE
8
BLACK
6
CONTINUOUS
10
3.4909947244094486
20
1.23065937007874
11
3.4908448031496064
21
1.2306954330708662
0
LINE
8
BLACK
6
CONTINUOUS
10
3.4908448031496064
20
1.2306954330708662
11
3.4901296456692914
21
1.2307658661417322
0
LINE
8
BLACK
6
CONTINUOUS
10
3.4901296456692914
20
1.2307658661417322
11
3.4895445275590551
21
1.231008188976378
0
LINE
8
BLACK
6
CONTINUOUS
10
3.4895445275590551
20
1.231008188976378
11
3.4786008661417323
21
1.2336408661417322
0
LINE
8
BLACK
6
CONTINUOUS
10
3.4786008661417323
20
1.2336408661417322
11
3.4785158661417324
21
1.2336712204724409
0
LINE
8
BLACK
6
CONTINUOUS
10
3.4785158661417324
20
1.2336712204724409
11
3.4784733464566928
21
1.233674251968504
0
LINE
8
BLACK
6
CONTINUOUS
10
3.4784733464566928
20
1.233674251968504
11
3.4783749999999998
21
1.2337215354330708
0
LINE
8
BLACK
6
CONTINUOUS
10
3.4783749999999998
20
1.2337215354330708
11
3.4775106692913385
21
1.2340303543307087
0
LINE
8
BLACK
6
CONTINUOUS
10
3.4775106692913385
20
1.2340303543307087
11
3.4770988188976375
21
1.2343354724409448
0
LINE
8
BLACK
6
CONTINUOUS
10
3.4770988188976375
20
1.2343354724409448
11
3.4717678346456693
21
1.2369001574803149
0
LINE
8
BLACK
6
CONTINUOUS
10
3.4717678346456693
20
1.2369001574803149
11
3.4712718897637793
21
1.2372122834645669
0
LINE
8
BLACK
6
CONTINUOUS
10
3.4712718897637793
20
1.2372122834645669
11
3.4711279133858266
21
1.2372719685039371
0
LINE
8
BLACK
6
CONTINUOUS
10
3.4711279133858266
20
1.2372719685039371
11
3.4710331496062992
21
1.2373625984251968
0
LINE
8
BLACK
6
CONTINUOUS
10
3.4710331496062992
20
1.2373625984251968
11
3.4707880708661416
21
1.2375168897637796
0
LINE
8
BLACK
6
CONTINUOUS
10
3.4707880708661416
20
1.2375168897637796
11
3.4703794094488187
21
1.237988031496063
0
LINE
8
BLACK
6
CONTINUOUS
10
3.4703794094488187
20
1.237988031496063
11
3.4674208661417323
21
1.2408185826771654
0
LINE
8
BLACK
6
CONTINUOUS
10
3.4674208661417323
20
1.2408185826771654
11
3.4670492913385824
21
1.2412712992125985
0
LINE
8
BLACK
6
CONTINUOUS
10
3.4670492913385824
20
1.2412712992125985
11
3.4669314173228347
21
1.2413735826771652
0
LINE
8
BLACK
6
CONTINUOUS
10
3.4669314173228347
20
1.2413735826771652
11
3.4668728346456694
21
1.2414863385826771
0
LINE
8
BLACK
6
CONTINUOUS
10
3.4668728346456694
20
1.2414863385826771
11
3.4666864566929134
21
1.2417135039370077
0
LINE
8
BLACK
6
CONTINUOUS
10
3.4666864566929134
20
1.2417135039370077
11
3.4664163385826772
21
1.2423655511811023
0
LINE
8
BLACK
6
CONTINUOUS
10
3.4664163385826772
20
1.2423655511811023
11
3.4635025196850391
21
1.2479776377952756
0
LINE
8
BLACK
6
CONTINUOUS
10
3.4635025196850391
20
1.2479776377952756
11
3.4630887795275589
21
1.2490588582677165
0
LINE
8
BLACK
6
CONTINUOUS
10
3.4630887795275589
20
1.2490588582677165
11
3.4630737401574803
21
1.2492704330708662
0
LINE
8
BLACK
6
CONTINUOUS
10
3.4630737401574803
20
1.2492704330708662
11
3.4629925196850393
21
1.2494665354330707
0
LINE
8
BLACK
6
CONTINUOUS
10
3.4629925196850393
20
1.2494665354330707
11
3.4629717716535433
21
1.2507051181102362
0
LINE
8
BLACK
6
CONTINUOUS
10
3.4629717716535433
20
1.2507051181102362
11
3.4629254330708661
21
1.251357283464567
0
LINE
8
BLACK
6
CONTINUOUS
10
3.4629254330708661
20
1.251357283464567
11
3.4629591338582677
21
1.2514584645669291
0
LINE
8
BLACK
6
CONTINUOUS
10
3.4629591338582677
20
1.2514584645669291
11
3.4628790551181101
21
1.2562429527559056
0
LINE
8
BLACK
6
CONTINUOUS
10
3.4628790551181101
20
1.2562429527559056
11
3.4629925196850393
21
1.2573950787401575
0
LINE
8
BLACK
6
CONTINUOUS
10
3.4629925196850393
20
1.2573950787401575
11
3.4630737401574803
21
1.2575911417322834
0
LINE
8
BLACK
6
CONTINUOUS
10
3.4630737401574803
20
1.2575911417322834
11
3.4630887795275589
21
1.2578027559055118
0
LINE
8
BLACK
6
CONTINUOUS
10
3.4630887795275589
20
1.2578027559055118
11
3.4636112598425197
21
1.258888779527559
0
LINE
8
BLACK
6
CONTINUOUS
10
3.4636112598425197
20
1.258888779527559
11
3.4638743307086615
21
1.2595238976377952
0
LINE
8
BLACK
6
CONTINUOUS
10
3.4638743307086615
20
1.2595238976377952
11
3.4639561417322833
21
1.2596057086614172
0
LINE
8
BLACK
6
CONTINUOUS
10
3.4639561417322833
20
1.2596057086614172
11
3.4663146850393698
21
1.2645082677165354
0
LINE
8
BLACK
6
CONTINUOUS
10
3.4663146850393698
20
1.2645082677165354
11
3.4666268110236218
21
1.2650041338582676
0
LINE
8
BLACK
6
CONTINUOUS
10
3.4666268110236218
20
1.2650041338582676
11
3.4666864566929134
21
1.2651481102362205
0
LINE
8
BLACK
6
CONTINUOUS
10
3.4666864566929134
20
1.2651481102362205
11
3.4667770472440944
21
1.2652427952755905
0
LINE
8
BLACK
6
CONTINUOUS
10
3.4667770472440944
20
1.2652427952755905
11
3.4669314173228347
21
1.265488031496063
0
LINE
8
BLACK
6
CONTINUOUS
10
3.4669314173228347
20
1.265488031496063
11
3.4674025590551181
21
1.2658966535433072
0
LINE
8
BLACK
6
CONTINUOUS
10
3.4674025590551181
20
1.2658966535433072
11
3.4702329921259842
21
1.2688551968503936
0
LINE
8
BLACK
6
CONTINUOUS
10
3.4702329921259842
20
1.2688551968503936
11
3.4706859448818896
21
1.2692269291338583
0
LINE
8
BLACK
6
CONTINUOUS
10
3.4706859448818896
20
1.2692269291338583
11
3.4707881102362204
21
1.2693447244094489
0
LINE
8
BLACK
6
CONTINUOUS
10
3.4707881102362204
20
1.2693447244094489
11
3.4709007086614174
21
1.2694031889763779
0
LINE
8
BLACK
6
CONTINUOUS
10
3.4709007086614174
20
1.2694031889763779
11
3.4711279133858266
21
1.2695896456692912
0
LINE
8
BLACK
6
CONTINUOUS
10
3.4711279133858266
20
1.2695896456692912
11
3.4717802362204724
21
1.269859842519685
0
LINE
8
BLACK
6
CONTINUOUS
10
3.4717802362204724
20
1.269859842519685
11
3.4773921653543307
21
1.2727735826771653
0
LINE
8
BLACK
6
CONTINUOUS
10
3.4773921653543307
20
1.2727735826771653
11
3.4774762598425197
21
1.272805748031496
0
LINE
8
BLACK
6
CONTINUOUS
10
3.4774762598425197
20
1.272805748031496
11
3.4775106299212597
21
1.272831220472441
0
LINE
8
BLACK
6
CONTINUOUS
10
3.4775106299212597
20
1.272831220472441
11
3.4776104330708661
21
1.272857125984252
0
LINE
8
BLACK
6
CONTINUOUS
10
3.4776104330708661
20
1.272857125984252
11
3.4784733858267716
21
1.2731873622047243
0
LINE
8
BLACK
6
CONTINUOUS
10
3.4784733858267716
20
1.2731873622047243
11
3.4790376771653544
21
1.2732274409448818
0
LINE
8
BLACK
6
CONTINUOUS
10
3.4790376771653544
20
1.2732274409448818
11
3.4898494488188976
21
1.2760328740157481
0
LINE
8
BLACK
6
CONTINUOUS
10
3.4898494488188976
20
1.2760328740157481
11
3.4900491338582675
21
1.2760624015748032
0
LINE
8
BLACK
6
CONTINUOUS
10
3.4900491338582675
20
1.2760624015748032
11
3.4901296456692914
21
1.2760957480314961
0
LINE
8
BLACK
6
CONTINUOUS
10
3.4901296456692914
20
1.2760957480314961
11
3.490282283464567
21
1.2760968503937007
0
LINE
8
BLACK
6
CONTINUOUS
10
3.490282283464567
20
1.2760968503937007
11
3.4909946850393698
21
1.2762022440944882
0
LINE
8
BLACK
6
CONTINUOUS
10
3.4909946850393698
20
1.2762022440944882
11
3.491634842519685
21
1.276106968503937
0
LINE
8
BLACK
6
CONTINUOUS
10
3.491634842519685
20
1.276106968503937
11
3.5053425196850392
21
1.2762092125984252
0
LINE
8
BLACK
6
CONTINUOUS
10
3.5053425196850392
20
1.2762092125984252
11
3.5055434251968505
21
1.2761894094488189
0
LINE
8
BLACK
6
CONTINUOUS
10
3.4916337007874017
20
1.2644007874015748
11
3.4817442519685038
21
1.26183468503937
0
LINE
8
BLACK
6
CONTINUOUS
10
3.4817442519685038
20
1.26183468503937
11
3.4777547637795276
21
1.2597633464566929
0
LINE
8
BLACK
6
CONTINUOUS
10
3.4777547637795276
20
1.2597633464566929
11
3.4762984251968505
21
1.2582410629921259
0
LINE
8
BLACK
6
CONTINUOUS
10
3.4762984251968505
20
1.2582410629921259
11
3.4746208267716536
21
1.254753937007874
0
LINE
8
BLACK
6
CONTINUOUS
10
3.4746208267716536
20
1.254753937007874
11
3.4746687401574801
21
1.2518918897637794
0
LINE
8
BLACK
6
CONTINUOUS
10
3.4746687401574801
20
1.2518918897637794
11
3.4765128346456691
21
1.248340157480315
0
LINE
8
BLACK
6
CONTINUOUS
10
3.4765128346456691
20
1.248340157480315
11
3.4780349999999998
21
1.2468838976377952
0
LINE
8
BLACK
6
CONTINUOUS
10
3.4780349999999998
20
1.2468838976377952
11
3.4824653543307087
21
1.2447525196850393
0
LINE
8
BLACK
6
CONTINUOUS
10
3.4824653543307087
20
1.2447525196850393
11
3.4923827952755904
21
1.2423667322834646
0
LINE
8
BLACK
6
CONTINUOUS
10
3.4923827952755904
20
1.2423667322834646
11
3.5049905511811024
21
1.2424607874015747
0
LINE
8
BLACK
6
CONTINUOUS
10
3.5049905511811024
20
1.2424607874015747
11
3.5148798818897635
21
1.245026811023622
0
LINE
8
BLACK
6
CONTINUOUS
10
3.5148798818897635
20
1.245026811023622
11
3.5188695275590551
21
1.2470983070866142
0
LINE
8
BLACK
6
CONTINUOUS
10
3.5188695275590551
20
1.2470983070866142
11
3.5203257874015748
21
1.2486204724409449
0
LINE
8
BLACK
6
CONTINUOUS
10
3.5203257874015748
20
1.2486204724409449
11
3.5220033858267716
21
1.2521076377952756
0
LINE
8
BLACK
6
CONTINUOUS
10
3.5220033858267716
20
1.2521076377952756
11
3.5219554724409448
21
1.2549697244094489
0
LINE
8
BLACK
6
CONTINUOUS
10
3.5219554724409448
20
1.2549697244094489
11
3.5201114566929133
21
1.2585213385826772
0
LINE
8
BLACK
6
CONTINUOUS
10
3.5201114566929133
20
1.2585213385826772
11
3.5185892519685038
21
1.2599776377952756
0
LINE
8
BLACK
6
CONTINUOUS
10
3.5185892519685038
20
1.2599776377952756
11
3.5141588582677166
21
1.2621090157480315
0
LINE
8
BLACK
6
CONTINUOUS
10
3.5141588582677166
20
1.2621090157480315
11
3.5042413779527557
21
1.2644948425196849
0
LINE
8
BLACK
6
CONTINUOUS
10
3.5042413779527557
20
1.2644948425196849
11
3.4916337007874017
21
1.2644007874015748
0
LINE
8
BLACK
6
CONTINUOUS
10
3.528991811023622
20
1.3970181102362205
11
3.5311206299212596
21
1.3961362992125983
0
LINE
8
BLACK
6
CONTINUOUS
10
3.5311206299212596
20
1.3961362992125983
11
3.5327499212598426
21
1.3945070078740158
0
LINE
8
BLACK
6
CONTINUOUS
10
3.5327499212598426
20
1.3945070078740158
11
3.5336317322834643
21
1.392378188976378
0
LINE
8
BLACK
6
CONTINUOUS
10
3.5336317322834643
20
1.392378188976378
11
3.5336317322834643
21
1.3900739370078741
0
LINE
8
BLACK
6
CONTINUOUS
10
3.5336317322834643
20
1.3900739370078741
11
3.5327499212598426
21
1.3879451181102362
0
LINE
8
BLACK
6
CONTINUOUS
10
3.5327499212598426
20
1.3879451181102362
11
3.5311206299212596
21
1.3863158267716535
0
LINE
8
BLACK
6
CONTINUOUS
10
3.5311206299212596
20
1.3863158267716535
11
3.528991811023622
21
1.3854340157480314
0
LINE
8
BLACK
6
CONTINUOUS
10
3.528991811023622
20
1.3854340157480314
11
3.4981466535433072
21
1.3853249212598424
0
LINE
8
BLACK
6
CONTINUOUS
10
3.4981466535433072
20
1.3853249212598424
11
3.4956077165354329
21
1.3840066535433071
0
LINE
8
BLACK
6
CONTINUOUS
10
3.4956077165354329
20
1.3840066535433071
11
3.494293188976378
21
1.3812742913385827
0
LINE
8
BLACK
6
CONTINUOUS
10
3.494293188976378
20
1.3812742913385827
11
3.4943601968503937
21
1.3756140551181102
0
LINE
8
BLACK
6
CONTINUOUS
10
3.4943601968503937
20
1.3756140551181102
11
3.4956889763779526
21
1.3730548031496064
0
LINE
8
BLACK
6
CONTINUOUS
10
3.4956889763779526
20
1.3730548031496064
11
3.4984670078740159
21
1.3717183464566929
0
LINE
8
BLACK
6
CONTINUOUS
10
3.4984670078740159
20
1.3717183464566929
11
3.5278396850393698
21
1.3718222440944881
0
LINE
8
BLACK
6
CONTINUOUS
10
3.5278396850393698
20
1.3718222440944881
11
3.528991811023622
21
1.3717087795275591
0
LINE
8
BLACK
6
CONTINUOUS
10
3.528991811023622
20
1.3717087795275591
11
3.5311206299212596
21
1.3708269685039369
0
LINE
8
BLACK
6
CONTINUOUS
10
3.5311206299212596
20
1.3708269685039369
11
3.5327499212598426
21
1.3691976771653542
0
LINE
8
BLACK
6
CONTINUOUS
10
3.5327499212598426
20
1.3691976771653542
11
3.5336317322834643
21
1.3670688582677164
0
LINE
8
BLACK
6
CONTINUOUS
10
3.5336317322834643
20
1.3670688582677164
11
3.5336317322834643
21
1.3647646062992125
0
LINE
8
BLACK
6
CONTINUOUS
10
3.5336317322834643
20
1.3647646062992125
11
3.5327499212598426
21
1.3626357874015749
0
LINE
8
BLACK
6
CONTINUOUS
10
3.5327499212598426
20
1.3626357874015749
11
3.5311206299212596
21
1.3610064960629922
0
LINE
8
BLACK
6
CONTINUOUS
10
3.5311206299212596
20
1.3610064960629922
11
3.528991811023622
21
1.36012468503937
0
LINE
8
BLACK
6
CONTINUOUS
10
3.528991811023622
20
1.36012468503937
11
3.4981466535433072
21
1.360015590551181
0
LINE
8
BLACK
6
CONTINUOUS
10
3.4981466535433072
20
1.360015590551181
11
3.4956077165354329
21
1.3586973228346457
0
LINE
8
BLACK
6
CONTINUOUS
10
3.4956077165354329
20
1.3586973228346457
11
3.494293188976378
21
1.3559649606299213
0
LINE
8
BLACK
6
CONTINUOUS
10
3.494293188976378
20
1.3559649606299213
11
3.4943601968503937
21
1.3503047244094488
0
LINE
8
BLACK
6
CONTINUOUS
10
3.4943601968503937
20
1.3503047244094488
11
3.4961978740157478
21
1.3467653149606298
0
LINE
8
BLACK
6
CONTINUOUS
10
3.4961978740157478
20
1.3467653149606298
11
3.4965533464566927
21
1.3464252362204725
0
LINE
8
BLACK
6
CONTINUOUS
10
3.4965533464566927
20
1.3464252362204725
11
3.5278396850393698
21
1.3465128740157479
0
LINE
8
BLACK
6
CONTINUOUS
10
3.5278396850393698
20
1.3465128740157479
11
3.528991811023622
21
1.346399409448819
0
LINE
8
BLACK
6
CONTINUOUS
10
3.528991811023622
20
1.346399409448819
11
3.5311206299212596
21
1.3455175984251968
0
LINE
8
BLACK
6
CONTINUOUS
10
3.5311206299212596
20
1.3455175984251968
11
3.5327499212598426
21
1.3438883070866141
0
LINE
8
BLACK
6
CONTINUOUS
10
3.5327499212598426
20
1.3438883070866141
11
3.5336317322834643
21
1.3417594881889763
0
LINE
8
BLACK
6
CONTINUOUS
10
3.5336317322834643
20
1.3417594881889763
11
3.5336317322834643
21
1.3394552362204724
0
LINE
8
BLACK
6
CONTINUOUS
10
3.5336317322834643
20
1.3394552362204724
11
3.5327499212598426
21
1.3373264173228345
0
LINE
8
BLACK
6
CONTINUOUS
10
3.5327499212598426
20
1.3373264173228345
11
3.5311206299212596
21
1.3356971259842518
0
LINE
8
BLACK
6
CONTINUOUS
10
3.5311206299212596
20
1.3356971259842518
11
3.528991811023622
21
1.3348153149606299
0
LINE
8
BLACK
6
CONTINUOUS
10
3.528991811023622
20
1.3348153149606299
11
3.4884696062992124
21
1.3347018503937007
0
LINE
8
BLACK
6
CONTINUOUS
10
3.4884696062992124
20
1.3347018503937007
11
3.4873174803149607
21
1.3348153149606299
0
LINE
8
BLACK
6
CONTINUOUS
10
3.4873174803149607
20
1.3348153149606299
11
3.4851886614173226
21
1.3356971259842518
0
LINE
8
BLACK
6
CONTINUOUS
10
3.4851886614173226
20
1.3356971259842518
11
3.4835593700787402
21
1.3373264173228345
0
LINE
8
BLACK
6
CONTINUOUS
10
3.4835593700787402
20
1.3373264173228345
11
3.482677559055118
21
1.3394552362204724
0
LINE
8
BLACK
6
CONTINUOUS
10
3.482677559055118
20
1.3394552362204724
11
3.482677559055118
21
1.3417594881889763
0
LINE
8
BLACK
6
CONTINUOUS
10
3.482677559055118
20
1.3417594881889763
11
3.4835593700787402
21
1.3438883070866141
0
LINE
8
BLACK
6
CONTINUOUS
10
3.4835593700787402
20
1.3438883070866141
11
3.4841739763779529
21
1.3445029133858268
0
LINE
8
BLACK
6
CONTINUOUS
10
3.4841739763779529
20
1.3445029133858268
11
3.4831875590551182
21
1.3464027952755906
0
LINE
8
BLACK
6
CONTINUOUS
10
3.4831875590551182
20
1.3464027952755906
11
3.4827738188976376
21
1.3474840157480314
0
LINE
8
BLACK
6
CONTINUOUS
10
3.4827738188976376
20
1.3474840157480314
11
3.482758779527559
21
1.3476955905511812
0
LINE
8
BLACK
6
CONTINUOUS
10
3.482758779527559
20
1.3476955905511812
11
3.482677559055118
21
1.3478916929133857
0
LINE
8
BLACK
6
CONTINUOUS
10
3.482677559055118
20
1.3478916929133857
11
3.482664094488189
21
1.3490275984251969
0
LINE
8
BLACK
6
CONTINUOUS
10
3.482664094488189
20
1.3490275984251969
11
3.4826104724409448
21
1.3497824409448818
0
LINE
8
BLACK
6
CONTINUOUS
10
3.4826104724409448
20
1.3497824409448818
11
3.4826536220472439
21
1.3499119685039369
0
LINE
8
BLACK
6
CONTINUOUS
10
3.4826536220472439
20
1.3499119685039369
11
3.4825640944881888
21
1.3574802755905511
0
LINE
8
BLACK
6
CONTINUOUS
10
3.4825640944881888
20
1.3574802755905511
11
3.482677559055118
21
1.358632401574803
0
LINE
8
BLACK
6
CONTINUOUS
10
3.482677559055118
20
1.358632401574803
11
3.482758779527559
21
1.3588284645669291
0
LINE
8
BLACK
6
CONTINUOUS
10
3.482758779527559
20
1.3588284645669291
11
3.4827738188976376
21
1.3590400787401575
0
LINE
8
BLACK
6
CONTINUOUS
10
3.4827738188976376
20
1.3590400787401575
11
3.4832962992125984
21
1.3601261023622047
0
LINE
8
BLACK
6
CONTINUOUS
10
3.4832962992125984
20
1.3601261023622047
11
3.4835593700787402
21
1.3607612204724409
0
LINE
8
BLACK
6
CONTINUOUS
10
3.4835593700787402
20
1.3607612204724409
11
3.483641181102362
21
1.3608430314960629
0
LINE
8
BLACK
6
CONTINUOUS
10
3.483641181102362
20
1.3608430314960629
11
3.4859997244094489
21
1.3657455905511811
0
LINE
8
BLACK
6
CONTINUOUS
10
3.4859997244094489
20
1.3657455905511811
11
3.4861115748031497
21
1.3659233070866141
0
LINE
8
BLACK
6
CONTINUOUS
10
3.4861115748031497
20
1.3659233070866141
11
3.4859653543307085
21
1.3663620472440945
0
LINE
8
BLACK
6
CONTINUOUS
10
3.4859653543307085
20
1.3663620472440945
11
3.4831875590551182
21
1.371712125984252
0
LINE
8
BLACK
6
CONTINUOUS
10
3.4831875590551182
20
1.371712125984252
11
3.4827738188976376
21
1.3727933464566928
0
LINE
8
BLACK
6
CONTINUOUS
10
3.4827738188976376
20
1.3727933464566928
11
3.482758779527559
21
1.3730049212598425
0
LINE
8
BLACK
6
CONTINUOUS
10
3.482758779527559
20
1.3730049212598425
11
3.482677559055118
21
1.3732010236220473
0
LINE
8
BLACK
6
CONTINUOUS
10
3.482677559055118
20
1.3732010236220473
11
3.482664094488189
21
1.3743369291338583
0
LINE
8
BLACK
6
CONTINUOUS
10
3.482664094488189
20
1.3743369291338583
11
3.4826104724409448
21
1.3750917716535433
0
LINE
8
BLACK
6
CONTINUOUS
10
3.4826104724409448
20
1.3750917716535433
11
3.4826536220472439
21
1.3752212992125985
0
LINE
8
BLACK
6
CONTINUOUS
10
3.4826536220472439
20
1.3752212992125985
11
3.4825640944881888
21
1.3827896062992127
0
LINE
8
BLACK
6
CONTINUOUS
10
3.4825640944881888
20
1.3827896062992127
11
3.482677559055118
21
1.3839417322834646
0
LINE
8
BLACK
6
CONTINUOUS
10
3.482677559055118
20
1.3839417322834646
11
3.482758779527559
21
1.3841377952755904
0
LINE
8
BLACK
6
CONTINUOUS
10
3.482758779527559
20
1.3841377952755904
11
3.4827738188976376
21
1.3843494094488189
0
LINE
8
BLACK
6
CONTINUOUS
10
3.4827738188976376
20
1.3843494094488189
11
3.4832962992125984
21
1.385435433070866
0
LINE
8
BLACK
6
CONTINUOUS
10
3.4832962992125984
20
1.385435433070866
11
3.4835593700787402
21
1.3860705511811022
0
LINE
8
BLACK
6
CONTINUOUS
10
3.4835593700787402
20
1.3860705511811022
11
3.483641181102362
21
1.3861523622047245
0
LINE
8
BLACK
6
CONTINUOUS
10
3.483641181102362
20
1.3861523622047245
11
3.4859997244094489
21
1.3910549212598424
0
LINE
8
BLACK
6
CONTINUOUS
10
3.4859997244094489
20
1.3910549212598424
11
3.486120905511811
21
1.3912474409448818
0
LINE
8
BLACK
6
CONTINUOUS
10
3.486120905511811
20
1.3912474409448818
11
3.4861512598425195
21
1.3913384645669291
0
LINE
8
BLACK
6
CONTINUOUS
10
3.4861512598425195
20
1.3913384645669291
11
3.486249527559055
21
1.3914517716535433
0
LINE
8
BLACK
6
CONTINUOUS
10
3.486249527559055
20
1.3914517716535433
11
3.4866164566929134
21
1.3920346850393701
0
LINE
8
BLACK
6
CONTINUOUS
10
3.4866164566929134
20
1.3920346850393701
11
3.4871757874015747
21
1.3925197637795275
0
LINE
8
BLACK
6
CONTINUOUS
10
3.4871757874015747
20
1.3925197637795275
11
3.4876609842519684
21
1.3930792125984253
0
LINE
8
BLACK
6
CONTINUOUS
10
3.4876609842519684
20
1.3930792125984253
11
3.4880593307086611
21
1.3932860236220472
0
LINE
8
BLACK
6
CONTINUOUS
10
3.4880593307086611
20
1.3932860236220472
11
3.4883572047244096
21
1.3935443700787402
0
LINE
8
BLACK
6
CONTINUOUS
10
3.4883572047244096
20
1.3935443700787402
11
3.4889149212598425
21
1.3937302755905512
0
LINE
8
BLACK
6
CONTINUOUS
10
3.4889149212598425
20
1.3937302755905512
11
3.494265
21
1.3965081102362205
0
LINE
8
BLACK
6
CONTINUOUS
10
3.494265
20
1.3965081102362205
11
3.4953462598425196
21
1.3969218503937006
0
LINE
8
BLACK
6
CONTINUOUS
10
3.4953462598425196
20
1.3969218503937006
11
3.4955578346456693
21
1.3969368503937007
0
LINE
8
BLACK
6
CONTINUOUS
10
3.4955578346456693
20
1.3969368503937007
11
3.4957539370078741
21
1.3970181102362205
0
LINE
8
BLACK
6
CONTINUOUS
10
3.4957539370078741
20
1.3970181102362205
11
3.4967502755905513
21
1.3970216141732283
0
LINE
8
BLACK
6
CONTINUOUS
10
3.4967502755905513
20
1.3970216141732283
11
3.4976446850393699
21
1.3970851968503937
0
LINE
8
BLACK
6
CONTINUOUS
10
3.4976446850393699
20
1.3970851968503937
11
3.4978239763779526
21
1.3970253937007873
0
LINE
8
BLACK
6
CONTINUOUS
10
3.4978239763779526
20
1.3970253937007873
11
3.5278396850393698
21
1.3971315748031496
0
LINE
8
BLACK
6
CONTINUOUS
10
3.5278396850393698
20
1.3971315748031496
11
3.528991811023622
21
1.3970181102362205
0
LINE
8
BLACK
6
CONTINUOUS
10
3.528991811023622
20
1.4757582677165355
11
3.5311206299212596
21
1.4748764566929133
0
LINE
8
BLACK
6
CONTINUOUS
10
3.5311206299212596
20
1.4748764566929133
11
3.5327499212598426
21
1.4732471653543306
0
LINE
8
BLACK
6
CONTINUOUS
10
3.5327499212598426
20
1.4732471653543306
11
3.5336317322834643
21
1.4711183464566928
0
LINE
8
BLACK
6
CONTINUOUS
10
3.5336317322834643
20
1.4711183464566928
11
3.5336317322834643
21
1.4688140944881889
0
LINE
8
BLACK
6
CONTINUOUS
10
3.5336317322834643
20
1.4688140944881889
11
3.5327499212598426
21
1.4666852755905511
0
LINE
8
BLACK
6
CONTINUOUS
10
3.5327499212598426
20
1.4666852755905511
11
3.5311206299212596
21
1.4650559842519684
0
LINE
8
BLACK
6
CONTINUOUS
10
3.5311206299212596
20
1.4650559842519684
11
3.528991811023622
21
1.4641741732283464
0
LINE
8
BLACK
6
CONTINUOUS
10
3.528991811023622
20
1.4641741732283464
11
3.4981466535433072
21
1.4640650787401575
0
LINE
8
BLACK
6
CONTINUOUS
10
3.4981466535433072
20
1.4640650787401575
11
3.4956077165354329
21
1.4627468110236219
0
LINE
8
BLACK
6
CONTINUOUS
10
3.4956077165354329
20
1.4627468110236219
11
3.494293188976378
21
1.4600144488188975
0
LINE
8
BLACK
6
CONTINUOUS
10
3.494293188976378
20
1.4600144488188975
11
3.4943601968503937
21
1.4543542125984252
0
LINE
8
BLACK
6
CONTINUOUS
10
3.4943601968503937
20
1.4543542125984252
11
3.4956889763779526
21
1.4517949606299212
0
LINE
8
BLACK
6
CONTINUOUS
10
3.4956889763779526
20
1.4517949606299212
11
3.4984670078740159
21
1.4504585039370079
0
LINE
8
BLACK
6
CONTINUOUS
10
3.4984670078740159
20
1.4504585039370079
11
3.5278396850393698
21
1.4505624015748031
0
LINE
8
BLACK
6
CONTINUOUS
10
3.5278396850393698
20
1.4505624015748031
11
3.528991811023622
21
1.4504489370078739
0
LINE
8
BLACK
6
CONTINUOUS
10
3.528991811023622
20
1.4504489370078739
11
3.5311206299212596
21
1.449567125984252
0
LINE
8
BLACK
6
CONTINUOUS
10
3.5311206299212596
20
1.449567125984252
11
3.5327499212598426
21
1.4479378346456693
0
LINE
8
BLACK
6
CONTINUOUS
10
3.5327499212598426
20
1.4479378346456693
11
3.5336317322834643
21
1.4458090157480314
0
LINE
8
BLACK
6
CONTINUOUS
10
3.5336317322834643
20
1.4458090157480314
11
3.5336317322834643
21
1.4435047637795275
0
LINE
8
BLACK
6
CONTINUOUS
10
3.5336317322834643
20
1.4435047637795275
11
3.5327499212598426
21
1.4413759448818897
0
LINE
8
BLACK
6
CONTINUOUS
10
3.5327499212598426
20
1.4413759448818897
11
3.5311206299212596
21
1.439746653543307
0
LINE
8
BLACK
6
CONTINUOUS
10
3.5311206299212596
20
1.439746653543307
11
3.528991811023622
21
1.438864842519685
0
LINE
8
BLACK
6
CONTINUOUS
10
3.528991811023622
20
1.438864842519685
11
3.4981466535433072
21
1.4387557480314961
0
LINE
8
BLACK
6
CONTINUOUS
10
3.4981466535433072
20
1.4387557480314961
11
3.4956077165354329
21
1.4374374803149605
0
LINE
8
BLACK
6
CONTINUOUS
10
3.4956077165354329
20
1.4374374803149605
11
3.494293188976378
21
1.4347051181102362
0
LINE
8
BLACK
6
CONTINUOUS
10
3.494293188976378
20
1.4347051181102362
11
3.4943601968503937
21
1.4290448818897636
0
LINE
8
BLACK
6
CONTINUOUS
10
3.4943601968503937
20
1.4290448818897636
11
3.4961978740157478
21
1.4255054724409448
0
LINE
8
BLACK
6
CONTINUOUS
10
3.4961978740157478
20
1.4255054724409448
11
3.4965533464566927
21
1.4251653937007873
0
LINE
8
BLACK
6
CONTINUOUS
10
3.4965533464566927
20
1.4251653937007873
11
3.5278396850393698
21
1.425253031496063
0
LINE
8
BLACK
6
CONTINUOUS
10
3.5278396850393698
20
1.425253031496063
11
3.528991811023622
21
1.4251395669291338
0
LINE
8
BLACK
6
CONTINUOUS
10
3.528991811023622
20
1.4251395669291338
11
3.5311206299212596
21
1.4242577559055118
0
LINE
8
BLACK
6
CONTINUOUS
10
3.5311206299212596
20
1.4242577559055118
11
3.5327499212598426
21
1.4226284645669292
0
LINE
8
BLACK
6
CONTINUOUS
10
3.5327499212598426
20
1.4226284645669292
11
3.5336317322834643
21
1.4204996456692913
0
LINE
8
BLACK
6
CONTINUOUS
10
3.5336317322834643
20
1.4204996456692913
11
3.5336317322834643
21
1.4181953937007874
0
LINE
8
BLACK
6
CONTINUOUS
10
3.5336317322834643
20
1.4181953937007874
11
3.5327499212598426
21
1.4160665748031496
0
LINE
8
BLACK
6
CONTINUOUS
10
3.5327499212598426
20
1.4160665748031496
11
3.5311206299212596
21
1.4144372834645669
0
LINE
8
BLACK
6
CONTINUOUS
10
3.5311206299212596
20
1.4144372834645669
11
3.528991811023622
21
1.4135554724409449
0
LINE
8
BLACK
6
CONTINUOUS
10
3.528991811023622
20
1.4135554724409449
11
3.4884696062992124
21
1.4134420078740157
0
LINE
8
BLACK
6
CONTINUOUS
10
3.4884696062992124
20
1.4134420078740157
11
3.4873174803149607
21
1.4135554724409449
0
LINE
8
BLACK
6
CONTINUOUS
10
3.4873174803149607
20
1.4135554724409449
11
3.4851886614173226
21
1.4144372834645669
0
LINE
8
BLACK
6
CONTINUOUS
10
3.4851886614173226
20
1.4144372834645669
11
3.4835593700787402
21
1.4160665748031496
0
LINE
8
BLACK
6
CONTINUOUS
10
3.4835593700787402
20
1.4160665748031496
11
3.482677559055118
21
1.4181953937007874
0
LINE
8
BLACK
6
CONTINUOUS
10
3.482677559055118
20
1.4181953937007874
11
3.482677559055118
21
1.4204996456692913
0
LINE
8
BLACK
6
CONTINUOUS
10
3.482677559055118
20
1.4204996456692913
11
3.4835593700787402
21
1.4226284645669292
0
LINE
8
BLACK
6
CONTINUOUS
10
3.4835593700787402
20
1.4226284645669292
11
3.4841739763779529
21
1.4232430708661417
0
LINE
8
BLACK
6
CONTINUOUS
10
3.4841739763779529
20
1.4232430708661417
11
3.4831875590551182
21
1.4251429527559054
0
LINE
8
BLACK
6
CONTINUOUS
10
3.4831875590551182
20
1.4251429527559054
11
3.4827738188976376
21
1.4262241732283465
0
LINE
8
BLACK
6
CONTINUOUS
10
3.4827738188976376
20
1.4262241732283465
11
3.482758779527559
21
1.426435748031496
0
LINE
8
BLACK
6
CONTINUOUS
10
3.482758779527559
20
1.426435748031496
11
3.482677559055118
21
1.4266318503937008
0
LINE
8
BLACK
6
CONTINUOUS
10
3.482677559055118
20
1.4266318503937008
11
3.482664094488189
21
1.4277677559055117
0
LINE
8
BLACK
6
CONTINUOUS
10
3.482664094488189
20
1.4277677559055117
11
3.4826104724409448
21
1.4285225984251968
0
LINE
8
BLACK
6
CONTINUOUS
10
3.4826104724409448
20
1.4285225984251968
11
3.4826536220472439
21
1.428652125984252
0
LINE
8
BLACK
6
CONTINUOUS
10
3.4826536220472439
20
1.428652125984252
11
3.4825640944881888
21
1.4362204330708661
0
LINE
8
BLACK
6
CONTINUOUS
10
3.4825640944881888
20
1.4362204330708661
11
3.482677559055118
21
1.4373725590551181
0
LINE
8
BLACK
6
CONTINUOUS
10
3.482677559055118
20
1.4373725590551181
11
3.482758779527559
21
1.4375686220472441
0
LINE
8
BLACK
6
CONTINUOUS
10
3.482758779527559
20
1.4375686220472441
11
3.4827738188976376
21
1.4377802362204724
0
LINE
8
BLACK
6
CONTINUOUS
10
3.4827738188976376
20
1.4377802362204724
11
3.4832962992125984
21
1.4388662598425197
0
LINE
8
BLACK
6
CONTINUOUS
10
3.4832962992125984
20
1.4388662598425197
11
3.4835593700787402
21
1.4395013779527559
0
LINE
8
BLACK
6
CONTINUOUS
10
3.4835593700787402
20
1.4395013779527559
11
3.483641181102362
21
1.4395831889763779
0
LINE
8
BLACK
6
CONTINUOUS
10
3.483641181102362
20
1.4395831889763779
11
3.4859997244094489
21
1.4444857480314961
0
LINE
8
BLACK
6
CONTINUOUS
10
3.4859997244094489
20
1.4444857480314961
11
3.4861115748031497
21
1.4446634645669292
0
LINE
8
BLACK
6
CONTINUOUS
10
3.4861115748031497
20
1.4446634645669292
11
3.4859653543307085
21
1.4451022047244093
0
LINE
8
BLACK
6
CONTINUOUS
10
3.4859653543307085
20
1.4451022047244093
11
3.4831875590551182
21
1.450452283464567
0
LINE
8
BLACK
6
CONTINUOUS
10
3.4831875590551182
20
1.450452283464567
11
3.4827738188976376
21
1.4515335039370079
0
LINE
8
BLACK
6
CONTINUOUS
10
3.4827738188976376
20
1.4515335039370079
11
3.482758779527559
21
1.4517450787401573
0
LINE
8
BLACK
6
CONTINUOUS
10
3.482758779527559
20
1.4517450787401573
11
3.482677559055118
21
1.4519411811023621
0
LINE
8
BLACK
6
CONTINUOUS
10
3.482677559055118
20
1.4519411811023621
11
3.482664094488189
21
1.4530770866141731
0
LINE
8
BLACK
6
CONTINUOUS
10
3.482664094488189
20
1.4530770866141731
11
3.4826104724409448
21
1.4538319291338582
0
LINE
8
BLACK
6
CONTINUOUS
10
3.4826104724409448
20
1.4538319291338582
11
3.4826536220472439
21
1.4539614566929133
0
LINE
8
BLACK
6
CONTINUOUS
10
3.4826536220472439
20
1.4539614566929133
11
3.4825640944881888
21
1.4615297637795275
0
LINE
8
BLACK
6
CONTINUOUS
10
3.4825640944881888
20
1.4615297637795275
11
3.482677559055118
21
1.4626818897637794
0
LINE
8
BLACK
6
CONTINUOUS
10
3.482677559055118
20
1.4626818897637794
11
3.482758779527559
21
1.4628779527559055
0
LINE
8
BLACK
6
CONTINUOUS
10
3.482758779527559
20
1.4628779527559055
11
3.4827738188976376
21
1.4630895669291337
0
LINE
8
BLACK
6
CONTINUOUS
10
3.4827738188976376
20
1.4630895669291337
11
3.4832962992125984
21
1.4641755905511811
0
LINE
8
BLACK
6
CONTINUOUS
10
3.4832962992125984
20
1.4641755905511811
11
3.4835593700787402
21
1.4648107086614173
0
LINE
8
BLACK
6
CONTINUOUS
10
3.4835593700787402
20
1.4648107086614173
11
3.483641181102362
21
1.4648925196850393
0
LINE
8
BLACK
6
CONTINUOUS
10
3.483641181102362
20
1.4648925196850393
11
3.4859997244094489
21
1.4697950787401575
0
LINE
8
BLACK
6
CONTINUOUS
10
3.4859997244094489
20
1.4697950787401575
11
3.486120905511811
21
1.4699875984251969
0
LINE
8
BLACK
6
CONTINUOUS
10
3.486120905511811
20
1.4699875984251969
11
3.4861512598425195
21
1.4700786220472442
0
LINE
8
BLACK
6
CONTINUOUS
10
3.4861512598425195
20
1.4700786220472442
11
3.486249527559055
21
1.4701919291338583
0
LINE
8
BLACK
6
CONTINUOUS
10
3.486249527559055
20
1.4701919291338583
11
3.4866164566929134
21
1.4707748425196849
0
LINE
8
BLACK
6
CONTINUOUS
10
3.4866164566929134
20
1.4707748425196849
11
3.4871757874015747
21
1.4712599212598425
0
LINE
8
BLACK
6
CONTINUOUS
10
3.4871757874015747
20
1.4712599212598425
11
3.4876609842519684
21
1.4718193700787401
0
LINE
8
BLACK
6
CONTINUOUS
10
3.4876609842519684
20
1.4718193700787401
11
3.4880593307086611
21
1.4720261811023623
0
LINE
8
BLACK
6
CONTINUOUS
10
3.4880593307086611
20
1.4720261811023623
11
3.4883572047244096
21
1.472284527559055
0
LINE
8
BLACK
6
CONTINUOUS
10
3.4883572047244096
20
1.472284527559055
11
3.4889149212598425
21
1.472470433070866
0
LINE
8
BLACK
6
CONTINUOUS
10
3.4889149212598425
20
1.472470433070866
11
3.494265
21
1.4752482677165355
0
LINE
8
BLACK
6
CONTINUOUS
10
3.494265
20
1.4752482677165355
11
3.4953462598425196
21
1.4756620078740157
0
LINE
8
BLACK
6
CONTINUOUS
10
3.4953462598425196
20
1.4756620078740157
11
3.4955578346456693
21
1.4756770078740158
0
LINE
8
BLACK
6
CONTINUOUS
10
3.4955578346456693
20
1.4756770078740158
11
3.4957539370078741
21
1.4757582677165355
0
LINE
8
BLACK
6
CONTINUOUS
10
3.4957539370078741
20
1.4757582677165355
11
3.4967502755905513
21
1.4757617716535432
0
LINE
8
BLACK
6
CONTINUOUS
10
3.4967502755905513
20
1.4757617716535432
11
3.4976446850393699
21
1.4758253543307087
0
LINE
8
BLACK
6
CONTINUOUS
10
3.4976446850393699
20
1.4758253543307087
11
3.4978239763779526
21
1.4757655511811023
0
LINE
8
BLACK
6
CONTINUOUS
10
3.4978239763779526
20
1.4757655511811023
11
3.5278396850393698
21
1.4758717322834645
0
LINE
8
BLACK
6
CONTINUOUS
10
3.5278396850393698
20
1.4758717322834645
11
3.528991811023622
21
1.4757582677165355
0
LINE
8
BLACK
6
CONTINUOUS
10
1.4276622440944882
20
2.6850608661417321
11
1.4278171653543308
21
2.685071220472441
0
LINE
8
BLACK
6
CONTINUOUS
10
1.4278171653543308
20
2.685071220472441
11
1.4279238582677165
21
2.6850351181102363
0
LINE
8
BLACK
6
CONTINUOUS
10
1.4279238582677165
20
2.6850351181102363
11
1.4282050393700787
21
2.6850074409448816
0
LINE
8
BLACK
6
CONTINUOUS
10
1.4282050393700787
20
2.6850074409448816
11
1.4290914173228346
21
2.6846402362204724
0
LINE
8
BLACK
6
CONTINUOUS
10
1.4290914173228346
20
2.6846402362204724
11
1.4299999212598424
21
2.6843330314960627
0
LINE
8
BLACK
6
CONTINUOUS
10
1.4299999212598424
20
2.6843330314960627
11
1.4301498031496063
21
2.6842018503937006
0
LINE
8
BLACK
6
CONTINUOUS
10
1.4301498031496063
20
2.6842018503937006
11
1.4303338582677165
21
2.6841256299212599
0
LINE
8
BLACK
6
CONTINUOUS
10
1.4303338582677165
20
2.6841256299212599
11
1.4310121653543306
21
2.6834472834645671
0
LINE
8
BLACK
6
CONTINUOUS
10
1.4310121653543306
20
2.6834472834645671
11
1.4317340551181101
21
2.6828156692913385
0
LINE
8
BLACK
6
CONTINUOUS
10
1.4317340551181101
20
2.6828156692913385
11
1.4318223228346456
21
2.6826371259842521
0
LINE
8
BLACK
6
CONTINUOUS
10
1.4318223228346456
20
2.6826371259842521
11
1.4319631496062992
21
2.682496338582677
0
LINE
8
BLACK
6
CONTINUOUS
10
1.4319631496062992
20
2.682496338582677
11
1.4323303149606299
21
2.681609842519685
0
LINE
8
BLACK
6
CONTINUOUS
10
1.4323303149606299
20
2.681609842519685
11
1.4327554724409448
21
2.6807501968503935
0
LINE
8
BLACK
6
CONTINUOUS
10
1.4327554724409448
20
2.6807501968503935
11
1.4327687007874015
21
2.6805515748031494
0
LINE
8
BLACK
6
CONTINUOUS
10
1.4327687007874015
20
2.6805515748031494
11
1.4328449606299212
21
2.6803675196850394
0
LINE
8
BLACK
6
CONTINUOUS
10
1.4328449606299212
20
2.6803675196850394
11
1.4328449606299212
21
2.6794078346456693
0
LINE
8
BLACK
6
CONTINUOUS
10
1.4328449606299212
20
2.6794078346456693
11
1.4329087401574803
21
2.6784511417322836
0
LINE
8
BLACK
6
CONTINUOUS
10
1.4329087401574803
20
2.6784511417322836
11
1.4328449606299212
21
2.6782625196850391
0
LINE
8
BLACK
6
CONTINUOUS
10
1.4328449606299212
20
2.6782625196850391
11
1.4328449606299212
21
2.6780632677165355
0
LINE
8
BLACK
6
CONTINUOUS
10
1.4328449606299212
20
2.6780632677165355
11
1.4324778346456692
21
2.6771769685039368
0
LINE
8
BLACK
6
CONTINUOUS
10
1.4324778346456692
20
2.6771769685039368
11
1.4321705511811023
21
2.676268346456693
0
LINE
8
BLACK
6
CONTINUOUS
10
1.4321705511811023
20
2.676268346456693
11
1.4320384645669291
21
2.6761162598425194
0
LINE
8
BLACK
6
CONTINUOUS
10
1.4320384645669291
20
2.6761162598425194
11
1.4319631496062992
21
2.6759344488188974
0
LINE
8
BLACK
6
CONTINUOUS
10
1.4319631496062992
20
2.6759344488188974
11
1.4313346062992125
21
2.6753059055118111
0
LINE
8
BLACK
6
CONTINUOUS
10
1.4313346062992125
20
2.6753059055118111
11
1.4193198818897637
21
2.6614730708661418
0
LINE
8
BLACK
6
CONTINUOUS
10
1.4193198818897637
20
2.6614730708661418
11
1.4240696456692914
21
2.6591881102362205
0
LINE
8
BLACK
6
CONTINUOUS
10
1.4240696456692914
20
2.6591881102362205
11
1.4245654724409449
21
2.6588759448818897
0
LINE
8
BLACK
6
CONTINUOUS
10
1.4245654724409449
20
2.6588759448818897
11
1.4247095669291339
21
2.6588162992125985
0
LINE
8
BLACK
6
CONTINUOUS
10
1.4247095669291339
20
2.6588162992125985
11
1.4248043307086613
21
2.6587255905511809
0
LINE
8
BLACK
6
CONTINUOUS
10
1.4248043307086613
20
2.6587255905511809
11
1.4250493700787401
21
2.658571377952756
0
LINE
8
BLACK
6
CONTINUOUS
10
1.4250493700787401
20
2.658571377952756
11
1.4254578346456692
21
2.6581003543307085
0
LINE
8
BLACK
6
CONTINUOUS
10
1.4254578346456692
20
2.6581003543307085
11
1.4284166141732284
21
2.6552696850393702
0
LINE
8
BLACK
6
CONTINUOUS
10
1.4284166141732284
20
2.6552696850393702
11
1.4287881889763778
21
2.6548168897637794
0
LINE
8
BLACK
6
CONTINUOUS
10
1.4287881889763778
20
2.6548168897637794
11
1.428906062992126
21
2.6547146850393699
0
LINE
8
BLACK
6
CONTINUOUS
10
1.428906062992126
20
2.6547146850393699
11
1.4289645669291338
21
2.654601968503937
0
LINE
8
BLACK
6
CONTINUOUS
10
1.4289645669291338
20
2.654601968503937
11
1.4291510236220473
21
2.6543748031496062
0
LINE
8
BLACK
6
CONTINUOUS
10
1.4291510236220473
20
2.6543748031496062
11
1.4294211417322835
21
2.6537225984251966
0
LINE
8
BLACK
6
CONTINUOUS
10
1.4294211417322835
20
2.6537225984251966
11
1.4323349606299212
21
2.6481106692913383
0
LINE
8
BLACK
6
CONTINUOUS
10
1.4323349606299212
20
2.6481106692913383
11
1.4327487007874016
21
2.6470294094488187
0
LINE
8
BLACK
6
CONTINUOUS
10
1.4327487007874016
20
2.6470294094488187
11
1.4327637007874015
21
2.6468177952755907
0
LINE
8
BLACK
6
CONTINUOUS
10
1.4327637007874015
20
2.6468177952755907
11
1.4328449606299212
21
2.6466217322834646
0
LINE
8
BLACK
6
CONTINUOUS
10
1.4328449606299212
20
2.6466217322834646
11
1.4328528346456693
21
2.6455639370078741
0
LINE
8
BLACK
6
CONTINUOUS
10
1.4328528346456693
20
2.6455639370078741
11
1.4329120472440944
21
2.6447309842519684
0
LINE
8
BLACK
6
CONTINUOUS
10
1.4329120472440944
20
2.6447309842519684
11
1.4328601968503936
21
2.6445754724409447
0
LINE
8
BLACK
6
CONTINUOUS
10
1.4328601968503936
20
2.6445754724409447
11
1.4329584251968503
21
2.6314088582677164
0
LINE
8
BLACK
6
CONTINUOUS
10
1.4329584251968503
20
2.6314088582677164
11
1.4328449606299212
21
2.6302567322834647
0
LINE
8
BLACK
6
CONTINUOUS
10
1.4328449606299212
20
2.6302567322834647
11
1.4327637007874015
21
2.6300606299212599
0
LINE
8
BLACK
6
CONTINUOUS
10
1.4327637007874015
20
2.6300606299212599
11
1.4327487007874016
21
2.6298490551181102
0
LINE
8
BLACK
6
CONTINUOUS
10
1.4327487007874016
20
2.6298490551181102
11
1.4322261811023622
21
2.6287629921259841
0
LINE
8
BLACK
6
CONTINUOUS
10
1.4322261811023622
20
2.6287629921259841
11
1.4319631496062992
21
2.6281279133858266
0
LINE
8
BLACK
6
CONTINUOUS
10
1.4319631496062992
20
2.6281279133858266
11
1.4318812992125984
21
2.6280460629921261
0
LINE
8
BLACK
6
CONTINUOUS
10
1.4318812992125984
20
2.6280460629921261
11
1.4295227952755905
21
2.6231435433070867
0
LINE
8
BLACK
6
CONTINUOUS
10
1.4295227952755905
20
2.6231435433070867
11
1.4292107086614172
21
2.6226477952755904
0
LINE
8
BLACK
6
CONTINUOUS
10
1.4292107086614172
20
2.6226477952755904
11
1.4291510236220473
21
2.622503622047244
0
LINE
8
BLACK
6
CONTINUOUS
10
1.4291510236220473
20
2.622503622047244
11
1.429060275590551
21
2.6224087401574803
0
LINE
8
BLACK
6
CONTINUOUS
10
1.429060275590551
20
2.6224087401574803
11
1.428906062992126
21
2.622163779527559
0
LINE
8
BLACK
6
CONTINUOUS
10
1.428906062992126
20
2.622163779527559
11
1.4284351181102362
21
2.6217553543307086
0
LINE
8
BLACK
6
CONTINUOUS
10
1.4284351181102362
20
2.6217553543307086
11
1.4256044488188977
21
2.6187966141732284
0
LINE
8
BLACK
6
CONTINUOUS
10
1.4256044488188977
20
2.6187966141732284
11
1.4251516141732283
21
2.618424960629921
0
LINE
8
BLACK
6
CONTINUOUS
10
1.4251516141732283
20
2.618424960629921
11
1.4250494094488189
21
2.6183071259842521
0
LINE
8
BLACK
6
CONTINUOUS
10
1.4250494094488189
20
2.6183071259842521
11
1.4249366929133858
21
2.6182485826771651
0
LINE
8
BLACK
6
CONTINUOUS
10
1.4249366929133858
20
2.6182485826771651
11
1.4247095275590551
21
2.6180621653543308
0
LINE
8
BLACK
6
CONTINUOUS
10
1.4247095275590551
20
2.6180621653543308
11
1.4240572047244093
21
2.617791968503937
0
LINE
8
BLACK
6
CONTINUOUS
10
1.4240572047244093
20
2.617791968503937
11
1.41844531496063
21
2.6148782283464564
0
LINE
8
BLACK
6
CONTINUOUS
10
1.41844531496063
20
2.6148782283464564
11
1.4173640944881889
21
2.6144644488188975
0
LINE
8
BLACK
6
CONTINUOUS
10
1.4173640944881889
20
2.6144644488188975
11
1.4171523622047244
21
2.6144493700787401
0
LINE
8
BLACK
6
CONTINUOUS
10
1.4171523622047244
20
2.6144493700787401
11
1.4169564173228346
21
2.6143682283464567
0
LINE
8
BLACK
6
CONTINUOUS
10
1.4169564173228346
20
2.6143682283464567
11
1.4159177952755906
21
2.6143616535433072
0
LINE
8
BLACK
6
CONTINUOUS
10
1.4159177952755906
20
2.6143616535433072
11
1.4150656299212598
21
2.6143011417322835
0
LINE
8
BLACK
6
CONTINUOUS
10
1.4150656299212598
20
2.6143011417322835
11
1.4149031496062991
21
2.614355275590551
0
LINE
8
BLACK
6
CONTINUOUS
10
1.4149031496062991
20
2.614355275590551
11
1.3989314173228347
21
2.6142547637795275
0
LINE
8
BLACK
6
CONTINUOUS
10
1.3989314173228347
20
2.6142547637795275
11
1.3977792913385827
21
2.6143682283464567
0
LINE
8
BLACK
6
CONTINUOUS
10
1.3977792913385827
20
2.6143682283464567
11
1.3975831889763779
21
2.6144494488188976
0
LINE
8
BLACK
6
CONTINUOUS
10
1.3975831889763779
20
2.6144494488188976
11
1.3973716141732284
21
2.6144644881889763
0
LINE
8
BLACK
6
CONTINUOUS
10
1.3973716141732284
20
2.6144644881889763
11
1.3962855511811023
21
2.6149869685039371
0
LINE
8
BLACK
6
CONTINUOUS
10
1.3962855511811023
20
2.6149869685039371
11
1.3956504724409449
21
2.6152500393700788
0
LINE
8
BLACK
6
CONTINUOUS
10
1.3956504724409449
20
2.6152500393700788
11
1.3955686220472441
21
2.6153318503937006
0
LINE
8
BLACK
6
CONTINUOUS
10
1.3955686220472441
20
2.6153318503937006
11
1.3906661023622047
21
2.6176903937007872
0
LINE
8
BLACK
6
CONTINUOUS
10
1.3906661023622047
20
2.6176903937007872
11
1.3901702755905512
21
2.6180024803149604
0
LINE
8
BLACK
6
CONTINUOUS
10
1.3901702755905512
20
2.6180024803149604
11
1.390026220472441
21
2.6180621653543308
0
LINE
8
BLACK
6
CONTINUOUS
10
1.390026220472441
20
2.6180621653543308
11
1.3899314173228345
21
2.6181528346456693
0
LINE
8
BLACK
6
CONTINUOUS
10
1.3899314173228345
20
2.6181528346456693
11
1.3896863385826772
21
2.6183071259842521
0
LINE
8
BLACK
6
CONTINUOUS
10
1.3896863385826772
20
2.6183071259842521
11
1.3892777952755906
21
2.6187781496062992
0
LINE
8
BLACK
6
CONTINUOUS
10
1.3892777952755906
20
2.6187781496062992
11
1.3863191732283464
21
2.6216087007874016
0
LINE
8
BLACK
6
CONTINUOUS
10
1.3863191732283464
20
2.6216087007874016
11
1.3855847244094488
21
2.622503622047244
0
LINE
8
BLACK
6
CONTINUOUS
10
1.3855847244094488
20
2.622503622047244
11
1.3847029133858269
21
2.624632440944882
0
LINE
8
BLACK
6
CONTINUOUS
10
1.3847029133858269
20
2.624632440944882
11
1.3847029133858269
21
2.6269366141732284
0
LINE
8
BLACK
6
CONTINUOUS
10
1.3847029133858269
20
2.6269366141732284
11
1.38558468503937
21
2.629065433070866
0
LINE
8
BLACK
6
CONTINUOUS
10
1.38558468503937
20
2.629065433070866
11
1.3872140157480315
21
2.630694803149606
0
LINE
8
BLACK
6
CONTINUOUS
10
1.3872140157480315
20
2.630694803149606
11
1.3893428346456693
21
2.6315766141732282
0
LINE
8
BLACK
6
CONTINUOUS
10
1.3893428346456693
20
2.6315766141732282
11
1.3916470078740157
21
2.6315766141732282
0
LINE
8
BLACK
6
CONTINUOUS
10
1.3916470078740157
20
2.6315766141732282
11
1.3937758267716536
21
2.6306948425196848
0
LINE
8
BLACK
6
CONTINUOUS
10
1.3937758267716536
20
2.6306948425196848
11
1.3969332283464566
21
2.6276741338582679
0
LINE
8
BLACK
6
CONTINUOUS
10
1.3969332283464566
20
2.6276741338582679
11
1.4004770078740156
21
2.6259692913385826
0
LINE
8
BLACK
6
CONTINUOUS
10
1.4004770078740156
20
2.6259692913385826
11
1.4145570078740157
21
2.6260579133858268
0
LINE
8
BLACK
6
CONTINUOUS
10
1.4145570078740157
20
2.6260579133858268
11
1.4180827165354331
21
2.6278885039370077
0
LINE
8
BLACK
6
CONTINUOUS
10
1.4180827165354331
20
2.6278885039370077
11
1.4195390157480314
21
2.6294107086614171
0
LINE
8
BLACK
6
CONTINUOUS
10
1.4195390157480314
20
2.6294107086614171
11
1.4212407874015747
21
2.6329480314960629
0
LINE
8
BLACK
6
CONTINUOUS
10
1.4212407874015747
20
2.6329480314960629
11
1.4211566929133859
21
2.6442194488188977
0
LINE
8
BLACK
6
CONTINUOUS
10
1.4211566929133859
20
2.6442194488188977
11
1.4193246456692914
21
2.6477480314960631
0
LINE
8
BLACK
6
CONTINUOUS
10
1.4193246456692914
20
2.6477480314960631
11
1.4178024803149607
21
2.6492042913385827
0
LINE
8
BLACK
6
CONTINUOUS
10
1.4178024803149607
20
2.6492042913385827
11
1.4142890157480315
21
2.6508945669291339
0
LINE
8
BLACK
6
CONTINUOUS
10
1.4142890157480315
20
2.6508945669291339
11
1.407367874015748
21
2.6508126771653542
0
LINE
8
BLACK
6
CONTINUOUS
10
1.407367874015748
20
2.6508126771653542
11
1.4067587007874016
21
2.6508726377952754
0
LINE
8
BLACK
6
CONTINUOUS
10
1.4067587007874016
20
2.6508726377952754
11
1.406603622047244
21
2.6508623228346457
0
LINE
8
BLACK
6
CONTINUOUS
10
1.406603622047244
20
2.6508623228346457
11
1.4064967322834645
21
2.6508984645669291
0
LINE
8
BLACK
6
CONTINUOUS
10
1.4064967322834645
20
2.6508984645669291
11
1.4062157480314961
21
2.6509261417322834
0
LINE
8
BLACK
6
CONTINUOUS
10
1.4062157480314961
20
2.6509261417322834
11
1.4053295669291339
21
2.651293188976378
0
LINE
8
BLACK
6
CONTINUOUS
10
1.4053295669291339
20
2.651293188976378
11
1.4044208661417323
21
2.6516005511811023
0
LINE
8
BLACK
6
CONTINUOUS
10
1.4044208661417323
20
2.6516005511811023
11
1.4042709448818897
21
2.6517316929133856
0
LINE
8
BLACK
6
CONTINUOUS
10
1.4042709448818897
20
2.6517316929133856
11
1.4040869291338582
21
2.6518079527559055
0
LINE
8
BLACK
6
CONTINUOUS
10
1.4040869291338582
20
2.6518079527559055
11
1.4034085826771654
21
2.6524862598425196
0
LINE
8
BLACK
6
CONTINUOUS
10
1.4034085826771654
20
2.6524862598425196
11
1.4026867322834646
21
2.6531179133858269
0
LINE
8
BLACK
6
CONTINUOUS
10
1.4026867322834646
20
2.6531179133858269
11
1.4025984251968504
21
2.6532964173228346
0
LINE
8
BLACK
6
CONTINUOUS
10
1.4025984251968504
20
2.6532964173228346
11
1.4024576377952755
21
2.653437244094488
0
LINE
8
BLACK
6
CONTINUOUS
10
1.4024576377952755
20
2.653437244094488
11
1.4020904330708661
21
2.6543237007874017
0
LINE
8
BLACK
6
CONTINUOUS
10
1.4020904330708661
20
2.6543237007874017
11
1.40166531496063
21
2.6551833858267715
0
LINE
8
BLACK
6
CONTINUOUS
10
1.40166531496063
20
2.6551833858267715
11
1.4016520472440945
21
2.6553819685039368
0
LINE
8
BLACK
6
CONTINUOUS
10
1.4016520472440945
20
2.6553819685039368
11
1.4015758267716536
21
2.6555660629921261
0
LINE
8
BLACK
6
CONTINUOUS
10
1.4015758267716536
20
2.6555660629921261
11
1.4015758267716536
21
2.6565253543307086
0
LINE
8
BLACK
6
CONTINUOUS
10
1.4015758267716536
20
2.6565253543307086
11
1.4015120078740158
21
2.6574824409448818
0
LINE
8
BLACK
6
CONTINUOUS
10
1.4015120078740158
20
2.6574824409448818
11
1.4015758267716536
21
2.6576711023622046
0
LINE
8
BLACK
6
CONTINUOUS
10
1.4015758267716536
20
2.6576711023622046
11
1.4015758267716536
21
2.65787031496063
0
LINE
8
BLACK
6
CONTINUOUS
10
1.4015758267716536
20
2.65787031496063
11
1.401942874015748
21
2.6587564566929132
0
LINE
8
BLACK
6
CONTINUOUS
10
1.401942874015748
20
2.6587564566929132
11
1.4022502362204725
21
2.6596651968503937
0
LINE
8
BLACK
6
CONTINUOUS
10
1.4022502362204725
20
2.6596651968503937
11
1.4023822834645669
21
2.6598172047244093
0
LINE
8
BLACK
6
CONTINUOUS
10
1.4023822834645669
20
2.6598172047244093
11
1.4024576377952755
21
2.6599991338582676
0
LINE
8
BLACK
6
CONTINUOUS
10
1.4024576377952755
20
2.6599991338582676
11
1.4030864173228346
21
2.6606279133858268
0
LINE
8
BLACK
6
CONTINUOUS
10
1.4030864173228346
20
2.6606279133858268
11
1.4141633858267717
21
2.6733810629921257
0
LINE
8
BLACK
6
CONTINUOUS
10
1.4141633858267717
20
2.6733810629921257
11
1.3904949606299213
21
2.6733098818897636
0
LINE
8
BLACK
6
CONTINUOUS
10
1.3904949606299213
20
2.6733098818897636
11
1.3893428346456693
21
2.6734233464566928
0
LINE
8
BLACK
6
CONTINUOUS
10
1.3893428346456693
20
2.6734233464566928
11
1.3872140157480315
21
2.6743051574803149
0
LINE
8
BLACK
6
CONTINUOUS
10
1.3872140157480315
20
2.6743051574803149
11
1.3855847244094488
21
2.6759344488188974
0
LINE
8
BLACK
6
CONTINUOUS
10
1.3855847244094488
20
2.6759344488188974
11
1.3847029133858269
21
2.6780632677165355
0
LINE
8
BLACK
6
CONTINUOUS
10
1.3847029133858269
20
2.6780632677165355
11
1.3847029133858269
21
2.6803675196850394
0
LINE
8
BLACK
6
CONTINUOUS
10
1.3847029133858269
20
2.6803675196850394
11
1.3855847244094488
21
2.682496338582677
0
LINE
8
BLACK
6
CONTINUOUS
10
1.3855847244094488
20
2.682496338582677
11
1.3872140157480315
21
2.6841256299212599
0
LINE
8
BLACK
6
CONTINUOUS
10
1.3872140157480315
20
2.6841256299212599
11
1.3893428346456693
21
2.6850074409448816
0
LINE
8
BLACK
6
CONTINUOUS
10
1.3893428346456693
20
2.6850074409448816
11
1.4270529133858267
21
2.6851209055118108
0
LINE
8
BLACK
6
CONTINUOUS
10
1.4270529133858267
20
2.6851209055118108
11
1.4276622440944882
21
2.6850608661417321
0
LINE
8
BLACK
6
CONTINUOUS
10
1.4951118897637794
20
2.6850074409448816
11
1.4956965748031497
21
2.6850074409448816
0
LINE
8
BLACK
6
CONTINUOUS
10
1.4956965748031497
20
2.6850074409448816
11
1.4962309842519685
21
2.6847860629921261
0
LINE
8
BLACK
6
CONTINUOUS
10
1.4962309842519685
20
2.6847860629921261
11
1.4967986614173228
21
2.684673779527559
0
LINE
8
BLACK
6
CONTINUOUS
10
1.4967986614173228
20
2.684673779527559
11
1.4972852755905512
21
2.6843493307086614
0
LINE
8
BLACK
6
CONTINUOUS
10
1.4972852755905512
20
2.6843493307086614
11
1.4978253937007873
21
2.6841256299212599
0
LINE
8
BLACK
6
CONTINUOUS
10
1.4978253937007873
20
2.6841256299212599
11
1.4982344094488189
21
2.6837166141732283
0
LINE
8
BLACK
6
CONTINUOUS
10
1.4982344094488189
20
2.6837166141732283
11
1.4987159448818896
21
2.6833955905511808
0
LINE
8
BLACK
6
CONTINUOUS
10
1.4987159448818896
20
2.6833955905511808
11
1.4990413385826771
21
2.6829096456692914
0
LINE
8
BLACK
6
CONTINUOUS
10
1.4990413385826771
20
2.6829096456692914
11
1.49945468503937
21
2.682496338582677
0
LINE
8
BLACK
6
CONTINUOUS
10
1.49945468503937
20
2.682496338582677
11
1.499676062992126
21
2.6819618110236219
0
LINE
8
BLACK
6
CONTINUOUS
10
1.499676062992126
20
2.6819618110236219
11
1.4999980708661418
21
2.6814810236220472
0
LINE
8
BLACK
6
CONTINUOUS
10
1.4999980708661418
20
2.6814810236220472
11
1.5001127165354331
21
2.6809076771653544
0
LINE
8
BLACK
6
CONTINUOUS
10
1.5001127165354331
20
2.6809076771653544
11
1.5003364960629921
21
2.6803675196850394
0
LINE
8
BLACK
6
CONTINUOUS
10
1.5003364960629921
20
2.6803675196850394
11
1.500337559055118
21
2.6797833858267714
0
LINE
8
BLACK
6
CONTINUOUS
10
1.500337559055118
20
2.6797833858267714
11
1.5004499606299213
21
2.6792216141732283
0
LINE
8
BLACK
6
CONTINUOUS
10
1.5004499606299213
20
2.6792216141732283
11
1.50033968503937
21
2.678664212598425
0
LINE
8
BLACK
6
CONTINUOUS
10
1.50033968503937
20
2.678664212598425
11
1.5004388976377951
21
2.6260300787401576
0
LINE
8
BLACK
6
CONTINUOUS
10
1.5004388976377951
20
2.6260300787401576
11
1.5114173622047244
21
2.6260657874015747
0
LINE
8
BLACK
6
CONTINUOUS
10
1.5114173622047244
20
2.6260657874015747
11
1.5125694881889764
21
2.6259523228346455
0
LINE
8
BLACK
6
CONTINUOUS
10
1.5125694881889764
20
2.6259523228346455
11
1.5146983070866142
21
2.6250705118110234
0
LINE
8
BLACK
6
CONTINUOUS
10
1.5146983070866142
20
2.6250705118110234
11
1.5163275984251967
21
2.6234412204724409
0
LINE
8
BLACK
6
CONTINUOUS
10
1.5163275984251967
20
2.6234412204724409
11
1.5172094094488189
21
2.6213124015748033
0
LINE
8
BLACK
6
CONTINUOUS
10
1.5172094094488189
20
2.6213124015748033
11
1.5172094094488189
21
2.6190081496062994
0
LINE
8
BLACK
6
CONTINUOUS
10
1.5172094094488189
20
2.6190081496062994
11
1.5163275984251967
21
2.6168793307086613
0
LINE
8
BLACK
6
CONTINUOUS
10
1.5163275984251967
20
2.6168793307086613
11
1.5146983070866142
21
2.6152500393700788
0
LINE
8
BLACK
6
CONTINUOUS
10
1.5146983070866142
20
2.6152500393700788
11
1.5125694881889764
21
2.6143682283464567
0
LINE
8
BLACK
6
CONTINUOUS
10
1.5125694881889764
20
2.6143682283464567
11
1.4776715748031495
21
2.6142547637795275
0
LINE
8
BLACK
6
CONTINUOUS
10
1.4776715748031495
20
2.6142547637795275
11
1.4765194488188975
21
2.6143682283464567
0
LINE
8
BLACK
6
CONTINUOUS
10
1.4765194488188975
20
2.6143682283464567
11
1.4743906299212599
21
2.6152500393700788
0
LINE
8
BLACK
6
CONTINUOUS
10
1.4743906299212599
20
2.6152500393700788
11
1.4727613385826772
21
2.6168793307086613
0
LINE
8
BLACK
6
CONTINUOUS
10
1.4727613385826772
20
2.6168793307086613
11
1.471879527559055
21
2.6190081496062994
0
LINE
8
BLACK
6
CONTINUOUS
10
1.471879527559055
20
2.6190081496062994
11
1.471879527559055
21
2.6213124015748033
0
LINE
8
BLACK
6
CONTINUOUS
10
1.471879527559055
20
2.6213124015748033
11
1.4727613385826772
21
2.6234412204724409
0
LINE
8
BLACK
6
CONTINUOUS
10
1.4727613385826772
20
2.6234412204724409
11
1.4743906299212599
21
2.6250705118110234
0
LINE
8
BLACK
6
CONTINUOUS
10
1.4743906299212599
20
2.6250705118110234
11
1.4765194488188975
21
2.6259523228346455
0
LINE
8
BLACK
6
CONTINUOUS
10
1.4765194488188975
20
2.6259523228346455
11
1.4887392125984251
21
2.6259920472440945
0
LINE
8
BLACK
6
CONTINUOUS
10
1.4887392125984251
20
2.6259920472440945
11
1.4886709842519685
21
2.6622083464566928
0
LINE
8
BLACK
6
CONTINUOUS
10
1.4886709842519685
20
2.6622083464566928
11
1.4874716929133858
21
2.6609788188976378
0
LINE
8
BLACK
6
CONTINUOUS
10
1.4874716929133858
20
2.6609788188976378
11
1.4870188582677164
21
2.6606071653543308
0
LINE
8
BLACK
6
CONTINUOUS
10
1.4870188582677164
20
2.6606071653543308
11
1.4869166535433072
21
2.6604893307086614
0
LINE
8
BLACK
6
CONTINUOUS
10
1.4869166535433072
20
2.6604893307086614
11
1.4868039370078741
21
2.6604307874015749
0
LINE
8
BLACK
6
CONTINUOUS
10
1.4868039370078741
20
2.6604307874015749
11
1.4865767716535432
21
2.6602443700787402
0
LINE
8
BLACK
6
CONTINUOUS
10
1.4865767716535432
20
2.6602443700787402
11
1.4859244488188976
21
2.6599741732283464
0
LINE
8
BLACK
6
CONTINUOUS
10
1.4859244488188976
20
2.6599741732283464
11
1.4803125984251968
21
2.657060472440945
0
LINE
8
BLACK
6
CONTINUOUS
10
1.4803125984251968
20
2.657060472440945
11
1.4792313385826772
21
2.6566466929133856
0
LINE
8
BLACK
6
CONTINUOUS
10
1.4792313385826772
20
2.6566466929133856
11
1.4769329133858267
21
2.6564833858267716
0
LINE
8
BLACK
6
CONTINUOUS
10
1.4769329133858267
20
2.6564833858267716
11
1.4747470078740157
21
2.6572120472440943
0
LINE
8
BLACK
6
CONTINUOUS
10
1.4747470078740157
20
2.6572120472440943
11
1.4730062598425198
21
2.6587217716535432
0
LINE
8
BLACK
6
CONTINUOUS
10
1.4730062598425198
20
2.6587217716535432
11
1.4719757480314961
21
2.6607827559055117
0
LINE
8
BLACK
6
CONTINUOUS
10
1.4719757480314961
20
2.6607827559055117
11
1.4718124409448818
21
2.663081181102362
0
LINE
8
BLACK
6
CONTINUOUS
10
1.4718124409448818
20
2.663081181102362
11
1.4725411023622046
21
2.6652670866141732
0
LINE
8
BLACK
6
CONTINUOUS
10
1.4725411023622046
20
2.6652670866141732
11
1.4740508267716534
21
2.6670078346456694
0
LINE
8
BLACK
6
CONTINUOUS
10
1.4740508267716534
20
2.6670078346456694
11
1.4800117716535433
21
2.6701027952755907
0
LINE
8
BLACK
6
CONTINUOUS
10
1.4800117716535433
20
2.6701027952755907
11
1.4846562992125985
21
2.674864527559055
0
LINE
8
BLACK
6
CONTINUOUS
10
1.4846562992125985
20
2.674864527559055
11
1.4896307874015748
21
2.6824911811023622
0
LINE
8
BLACK
6
CONTINUOUS
10
1.4896307874015748
20
2.6824911811023622
11
1.4896333858267716
21
2.6824943307086615
0
LINE
8
BLACK
6
CONTINUOUS
10
1.4896333858267716
20
2.6824943307086615
11
1.4896342125984252
21
2.682496338582677
0
LINE
8
BLACK
6
CONTINUOUS
10
1.4896342125984252
20
2.682496338582677
11
1.4896385826771654
21
2.6825007086614172
0
LINE
8
BLACK
6
CONTINUOUS
10
1.4896385826771654
20
2.6825007086614172
11
1.4903642519685039
21
2.6833868897637796
0
LINE
8
BLACK
6
CONTINUOUS
10
1.4903642519685039
20
2.6833868897637796
11
1.490850157480315
21
2.6837122834645668
0
LINE
8
BLACK
6
CONTINUOUS
10
1.490850157480315
20
2.6837122834645668
11
1.4912635039370079
21
2.6841256299212599
0
LINE
8
BLACK
6
CONTINUOUS
10
1.4912635039370079
20
2.6841256299212599
11
1.4917979921259843
21
2.6843470078740155
0
LINE
8
BLACK
6
CONTINUOUS
10
1.4917979921259843
20
2.6843470078740155
11
1.4922788188976377
21
2.6846690157480313
0
LINE
8
BLACK
6
CONTINUOUS
10
1.4922788188976377
20
2.6846690157480313
11
1.4928520866141732
21
2.6847836614173226
0
LINE
8
BLACK
6
CONTINUOUS
10
1.4928520866141732
20
2.6847836614173226
11
1.4933923228346457
21
2.6850074409448816
0
LINE
8
BLACK
6
CONTINUOUS
10
1.4933923228346457
20
2.6850074409448816
11
1.4939709448818896
21
2.6850074409448816
0
LINE
8
BLACK
6
CONTINUOUS
10
1.4939709448818896
20
2.6850074409448816
11
1.4945382677165353
21
2.6851209055118108
0
LINE
8
BLACK
6
CONTINUOUS
10
1.4945382677165353
20
2.6851209055118108
11
1.4951118897637794
21
2.6850074409448816
0
LINE
8
BLACK
6
CONTINUOUS
10
1.5575638188976377
20
2.6850074409448816
11
1.5577597637795275
21
2.6849262598425194
0
LINE
8
BLACK
6
CONTINUOUS
10
1.5577597637795275
20
2.6849262598425194
11
1.557971496062992
21
2.6849112204724408
0
LINE
8
BLACK
6
CONTINUOUS
10
1.557971496062992
20
2.6849112204724408
11
1.5590580708661417
21
2.6843884645669291
0
LINE
8
BLACK
6
CONTINUOUS
10
1.5590580708661417
20
2.6843884645669291
11
1.5596926377952756
21
2.6841256299212599
0
LINE
8
BLACK
6
CONTINUOUS
10
1.5596926377952756
20
2.6841256299212599
11
1.5597743700787401
21
2.6840438582677164
0
LINE
8
BLACK
6
CONTINUOUS
10
1.5597743700787401
20
2.6840438582677164
11
1.5646770472440945
21
2.6816852755905511
0
LINE
8
BLACK
6
CONTINUOUS
10
1.5646770472440945
20
2.6816852755905511
11
1.5651728346456693
21
2.6813731496062991
0
LINE
8
BLACK
6
CONTINUOUS
10
1.5651728346456693
20
2.6813731496062991
11
1.5653169291338582
21
2.681313503937008
0
LINE
8
BLACK
6
CONTINUOUS
10
1.5653169291338582
20
2.681313503937008
11
1.5654116929133859
21
2.6812227952755907
0
LINE
8
BLACK
6
CONTINUOUS
10
1.5654116929133859
20
2.6812227952755907
11
1.565656811023622
21
2.6810685433070867
0
LINE
8
BLACK
6
CONTINUOUS
10
1.565656811023622
20
2.6810685433070867
11
1.5660653149606298
21
2.6805974803149604
0
LINE
8
BLACK
6
CONTINUOUS
10
1.5660653149606298
20
2.6805974803149604
11
1.5690239763779528
21
2.6777669291338584
0
LINE
8
BLACK
6
CONTINUOUS
10
1.5690239763779528
20
2.6777669291338584
11
1.5693956299212599
21
2.67731405511811
0
LINE
8
BLACK
6
CONTINUOUS
10
1.5693956299212599
20
2.67731405511811
11
1.5695134645669291
21
2.6772118897637793
0
LINE
8
BLACK
6
CONTINUOUS
10
1.5695134645669291
20
2.6772118897637793
11
1.5695719291338581
21
2.677099251968504
0
LINE
8
BLACK
6
CONTINUOUS
10
1.5695719291338581
20
2.677099251968504
11
1.5697584251968504
21
2.6768720472440943
0
LINE
8
BLACK
6
CONTINUOUS
10
1.5697584251968504
20
2.6768720472440943
11
1.5700285433070866
21
2.6762197637795273
0
LINE
8
BLACK
6
CONTINUOUS
10
1.5700285433070866
20
2.6762197637795273
11
1.5729423622047243
21
2.6706078740157482
0
LINE
8
BLACK
6
CONTINUOUS
10
1.5729423622047243
20
2.6706078740157482
11
1.5733561023622047
21
2.6695266141732281
0
LINE
8
BLACK
6
CONTINUOUS
10
1.5733561023622047
20
2.6695266141732281
11
1.5733711023622048
21
2.6693150000000001
0
LINE
8
BLACK
6
CONTINUOUS
10
1.5733711023622048
20
2.6693150000000001
11
1.5734523622047243
21
2.6691189370078741
0
LINE
8
BLACK
6
CONTINUOUS
10
1.5734523622047243
20
2.6691189370078741
11
1.5734977165354331
21
2.6675337401574803
0
LINE
8
BLACK
6
CONTINUOUS
10
1.5734977165354331
20
2.6675337401574803
11
1.5735194488188975
21
2.6672281889763778
0
LINE
8
BLACK
6
CONTINUOUS
10
1.5735194488188975
20
2.6672281889763778
11
1.5735074803149607
21
2.6671923228346457
0
LINE
8
BLACK
6
CONTINUOUS
10
1.5735074803149607
20
2.6671923228346457
11
1.5735658267716535
21
2.6651546456692912
0
LINE
8
BLACK
6
CONTINUOUS
10
1.5735658267716535
20
2.6651546456692912
11
1.5734523622047243
21
2.6640025196850394
0
LINE
8
BLACK
6
CONTINUOUS
10
1.5734523622047243
20
2.6640025196850394
11
1.5733711023622048
21
2.6638064173228346
0
LINE
8
BLACK
6
CONTINUOUS
10
1.5733711023622048
20
2.6638064173228346
11
1.5733561023622047
21
2.6635948425196849
0
LINE
8
BLACK
6
CONTINUOUS
10
1.5733561023622047
20
2.6635948425196849
11
1.5728335826771653
21
2.6625087795275588
0
LINE
8
BLACK
6
CONTINUOUS
10
1.5728335826771653
20
2.6625087795275588
11
1.5725705511811023
21
2.6618737007874014
0
LINE
8
BLACK
6
CONTINUOUS
10
1.5725705511811023
20
2.6618737007874014
11
1.5724887007874015
21
2.6617918503937008
0
LINE
8
BLACK
6
CONTINUOUS
10
1.5724887007874015
20
2.6617918503937008
11
1.5701301968503936
21
2.6568893307086614
0
LINE
8
BLACK
6
CONTINUOUS
10
1.5701301968503936
20
2.6568893307086614
11
1.5698180708661418
21
2.6563935039370077
0
LINE
8
BLACK
6
CONTINUOUS
10
1.5698180708661418
20
2.6563935039370077
11
1.5697584251968504
21
2.6562494488188975
0
LINE
8
BLACK
6
CONTINUOUS
10
1.5697584251968504
20
2.6562494488188975
11
1.5696677165354331
21
2.6561546456692913
0
LINE
8
BLACK
6
CONTINUOUS
10
1.5696677165354331
20
2.6561546456692913
11
1.5695134645669291
21
2.6559095669291337
0
LINE
8
BLACK
6
CONTINUOUS
10
1.5695134645669291
20
2.6559095669291337
11
1.569042401574803
21
2.6555010236220471
0
LINE
8
BLACK
6
CONTINUOUS
10
1.569042401574803
20
2.6555010236220471
11
1.5675133464566928
21
2.6539027952755907
0
LINE
8
BLACK
6
CONTINUOUS
10
1.5675133464566928
20
2.6539027952755907
11
1.5690239763779528
21
2.6524575984251966
0
LINE
8
BLACK
6
CONTINUOUS
10
1.5690239763779528
20
2.6524575984251966
11
1.5693956299212599
21
2.6520047244094487
0
LINE
8
BLACK
6
CONTINUOUS
10
1.5693956299212599
20
2.6520047244094487
11
1.5695134645669291
21
2.651902559055118
0
LINE
8
BLACK
6
CONTINUOUS
10
1.5695134645669291
20
2.651902559055118
11
1.5695719291338581
21
2.6517899212598426
0
LINE
8
BLACK
6
CONTINUOUS
10
1.5695719291338581
20
2.6517899212598426
11
1.5697584251968504
21
2.651562716535433
0
LINE
8
BLACK
6
CONTINUOUS
10
1.5697584251968504
20
2.651562716535433
11
1.5700285433070866
21
2.6509104330708659
0
LINE
8
BLACK
6
CONTINUOUS
10
1.5700285433070866
20
2.6509104330708659
11
1.5729423622047243
21
2.6452985433070864
0
LINE
8
BLACK
6
CONTINUOUS
10
1.5729423622047243
20
2.6452985433070864
11
1.5733561023622047
21
2.6442172834645667
0
LINE
8
BLACK
6
CONTINUOUS
10
1.5733561023622047
20
2.6442172834645667
11
1.5733711023622048
21
2.6440056692913387
0
LINE
8
BLACK
6
CONTINUOUS
10
1.5733711023622048
20
2.6440056692913387
11
1.5734523622047243
21
2.6438096062992127
0
LINE
8
BLACK
6
CONTINUOUS
10
1.5734523622047243
20
2.6438096062992127
11
1.5734622834645668
21
2.6427229133858265
0
LINE
8
BLACK
6
CONTINUOUS
10
1.5734622834645668
20
2.6427229133858265
11
1.5735194488188975
21
2.6419188582677164
0
LINE
8
BLACK
6
CONTINUOUS
10
1.5735194488188975
20
2.6419188582677164
11
1.5734709842519685
21
2.6417734645669291
0
LINE
8
BLACK
6
CONTINUOUS
10
1.5734709842519685
20
2.6417734645669291
11
1.5735658267716535
21
2.6314088582677164
0
LINE
8
BLACK
6
CONTINUOUS
10
1.5735658267716535
20
2.6314088582677164
11
1.5734523622047243
21
2.6302567322834647
0
LINE
8
BLACK
6
CONTINUOUS
10
1.5734523622047243
20
2.6302567322834647
11
1.5733711023622048
21
2.6300606299212599
0
LINE
8
BLACK
6
CONTINUOUS
10
1.5733711023622048
20
2.6300606299212599
11
1.5733561023622047
21
2.6298490551181102
0
LINE
8
BLACK
6
CONTINUOUS
10
1.5733561023622047
20
2.6298490551181102
11
1.5728335826771653
21
2.6287629921259841
0
LINE
8
BLACK
6
CONTINUOUS
10
1.5728335826771653
20
2.6287629921259841
11
1.5725705511811023
21
2.6281279133858266
0
LINE
8
BLACK
6
CONTINUOUS
10
1.5725705511811023
20
2.6281279133858266
11
1.5724887007874015
21
2.6280460629921261
0
LINE
8
BLACK
6
CONTINUOUS
10
1.5724887007874015
20
2.6280460629921261
11
1.5701301968503936
21
2.6231435433070867
0
LINE
8
BLACK
6
CONTINUOUS
10
1.5701301968503936
20
2.6231435433070867
11
1.5698181102362205
21
2.6226477952755904
0
LINE
8
BLACK
6
CONTINUOUS
10
1.5698181102362205
20
2.6226477952755904
11
1.5697584251968504
21
2.622503622047244
0
LINE
8
BLACK
6
CONTINUOUS
10
1.5697584251968504
20
2.622503622047244
11
1.5696676771653544
21
2.6224087401574803
0
LINE
8
BLACK
6
CONTINUOUS
10
1.5696676771653544
20
2.6224087401574803
11
1.5695134645669291
21
2.622163779527559
0
LINE
8
BLACK
6
CONTINUOUS
10
1.5695134645669291
20
2.622163779527559
11
1.5690425196850393
21
2.6217553543307086
0
LINE
8
BLACK
6
CONTINUOUS
10
1.5690425196850393
20
2.6217553543307086
11
1.5662118503937008
21
2.6187966141732284
0
LINE
8
BLACK
6
CONTINUOUS
10
1.5662118503937008
20
2.6187966141732284
11
1.5657590157480314
21
2.618424960629921
0
LINE
8
BLACK
6
CONTINUOUS
10
1.5657590157480314
20
2.618424960629921
11
1.565656811023622
21
2.6183071259842521
0
LINE
8
BLACK
6
CONTINUOUS
10
1.565656811023622
20
2.6183071259842521
11
1.5655440944881889
21
2.6182485826771651
0
LINE
8
BLACK
6
CONTINUOUS
10
1.5655440944881889
20
2.6182485826771651
11
1.5653169291338582
21
2.6180621653543308
0
LINE
8
BLACK
6
CONTINUOUS
10
1.5653169291338582
20
2.6180621653543308
11
1.5646646062992127
21
2.617791968503937
0
LINE
8
BLACK
6
CONTINUOUS
10
1.5646646062992127
20
2.617791968503937
11
1.5590527165354331
21
2.6148782283464564
0
LINE
8
BLACK
6
CONTINUOUS
10
1.5590527165354331
20
2.6148782283464564
11
1.557971496062992
21
2.6144644488188975
0
LINE
8
BLACK
6
CONTINUOUS
10
1.557971496062992
20
2.6144644488188975
11
1.5577597637795275
21
2.6144493700787401
0
LINE
8
BLACK
6
CONTINUOUS
10
1.5577597637795275
20
2.6144493700787401
11
1.5575638188976377
21
2.6143682283464567
0
LINE
8
BLACK
6
CONTINUOUS
10
1.5575638188976377
20
2.6143682283464567
11
1.5564773228346456
21
2.6143582677165353
0
LINE
8
BLACK
6
CONTINUOUS
10
1.5564773228346456
20
2.6143582677165353
11
1.555673031496063
21
2.6143011417322835
0
LINE
8
BLACK
6
CONTINUOUS
10
1.555673031496063
20
2.6143011417322835
11
1.5555276377952756
21
2.6143495669291337
0
LINE
8
BLACK
6
CONTINUOUS
10
1.5555276377952756
20
2.6143495669291337
11
1.5451631102362204
21
2.6142547637795275
0
LINE
8
BLACK
6
CONTINUOUS
10
1.5451631102362204
20
2.6142547637795275
11
1.5440109842519685
21
2.6143682283464567
0
LINE
8
BLACK
6
CONTINUOUS
10
1.5440109842519685
20
2.6143682283464567
11
1.5438148818897637
21
2.6144494488188976
0
LINE
8
BLACK
6
CONTINUOUS
10
1.5438148818897637
20
2.6144494488188976
11
1.5436033070866142
21
2.6144644881889763
0
LINE
8
BLACK
6
CONTINUOUS
10
1.5436033070866142
20
2.6144644881889763
11
1.5425172440944881
21
2.6149869685039371
0
LINE
8
BLACK
6
CONTINUOUS
10
1.5425172440944881
20
2.6149869685039371
11
1.5418821653543306
21
2.6152500393700788
0
LINE
8
BLACK
6
CONTINUOUS
10
1.5418821653543306
20
2.6152500393700788
11
1.5418003149606299
21
2.6153318503937006
0
LINE
8
BLACK
6
CONTINUOUS
10
1.5418003149606299
20
2.6153318503937006
11
1.5368977952755905
21
2.6176903937007872
0
LINE
8
BLACK
6
CONTINUOUS
10
1.5368977952755905
20
2.6176903937007872
11
1.536401968503937
21
2.6180024803149604
0
LINE
8
BLACK
6
CONTINUOUS
10
1.536401968503937
20
2.6180024803149604
11
1.5362579133858267
21
2.6180621653543308
0
LINE
8
BLACK
6
CONTINUOUS
10
1.5362579133858267
20
2.6180621653543308
11
1.5361631102362205
21
2.6181528346456693
0
LINE
8
BLACK
6
CONTINUOUS
10
1.5361631102362205
20
2.6181528346456693
11
1.535918031496063
21
2.6183071259842521
0
LINE
8
BLACK
6
CONTINUOUS
10
1.535918031496063
20
2.6183071259842521
11
1.5355094881889764
21
2.6187781496062992
0
LINE
8
BLACK
6
CONTINUOUS
10
1.5355094881889764
20
2.6187781496062992
11
1.5325508661417322
21
2.6216087007874016
0
LINE
8
BLACK
6
CONTINUOUS
10
1.5325508661417322
20
2.6216087007874016
11
1.5321792125984253
21
2.6220615354330707
0
LINE
8
BLACK
6
CONTINUOUS
10
1.5321792125984253
20
2.6220615354330707
11
1.5320613385826771
21
2.622163779527559
0
LINE
8
BLACK
6
CONTINUOUS
10
1.5320613385826771
20
2.622163779527559
11
1.5320027952755906
21
2.6222764960629918
0
LINE
8
BLACK
6
CONTINUOUS
10
1.5320027952755906
20
2.6222764960629918
11
1.5318164173228346
21
2.622503622047244
0
LINE
8
BLACK
6
CONTINUOUS
10
1.5318164173228346
20
2.622503622047244
11
1.5315462204724408
21
2.6231558661417322
0
LINE
8
BLACK
6
CONTINUOUS
10
1.5315462204724408
20
2.6231558661417322
11
1.5286324803149607
21
2.6287678346456693
0
LINE
8
BLACK
6
CONTINUOUS
10
1.5286324803149607
20
2.6287678346456693
11
1.5282187007874015
21
2.6298490944881889
0
LINE
8
BLACK
6
CONTINUOUS
10
1.5282187007874015
20
2.6298490944881889
11
1.5282036614173229
21
2.6300607086614174
0
LINE
8
BLACK
6
CONTINUOUS
10
1.5282036614173229
20
2.6300607086614174
11
1.5281224803149607
21
2.6302567322834647
0
LINE
8
BLACK
6
CONTINUOUS
10
1.5281224803149607
20
2.6302567322834647
11
1.5281125196850394
21
2.6313432283464566
0
LINE
8
BLACK
6
CONTINUOUS
10
1.5281125196850394
20
2.6313432283464566
11
1.5280553937007875
21
2.6321475196850392
0
LINE
8
BLACK
6
CONTINUOUS
10
1.5280553937007875
20
2.6321475196850392
11
1.5281038188976377
21
2.6322928740157479
0
LINE
8
BLACK
6
CONTINUOUS
10
1.5281038188976377
20
2.6322928740157479
11
1.5280090157480315
21
2.6426574803149605
0
LINE
8
BLACK
6
CONTINUOUS
10
1.5280090157480315
20
2.6426574803149605
11
1.5281224803149607
21
2.6438096062992127
0
LINE
8
BLACK
6
CONTINUOUS
10
1.5281224803149607
20
2.6438096062992127
11
1.5282036614173229
21
2.6440055905511812
0
LINE
8
BLACK
6
CONTINUOUS
10
1.5282036614173229
20
2.6440055905511812
11
1.5282187007874015
21
2.644217244094488
0
LINE
8
BLACK
6
CONTINUOUS
10
1.5282187007874015
20
2.644217244094488
11
1.5287413385826771
21
2.6453036614173229
0
LINE
8
BLACK
6
CONTINUOUS
10
1.5287413385826771
20
2.6453036614173229
11
1.5290042913385826
21
2.6459384251968503
0
LINE
8
BLACK
6
CONTINUOUS
10
1.5290042913385826
20
2.6459384251968503
11
1.5290860629921259
21
2.6460201968503938
0
LINE
8
BLACK
6
CONTINUOUS
10
1.5290860629921259
20
2.6460201968503938
11
1.5314446062992126
21
2.6509227952755903
0
LINE
8
BLACK
6
CONTINUOUS
10
1.5314446062992126
20
2.6509227952755903
11
1.5317567322834644
21
2.6514186614173227
0
LINE
8
BLACK
6
CONTINUOUS
10
1.5317567322834644
20
2.6514186614173227
11
1.5318164173228346
21
2.651562716535433
0
LINE
8
BLACK
6
CONTINUOUS
10
1.5318164173228346
20
2.651562716535433
11
1.5319070472440945
21
2.6516574409448816
0
LINE
8
BLACK
6
CONTINUOUS
10
1.5319070472440945
20
2.6516574409448816
11
1.5320613385826771
21
2.651902559055118
0
LINE
8
BLACK
6
CONTINUOUS
10
1.5320613385826771
20
2.651902559055118
11
1.5325324015748032
21
2.6523111023622046
0
LINE
8
BLACK
6
CONTINUOUS
10
1.5325324015748032
20
2.6523111023622046
11
1.5340614173228346
21
2.6539092913385827
0
LINE
8
BLACK
6
CONTINUOUS
10
1.5340614173228346
20
2.6539092913385827
11
1.5325508267716534
21
2.6553545275590551
0
LINE
8
BLACK
6
CONTINUOUS
10
1.5325508267716534
20
2.6553545275590551
11
1.5321791732283465
21
2.6558073228346455
0
LINE
8
BLACK
6
CONTINUOUS
10
1.5321791732283465
20
2.6558073228346455
11
1.5320613385826771
21
2.6559095669291337
0
LINE
8
BLACK
6
CONTINUOUS
10
1.5320613385826771
20
2.6559095669291337
11
1.5320027952755906
21
2.6560222440944883
0
LINE
8
BLACK
6
CONTINUOUS
10
1.5320027952755906
20
2.6560222440944883
11
1.5318163779527558
21
2.6562494488188975
0
LINE
8
BLACK
6
CONTINUOUS
10
1.5318163779527558
20
2.6562494488188975
11
1.5315461811023621
21
2.6569017322834645
0
LINE
8
BLACK
6
CONTINUOUS
10
1.5315461811023621
20
2.6569017322834645
11
1.5286324803149607
21
2.6625136220472441
0
LINE
8
BLACK
6
CONTINUOUS
10
1.5286324803149607
20
2.6625136220472441
11
1.5282187007874015
21
2.6635948818897637
0
LINE
8
BLACK
6
CONTINUOUS
10
1.5282187007874015
20
2.6635948818897637
11
1.5282036614173229
21
2.6638064960629921
0
LINE
8
BLACK
6
CONTINUOUS
10
1.5282036614173229
20
2.6638064960629921
11
1.5281224803149607
21
2.6640025196850394
0
LINE
8
BLACK
6
CONTINUOUS
10
1.5281224803149607
20
2.6640025196850394
11
1.5280770866141733
21
2.6655876377952756
0
LINE
8
BLACK
6
CONTINUOUS
10
1.5280770866141733
20
2.6655876377952756
11
1.5280553937007875
21
2.665893307086614
0
LINE
8
BLACK
6
CONTINUOUS
10
1.5280553937007875
20
2.665893307086614
11
1.5280673228346455
21
2.6659291338582678
0
LINE
8
BLACK
6
CONTINUOUS
10
1.5280673228346455
20
2.6659291338582678
11
1.5280090157480315
21
2.6679668110236219
0
LINE
8
BLACK
6
CONTINUOUS
10
1.5280090157480315
20
2.6679668110236219
11
1.5281224803149607
21
2.6691189370078741
0
LINE
8
BLACK
6
CONTINUOUS
10
1.5281224803149607
20
2.6691189370078741
11
1.5282036614173229
21
2.6693149212598426
0
LINE
8
BLACK
6
CONTINUOUS
10
1.5282036614173229
20
2.6693149212598426
11
1.5282187007874015
21
2.6695265748031494
0
LINE
8
BLACK
6
CONTINUOUS
10
1.5282187007874015
20
2.6695265748031494
11
1.5287413385826771
21
2.6706129921259842
0
LINE
8
BLACK
6
CONTINUOUS
10
1.5287413385826771
20
2.6706129921259842
11
1.5290042913385826
21
2.6712477559055117
0
LINE
8
BLACK
6
CONTINUOUS
10
1.5290042913385826
20
2.6712477559055117
11
1.5290860629921259
21
2.6713295275590552
0
LINE
8
BLACK
6
CONTINUOUS
10
1.5290860629921259
20
2.6713295275590552
11
1.5314446062992126
21
2.6762321259842521
0
LINE
8
BLACK
6
CONTINUOUS
10
1.5314446062992126
20
2.6762321259842521
11
1.5317567322834644
21
2.6767279921259841
0
LINE
8
BLACK
6
CONTINUOUS
10
1.5317567322834644
20
2.6767279921259841
11
1.5318164173228346
21
2.6768720472440943
0
LINE
8
BLACK
6
CONTINUOUS
10
1.5318164173228346
20
2.6768720472440943
11
1.5319070472440945
21
2.6769667716535435
0
LINE
8
BLACK
6
CONTINUOUS
10
1.5319070472440945
20
2.6769667716535435
11
1.5320613385826771
21
2.6772118897637793
0
LINE
8
BLACK
6
CONTINUOUS
10
1.5320613385826771
20
2.6772118897637793
11
1.5325324015748032
21
2.6776204330708659
0
LINE
8
BLACK
6
CONTINUOUS
10
1.5325324015748032
20
2.6776204330708659
11
1.5353630314960629
21
2.6805790944881891
0
LINE
8
BLACK
6
CONTINUOUS
10
1.5353630314960629
20
2.6805790944881891
11
1.5358157874015748
21
2.6809506692913385
0
LINE
8
BLACK
6
CONTINUOUS
10
1.5358157874015748
20
2.6809506692913385
11
1.535918031496063
21
2.6810685433070867
0
LINE
8
BLACK
6
CONTINUOUS
10
1.535918031496063
20
2.6810685433070867
11
1.5360307086614173
21
2.6811270472440945
0
LINE
8
BLACK
6
CONTINUOUS
10
1.5360307086614173
20
2.6811270472440945
11
1.5362579133858267
21
2.681313503937008
0
LINE
8
BLACK
6
CONTINUOUS
10
1.5362579133858267
20
2.681313503937008
11
1.5369100787401575
21
2.6815836220472442
0
LINE
8
BLACK
6
CONTINUOUS
10
1.5369100787401575
20
2.6815836220472442
11
1.5425220472440944
21
2.6844974409448819
0
LINE
8
BLACK
6
CONTINUOUS
10
1.5425220472440944
20
2.6844974409448819
11
1.5436033070866142
21
2.684911181102362
0
LINE
8
BLACK
6
CONTINUOUS
10
1.5436033070866142
20
2.684911181102362
11
1.5438148818897637
21
2.6849261811023624
0
LINE
8
BLACK
6
CONTINUOUS
10
1.5438148818897637
20
2.6849261811023624
11
1.5440109842519685
21
2.6850074409448816
0
LINE
8
BLACK
6
CONTINUOUS
10
1.5440109842519685
20
2.6850074409448816
11
1.5450976377952756
21
2.6850173622047242
0
LINE
8
BLACK
6
CONTINUOUS
10
1.5450976377952756
20
2.6850173622047242
11
1.5459017322834645
21
2.6850745275590548
0
LINE
8
BLACK
6
CONTINUOUS
10
1.5459017322834645
20
2.6850745275590548
11
1.5460470866141731
21
2.6850260629921259
0
LINE
8
BLACK
6
CONTINUOUS
10
1.5460470866141731
20
2.6850260629921259
11
1.5564116929133858
21
2.6851209055118108
0
LINE
8
BLACK
6
CONTINUOUS
10
1.5564116929133858
20
2.6851209055118108
11
1.5575638188976377
21
2.6850074409448816
0
LINE
8
BLACK
6
CONTINUOUS
10
1.5464173622047244
20
2.6480120078740157
11
1.5428846456692913
21
2.6461777952755905
0
LINE
8
BLACK
6
CONTINUOUS
10
1.5428846456692913
20
2.6461777952755905
11
1.5414283858267717
21
2.6446556299212598
0
LINE
8
BLACK
6
CONTINUOUS
10
1.5414283858267717
20
2.6446556299212598
11
1.5397311023622047
21
2.6411275590551182
0
LINE
8
BLACK
6
CONTINUOUS
10
1.5397311023622047
20
2.6411275590551182
11
1.5398085433070865
21
2.6326630314960631
0
LINE
8
BLACK
6
CONTINUOUS
10
1.5398085433070865
20
2.6326630314960631
11
1.5416426771653542
21
2.629130472440945
0
LINE
8
BLACK
6
CONTINUOUS
10
1.5416426771653542
20
2.629130472440945
11
1.5431649212598424
21
2.6276741338582679
0
LINE
8
BLACK
6
CONTINUOUS
10
1.5431649212598424
20
2.6276741338582679
11
1.5466929921259842
21
2.6259768503937009
0
LINE
8
BLACK
6
CONTINUOUS
10
1.5466929921259842
20
2.6259768503937009
11
1.5551574015748031
21
2.6260542913385825
0
LINE
8
BLACK
6
CONTINUOUS
10
1.5551574015748031
20
2.6260542913385825
11
1.5586901181102362
21
2.6278885039370077
0
LINE
8
BLACK
6
CONTINUOUS
10
1.5586901181102362
20
2.6278885039370077
11
1.5601464173228345
21
2.6294107086614171
0
LINE
8
BLACK
6
CONTINUOUS
10
1.5601464173228345
20
2.6294107086614171
11
1.5618437007874015
21
2.6329387401574804
0
LINE
8
BLACK
6
CONTINUOUS
10
1.5618437007874015
20
2.6329387401574804
11
1.5617662598425197
21
2.641403188976378
0
LINE
8
BLACK
6
CONTINUOUS
10
1.5617662598425197
20
2.641403188976378
11
1.5599320866141733
21
2.6449358267716536
0
LINE
8
BLACK
6
CONTINUOUS
10
1.5599320866141733
20
2.6449358267716536
11
1.5584098818897638
21
2.646392125984252
0
LINE
8
BLACK
6
CONTINUOUS
10
1.5584098818897638
20
2.646392125984252
11
1.5548817716535432
21
2.6480894488188977
0
LINE
8
BLACK
6
CONTINUOUS
10
1.5548817716535432
20
2.6480894488188977
11
1.5464173622047244
21
2.6480120078740157
0
LINE
8
BLACK
6
CONTINUOUS
10
1.5464173622047244
20
2.6733213385826771
11
1.5428846456692913
21
2.6714871259842519
0
LINE
8
BLACK
6
CONTINUOUS
10
1.5428846456692913
20
2.6714871259842519
11
1.5414283858267717
21
2.6699649606299212
0
LINE
8
BLACK
6
CONTINUOUS
10
1.5414283858267717
20
2.6699649606299212
11
1.5397803937007875
21
2.6665393700787403
0
LINE
8
BLACK
6
CONTINUOUS
10
1.5397803937007875
20
2.6665393700787403
11
1.539782716535433
21
2.6664586220472439
0
LINE
8
BLACK
6
CONTINUOUS
10
1.539782716535433
20
2.6664586220472439
11
1.5416426771653542
21
2.6628762598425197
0
LINE
8
BLACK
6
CONTINUOUS
10
1.5416426771653542
20
2.6628762598425197
11
1.5431649212598424
21
2.6614199212598426
0
LINE
8
BLACK
6
CONTINUOUS
10
1.5431649212598424
20
2.6614199212598426
11
1.5466929921259842
21
2.6597226377952756
0
LINE
8
BLACK
6
CONTINUOUS
10
1.5466929921259842
20
2.6597226377952756
11
1.5551574015748031
21
2.6598000787401572
0
LINE
8
BLACK
6
CONTINUOUS
10
1.5551574015748031
20
2.6598000787401572
11
1.5586901574803149
21
2.6616342913385824
0
LINE
8
BLACK
6
CONTINUOUS
10
1.5586901574803149
20
2.6616342913385824
11
1.5601464173228345
21
2.6631564566929131
0
LINE
8
BLACK
6
CONTINUOUS
10
1.5601464173228345
20
2.6631564566929131
11
1.5617944094488188
21
2.6665820866141732
0
LINE
8
BLACK
6
CONTINUOUS
10
1.5617944094488188
20
2.6665820866141732
11
1.561792125984252
21
2.6666627165354329
0
LINE
8
BLACK
6
CONTINUOUS
10
1.561792125984252
20
2.6666627165354329
11
1.5599320866141733
21
2.670245157480315
0
LINE
8
BLACK
6
CONTINUOUS
10
1.5599320866141733
20
2.670245157480315
11
1.5584098818897638
21
2.6717014566929134
0
LINE
8
BLACK
6
CONTINUOUS
10
1.5584098818897638
20
2.6717014566929134
11
1.5548817716535432
21
2.6733987795275591
0
LINE
8
BLACK
6
CONTINUOUS
10
1.5548817716535432
20
2.6733987795275591
11
1.5464173622047244
21
2.6733213385826771
0
LINE
8
BLACK
6
CONTINUOUS
10
1.6109946456692914
20
2.6850074409448816
11
1.6111907086614172
21
2.6849261811023624
0
LINE
8
BLACK
6
CONTINUOUS
10
1.6111907086614172
20
2.6849261811023624
11
1.6114023228346457
21
2.684911181102362
0
LINE
8
BLACK
6
CONTINUOUS
10
1.6114023228346457
20
2.684911181102362
11
1.6124883464566928
21
2.6843886614173229
0
LINE
8
BLACK
6
CONTINUOUS
10
1.6124883464566928
20
2.6843886614173229
11
1.613123464566929
21
2.6841256299212599
0
LINE
8
BLACK
6
CONTINUOUS
10
1.613123464566929
20
2.6841256299212599
11
1.613205275590551
21
2.6840437795275589
0
LINE
8
BLACK
6
CONTINUOUS
10
1.613205275590551
20
2.6840437795275589
11
1.6181078346456692
21
2.6816852755905511
0
LINE
8
BLACK
6
CONTINUOUS
10
1.6181078346456692
20
2.6816852755905511
11
1.6186037007874015
21
2.6813731102362204
0
LINE
8
BLACK
6
CONTINUOUS
10
1.6186037007874015
20
2.6813731102362204
11
1.6187476771653544
21
2.681313503937008
0
LINE
8
BLACK
6
CONTINUOUS
10
1.6187476771653544
20
2.681313503937008
11
1.6188423622047243
21
2.6812228740157478
0
LINE
8
BLACK
6
CONTINUOUS
10
1.6188423622047243
20
2.6812228740157478
11
1.6190875984251969
21
2.6810685433070867
0
LINE
8
BLACK
6
CONTINUOUS
10
1.6190875984251969
20
2.6810685433070867
11
1.619496220472441
21
2.6805973622047246
0
LINE
8
BLACK
6
CONTINUOUS
10
1.619496220472441
20
2.6805973622047246
11
1.6224547637795275
21
2.6777669685039371
0
LINE
8
BLACK
6
CONTINUOUS
10
1.6224547637795275
20
2.6777669685039371
11
1.6228264960629921
21
2.6773139763779525
0
LINE
8
BLACK
6
CONTINUOUS
10
1.6228264960629921
20
2.6773139763779525
11
1.6229442913385825
21
2.6772118503937006
0
LINE
8
BLACK
6
CONTINUOUS
10
1.6229442913385825
20
2.6772118503937006
11
1.6230027559055118
21
2.6770992125984252
0
LINE
8
BLACK
6
CONTINUOUS
10
1.6230027559055118
20
2.6770992125984252
11
1.6231892125984251
21
2.6768720472440943
0
LINE
8
BLACK
6
CONTINUOUS
10
1.6231892125984251
20
2.6768720472440943
11
1.6234594094488188
21
2.6762196850393698
0
LINE
8
BLACK
6
CONTINUOUS
10
1.6234594094488188
20
2.6762196850393698
11
1.6263731496062992
21
2.6706077952755907
0
LINE
8
BLACK
6
CONTINUOUS
10
1.6263731496062992
20
2.6706077952755907
11
1.6264053149606299
21
2.6705236614173229
0
LINE
8
BLACK
6
CONTINUOUS
10
1.6264053149606299
20
2.6705236614173229
11
1.6264307874015749
21
2.6704893307086612
0
LINE
8
BLACK
6
CONTINUOUS
10
1.6264307874015749
20
2.6704893307086612
11
1.6264566929133857
21
2.6703894881889765
0
LINE
8
BLACK
6
CONTINUOUS
10
1.6264566929133857
20
2.6703894881889765
11
1.6267869291338581
21
2.6695265748031494
0
LINE
8
BLACK
6
CONTINUOUS
10
1.6267869291338581
20
2.6695265748031494
11
1.6268270078740157
21
2.6689622440944882
0
LINE
8
BLACK
6
CONTINUOUS
10
1.6268270078740157
20
2.6689622440944882
11
1.6296324409448819
21
2.6581505118110234
0
LINE
8
BLACK
6
CONTINUOUS
10
1.6296324409448819
20
2.6581505118110234
11
1.6296619685039371
21
2.6579507874015746
0
LINE
8
BLACK
6
CONTINUOUS
10
1.6296619685039371
20
2.6579507874015746
11
1.6296953149606299
21
2.65787031496063
0
LINE
8
BLACK
6
CONTINUOUS
10
1.6296953149606299
20
2.65787031496063
11
1.6296964173228345
21
2.6577176377952756
0
LINE
8
BLACK
6
CONTINUOUS
10
1.6296964173228345
20
2.6577176377952756
11
1.6298018110236221
21
2.6570052755905511
0
LINE
8
BLACK
6
CONTINUOUS
10
1.6298018110236221
20
2.6570052755905511
11
1.6297065354330709
21
2.6563650787401576
0
LINE
8
BLACK
6
CONTINUOUS
10
1.6297065354330709
20
2.6563650787401576
11
1.6298087795275591
21
2.6426574803149605
0
LINE
8
BLACK
6
CONTINUOUS
10
1.6298087795275591
20
2.6426574803149605
11
1.6297889763779527
21
2.6424565354330709
0
LINE
8
BLACK
6
CONTINUOUS
10
1.6297889763779527
20
2.6424565354330709
11
1.6298018110236221
21
2.6423703937007872
0
LINE
8
BLACK
6
CONTINUOUS
10
1.6298018110236221
20
2.6423703937007872
11
1.6297657086614172
21
2.6422204330708663
0
LINE
8
BLACK
6
CONTINUOUS
10
1.6297657086614172
20
2.6422204330708663
11
1.6296953149606299
21
2.6415053543307088
0
LINE
8
BLACK
6
CONTINUOUS
10
1.6296953149606299
20
2.6415053543307088
11
1.6294529527559054
21
2.6409202755905512
0
LINE
8
BLACK
6
CONTINUOUS
10
1.6294529527559054
20
2.6409202755905512
11
1.6268202755905512
21
2.6299765748031496
0
LINE
8
BLACK
6
CONTINUOUS
10
1.6268202755905512
20
2.6299765748031496
11
1.6267899212598425
21
2.629891692913386
0
LINE
8
BLACK
6
CONTINUOUS
10
1.6267899212598425
20
2.629891692913386
11
1.6267869291338581
21
2.6298490944881889
0
LINE
8
BLACK
6
CONTINUOUS
10
1.6267869291338581
20
2.6298490944881889
11
1.626739527559055
21
2.6297505905511809
0
LINE
8
BLACK
6
CONTINUOUS
10
1.626739527559055
20
2.6297505905511809
11
1.6264307874015749
21
2.6288863385826771
0
LINE
8
BLACK
6
CONTINUOUS
10
1.6264307874015749
20
2.6288863385826771
11
1.6261256299212599
21
2.6284745275590549
0
LINE
8
BLACK
6
CONTINUOUS
10
1.6261256299212599
20
2.6284745275590549
11
1.6235610236220472
21
2.6231435433070867
0
LINE
8
BLACK
6
CONTINUOUS
10
1.6235610236220472
20
2.6231435433070867
11
1.6232488582677165
21
2.6226476771653542
0
LINE
8
BLACK
6
CONTINUOUS
10
1.6232488582677165
20
2.6226476771653542
11
1.6231892125984251
21
2.622503622047244
0
LINE
8
BLACK
6
CONTINUOUS
10
1.6231892125984251
20
2.622503622047244
11
1.6230985039370078
21
2.6224088188976378
0
LINE
8
BLACK
6
CONTINUOUS
10
1.6230985039370078
20
2.6224088188976378
11
1.6229442913385825
21
2.6221638188976377
0
LINE
8
BLACK
6
CONTINUOUS
10
1.6229442913385825
20
2.6221638188976377
11
1.6224733464566929
21
2.6217553543307086
0
LINE
8
BLACK
6
CONTINUOUS
10
1.6224733464566929
20
2.6217553543307086
11
1.6196425984251968
21
2.6187965748031496
0
LINE
8
BLACK
6
CONTINUOUS
10
1.6196425984251968
20
2.6187965748031496
11
1.6191898425196849
21
2.6184249999999998
0
LINE
8
BLACK
6
CONTINUOUS
10
1.6191898425196849
20
2.6184249999999998
11
1.6190875984251969
21
2.6183071259842521
0
LINE
8
BLACK
6
CONTINUOUS
10
1.6190875984251969
20
2.6183071259842521
11
1.6189748031496063
21
2.6182485433070863
0
LINE
8
BLACK
6
CONTINUOUS
10
1.6189748031496063
20
2.6182485433070863
11
1.6187476771653544
21
2.6180621653543308
0
LINE
8
BLACK
6
CONTINUOUS
10
1.6187476771653544
20
2.6180621653543308
11
1.6180955905511811
21
2.6177920472440945
0
LINE
8
BLACK
6
CONTINUOUS
10
1.6180955905511811
20
2.6177920472440945
11
1.6124835433070865
21
2.6148782283464564
0
LINE
8
BLACK
6
CONTINUOUS
10
1.6124835433070865
20
2.6148782283464564
11
1.6114023228346457
21
2.6144644881889763
0
LINE
8
BLACK
6
CONTINUOUS
10
1.6114023228346457
20
2.6144644881889763
11
1.6111907086614172
21
2.6144494488188976
0
LINE
8
BLACK
6
CONTINUOUS
10
1.6111907086614172
20
2.6144494488188976
11
1.6109946456692914
21
2.6143682283464567
0
LINE
8
BLACK
6
CONTINUOUS
10
1.6109946456692914
20
2.6143682283464567
11
1.6097560236220472
21
2.6143474803149607
0
LINE
8
BLACK
6
CONTINUOUS
10
1.6097560236220472
20
2.6143474803149607
11
1.6091038976377952
21
2.6143011417322835
0
LINE
8
BLACK
6
CONTINUOUS
10
1.6091038976377952
20
2.6143011417322835
11
1.6090026771653543
21
2.6143348425196851
0
LINE
8
BLACK
6
CONTINUOUS
10
1.6090026771653543
20
2.6143348425196851
11
1.6042182283464566
21
2.6142547637795275
0
LINE
8
BLACK
6
CONTINUOUS
10
1.6042182283464566
20
2.6142547637795275
11
1.6030661023622046
21
2.6143682283464567
0
LINE
8
BLACK
6
CONTINUOUS
10
1.6030661023622046
20
2.6143682283464567
11
1.60287
21
2.6144494488188976
0
LINE
8
BLACK
6
CONTINUOUS
10
1.60287
20
2.6144494488188976
11
1.6026584251968503
21
2.6144644881889763
0
LINE
8
BLACK
6
CONTINUOUS
10
1.6026584251968503
20
2.6144644881889763
11
1.6015723622047244
21
2.6149869685039371
0
LINE
8
BLACK
6
CONTINUOUS
10
1.6015723622047244
20
2.6149869685039371
11
1.600937283464567
21
2.6152500393700788
0
LINE
8
BLACK
6
CONTINUOUS
10
1.600937283464567
20
2.6152500393700788
11
1.6008554330708662
21
2.6153318503937006
0
LINE
8
BLACK
6
CONTINUOUS
10
1.6008554330708662
20
2.6153318503937006
11
1.5959529133858268
21
2.6176903937007872
0
LINE
8
BLACK
6
CONTINUOUS
10
1.5959529133858268
20
2.6176903937007872
11
1.5954570866141733
21
2.6180024803149604
0
LINE
8
BLACK
6
CONTINUOUS
10
1.5954570866141733
20
2.6180024803149604
11
1.5953130314960628
21
2.6180621653543308
0
LINE
8
BLACK
6
CONTINUOUS
10
1.5953130314960628
20
2.6180621653543308
11
1.5952182283464567
21
2.6181528346456693
0
LINE
8
BLACK
6
CONTINUOUS
10
1.5952182283464567
20
2.6181528346456693
11
1.5949731496062991
21
2.6183071259842521
0
LINE
8
BLACK
6
CONTINUOUS
10
1.5949731496062991
20
2.6183071259842521
11
1.5945646062992125
21
2.6187781496062992
0
LINE
8
BLACK
6
CONTINUOUS
10
1.5945646062992125
20
2.6187781496062992
11
1.5916059842519685
21
2.6216087007874016
0
LINE
8
BLACK
6
CONTINUOUS
10
1.5916059842519685
20
2.6216087007874016
11
1.5912343307086614
21
2.6220615354330707
0
LINE
8
BLACK
6
CONTINUOUS
10
1.5912343307086614
20
2.6220615354330707
11
1.5911164566929132
21
2.622163779527559
0
LINE
8
BLACK
6
CONTINUOUS
10
1.5911164566929132
20
2.622163779527559
11
1.5910579133858267
21
2.6222764960629918
0
LINE
8
BLACK
6
CONTINUOUS
10
1.5910579133858267
20
2.6222764960629918
11
1.5908715354330709
21
2.622503622047244
0
LINE
8
BLACK
6
CONTINUOUS
10
1.5908715354330709
20
2.622503622047244
11
1.5906013779527559
21
2.6231557874015747
0
LINE
8
BLACK
6
CONTINUOUS
10
1.5906013779527559
20
2.6231557874015747
11
1.587687559055118
21
2.6287678346456693
0
LINE
8
BLACK
6
CONTINUOUS
10
1.587687559055118
20
2.6287678346456693
11
1.5876552755905511
21
2.6288520866141734
0
LINE
8
BLACK
6
CONTINUOUS
10
1.5876552755905511
20
2.6288520866141734
11
1.5876299212598426
21
2.6288863779527558
0
LINE
8
BLACK
6
CONTINUOUS
10
1.5876299212598426
20
2.6288863779527558
11
1.5876040551181101
21
2.6289860236220473
0
LINE
8
BLACK
6
CONTINUOUS
10
1.5876040551181101
20
2.6289860236220473
11
1.5872738188976379
21
2.6298490551181102
0
LINE
8
BLACK
6
CONTINUOUS
10
1.5872738188976379
20
2.6298490551181102
11
1.5872337007874016
21
2.6304133070866142
0
LINE
8
BLACK
6
CONTINUOUS
10
1.5872337007874016
20
2.6304133070866142
11
1.5844283070866141
21
2.6412251968503937
0
LINE
8
BLACK
6
CONTINUOUS
10
1.5844283070866141
20
2.6412251968503937
11
1.5843987795275589
21
2.6414248425196849
0
LINE
8
BLACK
6
CONTINUOUS
10
1.5843987795275589
20
2.6414248425196849
11
1.5843654330708661
21
2.6415053543307088
0
LINE
8
BLACK
6
CONTINUOUS
10
1.5843654330708661
20
2.6415053543307088
11
1.5843642913385827
21
2.6416580314960632
0
LINE
8
BLACK
6
CONTINUOUS
10
1.5843642913385827
20
2.6416580314960632
11
1.5842589370078739
21
2.6423704330708659
0
LINE
8
BLACK
6
CONTINUOUS
10
1.5842589370078739
20
2.6423704330708659
11
1.5843541732283464
21
2.6430105905511811
0
LINE
8
BLACK
6
CONTINUOUS
10
1.5843541732283464
20
2.6430105905511811
11
1.5842519685039369
21
2.6567181889763778
0
LINE
8
BLACK
6
CONTINUOUS
10
1.5842519685039369
20
2.6567181889763778
11
1.5842717322834645
21
2.6569190944881891
0
LINE
8
BLACK
6
CONTINUOUS
10
1.5842717322834645
20
2.6569190944881891
11
1.5842589370078739
21
2.6570052362204724
0
LINE
8
BLACK
6
CONTINUOUS
10
1.5842589370078739
20
2.6570052362204724
11
1.584295
21
2.6571551181102362
0
LINE
8
BLACK
6
CONTINUOUS
10
1.584295
20
2.6571551181102362
11
1.5843654330708661
21
2.65787031496063
0
LINE
8
BLACK
6
CONTINUOUS
10
1.5843654330708661
20
2.65787031496063
11
1.5846077559055118
21
2.6584553937007875
0
LINE
8
BLACK
6
CONTINUOUS
10
1.5846077559055118
20
2.6584553937007875
11
1.587240433070866
21
2.6693990944881891
0
LINE
8
BLACK
6
CONTINUOUS
10
1.587240433070866
20
2.6693990944881891
11
1.5872707874015748
21
2.6694840551181103
0
LINE
8
BLACK
6
CONTINUOUS
10
1.5872707874015748
20
2.6694840551181103
11
1.5872738188976379
21
2.6695266141732281
0
LINE
8
BLACK
6
CONTINUOUS
10
1.5872738188976379
20
2.6695266141732281
11
1.5873211023622047
21
2.6696249212598424
0
LINE
8
BLACK
6
CONTINUOUS
10
1.5873211023622047
20
2.6696249212598424
11
1.5876299212598426
21
2.6704892913385825
0
LINE
8
BLACK
6
CONTINUOUS
10
1.5876299212598426
20
2.6704892913385825
11
1.5879350787401574
21
2.6709011023622047
0
LINE
8
BLACK
6
CONTINUOUS
10
1.5879350787401574
20
2.6709011023622047
11
1.5904997244094488
21
2.6762321259842521
0
LINE
8
BLACK
6
CONTINUOUS
10
1.5904997244094488
20
2.6762321259842521
11
1.5908118503937008
21
2.6767279921259841
0
LINE
8
BLACK
6
CONTINUOUS
10
1.5908118503937008
20
2.6767279921259841
11
1.5908715354330709
21
2.6768720472440943
0
LINE
8
BLACK
6
CONTINUOUS
10
1.5908715354330709
20
2.6768720472440943
11
1.5909621653543307
21
2.6769667716535435
0
LINE
8
BLACK
6
CONTINUOUS
10
1.5909621653543307
20
2.6769667716535435
11
1.5911164566929132
21
2.6772118897637793
0
LINE
8
BLACK
6
CONTINUOUS
10
1.5911164566929132
20
2.6772118897637793
11
1.5915875196850393
21
2.6776204330708659
0
LINE
8
BLACK
6
CONTINUOUS
10
1.5915875196850393
20
2.6776204330708659
11
1.5944181496062992
21
2.6805790944881891
0
LINE
8
BLACK
6
CONTINUOUS
10
1.5944181496062992
20
2.6805790944881891
11
1.5948709055118109
21
2.6809506692913385
0
LINE
8
BLACK
6
CONTINUOUS
10
1.5948709055118109
20
2.6809506692913385
11
1.5949731496062991
21
2.6810685433070867
0
LINE
8
BLACK
6
CONTINUOUS
10
1.5949731496062991
20
2.6810685433070867
11
1.5950858267716534
21
2.6811270472440945
0
LINE
8
BLACK
6
CONTINUOUS
10
1.5950858267716534
20
2.6811270472440945
11
1.5953130314960628
21
2.681313503937008
0
LINE
8
BLACK
6
CONTINUOUS
10
1.5953130314960628
20
2.681313503937008
11
1.5959651968503936
21
2.6815836220472442
0
LINE
8
BLACK
6
CONTINUOUS
10
1.5959651968503936
20
2.6815836220472442
11
1.6015771653543307
21
2.6844974409448819
0
LINE
8
BLACK
6
CONTINUOUS
10
1.6015771653543307
20
2.6844974409448819
11
1.6026584251968503
21
2.684911181102362
0
LINE
8
BLACK
6
CONTINUOUS
10
1.6026584251968503
20
2.684911181102362
11
1.60287
21
2.6849261811023624
0
LINE
8
BLACK
6
CONTINUOUS
10
1.60287
20
2.6849261811023624
11
1.6030661023622046
21
2.6850074409448816
0
LINE
8
BLACK
6
CONTINUOUS
10
1.6030661023622046
20
2.6850074409448816
11
1.6043046850393701
21
2.6850281496062993
0
LINE
8
BLACK
6
CONTINUOUS
10
1.6043046850393701
20
2.6850281496062993
11
1.6049568503937008
21
2.6850745275590548
0
LINE
8
BLACK
6
CONTINUOUS
10
1.6049568503937008
20
2.6850745275590548
11
1.605058031496063
21
2.6850407874015749
0
LINE
8
BLACK
6
CONTINUOUS
10
1.605058031496063
20
2.6850407874015749
11
1.6098425196850394
21
2.6851209055118108
0
LINE
8
BLACK
6
CONTINUOUS
10
1.6098425196850394
20
2.6851209055118108
11
1.6109946456692914
21
2.6850074409448816
0
LINE
8
BLACK
6
CONTINUOUS
10
1.6054914566929133
20
2.6733311811023621
11
1.6019397637795276
21
2.6714871259842519
0
LINE
8
BLACK
6
CONTINUOUS
10
1.6019397637795276
20
2.6714871259842519
11
1.600483464566929
21
2.6699649212598424
0
LINE
8
BLACK
6
CONTINUOUS
10
1.600483464566929
20
2.6699649212598424
11
1.5983520866141732
21
2.6655345669291339
0
LINE
8
BLACK
6
CONTINUOUS
10
1.5983520866141732
20
2.6655345669291339
11
1.5959662992125985
21
2.6556171259842518
0
LINE
8
BLACK
6
CONTINUOUS
10
1.5959662992125985
20
2.6556171259842518
11
1.5960603543307086
21
2.643009409448819
0
LINE
8
BLACK
6
CONTINUOUS
10
1.5960603543307086
20
2.643009409448819
11
1.5986263779527559
21
2.6331200393700787
0
LINE
8
BLACK
6
CONTINUOUS
10
1.5986263779527559
20
2.6331200393700787
11
1.600697874015748
21
2.6291303937007875
0
LINE
8
BLACK
6
CONTINUOUS
10
1.600697874015748
20
2.6291303937007875
11
1.6022200393700787
21
2.6276741338582679
0
LINE
8
BLACK
6
CONTINUOUS
10
1.6022200393700787
20
2.6276741338582679
11
1.6057072047244094
21
2.625996535433071
0
LINE
8
BLACK
6
CONTINUOUS
10
1.6057072047244094
20
2.625996535433071
11
1.608569251968504
21
2.6260444488188974
0
LINE
8
BLACK
6
CONTINUOUS
10
1.608569251968504
20
2.6260444488188974
11
1.6121209842519684
21
2.6278885433070864
0
LINE
8
BLACK
6
CONTINUOUS
10
1.6121209842519684
20
2.6278885433070864
11
1.6135772047244095
21
2.6294106692913384
0
LINE
8
BLACK
6
CONTINUOUS
10
1.6135772047244095
20
2.6294106692913384
11
1.6157086220472441
21
2.6338411023622048
0
LINE
8
BLACK
6
CONTINUOUS
10
1.6157086220472441
20
2.6338411023622048
11
1.6180944094488188
21
2.6437585433070865
0
LINE
8
BLACK
6
CONTINUOUS
10
1.6180944094488188
20
2.6437585433070865
11
1.6180003543307087
21
2.656366220472441
0
LINE
8
BLACK
6
CONTINUOUS
10
1.6180003543307087
20
2.656366220472441
11
1.6154342519685039
21
2.6662556692913384
0
LINE
8
BLACK
6
CONTINUOUS
10
1.6154342519685039
20
2.6662556692913384
11
1.6133629133858267
21
2.670245157480315
0
LINE
8
BLACK
6
CONTINUOUS
10
1.6133629133858267
20
2.670245157480315
11
1.6118406299212598
21
2.6717014960629921
0
LINE
8
BLACK
6
CONTINUOUS
10
1.6118406299212598
20
2.6717014960629921
11
1.6083535039370078
21
2.673379094488189
0
LINE
8
BLACK
6
CONTINUOUS
10
1.6083535039370078
20
2.673379094488189
11
1.6054914566929133
21
2.6733311811023621
0
LINE
8
BLACK
6
CONTINUOUS
10
1.6672375984251968
20
2.6850074409448816
11
1.6674336614173229
21
2.6849261811023624
0
LINE
8
BLACK
6
CONTINUOUS
10
1.6674336614173229
20
2.6849261811023624
11
1.6676452755905511
21
2.684911181102362
0
LINE
8
BLACK
6
CONTINUOUS
10
1.6676452755905511
20
2.684911181102362
11
1.6687312992125984
21
2.6843886614173229
0
LINE
8
BLACK
6
CONTINUOUS
10
1.6687312992125984
20
2.6843886614173229
11
1.6693664173228346
21
2.6841256299212599
0
LINE
8
BLACK
6
CONTINUOUS
10
1.6693664173228346
20
2.6841256299212599
11
1.6694482283464567
21
2.6840437795275589
0
LINE
8
BLACK
6
CONTINUOUS
10
1.6694482283464567
20
2.6840437795275589
11
1.6743507874015748
21
2.6816852755905511
0
LINE
8
BLACK
6
CONTINUOUS
10
1.6743507874015748
20
2.6816852755905511
11
1.6748466535433071
21
2.6813731102362204
0
LINE
8
BLACK
6
CONTINUOUS
10
1.6748466535433071
20
2.6813731102362204
11
1.6749906299212598
21
2.681313503937008
0
LINE
8
BLACK
6
CONTINUOUS
10
1.6749906299212598
20
2.681313503937008
11
1.67508531496063
21
2.6812228740157478
0
LINE
8
BLACK
6
CONTINUOUS
10
1.67508531496063
20
2.6812228740157478
11
1.6753305511811023
21
2.6810685433070867
0
LINE
8
BLACK
6
CONTINUOUS
10
1.6753305511811023
20
2.6810685433070867
11
1.6757391732283464
21
2.6805973622047246
0
LINE
8
BLACK
6
CONTINUOUS
10
1.6757391732283464
20
2.6805973622047246
11
1.6786977165354331
21
2.6777669685039371
0
LINE
8
BLACK
6
CONTINUOUS
10
1.6786977165354331
20
2.6777669685039371
11
1.6790694488188975
21
2.6773139763779525
0
LINE
8
BLACK
6
CONTINUOUS
10
1.6790694488188975
20
2.6773139763779525
11
1.6791872440944882
21
2.6772118503937006
0
LINE
8
BLACK
6
CONTINUOUS
10
1.6791872440944882
20
2.6772118503937006
11
1.6792457086614172
21
2.6770992125984252
0
LINE
8
BLACK
6
CONTINUOUS
10
1.6792457086614172
20
2.6770992125984252
11
1.6794321653543307
21
2.6768720472440943
0
LINE
8
BLACK
6
CONTINUOUS
10
1.6794321653543307
20
2.6768720472440943
11
1.6797023622047245
21
2.6762196850393698
0
LINE
8
BLACK
6
CONTINUOUS
10
1.6797023622047245
20
2.6762196850393698
11
1.6826161023622046
21
2.6706077952755907
0
LINE
8
BLACK
6
CONTINUOUS
10
1.6826161023622046
20
2.6706077952755907
11
1.6826482677165353
21
2.6705236614173229
0
LINE
8
BLACK
6
CONTINUOUS
10
1.6826482677165353
20
2.6705236614173229
11
1.6826737401574803
21
2.6704893307086612
0
LINE
8
BLACK
6
CONTINUOUS
10
1.6826737401574803
20
2.6704893307086612
11
1.6826996456692913
21
2.6703894881889765
0
LINE
8
BLACK
6
CONTINUOUS
10
1.6826996456692913
20
2.6703894881889765
11
1.6830298818897638
21
2.6695265748031494
0
LINE
8
BLACK
6
CONTINUOUS
10
1.6830298818897638
20
2.6695265748031494
11
1.6830699606299213
21
2.6689622440944882
0
LINE
8
BLACK
6
CONTINUOUS
10
1.6830699606299213
20
2.6689622440944882
11
1.6858753937007873
21
2.6581505118110234
0
LINE
8
BLACK
6
CONTINUOUS
10
1.6858753937007873
20
2.6581505118110234
11
1.6859049212598425
21
2.6579507874015746
0
LINE
8
BLACK
6
CONTINUOUS
10
1.6859049212598425
20
2.6579507874015746
11
1.6859382677165353
21
2.65787031496063
0
LINE
8
BLACK
6
CONTINUOUS
10
1.6859382677165353
20
2.65787031496063
11
1.6859393700787402
21
2.6577176377952756
0
LINE
8
BLACK
6
CONTINUOUS
10
1.6859393700787402
20
2.6577176377952756
11
1.6860447637795275
21
2.6570052755905511
0
LINE
8
BLACK
6
CONTINUOUS
10
1.6860447637795275
20
2.6570052755905511
11
1.6859494881889763
21
2.6563650787401576
0
LINE
8
BLACK
6
CONTINUOUS
10
1.6859494881889763
20
2.6563650787401576
11
1.6860517322834645
21
2.6426574803149605
0
LINE
8
BLACK
6
CONTINUOUS
10
1.6860517322834645
20
2.6426574803149605
11
1.6860319291338581
21
2.6424565354330709
0
LINE
8
BLACK
6
CONTINUOUS
10
1.6860319291338581
20
2.6424565354330709
11
1.6860447637795275
21
2.6423703937007872
0
LINE
8
BLACK
6
CONTINUOUS
10
1.6860447637795275
20
2.6423703937007872
11
1.6860086614173229
21
2.6422204330708663
0
LINE
8
BLACK
6
CONTINUOUS
10
1.6860086614173229
20
2.6422204330708663
11
1.6859382677165353
21
2.6415053543307088
0
LINE
8
BLACK
6
CONTINUOUS
10
1.6859382677165353
20
2.6415053543307088
11
1.685695905511811
21
2.6409202755905512
0
LINE
8
BLACK
6
CONTINUOUS
10
1.685695905511811
20
2.6409202755905512
11
1.6830632283464566
21
2.6299765748031496
0
LINE
8
BLACK
6
CONTINUOUS
10
1.6830632283464566
20
2.6299765748031496
11
1.6830328740157481
21
2.629891692913386
0
LINE
8
BLACK
6
CONTINUOUS
10
1.6830328740157481
20
2.629891692913386
11
1.6830298818897638
21
2.6298490944881889
0
LINE
8
BLACK
6
CONTINUOUS
10
1.6830298818897638
20
2.6298490944881889
11
1.6829824803149607
21
2.6297505905511809
0
LINE
8
BLACK
6
CONTINUOUS
10
1.6829824803149607
20
2.6297505905511809
11
1.6826737401574803
21
2.6288863385826771
0
LINE
8
BLACK
6
CONTINUOUS
10
1.6826737401574803
20
2.6288863385826771
11
1.6823685826771653
21
2.6284745275590549
0
LINE
8
BLACK
6
CONTINUOUS
10
1.6823685826771653
20
2.6284745275590549
11
1.6798039763779526
21
2.6231435433070867
0
LINE
8
BLACK
6
CONTINUOUS
10
1.6798039763779526
20
2.6231435433070867
11
1.6794918110236221
21
2.6226476771653542
0
LINE
8
BLACK
6
CONTINUOUS
10
1.6794918110236221
20
2.6226476771653542
11
1.6794321653543307
21
2.622503622047244
0
LINE
8
BLACK
6
CONTINUOUS
10
1.6794321653543307
20
2.622503622047244
11
1.6793414566929132
21
2.6224088188976378
0
LINE
8
BLACK
6
CONTINUOUS
10
1.6793414566929132
20
2.6224088188976378
11
1.6791872440944882
21
2.6221638188976377
0
LINE
8
BLACK
6
CONTINUOUS
10
1.6791872440944882
20
2.6221638188976377
11
1.6787162992125984
21
2.6217553543307086
0
LINE
8
BLACK
6
CONTINUOUS
10
1.6787162992125984
20
2.6217553543307086
11
1.6758855511811024
21
2.6187965748031496
0
LINE
8
BLACK
6
CONTINUOUS
10
1.6758855511811024
20
2.6187965748031496
11
1.6754327952755905
21
2.6184249999999998
0
LINE
8
BLACK
6
CONTINUOUS
10
1.6754327952755905
20
2.6184249999999998
11
1.6753305511811023
21
2.6183071259842521
0
LINE
8
BLACK
6
CONTINUOUS
10
1.6753305511811023
20
2.6183071259842521
11
1.6752177559055117
21
2.6182485433070863
0
LINE
8
BLACK
6
CONTINUOUS
10
1.6752177559055117
20
2.6182485433070863
11
1.6749906299212598
21
2.6180621653543308
0
LINE
8
BLACK
6
CONTINUOUS
10
1.6749906299212598
20
2.6180621653543308
11
1.6743385433070865
21
2.6177920472440945
0
LINE
8
BLACK
6
CONTINUOUS
10
1.6743385433070865
20
2.6177920472440945
11
1.6687264960629922
21
2.6148782283464564
0
LINE
8
BLACK
6
CONTINUOUS
10
1.6687264960629922
20
2.6148782283464564
11
1.6676452755905511
21
2.6144644881889763
0
LINE
8
BLACK
6
CONTINUOUS
10
1.6676452755905511
20
2.6144644881889763
11
1.6674336614173229
21
2.6144494488188976
0
LINE
8
BLACK
6
CONTINUOUS
10
1.6674336614173229
20
2.6144494488188976
11
1.6672375984251968
21
2.6143682283464567
0
LINE
8
BLACK
6
CONTINUOUS
10
1.6672375984251968
20
2.6143682283464567
11
1.6659989763779528
21
2.6143474803149607
0
LINE
8
BLACK
6
CONTINUOUS
10
1.6659989763779528
20
2.6143474803149607
11
1.6653468503937008
21
2.6143011417322835
0
LINE
8
BLACK
6
CONTINUOUS
10
1.6653468503937008
20
2.6143011417322835
11
1.6652456299212599
21
2.6143348425196851
0
LINE
8
BLACK
6
CONTINUOUS
10
1.6652456299212599
20
2.6143348425196851
11
1.6604611811023622
21
2.6142547637795275
0
LINE
8
BLACK
6
CONTINUOUS
10
1.6604611811023622
20
2.6142547637795275
11
1.6593090551181102
21
2.6143682283464567
0
LINE
8
BLACK
6
CONTINUOUS
10
1.6593090551181102
20
2.6143682283464567
11
1.6591129527559054
21
2.6144494488188976
0
LINE
8
BLACK
6
CONTINUOUS
10
1.6591129527559054
20
2.6144494488188976
11
1.6589013779527559
21
2.6144644881889763
0
LINE
8
BLACK
6
CONTINUOUS
10
1.6589013779527559
20
2.6144644881889763
11
1.6578153149606298
21
2.6149869685039371
0
LINE
8
BLACK
6
CONTINUOUS
10
1.6578153149606298
20
2.6149869685039371
11
1.6571802362204724
21
2.6152500393700788
0
LINE
8
BLACK
6
CONTINUOUS
10
1.6571802362204724
20
2.6152500393700788
11
1.6570983858267716
21
2.6153318503937006
0
LINE
8
BLACK
6
CONTINUOUS
10
1.6570983858267716
20
2.6153318503937006
11
1.6521958661417322
21
2.6176903937007872
0
LINE
8
BLACK
6
CONTINUOUS
10
1.6521958661417322
20
2.6176903937007872
11
1.6517000393700787
21
2.6180024803149604
0
LINE
8
BLACK
6
CONTINUOUS
10
1.6517000393700787
20
2.6180024803149604
11
1.6515559842519685
21
2.6180621653543308
0
LINE
8
BLACK
6
CONTINUOUS
10
1.6515559842519685
20
2.6180621653543308
11
1.6514611811023621
21
2.6181528346456693
0
LINE
8
BLACK
6
CONTINUOUS
10
1.6514611811023621
20
2.6181528346456693
11
1.6512161023622047
21
2.6183071259842521
0
LINE
8
BLACK
6
CONTINUOUS
10
1.6512161023622047
20
2.6183071259842521
11
1.6508075590551181
21
2.6187781496062992
0
LINE
8
BLACK
6
CONTINUOUS
10
1.6508075590551181
20
2.6187781496062992
11
1.6478489370078739
21
2.6216087007874016
0
LINE
8
BLACK
6
CONTINUOUS
10
1.6478489370078739
20
2.6216087007874016
11
1.6474772834645668
21
2.6220615354330707
0
LINE
8
BLACK
6
CONTINUOUS
10
1.6474772834645668
20
2.6220615354330707
11
1.6473594094488189
21
2.622163779527559
0
LINE
8
BLACK
6
CONTINUOUS
10
1.6473594094488189
20
2.622163779527559
11
1.6473008661417323
21
2.6222764960629918
0
LINE
8
BLACK
6
CONTINUOUS
10
1.6473008661417323
20
2.6222764960629918
11
1.6471144881889763
21
2.622503622047244
0
LINE
8
BLACK
6
CONTINUOUS
10
1.6471144881889763
20
2.622503622047244
11
1.6468443307086613
21
2.6231557874015747
0
LINE
8
BLACK
6
CONTINUOUS
10
1.6468443307086613
20
2.6231557874015747
11
1.6439305118110237
21
2.6287678346456693
0
LINE
8
BLACK
6
CONTINUOUS
10
1.6439305118110237
20
2.6287678346456693
11
1.6438982283464567
21
2.6288520866141734
0
LINE
8
BLACK
6
CONTINUOUS
10
1.6438982283464567
20
2.6288520866141734
11
1.643872874015748
21
2.6288863779527558
0
LINE
8
BLACK
6
CONTINUOUS
10
1.643872874015748
20
2.6288863779527558
11
1.6438470078740157
21
2.6289860236220473
0
LINE
8
BLACK
6
CONTINUOUS
10
1.6438470078740157
20
2.6289860236220473
11
1.6435167716535433
21
2.6298490551181102
0
LINE
8
BLACK
6
CONTINUOUS
10
1.6435167716535433
20
2.6298490551181102
11
1.643476653543307
21
2.6304133070866142
0
LINE
8
BLACK
6
CONTINUOUS
10
1.643476653543307
20
2.6304133070866142
11
1.6406712598425197
21
2.6412251968503937
0
LINE
8
BLACK
6
CONTINUOUS
10
1.6406712598425197
20
2.6412251968503937
11
1.6406417322834645
21
2.6414248425196849
0
LINE
8
BLACK
6
CONTINUOUS
10
1.6406417322834645
20
2.6414248425196849
11
1.6406083858267717
21
2.6415053543307088
0
LINE
8
BLACK
6
CONTINUOUS
10
1.6406083858267717
20
2.6415053543307088
11
1.6406072440944881
21
2.6416580314960632
0
LINE
8
BLACK
6
CONTINUOUS
10
1.6406072440944881
20
2.6416580314960632
11
1.6405018897637795
21
2.6423704330708659
0
LINE
8
BLACK
6
CONTINUOUS
10
1.6405018897637795
20
2.6423704330708659
11
1.640597125984252
21
2.6430105905511811
0
LINE
8
BLACK
6
CONTINUOUS
10
1.640597125984252
20
2.6430105905511811
11
1.6404949212598425
21
2.6567181889763778
0
LINE
8
BLACK
6
CONTINUOUS
10
1.6404949212598425
20
2.6567181889763778
11
1.6405146850393701
21
2.6569190944881891
0
LINE
8
BLACK
6
CONTINUOUS
10
1.6405146850393701
20
2.6569190944881891
11
1.6405018897637795
21
2.6570052362204724
0
LINE
8
BLACK
6
CONTINUOUS
10
1.6405018897637795
20
2.6570052362204724
11
1.6405379527559054
21
2.6571551181102362
0
LINE
8
BLACK
6
CONTINUOUS
10
1.6405379527559054
20
2.6571551181102362
11
1.6406083858267717
21
2.65787031496063
0
LINE
8
BLACK
6
CONTINUOUS
10
1.6406083858267717
20
2.65787031496063
11
1.6408507086614172
21
2.6584553937007875
0
LINE
8
BLACK
6
CONTINUOUS
10
1.6408507086614172
20
2.6584553937007875
11
1.6434833858267717
21
2.6693990944881891
0
LINE
8
BLACK
6
CONTINUOUS
10
1.6434833858267717
20
2.6693990944881891
11
1.6435137401574802
21
2.6694840551181103
0
LINE
8
BLACK
6
CONTINUOUS
10
1.6435137401574802
20
2.6694840551181103
11
1.6435167716535433
21
2.6695266141732281
0
LINE
8
BLACK
6
CONTINUOUS
10
1.6435167716535433
20
2.6695266141732281
11
1.6435640551181101
21
2.6696249212598424
0
LINE
8
BLACK
6
CONTINUOUS
10
1.6435640551181101
20
2.6696249212598424
11
1.643872874015748
21
2.6704892913385825
0
LINE
8
BLACK
6
CONTINUOUS
10
1.643872874015748
20
2.6704892913385825
11
1.644178031496063
21
2.6709011023622047
0
LINE
8
BLACK
6
CONTINUOUS
10
1.644178031496063
20
2.6709011023622047
11
1.6467426771653544
21
2.6762321259842521
0
LINE
8
BLACK
6
CONTINUOUS
10
1.6467426771653544
20
2.6762321259842521
11
1.6470548031496062
21
2.6767279921259841
0
LINE
8
BLACK
6
CONTINUOUS
10
1.6470548031496062
20
2.6767279921259841
11
1.6471144881889763
21
2.6768720472440943
0
LINE
8
BLACK
6
CONTINUOUS
10
1.6471144881889763
20
2.6768720472440943
11
1.6472051181102363
21
2.6769667716535435
0
LINE
8
BLACK
6
CONTINUOUS
10
1.6472051181102363
20
2.6769667716535435
11
1.6473594094488189
21
2.6772118897637793
0
LINE
8
BLACK
6
CONTINUOUS
10
1.6473594094488189
20
2.6772118897637793
11
1.6478304724409449
21
2.6776204330708659
0
LINE
8
BLACK
6
CONTINUOUS
10
1.6478304724409449
20
2.6776204330708659
11
1.6506611023622046
21
2.6805790944881891
0
LINE
8
BLACK
6
CONTINUOUS
10
1.6506611023622046
20
2.6805790944881891
11
1.6511138582677165
21
2.6809506692913385
0
LINE
8
BLACK
6
CONTINUOUS
10
1.6511138582677165
20
2.6809506692913385
11
1.6512161023622047
21
2.6810685433070867
0
LINE
8
BLACK
6
CONTINUOUS
10
1.6512161023622047
20
2.6810685433070867
11
1.6513287795275591
21
2.6811270472440945
0
LINE
8
BLACK
6
CONTINUOUS
10
1.6513287795275591
20
2.6811270472440945
11
1.6515559842519685
21
2.681313503937008
0
LINE
8
BLACK
6
CONTINUOUS
10
1.6515559842519685
20
2.681313503937008
11
1.6522081496062992
21
2.6815836220472442
0
LINE
8
BLACK
6
CONTINUOUS
10
1.6522081496062992
20
2.6815836220472442
11
1.6578201181102361
21
2.6844974409448819
0
LINE
8
BLACK
6
CONTINUOUS
10
1.6578201181102361
20
2.6844974409448819
11
1.6589013779527559
21
2.684911181102362
0
LINE
8
BLACK
6
CONTINUOUS
10
1.6589013779527559
20
2.684911181102362
11
1.6591129527559054
21
2.6849261811023624
0
LINE
8
BLACK
6
CONTINUOUS
10
1.6591129527559054
20
2.6849261811023624
11
1.6593090551181102
21
2.6850074409448816
0
LINE
8
BLACK
6
CONTINUOUS
10
1.6593090551181102
20
2.6850074409448816
11
1.6605476377952755
21
2.6850281496062993
0
LINE
8
BLACK
6
CONTINUOUS
10
1.6605476377952755
20
2.6850281496062993
11
1.6611998031496062
21
2.6850745275590548
0
LINE
8
BLACK
6
CONTINUOUS
10
1.6611998031496062
20
2.6850745275590548
11
1.6613009842519684
21
2.6850407874015749
0
LINE
8
BLACK
6
CONTINUOUS
10
1.6613009842519684
20
2.6850407874015749
11
1.6660854724409448
21
2.6851209055118108
0
LINE
8
BLACK
6
CONTINUOUS
10
1.6660854724409448
20
2.6851209055118108
11
1.6672375984251968
21
2.6850074409448816
0
LINE
8
BLACK
6
CONTINUOUS
10
1.6617344094488189
20
2.6733311811023621
11
1.658182716535433
21
2.6714871259842519
0
LINE
8
BLACK
6
CONTINUOUS
10
1.658182716535433
20
2.6714871259842519
11
1.6567264173228347
21
2.6699649212598424
0
LINE
8
BLACK
6
CONTINUOUS
10
1.6567264173228347
20
2.6699649212598424
11
1.6545950393700788
21
2.6655345669291339
0
LINE
8
BLACK
6
CONTINUOUS
10
1.6545950393700788
20
2.6655345669291339
11
1.6522092519685039
21
2.6556171259842518
0
LINE
8
BLACK
6
CONTINUOUS
10
1.6522092519685039
20
2.6556171259842518
11
1.6523033070866142
21
2.643009409448819
0
LINE
8
BLACK
6
CONTINUOUS
10
1.6523033070866142
20
2.643009409448819
11
1.6548693307086615
21
2.6331200393700787
0
LINE
8
BLACK
6
CONTINUOUS
10
1.6548693307086615
20
2.6331200393700787
11
1.6569408267716534
21
2.6291303937007875
0
LINE
8
BLACK
6
CONTINUOUS
10
1.6569408267716534
20
2.6291303937007875
11
1.6584629921259841
21
2.6276741338582679
0
LINE
8
BLACK
6
CONTINUOUS
10
1.6584629921259841
20
2.6276741338582679
11
1.6619501574803148
21
2.625996535433071
0
LINE
8
BLACK
6
CONTINUOUS
10
1.6619501574803148
20
2.625996535433071
11
1.6648122047244094
21
2.6260444488188974
0
LINE
8
BLACK
6
CONTINUOUS
10
1.6648122047244094
20
2.6260444488188974
11
1.668363937007874
21
2.6278885433070864
0
LINE
8
BLACK
6
CONTINUOUS
10
1.668363937007874
20
2.6278885433070864
11
1.6698201574803149
21
2.6294106692913384
0
LINE
8
BLACK
6
CONTINUOUS
10
1.6698201574803149
20
2.6294106692913384
11
1.6719515748031495
21
2.6338411023622048
0
LINE
8
BLACK
6
CONTINUOUS
10
1.6719515748031495
20
2.6338411023622048
11
1.6743373622047244
21
2.6437585433070865
0
LINE
8
BLACK
6
CONTINUOUS
10
1.6743373622047244
20
2.6437585433070865
11
1.6742433070866141
21
2.656366220472441
0
LINE
8
BLACK
6
CONTINUOUS
10
1.6742433070866141
20
2.656366220472441
11
1.6716772047244095
21
2.6662556692913384
0
LINE
8
BLACK
6
CONTINUOUS
10
1.6716772047244095
20
2.6662556692913384
11
1.6696058661417323
21
2.670245157480315
0
LINE
8
BLACK
6
CONTINUOUS
10
1.6696058661417323
20
2.670245157480315
11
1.6680835826771654
21
2.6717014960629921
0
LINE
8
BLACK
6
CONTINUOUS
10
1.6680835826771654
20
2.6717014960629921
11
1.6645964566929135
21
2.673379094488189
0
LINE
8
BLACK
6
CONTINUOUS
10
1.6645964566929135
20
2.673379094488189
11
1.6617344094488189
21
2.6733311811023621
0
LINE
8
BLACK
6
CONTINUOUS
10
1.4550196062992127
20
2.6309530708661417
11
1.4556431102362204
21
2.6306948425196848
0
LINE
8
BLACK
6
CONTINUOUS
10
1.4556431102362204
20
2.6306948425196848
11
1.4556439763779527
21
2.6306939370078739
0
LINE
8
BLACK
6
CONTINUOUS
10
1.4556439763779527
20
2.6306939370078739
11
1.4593501574803149
21
2.627148307086614
0
LINE
8
BLACK
6
CONTINUOUS
10
1.4593501574803149
20
2.627148307086614
11
1.4600846062992126
21
2.6262533858267716
0
LINE
8
BLACK
6
CONTINUOUS
10
1.4600846062992126
20
2.6262533858267716
11
1.4600846456692913
21
2.6262533464566928
0
LINE
8
BLACK
6
CONTINUOUS
10
1.4600846456692913
20
2.6262533464566928
11
1.4609664173228347
21
2.6241245275590552
0
LINE
8
BLACK
6
CONTINUOUS
10
1.4609664173228347
20
2.6241245275590552
11
1.4609664173228347
21
2.6218203543307088
0
LINE
8
BLACK
6
CONTINUOUS
10
1.4609664173228347
20
2.6218203543307088
11
1.4600846456692913
21
2.6196915354330708
0
LINE
8
BLACK
6
CONTINUOUS
10
1.4600846456692913
20
2.6196915354330708
11
1.456538031496063
21
2.6159844488188977
0
LINE
8
BLACK
6
CONTINUOUS
10
1.456538031496063
20
2.6159844488188977
11
1.4556431102362204
21
2.6152500000000001
0
LINE
8
BLACK
6
CONTINUOUS
10
1.4556431102362204
20
2.6152500000000001
11
1.4547455511811023
21
2.6148782283464564
0
LINE
8
BLACK
6
CONTINUOUS
10
1.4547455511811023
20
2.6148782283464564
11
1.4535143307086613
21
2.6143682283464567
0
LINE
8
BLACK
6
CONTINUOUS
10
1.4535143307086613
20
2.6143682283464567
11
1.4535142913385826
21
2.6143682283464567
0
LINE
8
BLACK
6
CONTINUOUS
10
1.4535142913385826
20
2.6143682283464567
11
1.4535142519685038
21
2.6143682283464567
0
LINE
8
BLACK
6
CONTINUOUS
10
1.4535142519685038
20
2.6143682283464567
11
1.4512101181102361
21
2.6143682283464567
0
LINE
8
BLACK
6
CONTINUOUS
10
1.4512101181102361
20
2.6143682283464567
11
1.4512100787401574
21
2.6143682283464567
0
LINE
8
BLACK
6
CONTINUOUS
10
1.4512100787401574
20
2.6143682283464567
11
1.4499788582677164
21
2.6148782283464564
0
LINE
8
BLACK
6
CONTINUOUS
10
1.4499788582677164
20
2.6148782283464564
11
1.4490812992125983
21
2.6152500000000001
0
LINE
8
BLACK
6
CONTINUOUS
10
1.4490812992125983
20
2.6152500000000001
11
1.4490812598425196
21
2.6152500393700788
0
LINE
8
BLACK
6
CONTINUOUS
10
1.4490812598425196
20
2.6152500393700788
11
1.4453742125984252
21
2.6187966535433072
0
LINE
8
BLACK
6
CONTINUOUS
10
1.4453742125984252
20
2.6187966535433072
11
1.4446399606299212
21
2.619691338582677
0
LINE
8
BLACK
6
CONTINUOUS
10
1.4446399606299212
20
2.619691338582677
11
1.4446398031496062
21
2.6196915354330708
0
LINE
8
BLACK
6
CONTINUOUS
10
1.4446398031496062
20
2.6196915354330708
11
1.443758031496063
21
2.6218203543307088
0
LINE
8
BLACK
6
CONTINUOUS
10
1.443758031496063
20
2.6218203543307088
11
1.443758031496063
21
2.6241245275590552
0
LINE
8
BLACK
6
CONTINUOUS
10
1.443758031496063
20
2.6241245275590552
11
1.4438456692913386
21
2.6243360629921257
0
LINE
8
BLACK
6
CONTINUOUS
10
1.4438456692913386
20
2.6243360629921257
11
1.4441498818897638
21
2.6250705118110234
0
LINE
8
BLACK
6
CONTINUOUS
10
1.4441498818897638
20
2.6250705118110234
11
1.4446398031496062
21
2.6262533464566928
0
LINE
8
BLACK
6
CONTINUOUS
10
1.4446398031496062
20
2.6262533464566928
11
1.448186377952756
21
2.6299603937007872
0
LINE
8
BLACK
6
CONTINUOUS
10
1.448186377952756
20
2.6299603937007872
11
1.4490812598425196
21
2.6306948425196848
0
LINE
8
BLACK
6
CONTINUOUS
10
1.4490812598425196
20
2.6306948425196848
11
1.449963031496063
21
2.6310600393700785
0
LINE
8
BLACK
6
CONTINUOUS
10
1.449963031496063
20
2.6310600393700785
11
1.4512100787401574
21
2.6315766141732282
0
LINE
8
BLACK
6
CONTINUOUS
10
1.4512100787401574
20
2.6315766141732282
11
1.4535143307086613
21
2.6315766141732282
0
LINE
8
BLACK
6
CONTINUOUS
10
1.4535143307086613
20
2.6315766141732282
11
1.4550196062992127
21
2.6309530708661417
0
LINE
8
BLACK
6
CONTINUOUS
10
1.7537308267716536
20
2.6644405905511812
11
1.7553601181102363
21
2.6628112992125983
0
LINE
8
BLACK
6
CONTINUOUS
10
1.7553601181102363
20
2.6628112992125983
11
1.7562419291338582
21
2.6606824803149607
0
LINE
8
BLACK
6
CONTINUOUS
10
1.7562419291338582
20
2.6606824803149607
11
1.7563553937007874
21
2.6201602755905511
0
LINE
8
BLACK
6
CONTINUOUS
10
1.7563553937007874
20
2.6201602755905511
11
1.7562419291338582
21
2.6190081496062994
0
LINE
8
BLACK
6
CONTINUOUS
10
1.7562419291338582
20
2.6190081496062994
11
1.7553601181102363
21
2.6168793307086613
0
LINE
8
BLACK
6
CONTINUOUS
10
1.7553601181102363
20
2.6168793307086613
11
1.7537308267716536
21
2.6152500393700788
0
LINE
8
BLACK
6
CONTINUOUS
10
1.7537308267716536
20
2.6152500393700788
11
1.7516020078740158
21
2.6143682283464567
0
LINE
8
BLACK
6
CONTINUOUS
10
1.7516020078740158
20
2.6143682283464567
11
1.7492977559055118
21
2.6143682283464567
0
LINE
8
BLACK
6
CONTINUOUS
10
1.7492977559055118
20
2.6143682283464567
11
1.747168937007874
21
2.6152500393700788
0
LINE
8
BLACK
6
CONTINUOUS
10
1.747168937007874
20
2.6152500393700788
11
1.7455396456692913
21
2.6168793307086613
0
LINE
8
BLACK
6
CONTINUOUS
10
1.7455396456692913
20
2.6168793307086613
11
1.7446578346456691
21
2.6190081496062994
0
LINE
8
BLACK
6
CONTINUOUS
10
1.7446578346456691
20
2.6190081496062994
11
1.7445443700787402
21
2.6595303543307085
0
LINE
8
BLACK
6
CONTINUOUS
10
1.7445443700787402
20
2.6595303543307085
11
1.7446578346456691
21
2.6606824803149607
0
LINE
8
BLACK
6
CONTINUOUS
10
1.7446578346456691
20
2.6606824803149607
11
1.7455396456692913
21
2.6628112992125983
0
LINE
8
BLACK
6
CONTINUOUS
10
1.7455396456692913
20
2.6628112992125983
11
1.747168937007874
21
2.6644405905511812
0
LINE
8
BLACK
6
CONTINUOUS
10
1.747168937007874
20
2.6644405905511812
11
1.7492977559055118
21
2.6653224015748029
0
LINE
8
BLACK
6
CONTINUOUS
10
1.7492977559055118
20
2.6653224015748029
11
1.7516020078740158
21
2.6653224015748029
0
LINE
8
BLACK
6
CONTINUOUS
10
1.7516020078740158
20
2.6653224015748029
11
1.7537308267716536
21
2.6644405905511812
0
LINE
8
BLACK
6
CONTINUOUS
10
1.7965964173228346
20
2.6653224015748029
11
1.7967924803149606
21
2.6652411417322832
0
LINE
8
BLACK
6
CONTINUOUS
10
1.7967924803149606
20
2.6652411417322832
11
1.7970040944881889
21
2.6652261417322833
0
LINE
8
BLACK
6
CONTINUOUS
10
1.7970040944881889
20
2.6652261417322833
11
1.7980901181102362
21
2.6647036220472442
0
LINE
8
BLACK
6
CONTINUOUS
10
1.7980901181102362
20
2.6647036220472442
11
1.7987252362204724
21
2.6644405905511812
0
LINE
8
BLACK
6
CONTINUOUS
10
1.7987252362204724
20
2.6644405905511812
11
1.7988070472440945
21
2.6643587401574802
0
LINE
8
BLACK
6
CONTINUOUS
10
1.7988070472440945
20
2.6643587401574802
11
1.8037096062992126
21
2.6620002362204724
0
LINE
8
BLACK
6
CONTINUOUS
10
1.8037096062992126
20
2.6620002362204724
11
1.803902125984252
21
2.6618790157480317
0
LINE
8
BLACK
6
CONTINUOUS
10
1.803902125984252
20
2.6618790157480317
11
1.8039931496062991
21
2.6618487007874014
0
LINE
8
BLACK
6
CONTINUOUS
10
1.8039931496062991
20
2.6618487007874014
11
1.8041064566929133
21
2.6617503937007871
0
LINE
8
BLACK
6
CONTINUOUS
10
1.8041064566929133
20
2.6617503937007871
11
1.8046893700787401
21
2.661383503937008
0
LINE
8
BLACK
6
CONTINUOUS
10
1.8046893700787401
20
2.661383503937008
11
1.8051744488188977
21
2.6608241338582674
0
LINE
8
BLACK
6
CONTINUOUS
10
1.8051744488188977
20
2.6608241338582674
11
1.8057338976377952
21
2.6603389763779526
0
LINE
8
BLACK
6
CONTINUOUS
10
1.8057338976377952
20
2.6603389763779526
11
1.8059407086614172
21
2.659940590551181
0
LINE
8
BLACK
6
CONTINUOUS
10
1.8059407086614172
20
2.659940590551181
11
1.8061990551181102
21
2.6596427559055118
0
LINE
8
BLACK
6
CONTINUOUS
10
1.8061990551181102
20
2.6596427559055118
11
1.8063849606299212
21
2.6590850000000001
0
LINE
8
BLACK
6
CONTINUOUS
10
1.8063849606299212
20
2.6590850000000001
11
1.8091627952755904
21
2.653734960629921
0
LINE
8
BLACK
6
CONTINUOUS
10
1.8091627952755904
20
2.653734960629921
11
1.8095765354330708
21
2.6526537007874014
0
LINE
8
BLACK
6
CONTINUOUS
10
1.8095765354330708
20
2.6526537007874014
11
1.8095915354330707
21
2.6524420866141734
0
LINE
8
BLACK
6
CONTINUOUS
10
1.8095915354330707
20
2.6524420866141734
11
1.8096727952755904
21
2.6522460236220473
0
LINE
8
BLACK
6
CONTINUOUS
10
1.8096727952755904
20
2.6522460236220473
11
1.8096762992125983
21
2.6512496456692913
0
LINE
8
BLACK
6
CONTINUOUS
10
1.8096762992125983
20
2.6512496456692913
11
1.8097398818897636
21
2.6503552755905511
0
LINE
8
BLACK
6
CONTINUOUS
10
1.8097398818897636
20
2.6503552755905511
11
1.8096800787401575
21
2.6501759448818896
0
LINE
8
BLACK
6
CONTINUOUS
10
1.8096800787401575
20
2.6501759448818896
11
1.8097862598425196
21
2.6201602755905511
0
LINE
8
BLACK
6
CONTINUOUS
10
1.8097862598425196
20
2.6201602755905511
11
1.8096727952755904
21
2.6190081496062994
0
LINE
8
BLACK
6
CONTINUOUS
10
1.8096727952755904
20
2.6190081496062994
11
1.8087909842519685
21
2.6168793307086613
0
LINE
8
BLACK
6
CONTINUOUS
10
1.8087909842519685
20
2.6168793307086613
11
1.8071616929133858
21
2.6152500393700788
0
LINE
8
BLACK
6
CONTINUOUS
10
1.8071616929133858
20
2.6152500393700788
11
1.805032874015748
21
2.6143682283464567
0
LINE
8
BLACK
6
CONTINUOUS
10
1.805032874015748
20
2.6143682283464567
11
1.802728622047244
21
2.6143682283464567
0
LINE
8
BLACK
6
CONTINUOUS
10
1.802728622047244
20
2.6143682283464567
11
1.8005998031496062
21
2.6152500393700788
0
LINE
8
BLACK
6
CONTINUOUS
10
1.8005998031496062
20
2.6152500393700788
11
1.7989705118110235
21
2.6168793307086613
0
LINE
8
BLACK
6
CONTINUOUS
10
1.7989705118110235
20
2.6168793307086613
11
1.7980887007874016
21
2.6190081496062994
0
LINE
8
BLACK
6
CONTINUOUS
10
1.7980887007874016
20
2.6190081496062994
11
1.7979796062992126
21
2.6498532677165354
0
LINE
8
BLACK
6
CONTINUOUS
10
1.7979796062992126
20
2.6498532677165354
11
1.7966613385826771
21
2.6523922047244093
0
LINE
8
BLACK
6
CONTINUOUS
10
1.7966613385826771
20
2.6523922047244093
11
1.7939289763779527
21
2.6537067322834647
0
LINE
8
BLACK
6
CONTINUOUS
10
1.7939289763779527
20
2.6537067322834647
11
1.7882687401574802
21
2.653639724409449
0
LINE
8
BLACK
6
CONTINUOUS
10
1.7882687401574802
20
2.653639724409449
11
1.7847293700787401
21
2.6518020866141732
0
LINE
8
BLACK
6
CONTINUOUS
10
1.7847293700787401
20
2.6518020866141732
11
1.7843892519685038
21
2.6514465748031495
0
LINE
8
BLACK
6
CONTINUOUS
10
1.7843892519685038
20
2.6514465748031495
11
1.7844768897637795
21
2.6201602755905511
0
LINE
8
BLACK
6
CONTINUOUS
10
1.7844768897637795
20
2.6201602755905511
11
1.7843634251968503
21
2.6190081496062994
0
LINE
8
BLACK
6
CONTINUOUS
10
1.7843634251968503
20
2.6190081496062994
11
1.7834816141732284
21
2.6168793307086613
0
LINE
8
BLACK
6
CONTINUOUS
10
1.7834816141732284
20
2.6168793307086613
11
1.7818523228346457
21
2.6152500393700788
0
LINE
8
BLACK
6
CONTINUOUS
10
1.7818523228346457
20
2.6152500393700788
11
1.7797235039370078
21
2.6143682283464567
0
LINE
8
BLACK
6
CONTINUOUS
10
1.7797235039370078
20
2.6143682283464567
11
1.7774192519685039
21
2.6143682283464567
0
LINE
8
BLACK
6
CONTINUOUS
10
1.7774192519685039
20
2.6143682283464567
11
1.7752904330708661
21
2.6152500393700788
0
LINE
8
BLACK
6
CONTINUOUS
10
1.7752904330708661
20
2.6152500393700788
11
1.7736611417322834
21
2.6168793307086613
0
LINE
8
BLACK
6
CONTINUOUS
10
1.7736611417322834
20
2.6168793307086613
11
1.7727793307086614
21
2.6190081496062994
0
LINE
8
BLACK
6
CONTINUOUS
10
1.7727793307086614
20
2.6190081496062994
11
1.7726658661417323
21
2.6595303543307085
0
LINE
8
BLACK
6
CONTINUOUS
10
1.7726658661417323
20
2.6595303543307085
11
1.7727793307086614
21
2.6606824803149607
0
LINE
8
BLACK
6
CONTINUOUS
10
1.7727793307086614
20
2.6606824803149607
11
1.7736611417322834
21
2.6628112992125983
0
LINE
8
BLACK
6
CONTINUOUS
10
1.7736611417322834
20
2.6628112992125983
11
1.7752904330708661
21
2.6644405905511812
0
LINE
8
BLACK
6
CONTINUOUS
10
1.7752904330708661
20
2.6644405905511812
11
1.7774192519685039
21
2.6653224015748029
0
LINE
8
BLACK
6
CONTINUOUS
10
1.7774192519685039
20
2.6653224015748029
11
1.7797235039370078
21
2.6653224015748029
0
LINE
8
BLACK
6
CONTINUOUS
10
1.7797235039370078
20
2.6653224015748029
11
1.7818523228346457
21
2.6644405905511812
0
LINE
8
BLACK
6
CONTINUOUS
10
1.7818523228346457
20
2.6644405905511812
11
1.7824669291338582
21
2.6638259448818897
0
LINE
8
BLACK
6
CONTINUOUS
10
1.7824669291338582
20
2.6638259448818897
11
1.7843667716535432
21
2.6648124015748031
0
LINE
8
BLACK
6
CONTINUOUS
10
1.7843667716535432
20
2.6648124015748031
11
1.785448031496063
21
2.6652261417322833
0
LINE
8
BLACK
6
CONTINUOUS
10
1.785448031496063
20
2.6652261417322833
11
1.7856596062992125
21
2.6652411417322832
0
LINE
8
BLACK
6
CONTINUOUS
10
1.7856596062992125
20
2.6652411417322832
11
1.7858557086614173
21
2.6653224015748029
0
LINE
8
BLACK
6
CONTINUOUS
10
1.7858557086614173
20
2.6653224015748029
11
1.7869916141732283
21
2.6653358267716536
0
LINE
8
BLACK
6
CONTINUOUS
10
1.7869916141732283
20
2.6653358267716536
11
1.7877464566929133
21
2.6653894881889761
0
LINE
8
BLACK
6
CONTINUOUS
10
1.7877464566929133
20
2.6653894881889761
11
1.7878759842519685
21
2.6653462992125982
0
LINE
8
BLACK
6
CONTINUOUS
10
1.7878759842519685
20
2.6653462992125982
11
1.7954442913385826
21
2.6654358661417321
0
LINE
8
BLACK
6
CONTINUOUS
10
1.7954442913385826
20
2.6654358661417321
11
1.7965964173228346
21
2.6653224015748029
0
LINE
8
BLACK
6
CONTINUOUS
10
1.7524075196850393
20
2.684673779527559
11
1.7537307874015748
21
2.6841256692913387
0
LINE
8
BLACK
6
CONTINUOUS
10
1.7537307874015748
20
2.6841256692913387
11
1.7574378740157479
21
2.6805790551181103
0
LINE
8
BLACK
6
CONTINUOUS
10
1.7574378740157479
20
2.6805790551181103
11
1.7581723228346455
21
2.6796841338582675
0
LINE
8
BLACK
6
CONTINUOUS
10
1.7581723228346455
20
2.6796841338582675
11
1.7590540944881889
21
2.6775553149606299
0
LINE
8
BLACK
6
CONTINUOUS
10
1.7590540944881889
20
2.6775553149606299
11
1.7590540944881889
21
2.6752511417322835
0
LINE
8
BLACK
6
CONTINUOUS
10
1.7590540944881889
20
2.6752511417322835
11
1.7581723228346455
21
2.6731223228346455
0
LINE
8
BLACK
6
CONTINUOUS
10
1.7581723228346455
20
2.6731223228346455
11
1.758172283464567
21
2.6731222834645667
0
LINE
8
BLACK
6
CONTINUOUS
10
1.758172283464567
20
2.6731222834645667
11
1.7546256692913385
21
2.6694152362204724
0
LINE
8
BLACK
6
CONTINUOUS
10
1.7546256692913385
20
2.6694152362204724
11
1.7537309448818896
21
2.6686809842519685
0
LINE
8
BLACK
6
CONTINUOUS
10
1.7537309448818896
20
2.6686809842519685
11
1.7537307874015748
21
2.6686808267716535
0
LINE
8
BLACK
6
CONTINUOUS
10
1.7537307874015748
20
2.6686808267716535
11
1.7531072834645669
21
2.6684225590551183
0
LINE
8
BLACK
6
CONTINUOUS
10
1.7531072834645669
20
2.6684225590551183
11
1.7516020078740158
21
2.6677990551181101
0
LINE
8
BLACK
6
CONTINUOUS
10
1.7516020078740158
20
2.6677990551181101
11
1.7492977559055118
21
2.6677990551181101
0
LINE
8
BLACK
6
CONTINUOUS
10
1.7492977559055118
20
2.6677990551181101
11
1.7480507086614172
21
2.6683155905511811
0
LINE
8
BLACK
6
CONTINUOUS
10
1.7480507086614172
20
2.6683155905511811
11
1.747168937007874
21
2.6686808267716535
0
LINE
8
BLACK
6
CONTINUOUS
10
1.747168937007874
20
2.6686808267716535
11
1.7434619291338582
21
2.6722274015748031
0
LINE
8
BLACK
6
CONTINUOUS
10
1.7434619291338582
20
2.6722274015748031
11
1.7427274803149606
21
2.6731223228346455
0
LINE
8
BLACK
6
CONTINUOUS
10
1.7427274803149606
20
2.6731223228346455
11
1.7420561023622048
21
2.6747432283464567
0
LINE
8
BLACK
6
CONTINUOUS
10
1.7420561023622048
20
2.6747432283464567
11
1.7418457086614172
21
2.6752511023622048
0
LINE
8
BLACK
6
CONTINUOUS
10
1.7418457086614172
20
2.6752511023622048
11
1.7418457086614172
21
2.6775552755905512
0
LINE
8
BLACK
6
CONTINUOUS
10
1.7418457086614172
20
2.6775552755905512
11
1.7419333858267716
21
2.6777669291338584
0
LINE
8
BLACK
6
CONTINUOUS
10
1.7419333858267716
20
2.6777669291338584
11
1.7427274803149606
21
2.6796841338582675
0
LINE
8
BLACK
6
CONTINUOUS
10
1.7427274803149606
20
2.6796841338582675
11
1.7427283464566929
21
2.6796850000000001
0
LINE
8
BLACK
6
CONTINUOUS
10
1.7427283464566929
20
2.6796850000000001
11
1.7462740157480314
21
2.6833911811023623
0
LINE
8
BLACK
6
CONTINUOUS
10
1.7462740157480314
20
2.6833911811023623
11
1.747168937007874
21
2.6841256299212599
0
LINE
8
BLACK
6
CONTINUOUS
10
1.747168937007874
20
2.6841256299212599
11
1.7471689763779528
21
2.6841256692913387
0
LINE
8
BLACK
6
CONTINUOUS
10
1.7471689763779528
20
2.6841256692913387
11
1.7484922440944881
21
2.684673779527559
0
LINE
8
BLACK
6
CONTINUOUS
10
1.7484922440944881
20
2.684673779527559
11
1.7492977559055118
21
2.6850074409448816
0
LINE
8
BLACK
6
CONTINUOUS
10
1.7492977559055118
20
2.6850074409448816
11
1.7516020078740158
21
2.6850074409448816
0
LINE
8
BLACK
6
CONTINUOUS
10
1.7516020078740158
20
2.6850074409448816
11
1.7524075196850393
21
2.684673779527559
0
LINE
8
BLACK
6
CONTINUOUS
10
3.1473019685039367
20
2.8047570472440944
11
3.1840981889763778
21
2.785705748031496
0
LINE
8
BLACK
6
CONTINUOUS
10
3.1840981889763778
20
2.785705748031496
11
3.1840944881889763
21
2.7990874015748033
0
LINE
8
BLACK
6
CONTINUOUS
10
3.1840944881889763
20
2.7990874015748033
11
3.1842079527559055
21
2.800239527559055
0
LINE
8
BLACK
6
CONTINUOUS
10
3.1842079527559055
20
2.800239527559055
11
3.1850897637795277
21
2.8023683464566926
0
LINE
8
BLACK
6
CONTINUOUS
10
3.1850897637795277
20
2.8023683464566926
11
3.1867190551181102
21
2.8039976377952756
0
LINE
8
BLACK
6
CONTINUOUS
10
3.1867190551181102
20
2.8039976377952756
11
3.1888478740157478
21
2.8048794488188977
0
LINE
8
BLACK
6
CONTINUOUS
10
3.1888478740157478
20
2.8048794488188977
11
3.1911521259842517
21
2.8048794488188977
0
LINE
8
BLACK
6
CONTINUOUS
10
3.1911521259842517
20
2.8048794488188977
11
3.1932809448818897
21
2.8039976377952756
0
LINE
8
BLACK
6
CONTINUOUS
10
3.1932809448818897
20
2.8039976377952756
11
3.1949102362204722
21
2.8023683464566926
0
LINE
8
BLACK
6
CONTINUOUS
10
3.1949102362204722
20
2.8023683464566926
11
3.1957920472440944
21
2.800239527559055
0
LINE
8
BLACK
6
CONTINUOUS
10
3.1957920472440944
20
2.800239527559055
11
3.1957985039370076
21
2.776870905511811
0
LINE
8
BLACK
6
CONTINUOUS
10
3.1957985039370076
20
2.776870905511811
11
3.1958703937007873
21
2.7766429527559056
0
LINE
8
BLACK
6
CONTINUOUS
10
3.1958703937007873
20
2.7766429527559056
11
3.1958141338582675
21
2.7759999999999998
0
LINE
8
BLACK
6
CONTINUOUS
10
3.1958141338582675
20
2.7759999999999998
11
3.1958703937007873
21
2.7753570472440945
0
LINE
8
BLACK
6
CONTINUOUS
10
3.1958703937007873
20
2.7753570472440945
11
3.1957989763779526
21
2.7751305511811024
0
LINE
8
BLACK
6
CONTINUOUS
10
3.1957989763779526
20
2.7751305511811024
11
3.1958538582677165
21
2.57669531496063
0
LINE
8
BLACK
6
CONTINUOUS
10
3.1958538582677165
20
2.57669531496063
11
3.1958703937007873
21
2.5766429527559054
0
LINE
8
BLACK
6
CONTINUOUS
10
3.1958703937007873
20
2.5766429527559054
11
3.195853937007874
21
2.5764548425196852
0
LINE
8
BLACK
6
CONTINUOUS
10
3.195853937007874
20
2.5764548425196852
11
3.1958541732283465
21
2.5755422440944882
0
LINE
8
BLACK
6
CONTINUOUS
10
3.1958541732283465
20
2.5755422440944882
11
3.1958703937007873
21
2.5753570472440943
0
LINE
8
BLACK
6
CONTINUOUS
10
3.1958703937007873
20
2.5753570472440943
11
3.195854251968504
21
2.5753058661417323
0
LINE
8
BLACK
6
CONTINUOUS
10
3.195854251968504
20
2.5753058661417323
11
3.1959038976377951
21
2.3957967716535431
0
LINE
8
BLACK
6
CONTINUOUS
10
3.1959038976377951
20
2.3957967716535431
11
3.3570874015748031
21
2.3959055118110237
0
LINE
8
BLACK
6
CONTINUOUS
10
3.3570874015748031
20
2.3959055118110237
11
3.3577604724409449
21
2.3958392125984251
0
LINE
8
BLACK
6
CONTINUOUS
10
3.3577604724409449
20
2.3958392125984251
11
3.5950874015748031
21
2.3959055118110237
0
LINE
8
BLACK
6
CONTINUOUS
10
3.5950874015748031
20
2.3959055118110237
11
3.5962395275590548
21
2.3957920472440946
0
LINE
8
BLACK
6
CONTINUOUS
10
3.5962395275590548
20
2.3957920472440946
11
3.5983683464566929
21
2.3949102362204724
0
LINE
8
BLACK
6
CONTINUOUS
10
3.5983683464566929
20
2.3949102362204724
11
3.5999976377952754
21
2.3932809448818899
0
LINE
8
BLACK
6
CONTINUOUS
10
3.5999976377952754
20
2.3932809448818899
11
3.6008794488188975
21
2.3911521259842519
0
LINE
8
BLACK
6
CONTINUOUS
10
3.6008794488188975
20
2.3911521259842519
11
3.6008794488188975
21
2.3888478740157479
0
LINE
8
BLACK
6
CONTINUOUS
10
3.6008794488188975
20
2.3888478740157479
11
3.5999976377952754
21
2.3867190551181103
0
LINE
8
BLACK
6
CONTINUOUS
10
3.5999976377952754
20
2.3867190551181103
11
3.5983683464566929
21
2.3850897637795274
0
LINE
8
BLACK
6
CONTINUOUS
10
3.5983683464566929
20
2.3850897637795274
11
3.5962395275590548
21
2.3842079527559052
0
LINE
8
BLACK
6
CONTINUOUS
10
3.5962395275590548
20
2.3842079527559052
11
3.5815738976377953
21
2.3842038188976376
0
LINE
8
BLACK
6
CONTINUOUS
10
3.5815738976377953
20
2.3842038188976376
11
3.6003256692913386
21
2.348376338582677
0
LINE
8
BLACK
6
CONTINUOUS
10
3.6003256692913386
20
2.348376338582677
11
3.6007570472440946
21
2.3473019685039369
0
LINE
8
BLACK
6
CONTINUOUS
10
3.6007570472440946
20
2.3473019685039369
11
3.6009578346456692
21
2.3450065354330709
0
LINE
8
BLACK
6
CONTINUOUS
10
3.6009578346456692
20
2.3450065354330709
11
3.6002649606299211
21
2.3428090157480312
0
LINE
8
BLACK
6
CONTINUOUS
10
3.6002649606299211
20
2.3428090157480312
11
3.5987838582677165
21
2.3410438582677164
0
LINE
8
BLACK
6
CONTINUOUS
10
3.5987838582677165
20
2.3410438582677164
11
3.5967399606299213
21
2.3399798425196852
0
LINE
8
BLACK
6
CONTINUOUS
10
3.5967399606299213
20
2.3399798425196852
11
3.5944444881889761
21
2.3397790551181101
0
LINE
8
BLACK
6
CONTINUOUS
10
3.5944444881889761
20
2.3397790551181101
11
3.5922469685039369
21
2.3404719291338583
0
LINE
8
BLACK
6
CONTINUOUS
10
3.5922469685039369
20
2.3404719291338583
11
3.5904818110236221
21
2.3419530314960628
0
LINE
8
BLACK
6
CONTINUOUS
10
3.5904818110236221
20
2.3419530314960628
11
3.5777932283464566
21
2.3661961023622045
0
LINE
8
BLACK
6
CONTINUOUS
10
3.5777932283464566
20
2.3661961023622045
11
3.5779043307086615
21
0.034006811023622
0
LINE
8
BLACK
6
CONTINUOUS
10
3.5779043307086615
20
0.034006811023622
11
3.5898491732283464
21
0.0570774015748031
0
LINE
8
BLACK
6
CONTINUOUS
10
3.5898491732283464
20
0.0570774015748031
11
3.5904818110236221
21
0.058046968503937
0
LINE
8
BLACK
6
CONTINUOUS
10
3.5904818110236221
20
0.058046968503937
11
3.5922469685039369
21
0.0595280708661417
0
LINE
8
BLACK
6
CONTINUOUS
10
3.5922469685039369
20
0.0595280708661417
11
3.5944444881889761
21
0.0602209448818898
0
LINE
8
BLACK
6
CONTINUOUS
10
3.5944444881889761
20
0.0602209448818898
11
3.5967399606299213
21
0.060020157480315
0
LINE
8
BLACK
6
CONTINUOUS
10
3.5967399606299213
20
0.060020157480315
11
3.5987838582677165
21
0.0589561417322835
0
LINE
8
BLACK
6
CONTINUOUS
10
3.5987838582677165
20
0.0589561417322835
11
3.6002649606299211
21
0.0571909842519685
0
LINE
8
BLACK
6
CONTINUOUS
10
3.6002649606299211
20
0.0571909842519685
11
3.6009578346456692
21
0.0549934645669291
0
LINE
8
BLACK
6
CONTINUOUS
10
3.6009578346456692
20
0.0549934645669291
11
3.6007570472440946
21
0.052698031496063
0
LINE
8
BLACK
6
CONTINUOUS
10
3.6007570472440946
20
0.052698031496063
11
3.581705708661417
21
0.0159017716535433
0
LINE
8
BLACK
6
CONTINUOUS
10
3.581705708661417
20
0.0159017716535433
11
3.5950874015748031
21
0.0159055118110236
0
LINE
8
BLACK
6
CONTINUOUS
10
3.5950874015748031
20
0.0159055118110236
11
3.5962395275590548
21
0.0157920472440945
0
LINE
8
BLACK
6
CONTINUOUS
10
3.5962395275590548
20
0.0157920472440945
11
3.5983683464566929
21
0.0149102362204724
0
LINE
8
BLACK
6
CONTINUOUS
10
3.5983683464566929
20
0.0149102362204724
11
3.5999976377952754
21
0.0132809448818898
0
LINE
8
BLACK
6
CONTINUOUS
10
3.5999976377952754
20
0.0132809448818898
11
3.6008794488188975
21
0.011152125984252
0
LINE
8
BLACK
6
CONTINUOUS
10
3.6008794488188975
20
0.011152125984252
11
3.6008794488188975
21
0.008847874015748
0
LINE
8
BLACK
6
CONTINUOUS
10
3.6008794488188975
20
0.008847874015748
11
3.5999976377952754
21
0.0067190551181102
0
LINE
8
BLACK
6
CONTINUOUS
10
3.5999976377952754
20
0.0067190551181102
11
3.5983683464566929
21
0.0050897637795276
0
LINE
8
BLACK
6
CONTINUOUS
10
3.5983683464566929
20
0.0050897637795276
11
3.5962395275590548
21
0.0042079527559055
0
LINE
8
BLACK
6
CONTINUOUS
10
3.5962395275590548
20
0.0042079527559055
11
3.5728707086614171
21
0.0042014173228346
0
LINE
8
BLACK
6
CONTINUOUS
10
3.5728707086614171
20
0.0042014173228346
11
3.5726429527559054
21
0.0041296062992126
0
LINE
8
BLACK
6
CONTINUOUS
10
3.5726429527559054
20
0.0041296062992126
11
3.5720000000000001
21
0.0041858267716535
0
LINE
8
BLACK
6
CONTINUOUS
10
3.5720000000000001
20
0.0041858267716535
11
3.5713570472440943
21
0.0041296062992126
0
LINE
8
BLACK
6
CONTINUOUS
10
3.5713570472440943
20
0.0041296062992126
11
3.5711307874015747
21
0.004200905511811
0
LINE
8
BLACK
6
CONTINUOUS
10
3.5711307874015747
20
0.004200905511811
11
3.3346596850393699
21
0.0041348818897638
0
LINE
8
BLACK
6
CONTINUOUS
10
3.3346596850393699
20
0.0041348818897638
11
3.3346429527559054
21
0.0041296062992126
0
LINE
8
BLACK
6
CONTINUOUS
10
3.3346429527559054
20
0.0041296062992126
11
3.3345827559055117
21
0.004134842519685
0
LINE
8
BLACK
6
CONTINUOUS
10
3.3345827559055117
20
0.004134842519685
11
3.3334134645669291
21
0.0041345275590551
0
LINE
8
BLACK
6
CONTINUOUS
10
3.3334134645669291
20
0.0041345275590551
11
3.3333570472440943
21
0.0041296062992126
0
LINE
8
BLACK
6
CONTINUOUS
10
3.3333570472440943
20
0.0041296062992126
11
3.3333414173228344
21
0.0041344881889764
0
LINE
8
BLACK
6
CONTINUOUS
10
3.3333414173228344
20
0.0041344881889764
11
3.1899999999999999
21
0.0040944881889764
0
LINE
8
BLACK
6
CONTINUOUS
10
3.1899999999999999
20
0.0040944881889764
11
3.1888478740157478
21
0.0042079527559055
0
LINE
8
BLACK
6
CONTINUOUS
10
3.1888478740157478
20
0.0042079527559055
11
3.1867190551181102
21
0.0050897637795276
0
LINE
8
BLACK
6
CONTINUOUS
10
3.1867190551181102
20
0.0050897637795276
11
3.1850897637795277
21
0.0067190551181102
0
LINE
8
BLACK
6
CONTINUOUS
10
3.1850897637795277
20
0.0067190551181102
11
3.1842079527559055
21
0.008847874015748
0
LINE
8
BLACK
6
CONTINUOUS
10
3.1842079527559055
20
0.008847874015748
11
3.1842079527559055
21
0.011152125984252
0
LINE
8
BLACK
6
CONTINUOUS
10
3.1842079527559055
20
0.011152125984252
11
3.1850897637795277
21
0.0132809448818898
0
LINE
8
BLACK
6
CONTINUOUS
10
3.1850897637795277
20
0.0132809448818898
11
3.1867190551181102
21
0.0149102362204724
0
LINE
8
BLACK
6
CONTINUOUS
10
3.1867190551181102
20
0.0149102362204724
11
3.1888478740157478
21
0.0157920472440945
0
LINE
8
BLACK
6
CONTINUOUS
10
3.1888478740157478
20
0.0157920472440945
11
3.3243803543307084
21
0.0158834251968504
0
LINE
8
BLACK
6
CONTINUOUS
10
3.3243803543307084
20
0.0158834251968504
11
3.3056742913385828
21
0.0516237007874016
0
LINE
8
BLACK
6
CONTINUOUS
10
3.3056742913385828
20
0.0516237007874016
11
3.3052429527559055
21
0.052698031496063
0
LINE
8
BLACK
6
CONTINUOUS
10
3.3052429527559055
20
0.052698031496063
11
3.3050421653543305
21
0.0549935039370079
0
LINE
8
BLACK
6
CONTINUOUS
10
3.3050421653543305
20
0.0549935039370079
11
3.3057350393700786
21
0.0571910236220472
0
LINE
8
BLACK
6
CONTINUOUS
10
3.3057350393700786
20
0.0571910236220472
11
3.3072161417322832
21
0.0589561811023622
0
LINE
8
BLACK
6
CONTINUOUS
10
3.3072161417322832
20
0.0589561811023622
11
3.3092600393700788
21
0.060020157480315
0
LINE
8
BLACK
6
CONTINUOUS
10
3.3092600393700788
20
0.060020157480315
11
3.3115555118110236
21
0.0602209448818898
0
LINE
8
BLACK
6
CONTINUOUS
10
3.3115555118110236
20
0.0602209448818898
11
3.3137530314960628
21
0.0595280708661417
0
LINE
8
BLACK
6
CONTINUOUS
10
3.3137530314960628
20
0.0595280708661417
11
3.3155181889763781
21
0.058046968503937
0
LINE
8
BLACK
6
CONTINUOUS
10
3.3155181889763781
20
0.058046968503937
11
3.3282067322834643
21
0.0338038582677165
0
LINE
8
BLACK
6
CONTINUOUS
10
3.3282067322834643
20
0.0338038582677165
11
3.3280956299212598
21
2.3659931496062994
0
LINE
8
BLACK
6
CONTINUOUS
10
3.3280956299212598
20
2.3659931496062994
11
3.3161508267716533
21
2.3429225984251967
0
LINE
8
BLACK
6
CONTINUOUS
10
3.3161508267716533
20
2.3429225984251967
11
3.3155181889763781
21
2.3419530314960628
0
LINE
8
BLACK
6
CONTINUOUS
10
3.3155181889763781
20
2.3419530314960628
11
3.3137530314960628
21
2.3404719291338583
0
LINE
8
BLACK
6
CONTINUOUS
10
3.3137530314960628
20
2.3404719291338583
11
3.3115555118110236
21
2.3397790551181101
0
LINE
8
BLACK
6
CONTINUOUS
10
3.3115555118110236
20
2.3397790551181101
11
3.3092600393700788
21
2.3399798425196852
0
LINE
8
BLACK
6
CONTINUOUS
10
3.3092600393700788
20
2.3399798425196852
11
3.3072161417322832
21
2.3410438188976377
0
LINE
8
BLACK
6
CONTINUOUS
10
3.3072161417322832
20
2.3410438188976377
11
3.3057350393700786
21
2.3428089763779525
0
LINE
8
BLACK
6
CONTINUOUS
10
3.3057350393700786
20
2.3428089763779525
11
3.3050421653543305
21
2.3450064960629922
0
LINE
8
BLACK
6
CONTINUOUS
10
3.3050421653543305
20
2.3450064960629922
11
3.3052429527559055
21
2.3473019685039369
0
LINE
8
BLACK
6
CONTINUOUS
10
3.3052429527559055
20
2.3473019685039369
11
3.3243117322834643
21
2.384131968503937
0
LINE
8
BLACK
6
CONTINUOUS
10
3.3243117322834643
20
2.384131968503937
11
3.1899999999999999
21
2.3840944881889765
0
LINE
8
BLACK
6
CONTINUOUS
10
3.1899999999999999
20
2.3840944881889765
11
3.1888478740157478
21
2.3842079527559052
0
LINE
8
BLACK
6
CONTINUOUS
10
3.1888478740157478
20
2.3842079527559052
11
3.1867190551181102
21
2.3850897637795274
0
LINE
8
BLACK
6
CONTINUOUS
10
3.1867190551181102
20
2.3850897637795274
11
3.1850897637795277
21
2.3867190551181103
0
LINE
8
BLACK
6
CONTINUOUS
10
3.1850897637795277
20
2.3867190551181103
11
3.1842079527559055
21
2.3888478740157479
0
LINE
8
BLACK
6
CONTINUOUS
10
3.1842079527559055
20
2.3888478740157479
11
3.1841121259842518
21
2.5663780314960629
0
LINE
8
BLACK
6
CONTINUOUS
10
3.1841121259842518
20
2.5663780314960629
11
3.1483762992125985
21
2.5476742913385828
0
LINE
8
BLACK
6
CONTINUOUS
10
3.1483762992125985
20
2.5476742913385828
11
3.1473019685039367
21
2.5472429527559055
0
LINE
8
BLACK
6
CONTINUOUS
10
3.1473019685039367
20
2.5472429527559055
11
3.145006496062992
21
2.5470421653543305
0
LINE
8
BLACK
6
CONTINUOUS
10
3.145006496062992
20
2.5470421653543305
11
3.1428089763779528
21
2.5477350393700786
0
LINE
8
BLACK
6
CONTINUOUS
10
3.1428089763779528
20
2.5477350393700786
11
3.1410438188976375
21
2.5492161417322836
0
LINE
8
BLACK
6
CONTINUOUS
10
3.1410438188976375
20
2.5492161417322836
11
3.139979842519685
21
2.5512600393700788
0
LINE
8
BLACK
6
CONTINUOUS
10
3.139979842519685
20
2.5512600393700788
11
3.13977905511811
21
2.5535555118110236
0
LINE
8
BLACK
6
CONTINUOUS
10
3.13977905511811
20
2.5535555118110236
11
3.1404719291338581
21
2.5557530314960628
0
LINE
8
BLACK
6
CONTINUOUS
10
3.1404719291338581
20
2.5557530314960628
11
3.1419530314960631
21
2.5575181889763781
0
LINE
8
BLACK
6
CONTINUOUS
10
3.1419530314960631
20
2.5575181889763781
11
3.1661966929133856
21
2.5702070472440943
0
LINE
8
BLACK
6
CONTINUOUS
10
3.1661966929133856
20
2.5702070472440943
11
0.0340073622047244
21
2.5700953149606298
0
LINE
8
BLACK
6
CONTINUOUS
10
0.0340073622047244
20
2.5700953149606298
11
0.0570774015748031
21
2.5581508267716533
0
LINE
8
BLACK
6
CONTINUOUS
10
0.0570774015748031
20
2.5581508267716533
11
0.058046968503937
21
2.5575181889763781
0
LINE
8
BLACK
6
CONTINUOUS
10
0.058046968503937
20
2.5575181889763781
11
0.0595280708661417
21
2.5557530314960628
0
LINE
8
BLACK
6
CONTINUOUS
10
0.0595280708661417
20
2.5557530314960628
11
0.0602209448818898
21
2.5535555118110236
0
LINE
8
BLACK
6
CONTINUOUS
10
0.0602209448818898
20
2.5535555118110236
11
0.060020157480315
21
2.5512600393700788
0
LINE
8
BLACK
6
CONTINUOUS
10
0.060020157480315
20
2.5512600393700788
11
0.0589561417322835
21
2.5492161417322836
0
LINE
8
BLACK
6
CONTINUOUS
10
0.0589561417322835
20
2.5492161417322836
11
0.0571909842519685
21
2.5477350393700786
0
LINE
8
BLACK
6
CONTINUOUS
10
0.0571909842519685
20
2.5477350393700786
11
0.0549934645669291
21
2.5470421653543305
0
LINE
8
BLACK
6
CONTINUOUS
10
0.0549934645669291
20
2.5470421653543305
11
0.052698031496063
21
2.5472429527559055
0
LINE
8
BLACK
6
CONTINUOUS
10
0.052698031496063
20
2.5472429527559055
11
0.0158567322834646
21
2.5663175590551179
0
LINE
8
BLACK
6
CONTINUOUS
10
0.0158567322834646
20
2.5663175590551179
11
0.0159055118110236
21
2.3900000000000001
0
LINE
8
BLACK
6
CONTINUOUS
10
0.0159055118110236
20
2.3900000000000001
11
0.0157920472440945
21
2.3888478740157479
0
LINE
8
BLACK
6
CONTINUOUS
10
0.0157920472440945
20
2.3888478740157479
11
0.0149102362204724
21
2.3867190551181103
0
LINE
8
BLACK
6
CONTINUOUS
10
0.0149102362204724
20
2.3867190551181103
11
0.0132809448818898
21
2.3850897637795274
0
LINE
8
BLACK
6
CONTINUOUS
10
0.0132809448818898
20
2.3850897637795274
11
0.011152125984252
21
2.3842079527559052
0
LINE
8
BLACK
6
CONTINUOUS
10
0.011152125984252
20
2.3842079527559052
11
0.008847874015748
21
2.3842079527559052
0
LINE
8
BLACK
6
CONTINUOUS
10
0.008847874015748
20
2.3842079527559052
11
0.0067190551181102
21
2.3850897637795274
0
LINE
8
BLACK
6
CONTINUOUS
10
0.0067190551181102
20
2.3850897637795274
11
0.0050897637795276
21
2.3867190551181103
0
LINE
8
BLACK
6
CONTINUOUS
10
0.0050897637795276
20
2.3867190551181103
11
0.0042079527559055
21
2.3888478740157479
0
LINE
8
BLACK
6
CONTINUOUS
10
0.0042079527559055
20
2.3888478740157479
11
0.0040944881889764
21
2.5990874015748031
0
LINE
8
BLACK
6
CONTINUOUS
10
0.0040944881889764
20
2.5990874015748031
11
0.0041496456692913
21
2.5996474803149607
0
LINE
8
BLACK
6
CONTINUOUS
10
0.0041496456692913
20
2.5996474803149607
11
0.0040944881889764
21
2.7990874015748033
0
LINE
8
BLACK
6
CONTINUOUS
10
0.0040944881889764
20
2.7990874015748033
11
0.0042079527559055
21
2.800239527559055
0
LINE
8
BLACK
6
CONTINUOUS
10
0.0042079527559055
20
2.800239527559055
11
0.0050897637795276
21
2.8023683464566926
0
LINE
8
BLACK
6
CONTINUOUS
10
0.0050897637795276
20
2.8023683464566926
11
0.0067190551181102
21
2.8039976377952756
0
LINE
8
BLACK
6
CONTINUOUS
10
0.0067190551181102
20
2.8039976377952756
11
0.008847874015748
21
2.8048794488188977
0
LINE
8
BLACK
6
CONTINUOUS
10
0.008847874015748
20
2.8048794488188977
11
0.011152125984252
21
2.8048794488188977
0
LINE
8
BLACK
6
CONTINUOUS
10
0.011152125984252
20
2.8048794488188977
11
0.0132809448818898
21
2.8039976377952756
0
LINE
8
BLACK
6
CONTINUOUS
10
0.0132809448818898
20
2.8039976377952756
11
0.0149102362204724
21
2.8023683464566926
0
LINE
8
BLACK
6
CONTINUOUS
10
0.0149102362204724
20
2.8023683464566926
11
0.0157920472440945
21
2.800239527559055
0
LINE
8
BLACK
6
CONTINUOUS
10
0.0157920472440945
20
2.800239527559055
11
0.0157961023622047
21
2.7855738976377951
0
LINE
8
BLACK
6
CONTINUOUS
10
0.0157961023622047
20
2.7855738976377951
11
0.0516236614173228
21
2.8043256692913383
0
LINE
8
BLACK
6
CONTINUOUS
10
0.0516236614173228
20
2.8043256692913383
11
0.052698031496063
21
2.8047570472440944
0
LINE
8
BLACK
6
CONTINUOUS
10
0.052698031496063
20
2.8047570472440944
11
0.0549934645669291
21
2.8049578346456694
0
LINE
8
BLACK
6
CONTINUOUS
10
0.0549934645669291
20
2.8049578346456694
11
0.0571909842519685
21
2.8042649606299213
0
LINE
8
BLACK
6
CONTINUOUS
10
0.0571909842519685
20
2.8042649606299213
11
0.0589561417322835
21
2.8027838582677163
0
LINE
8
BLACK
6
CONTINUOUS
10
0.0589561417322835
20
2.8027838582677163
11
0.060020157480315
21
2.800739960629921
0
LINE
8
BLACK
6
CONTINUOUS
10
0.060020157480315
20
2.800739960629921
11
0.0602209448818898
21
2.7984444881889763
0
LINE
8
BLACK
6
CONTINUOUS
10
0.0602209448818898
20
2.7984444881889763
11
0.0595280708661417
21
2.7962469685039371
0
LINE
8
BLACK
6
CONTINUOUS
10
0.0595280708661417
20
2.7962469685039371
11
0.058046968503937
21
2.7944818110236218
0
LINE
8
BLACK
6
CONTINUOUS
10
0.058046968503937
20
2.7944818110236218
11
0.0338033070866142
21
2.7817929133858268
0
LINE
8
BLACK
6
CONTINUOUS
10
0.0338033070866142
20
2.7817929133858268
11
3.1659925984251966
21
2.7819046456692913
0
LINE
8
BLACK
6
CONTINUOUS
10
3.1659925984251966
20
2.7819046456692913
11
3.1429225984251969
21
2.7938491732283466
0
LINE
8
BLACK
6
CONTINUOUS
10
3.1429225984251969
20
2.7938491732283466
11
3.1419530314960631
21
2.7944818110236218
0
LINE
8
BLACK
6
CONTINUOUS
10
3.1419530314960631
20
2.7944818110236218
11
3.1404719291338581
21
2.7962469685039371
0
LINE
8
BLACK
6
CONTINUOUS
10
3.1404719291338581
20
2.7962469685039371
11
3.13977905511811
21
2.7984444881889763
0
LINE
8
BLACK
6
CONTINUOUS
10
3.13977905511811
20
2.7984444881889763
11
3.139979842519685
21
2.800739960629921
0
LINE
8
BLACK
6
CONTINUOUS
10
3.139979842519685
20
2.800739960629921
11
3.1410438188976375
21
2.8027838582677163
0
LINE
8
BLACK
6
CONTINUOUS
10
3.1410438188976375
20
2.8027838582677163
11
3.1428089763779528
21
2.8042649606299213
0
LINE
8
BLACK
6
CONTINUOUS
10
3.1428089763779528
20
2.8042649606299213
11
3.145006496062992
21
2.8049578346456694
0
LINE
8
BLACK
6
CONTINUOUS
10
3.145006496062992
20
2.8049578346456694
11
3.1473019685039367
21
2.8047570472440944
0
LINE
8
BLACK
6
CONTINUOUS
10
3.3436087007874016
20
2.3841373622047244
11
3.3623256692913386
21
2.348376338582677
0
LINE
8
BLACK
6
CONTINUOUS
10
3.3623256692913386
20
2.348376338582677
11
3.3627570472440946
21
2.3473019685039369
0
LINE
8
BLACK
6
CONTINUOUS
10
3.3627570472440946
20
2.3473019685039369
11
3.3629578346456692
21
2.3450065354330709
0
LINE
8
BLACK
6
CONTINUOUS
10
3.3629578346456692
20
2.3450065354330709
11
3.3622649606299211
21
2.3428090157480312
0
LINE
8
BLACK
6
CONTINUOUS
10
3.3622649606299211
20
2.3428090157480312
11
3.3607838582677165
21
2.3410438582677164
0
LINE
8
BLACK
6
CONTINUOUS
10
3.3607838582677165
20
2.3410438582677164
11
3.3587399606299213
21
2.3399798425196852
0
LINE
8
BLACK
6
CONTINUOUS
10
3.3587399606299213
20
2.3399798425196852
11
3.3564444881889761
21
2.3397790551181101
0
LINE
8
BLACK
6
CONTINUOUS
10
3.3564444881889761
20
2.3397790551181101
11
3.3542469685039369
21
2.3404719291338583
0
LINE
8
BLACK
6
CONTINUOUS
10
3.3542469685039369
20
2.3404719291338583
11
3.3524818110236221
21
2.3419530314960628
0
LINE
8
BLACK
6
CONTINUOUS
10
3.3524818110236221
20
2.3419530314960628
11
3.3397932283464566
21
2.3661961023622045
0
LINE
8
BLACK
6
CONTINUOUS
10
3.3397932283464566
20
2.3661961023622045
11
3.3399043307086616
21
0.034006811023622
0
LINE
8
BLACK
6
CONTINUOUS
10
3.3399043307086616
20
0.034006811023622
11
3.3518491732283464
21
0.0570774015748031
0
LINE
8
BLACK
6
CONTINUOUS
10
3.3518491732283464
20
0.0570774015748031
11
3.3524818110236221
21
0.058046968503937
0
LINE
8
BLACK
6
CONTINUOUS
10
3.3524818110236221
20
0.058046968503937
11
3.3542469685039369
21
0.0595280708661417
0
LINE
8
BLACK
6
CONTINUOUS
10
3.3542469685039369
20
0.0595280708661417
11
3.3564444881889761
21
0.0602209448818898
0
LINE
8
BLACK
6
CONTINUOUS
10
3.3564444881889761
20
0.0602209448818898
11
3.3587399606299213
21
0.060020157480315
0
LINE
8
BLACK
6
CONTINUOUS
10
3.3587399606299213
20
0.060020157480315
11
3.3607838582677165
21
0.0589561417322835
0
LINE
8
BLACK
6
CONTINUOUS
10
3.3607838582677165
20
0.0589561417322835
11
3.3622649606299211
21
0.0571909842519685
0
LINE
8
BLACK
6
CONTINUOUS
10
3.3622649606299211
20
0.0571909842519685
11
3.3629578346456692
21
0.0549934645669291
0
LINE
8
BLACK
6
CONTINUOUS
10
3.3629578346456692
20
0.0549934645669291
11
3.3627570472440946
21
0.052698031496063
0
LINE
8
BLACK
6
CONTINUOUS
10
3.3627570472440946
20
0.052698031496063
11
3.343702992125984
21
0.0158964566929134
0
LINE
8
BLACK
6
CONTINUOUS
10
3.343702992125984
20
0.0158964566929134
11
3.3570874015748031
21
0.0159055118110236
0
LINE
8
BLACK
6
CONTINUOUS
10
3.3570874015748031
20
0.0159055118110236
11
3.3577604724409449
21
0.0158392125984252
0
LINE
8
BLACK
6
CONTINUOUS
10
3.3577604724409449
20
0.0158392125984252
11
3.5623735826771652
21
0.0158963385826772
0
LINE
8
BLACK
6
CONTINUOUS
10
3.5623735826771652
20
0.0158963385826772
11
3.5436742913385828
21
0.0516237007874016
0
LINE
8
BLACK
6
CONTINUOUS
10
3.5436742913385828
20
0.0516237007874016
11
3.5432429527559055
21
0.052698031496063
0
LINE
8
BLACK
6
CONTINUOUS
10
3.5432429527559055
20
0.052698031496063
11
3.5430421653543305
21
0.0549935039370079
0
LINE
8
BLACK
6
CONTINUOUS
10
3.5430421653543305
20
0.0549935039370079
11
3.5437350393700786
21
0.0571910236220472
0
LINE
8
BLACK
6
CONTINUOUS
10
3.5437350393700786
20
0.0571910236220472
11
3.5452161417322832
21
0.0589561811023622
0
LINE
8
BLACK
6
CONTINUOUS
10
3.5452161417322832
20
0.0589561811023622
11
3.5472600393700788
21
0.060020157480315
0
LINE
8
BLACK
6
CONTINUOUS
10
3.5472600393700788
20
0.060020157480315
11
3.5495555118110236
21
0.0602209448818898
0
LINE
8
BLACK
6
CONTINUOUS
10
3.5495555118110236
20
0.0602209448818898
11
3.5517530314960628
21
0.0595280708661417
0
LINE
8
BLACK
6
CONTINUOUS
10
3.5517530314960628
20
0.0595280708661417
11
3.5535181889763781
21
0.058046968503937
0
LINE
8
BLACK
6
CONTINUOUS
10
3.5535181889763781
20
0.058046968503937
11
3.5662067322834643
21
0.0338038582677165
0
LINE
8
BLACK
6
CONTINUOUS
10
3.5662067322834643
20
0.0338038582677165
11
3.5660956299212598
21
2.3659931496062994
0
LINE
8
BLACK
6
CONTINUOUS
10
3.5660956299212598
20
2.3659931496062994
11
3.5541508267716533
21
2.3429225984251967
0
LINE
8
BLACK
6
CONTINUOUS
10
3.5541508267716533
20
2.3429225984251967
11
3.5535181889763781
21
2.3419530314960628
0
LINE
8
BLACK
6
CONTINUOUS
10
3.5535181889763781
20
2.3419530314960628
11
3.5517530314960628
21
2.3404719291338583
0
LINE
8
BLACK
6
CONTINUOUS
10
3.5517530314960628
20
2.3404719291338583
11
3.5495555118110236
21
2.3397790551181101
0
LINE
8
BLACK
6
CONTINUOUS
10
3.5495555118110236
20
2.3397790551181101
11
3.5472600393700788
21
2.3399798425196852
0
LINE
8
BLACK
6
CONTINUOUS
10
3.5472600393700788
20
2.3399798425196852
11
3.5452161417322832
21
2.3410438188976377
0
LINE
8
BLACK
6
CONTINUOUS
10
3.5452161417322832
20
2.3410438188976377
11
3.5437350393700786
21
2.3428089763779525
0
LINE
8
BLACK
6
CONTINUOUS
10
3.5437350393700786
20
2.3428089763779525
11
3.5430421653543305
21
2.3450064960629922
0
LINE
8
BLACK
6
CONTINUOUS
10
3.5430421653543305
20
2.3450064960629922
11
3.5432429527559055
21
2.3473019685039369
0
LINE
8
BLACK
6
CONTINUOUS
10
3.5432429527559055
20
2.3473019685039369
11
3.5623461417322835
21
2.384198464566929
0
LINE
8
BLACK
6
CONTINUOUS
10
3.5623461417322835
20
2.384198464566929
11
3.3436087007874016
21
2.3841373622047244
0
LINE
8
BLACK
6
CONTINUOUS
10
0.0340073622047244
20
2.77009531496063
11
0.0570774015748031
21
2.7581508267716535
0
LINE
8
BLACK
6
CONTINUOUS
10
0.0570774015748031
20
2.7581508267716535
11
0.058046968503937
21
2.7575181889763778
0
LINE
8
BLACK
6
CONTINUOUS
10
0.058046968503937
20
2.7575181889763778
11
0.0595280708661417
21
2.755753031496063
0
LINE
8
BLACK
6
CONTINUOUS
10
0.0595280708661417
20
2.755753031496063
11
0.0602209448818898
21
2.7535555118110238
0
LINE
8
BLACK
6
CONTINUOUS
10
0.0602209448818898
20
2.7535555118110238
11
0.060020157480315
21
2.7512600393700786
0
LINE
8
BLACK
6
CONTINUOUS
10
0.060020157480315
20
2.7512600393700786
11
0.0589561417322835
21
2.7492161417322833
0
LINE
8
BLACK
6
CONTINUOUS
10
0.0589561417322835
20
2.7492161417322833
11
0.0571909842519685
21
2.7477350393700788
0
LINE
8
BLACK
6
CONTINUOUS
10
0.0571909842519685
20
2.7477350393700788
11
0.0549934645669291
21
2.7470421653543307
0
LINE
8
BLACK
6
CONTINUOUS
10
0.0549934645669291
20
2.7470421653543307
11
0.052698031496063
21
2.7472429527559052
0
LINE
8
BLACK
6
CONTINUOUS
10
0.052698031496063
20
2.7472429527559052
11
0.0158014173228346
21
2.766346181102362
0
LINE
8
BLACK
6
CONTINUOUS
10
0.0158014173228346
20
2.766346181102362
11
0.0158513779527559
21
2.5856028346456692
0
LINE
8
BLACK
6
CONTINUOUS
10
0.0158513779527559
20
2.5856028346456692
11
0.0516236614173228
21
2.6043256692913386
0
LINE
8
BLACK
6
CONTINUOUS
10
0.0516236614173228
20
2.6043256692913386
11
0.052698031496063
21
2.6047570472440946
0
LINE
8
BLACK
6
CONTINUOUS
10
0.052698031496063
20
2.6047570472440946
11
0.0549934645669291
21
2.6049578346456692
0
LINE
8
BLACK
6
CONTINUOUS
10
0.0549934645669291
20
2.6049578346456692
11
0.0571909842519685
21
2.6042649606299211
0
LINE
8
BLACK
6
CONTINUOUS
10
0.0571909842519685
20
2.6042649606299211
11
0.0589561417322835
21
2.6027838582677165
0
LINE
8
BLACK
6
CONTINUOUS
10
0.0589561417322835
20
2.6027838582677165
11
0.060020157480315
21
2.6007399606299213
0
LINE
8
BLACK
6
CONTINUOUS
10
0.060020157480315
20
2.6007399606299213
11
0.0602209448818898
21
2.5984444881889761
0
LINE
8
BLACK
6
CONTINUOUS
10
0.0602209448818898
20
2.5984444881889761
11
0.0595280708661417
21
2.5962469685039369
0
LINE
8
BLACK
6
CONTINUOUS
10
0.0595280708661417
20
2.5962469685039369
11
0.058046968503937
21
2.5944818110236221
0
LINE
8
BLACK
6
CONTINUOUS
10
0.058046968503937
20
2.5944818110236221
11
0.0338033070866142
21
2.5817929133858266
0
LINE
8
BLACK
6
CONTINUOUS
10
0.0338033070866142
20
2.5817929133858266
11
3.1659925984251966
21
2.5819046456692911
0
LINE
8
BLACK
6
CONTINUOUS
10
3.1659925984251966
20
2.5819046456692911
11
3.1429225984251969
21
2.5938491732283464
0
LINE
8
BLACK
6
CONTINUOUS
10
3.1429225984251969
20
2.5938491732283464
11
3.1419530314960631
21
2.5944818110236221
0
LINE
8
BLACK
6
CONTINUOUS
10
3.1419530314960631
20
2.5944818110236221
11
3.1404719291338581
21
2.5962469685039369
0
LINE
8
BLACK
6
CONTINUOUS
10
3.1404719291338581
20
2.5962469685039369
11
3.13977905511811
21
2.5984444881889761
0
LINE
8
BLACK
6
CONTINUOUS
10
3.13977905511811
20
2.5984444881889761
11
3.139979842519685
21
2.6007399606299213
0
LINE
8
BLACK
6
CONTINUOUS
10
3.139979842519685
20
2.6007399606299213
11
3.1410438188976375
21
2.6027838582677165
0
LINE
8
BLACK
6
CONTINUOUS
10
3.1410438188976375
20
2.6027838582677165
11
3.1428089763779528
21
2.6042649606299211
0
LINE
8
BLACK
6
CONTINUOUS
10
3.1428089763779528
20
2.6042649606299211
11
3.145006496062992
21
2.6049578346456692
0
LINE
8
BLACK
6
CONTINUOUS
10
3.145006496062992
20
2.6049578346456692
11
3.1473019685039367
21
2.6047570472440946
0
LINE
8
BLACK
6
CONTINUOUS
10
3.1473019685039367
20
2.6047570472440946
11
3.1841016929133859
21
2.585703937007874
0
LINE
8
BLACK
6
CONTINUOUS
10
3.1841016929133859
20
2.585703937007874
11
3.1840944881889763
21
2.5990874015748031
0
LINE
8
BLACK
6
CONTINUOUS
10
3.1840944881889763
20
2.5990874015748031
11
3.1841496456692915
21
2.5996474803149607
0
LINE
8
BLACK
6
CONTINUOUS
10
3.1841496456692915
20
2.5996474803149607
11
3.1841035039370076
21
2.7663735433070866
0
LINE
8
BLACK
6
CONTINUOUS
10
3.1841035039370076
20
2.7663735433070866
11
3.1483762992125985
21
2.7476742913385825
0
LINE
8
BLACK
6
CONTINUOUS
10
3.1483762992125985
20
2.7476742913385825
11
3.1473019685039367
21
2.7472429527559052
0
LINE
8
BLACK
6
CONTINUOUS
10
3.1473019685039367
20
2.7472429527559052
11
3.145006496062992
21
2.7470421653543307
0
LINE
8
BLACK
6
CONTINUOUS
10
3.145006496062992
20
2.7470421653543307
11
3.1428089763779528
21
2.7477350393700788
0
LINE
8
BLACK
6
CONTINUOUS
10
3.1428089763779528
20
2.7477350393700788
11
3.1410438188976375
21
2.7492161417322833
0
LINE
8
BLACK
6
CONTINUOUS
10
3.1410438188976375
20
2.7492161417322833
11
3.139979842519685
21
2.7512600393700786
0
LINE
8
BLACK
6
CONTINUOUS
10
3.139979842519685
20
2.7512600393700786
11
3.13977905511811
21
2.7535555118110238
0
LINE
8
BLACK
6
CONTINUOUS
10
3.13977905511811
20
2.7535555118110238
11
3.1404719291338581
21
2.755753031496063
0
LINE
8
BLACK
6
CONTINUOUS
10
3.1404719291338581
20
2.755753031496063
11
3.1419530314960631
21
2.7575181889763778
0
LINE
8
BLACK
6
CONTINUOUS
10
3.1419530314960631
20
2.7575181889763778
11
3.1661966929133856
21
2.7702070472440945
0
LINE
8
BLACK
6
CONTINUOUS
10
3.1661966929133856
20
2.7702070472440945
11
0.0340073622047244
21
2.77009531496063
0
LINE
8
BLACK
6
CONTINUOUS
10
3.2482405905511809
20
1.0329009842519685
11
3.2483961023622046
21
1.0329120472440945
0
LINE
8
BLACK
6
CONTINUOUS
10
3.2483961023622046
20
1.0329120472440945
11
3.248514645669291
21
1.0328739763779526
0
LINE
8
BLACK
6
CONTINUOUS
10
3.248514645669291
20
1.0328739763779526
11
3.2488096062992127
21
1.0328449606299213
0
LINE
8
BLACK
6
CONTINUOUS
10
3.2488096062992127
20
1.0328449606299213
11
3.2495117716535433
21
1.032554094488189
0
LINE
8
BLACK
6
CONTINUOUS
10
3.2495117716535433
20
1.032554094488189
11
3.2579613779527556
21
1.0298431889763779
0
LINE
8
BLACK
6
CONTINUOUS
10
3.2579613779527556
20
1.0298431889763779
11
3.2590185039370079
21
1.029371220472441
0
LINE
8
BLACK
6
CONTINUOUS
10
3.2590185039370079
20
1.029371220472441
11
3.2591787401574801
21
1.0292322047244093
0
LINE
8
BLACK
6
CONTINUOUS
10
3.2591787401574801
20
1.0292322047244093
11
3.2593748031496061
21
1.0291510236220471
0
LINE
8
BLACK
6
CONTINUOUS
10
3.2593748031496061
20
1.0291510236220471
11
3.2600685433070864
21
1.0284604330708662
0
LINE
8
BLACK
6
CONTINUOUS
10
3.2600685433070864
20
1.0284604330708662
11
3.2607592125984253
21
1.0278614566929134
0
LINE
8
BLACK
6
CONTINUOUS
10
3.2607592125984253
20
1.0278614566929134
11
3.2608472047244095
21
1.0276853937007875
0
LINE
8
BLACK
6
CONTINUOUS
10
3.2608472047244095
20
1.0276853937007875
11
3.2840016141732282
21
1.0046382677165353
0
LINE
8
BLACK
6
CONTINUOUS
10
3.2840016141732282
20
1.0046382677165353
11
3.2839341732283462
21
1.0270529133858268
0
LINE
8
BLACK
6
CONTINUOUS
10
3.2839341732283462
20
1.0270529133858268
11
3.2840476377952754
21
1.0282050393700788
0
LINE
8
BLACK
6
CONTINUOUS
10
3.2840476377952754
20
1.0282050393700788
11
3.2849294488188976
21
1.0303338582677166
0
LINE
8
BLACK
6
CONTINUOUS
10
3.2849294488188976
20
1.0303338582677166
11
3.2865587401574801
21
1.0319631496062991
0
LINE
8
BLACK
6
CONTINUOUS
10
3.2865587401574801
20
1.0319631496062991
11
3.2886875590551181
21
1.0328449606299213
0
LINE
8
BLACK
6
CONTINUOUS
10
3.2886875590551181
20
1.0328449606299213
11
3.290991811023622
21
1.0328449606299213
0
LINE
8
BLACK
6
CONTINUOUS
10
3.290991811023622
20
1.0328449606299213
11
3.2931206299212596
21
1.0319631496062991
0
LINE
8
BLACK
6
CONTINUOUS
10
3.2931206299212596
20
1.0319631496062991
11
3.2947499212598426
21
1.0303338582677166
0
LINE
8
BLACK
6
CONTINUOUS
10
3.2947499212598426
20
1.0303338582677166
11
3.2956317322834643
21
1.0282050393700788
0
LINE
8
BLACK
6
CONTINUOUS
10
3.2956317322834643
20
1.0282050393700788
11
3.2957451968503935
21
0.9904949606299213
0
LINE
8
BLACK
6
CONTINUOUS
10
3.2957451968503935
20
0.9904949606299213
11
3.2956317322834643
21
0.9893428740157481
0
LINE
8
BLACK
6
CONTINUOUS
10
3.2956317322834643
20
0.9893428740157481
11
3.2947499606299213
21
0.9872140551181102
0
LINE
8
BLACK
6
CONTINUOUS
10
3.2947499606299213
20
0.9872140551181102
11
3.2931205905511809
21
0.98558468503937
0
LINE
8
BLACK
6
CONTINUOUS
10
3.2931205905511809
20
0.98558468503937
11
3.2918735826771655
21
0.9850681496062992
0
LINE
8
BLACK
6
CONTINUOUS
10
3.2918735826771655
20
0.9850681496062992
11
3.290991811023622
21
0.9847029133858267
0
LINE
8
BLACK
6
CONTINUOUS
10
3.290991811023622
20
0.9847029133858267
11
3.2909917716535433
21
0.9847029133858267
0
LINE
8
BLACK
6
CONTINUOUS
10
3.2909917716535433
20
0.9847029133858267
11
3.2886875984251969
21
0.9847029133858267
0
LINE
8
BLACK
6
CONTINUOUS
10
3.2886875984251969
20
0.9847029133858267
11
3.2886875590551181
21
0.9847029133858267
0
LINE
8
BLACK
6
CONTINUOUS
10
3.2886875590551181
20
0.9847029133858267
11
3.28806405511811
21
0.9849611811023622
0
LINE
8
BLACK
6
CONTINUOUS
10
3.28806405511811
20
0.9849611811023622
11
3.2865587401574801
21
0.98558468503937
0
LINE
8
BLACK
6
CONTINUOUS
10
3.2865587401574801
20
0.98558468503937
11
3.2527787007874016
21
1.0192082283464567
0
LINE
8
BLACK
6
CONTINUOUS
10
3.2527787007874016
20
1.0192082283464567
11
3.2465013779527556
21
1.0212222047244095
0
LINE
8
BLACK
6
CONTINUOUS
10
3.2465013779527556
20
1.0212222047244095
11
3.2433063779527558
21
1.0211687007874015
0
LINE
8
BLACK
6
CONTINUOUS
10
3.2433063779527558
20
1.0211687007874015
11
3.2397547637795276
21
1.01932468503937
0
LINE
8
BLACK
6
CONTINUOUS
10
3.2397547637795276
20
1.01932468503937
11
3.2382984645669293
21
1.0178024803149606
0
LINE
8
BLACK
6
CONTINUOUS
10
3.2382984645669293
20
1.0178024803149606
11
3.2365966535433071
21
1.0142650787401575
0
LINE
8
BLACK
6
CONTINUOUS
10
3.2365966535433071
20
1.0142650787401575
11
3.2366807480314961
21
1.0029936614173227
0
LINE
8
BLACK
6
CONTINUOUS
10
3.2366807480314961
20
1.0029936614173227
11
3.2385127952755903
21
0.9994651181102362
0
LINE
8
BLACK
6
CONTINUOUS
10
3.2385127952755903
20
0.9994651181102362
11
3.2405846850393698
21
0.9974829527559055
0
LINE
8
BLACK
6
CONTINUOUS
10
3.2405846850393698
20
0.9974829527559055
11
3.2413191338582679
21
0.9965880708661418
0
LINE
8
BLACK
6
CONTINUOUS
10
3.2413191338582679
20
0.9965880708661418
11
3.2422008661417321
21
0.9944592125984252
0
LINE
8
BLACK
6
CONTINUOUS
10
3.2422008661417321
20
0.9944592125984252
11
3.2422008661417321
21
0.9921550393700788
0
LINE
8
BLACK
6
CONTINUOUS
10
3.2422008661417321
20
0.9921550393700788
11
3.2413191338582679
21
0.9900262204724409
0
LINE
8
BLACK
6
CONTINUOUS
10
3.2413191338582679
20
0.9900262204724409
11
3.2396897637795274
21
0.9883968503937007
0
LINE
8
BLACK
6
CONTINUOUS
10
3.2396897637795274
20
0.9883968503937007
11
3.2375609448818898
21
0.9875151181102362
0
LINE
8
BLACK
6
CONTINUOUS
10
3.2375609448818898
20
0.9875151181102362
11
3.2352567716535434
21
0.9875151181102362
0
LINE
8
BLACK
6
CONTINUOUS
10
3.2352567716535434
20
0.9875151181102362
11
3.2331279133858266
21
0.9883968503937007
0
LINE
8
BLACK
6
CONTINUOUS
10
3.2331279133858266
20
0.9883968503937007
11
3.229420905511811
21
0.9919434251968504
0
LINE
8
BLACK
6
CONTINUOUS
10
3.229420905511811
20
0.9919434251968504
11
3.2290492519685037
21
0.9923962204724409
0
LINE
8
BLACK
6
CONTINUOUS
10
3.2290492519685037
20
0.9923962204724409
11
3.2289314173228347
21
0.9924984645669291
0
LINE
8
BLACK
6
CONTINUOUS
10
3.2289314173228347
20
0.9924984645669291
11
3.2288728740157477
21
0.9926111417322835
0
LINE
8
BLACK
6
CONTINUOUS
10
3.2288728740157477
20
0.9926111417322835
11
3.2286864566929134
21
0.9928383464566929
0
LINE
8
BLACK
6
CONTINUOUS
10
3.2286864566929134
20
0.9928383464566929
11
3.2284162598425197
21
0.9934906299212598
0
LINE
8
BLACK
6
CONTINUOUS
10
3.2284162598425197
20
0.9934906299212598
11
3.2255025196850391
21
0.9991025590551181
0
LINE
8
BLACK
6
CONTINUOUS
10
3.2255025196850391
20
0.9991025590551181
11
3.2250887401574801
21
1.000183779527559
0
LINE
8
BLACK
6
CONTINUOUS
10
3.2250887401574801
20
1.000183779527559
11
3.2250736614173228
21
1.000395472440945
0
LINE
8
BLACK
6
CONTINUOUS
10
3.2250736614173228
20
1.000395472440945
11
3.2249925196850393
21
1.0005914566929133
0
LINE
8
BLACK
6
CONTINUOUS
10
3.2249925196850393
20
1.0005914566929133
11
3.2249846062992127
21
1.0016490157480316
0
LINE
8
BLACK
6
CONTINUOUS
10
3.2249846062992127
20
1.0016490157480316
11
3.2249254330708661
21
1.0024822440944883
0
LINE
8
BLACK
6
CONTINUOUS
10
3.2249254330708661
20
1.0024822440944883
11
3.2249772440944882
21
1.0026376771653542
0
LINE
8
BLACK
6
CONTINUOUS
10
3.2249772440944882
20
1.0026376771653542
11
3.2248790551181101
21
1.0158042913385827
0
LINE
8
BLACK
6
CONTINUOUS
10
3.2248790551181101
20
1.0158042913385827
11
3.2249925196850393
21
1.0169564173228347
0
LINE
8
BLACK
6
CONTINUOUS
10
3.2249925196850393
20
1.0169564173228347
11
3.2250736614173228
21
1.0171523622047245
0
LINE
8
BLACK
6
CONTINUOUS
10
3.2250736614173228
20
1.0171523622047245
11
3.2250887401574801
21
1.017364094488189
0
LINE
8
BLACK
6
CONTINUOUS
10
3.2250887401574801
20
1.017364094488189
11
3.2256114566929135
21
1.0184506692913387
0
LINE
8
BLACK
6
CONTINUOUS
10
3.2256114566929135
20
1.0184506692913387
11
3.2258743307086615
21
1.0190852362204723
0
LINE
8
BLACK
6
CONTINUOUS
10
3.2258743307086615
20
1.0190852362204723
11
3.2259560629921258
21
1.0191669685039371
0
LINE
8
BLACK
6
CONTINUOUS
10
3.2259560629921258
20
1.0191669685039371
11
3.2283146850393698
21
1.0240696456692913
0
LINE
8
BLACK
6
CONTINUOUS
10
3.2283146850393698
20
1.0240696456692913
11
3.2286267716535431
21
1.0245654330708662
0
LINE
8
BLACK
6
CONTINUOUS
10
3.2286267716535431
20
1.0245654330708662
11
3.2286864566929134
21
1.0247095275590552
0
LINE
8
BLACK
6
CONTINUOUS
10
3.2286864566929134
20
1.0247095275590552
11
3.2287771259842519
21
1.0248042913385826
0
LINE
8
BLACK
6
CONTINUOUS
10
3.2287771259842519
20
1.0248042913385826
11
3.2289314173228347
21
1.0250494094488189
0
LINE
8
BLACK
6
CONTINUOUS
10
3.2289314173228347
20
1.0250494094488189
11
3.2294024409448818
21
1.0254579133858268
0
LINE
8
BLACK
6
CONTINUOUS
10
3.2294024409448818
20
1.0254579133858268
11
3.232233031496063
21
1.0284165748031495
0
LINE
8
BLACK
6
CONTINUOUS
10
3.232233031496063
20
1.0284165748031495
11
3.2326858661417321
21
1.0287882283464567
0
LINE
8
BLACK
6
CONTINUOUS
10
3.2326858661417321
20
1.0287882283464567
11
3.2327880708661416
21
1.0289060629921261
0
LINE
8
BLACK
6
CONTINUOUS
10
3.2327880708661416
20
1.0289060629921261
11
3.2329006692913387
21
1.0289645275590551
0
LINE
8
BLACK
6
CONTINUOUS
10
3.2329006692913387
20
1.0289645275590551
11
3.2331279133858266
21
1.0291510236220471
0
LINE
8
BLACK
6
CONTINUOUS
10
3.2331279133858266
20
1.0291510236220471
11
3.2337801574803149
21
1.0294211417322834
0
LINE
8
BLACK
6
CONTINUOUS
10
3.2337801574803149
20
1.0294211417322834
11
3.2393920866141732
21
1.0323349606299212
0
LINE
8
BLACK
6
CONTINUOUS
10
3.2393920866141732
20
1.0323349606299212
11
3.2404733464566928
21
1.0327487007874014
0
LINE
8
BLACK
6
CONTINUOUS
10
3.2404733464566928
20
1.0327487007874014
11
3.2406849212598425
21
1.0327637007874015
0
LINE
8
BLACK
6
CONTINUOUS
10
3.2406849212598425
20
1.0327637007874015
11
3.2408810236220473
21
1.0328449606299213
0
LINE
8
BLACK
6
CONTINUOUS
10
3.2408810236220473
20
1.0328449606299213
11
3.2421196062992124
21
1.0328656692913385
0
LINE
8
BLACK
6
CONTINUOUS
10
3.2421196062992124
20
1.0328656692913385
11
3.2427717716535431
21
1.0329120472440945
0
LINE
8
BLACK
6
CONTINUOUS
10
3.2427717716535431
20
1.0329120472440945
11
3.2428729527559055
21
1.0328783070866141
0
LINE
8
BLACK
6
CONTINUOUS
10
3.2428729527559055
20
1.0328783070866141
11
3.2476574803149605
21
1.0329584251968504
0
LINE
8
BLACK
6
CONTINUOUS
10
3.2476574803149605
20
1.0329584251968504
11
3.2482405905511809
21
1.0329009842519685
0
LINE
8
BLACK
6
CONTINUOUS
10
3.2890614566929135
20
1.0606011417322834
11
3.2903084645669289
21
1.0600846456692914
0
LINE
8
BLACK
6
CONTINUOUS
10
3.2903084645669289
20
1.0600846456692914
11
3.2903085039370077
21
1.0600846062992126
0
LINE
8
BLACK
6
CONTINUOUS
10
3.2903085039370077
20
1.0600846062992126
11
3.2940155511811025
21
1.0565379921259843
0
LINE
8
BLACK
6
CONTINUOUS
10
3.2940155511811025
20
1.0565379921259843
11
3.2947499606299213
21
1.0556431102362205
0
LINE
8
BLACK
6
CONTINUOUS
10
3.2947499606299213
20
1.0556431102362205
11
3.2947499606299213
21
1.0556430708661417
0
LINE
8
BLACK
6
CONTINUOUS
10
3.2947499606299213
20
1.0556430708661417
11
3.2956317322834643
21
1.0535143307086614
0
LINE
8
BLACK
6
CONTINUOUS
10
3.2956317322834643
20
1.0535143307086614
11
3.2956317322834643
21
1.0512100787401575
0
LINE
8
BLACK
6
CONTINUOUS
10
3.2956317322834643
20
1.0512100787401575
11
3.295115157480315
21
1.0499630314960631
0
LINE
8
BLACK
6
CONTINUOUS
10
3.295115157480315
20
1.0499630314960631
11
3.2947499606299213
21
1.0490812598425197
0
LINE
8
BLACK
6
CONTINUOUS
10
3.2947499606299213
20
1.0490812598425197
11
3.2912033858267717
21
1.0453742519685039
0
LINE
8
BLACK
6
CONTINUOUS
10
3.2912033858267717
20
1.0453742519685039
11
3.2903084645669289
21
1.0446398031496062
0
LINE
8
BLACK
6
CONTINUOUS
10
3.2903084645669289
20
1.0446398031496062
11
3.2881796456692913
21
1.0437580314960631
0
LINE
8
BLACK
6
CONTINUOUS
10
3.2881796456692913
20
1.0437580314960631
11
3.2858755118110237
21
1.0437580314960631
0
LINE
8
BLACK
6
CONTINUOUS
10
3.2858755118110237
20
1.0437580314960631
11
3.2858754724409449
21
1.0437580314960631
0
LINE
8
BLACK
6
CONTINUOUS
10
3.2858754724409449
20
1.0437580314960631
11
3.2837466535433069
21
1.0446398031496062
0
LINE
8
BLACK
6
CONTINUOUS
10
3.2837466535433069
20
1.0446398031496062
11
3.2837466141732281
21
1.044639842519685
0
LINE
8
BLACK
6
CONTINUOUS
10
3.2837466141732281
20
1.044639842519685
11
3.2800396062992125
21
1.0481863385826771
0
LINE
8
BLACK
6
CONTINUOUS
10
3.2800396062992125
20
1.0481863385826771
11
3.2793051574803149
21
1.0490812598425197
0
LINE
8
BLACK
6
CONTINUOUS
10
3.2793051574803149
20
1.0490812598425197
11
3.2793051181102362
21
1.0490812992125984
0
LINE
8
BLACK
6
CONTINUOUS
10
3.2793051181102362
20
1.0490812992125984
11
3.2786337401574803
21
1.0507022047244094
0
LINE
8
BLACK
6
CONTINUOUS
10
3.2786337401574803
20
1.0507022047244094
11
3.2784233464566928
21
1.0512100787401575
0
LINE
8
BLACK
6
CONTINUOUS
10
3.2784233464566928
20
1.0512100787401575
11
3.2784233464566928
21
1.0535142519685039
0
LINE
8
BLACK
6
CONTINUOUS
10
3.2784233464566928
20
1.0535142519685039
11
3.2784233464566928
21
1.0535142913385827
0
LINE
8
BLACK
6
CONTINUOUS
10
3.2784233464566928
20
1.0535142913385827
11
3.2784233464566928
21
1.0535143307086614
0
LINE
8
BLACK
6
CONTINUOUS
10
3.2784233464566928
20
1.0535143307086614
11
3.2793051181102362
21
1.0556430708661417
0
LINE
8
BLACK
6
CONTINUOUS
10
3.2793051181102362
20
1.0556430708661417
11
3.2793051181102362
21
1.0556431102362205
0
LINE
8
BLACK
6
CONTINUOUS
10
3.2793051181102362
20
1.0556431102362205
11
3.2828517322834645
21
1.0593501968503938
0
LINE
8
BLACK
6
CONTINUOUS
10
3.2828517322834645
20
1.0593501968503938
11
3.2837466535433069
21
1.0600846456692914
0
LINE
8
BLACK
6
CONTINUOUS
10
3.2837466535433069
20
1.0600846456692914
11
3.2858754724409449
21
1.0609664173228346
0
LINE
8
BLACK
6
CONTINUOUS
10
3.2858754724409449
20
1.0609664173228346
11
3.2881796456692913
21
1.0609664173228346
0
LINE
8
BLACK
6
CONTINUOUS
10
3.2881796456692913
20
1.0609664173228346
11
3.2881796850393701
21
1.0609664173228346
0
LINE
8
BLACK
6
CONTINUOUS
10
3.2881796850393701
20
1.0609664173228346
11
3.2890614566929135
21
1.0606011417322834
0
LINE
8
BLACK
6
CONTINUOUS
10
3.2797432283464567
20
1.117209409448819
11
3.2799392913385828
21
1.1171281496062992
0
LINE
8
BLACK
6
CONTINUOUS
10
3.2799392913385828
20
1.1171281496062992
11
3.2801509055118108
21
1.1171131496062991
0
LINE
8
BLACK
6
CONTINUOUS
10
3.2801509055118108
20
1.1171131496062991
11
3.2812369291338581
21
1.1165906299212598
0
LINE
8
BLACK
6
CONTINUOUS
10
3.2812369291338581
20
1.1165906299212598
11
3.2818720472440943
21
1.1163275984251968
0
LINE
8
BLACK
6
CONTINUOUS
10
3.2818720472440943
20
1.1163275984251968
11
3.2819538582677166
21
1.116245748031496
0
LINE
8
BLACK
6
CONTINUOUS
10
3.2819538582677166
20
1.116245748031496
11
3.2868564173228347
21
1.1138872440944882
0
LINE
8
BLACK
6
CONTINUOUS
10
3.2868564173228347
20
1.1138872440944882
11
3.2873522834645668
21
1.1135750787401575
0
LINE
8
BLACK
6
CONTINUOUS
10
3.2873522834645668
20
1.1135750787401575
11
3.2874962598425195
21
1.1135154724409448
0
LINE
8
BLACK
6
CONTINUOUS
10
3.2874962598425195
20
1.1135154724409448
11
3.2875909448818899
21
1.1134248425196851
0
LINE
8
BLACK
6
CONTINUOUS
10
3.2875909448818899
20
1.1134248425196851
11
3.287836181102362
21
1.1132705118110235
0
LINE
8
BLACK
6
CONTINUOUS
10
3.287836181102362
20
1.1132705118110235
11
3.2882448031496061
21
1.1127993307086614
0
LINE
8
BLACK
6
CONTINUOUS
10
3.2882448031496061
20
1.1127993307086614
11
3.291203346456693
21
1.109968937007874
0
LINE
8
BLACK
6
CONTINUOUS
10
3.291203346456693
20
1.109968937007874
11
3.2915749606299212
21
1.1095160629921259
0
LINE
8
BLACK
6
CONTINUOUS
10
3.2915749606299212
20
1.1095160629921259
11
3.2916929133858268
21
1.1094138188976377
0
LINE
8
BLACK
6
CONTINUOUS
10
3.2916929133858268
20
1.1094138188976377
11
3.2917514173228346
21
1.1093010629921261
0
LINE
8
BLACK
6
CONTINUOUS
10
3.2917514173228346
20
1.1093010629921261
11
3.2919377952755906
21
1.1090740157480314
0
LINE
8
BLACK
6
CONTINUOUS
10
3.2919377952755906
20
1.1090740157480314
11
3.2922078346456694
21
1.1084220078740157
0
LINE
8
BLACK
6
CONTINUOUS
10
3.2922078346456694
20
1.1084220078740157
11
3.2951217716535433
21
1.1028097244094488
0
LINE
8
BLACK
6
CONTINUOUS
10
3.2951217716535433
20
1.1028097244094488
11
3.2955355118110234
21
1.1017285039370079
0
LINE
8
BLACK
6
CONTINUOUS
10
3.2955355118110234
20
1.1017285039370079
11
3.2955505118110238
21
1.1015168503937007
0
LINE
8
BLACK
6
CONTINUOUS
10
3.2955505118110238
20
1.1015168503937007
11
3.2956317322834643
21
1.1013208661417322
0
LINE
8
BLACK
6
CONTINUOUS
10
3.2956317322834643
20
1.1013208661417322
11
3.2956382677165355
21
1.1002822047244094
0
LINE
8
BLACK
6
CONTINUOUS
10
3.2956382677165355
20
1.1002822047244094
11
3.2956988188976379
21
1.0994300393700787
0
LINE
8
BLACK
6
CONTINUOUS
10
3.2956988188976379
20
1.0994300393700787
11
3.2956446456692912
21
1.0992675590551182
0
LINE
8
BLACK
6
CONTINUOUS
10
3.2956446456692912
20
1.0992675590551182
11
3.2957451968503935
21
1.0832958661417322
0
LINE
8
BLACK
6
CONTINUOUS
10
3.2957451968503935
20
1.0832958661417322
11
3.2956317322834643
21
1.0821437401574803
0
LINE
8
BLACK
6
CONTINUOUS
10
3.2956317322834643
20
1.0821437401574803
11
3.2955505118110238
21
1.081947716535433
0
LINE
8
BLACK
6
CONTINUOUS
10
3.2955505118110238
20
1.081947716535433
11
3.2955355118110234
21
1.0817361023622047
0
LINE
8
BLACK
6
CONTINUOUS
10
3.2955355118110234
20
1.0817361023622047
11
3.2950128346456693
21
1.0806496456692913
0
LINE
8
BLACK
6
CONTINUOUS
10
3.2950128346456693
20
1.0806496456692913
11
3.2947499212598426
21
1.0800149212598424
0
LINE
8
BLACK
6
CONTINUOUS
10
3.2947499212598426
20
1.0800149212598424
11
3.2946681102362203
21
1.0799331102362204
0
LINE
8
BLACK
6
CONTINUOUS
10
3.2946681102362203
20
1.0799331102362204
11
3.2923096062992125
21
1.0750305511811022
0
LINE
8
BLACK
6
CONTINUOUS
10
3.2923096062992125
20
1.0750305511811022
11
3.2919975196850393
21
1.0745348031496063
0
LINE
8
BLACK
6
CONTINUOUS
10
3.2919975196850393
20
1.0745348031496063
11
3.2919378346456694
21
1.0743906692913385
0
LINE
8
BLACK
6
CONTINUOUS
10
3.2919378346456694
20
1.0743906692913385
11
3.2918470866141734
21
1.0742958267716536
0
LINE
8
BLACK
6
CONTINUOUS
10
3.2918470866141734
20
1.0742958267716536
11
3.2916928740157481
21
1.0740508267716535
0
LINE
8
BLACK
6
CONTINUOUS
10
3.2916928740157481
20
1.0740508267716535
11
3.2912219685039368
21
1.0736424409448819
0
LINE
8
BLACK
6
CONTINUOUS
10
3.2912219685039368
20
1.0736424409448819
11
3.288391220472441
21
1.0706835826771652
0
LINE
8
BLACK
6
CONTINUOUS
10
3.288391220472441
20
1.0706835826771652
11
3.2874962992125982
21
1.0699491338582676
0
LINE
8
BLACK
6
CONTINUOUS
10
3.2874962992125982
20
1.0699491338582676
11
3.2853674803149606
21
1.0690673622047244
0
LINE
8
BLACK
6
CONTINUOUS
10
3.2853674803149606
20
1.0690673622047244
11
3.2830633070866142
21
1.0690673622047244
0
LINE
8
BLACK
6
CONTINUOUS
10
3.2830633070866142
20
1.0690673622047244
11
3.2809344881889762
21
1.0699491338582676
0
LINE
8
BLACK
6
CONTINUOUS
10
3.2809344881889762
20
1.0699491338582676
11
3.2793051181102362
21
1.0715785039370078
0
LINE
8
BLACK
6
CONTINUOUS
10
3.2793051181102362
20
1.0715785039370078
11
3.2784233464566928
21
1.0737073228346456
0
LINE
8
BLACK
6
CONTINUOUS
10
3.2784233464566928
20
1.0737073228346456
11
3.2784233464566928
21
1.0760114960629921
0
LINE
8
BLACK
6
CONTINUOUS
10
3.2784233464566928
20
1.0760114960629921
11
3.2793051181102362
21
1.0781403149606299
0
LINE
8
BLACK
6
CONTINUOUS
10
3.2793051181102362
20
1.0781403149606299
11
3.2823257874015748
21
1.0812976771653544
0
LINE
8
BLACK
6
CONTINUOUS
10
3.2823257874015748
20
1.0812976771653544
11
3.2840306299212596
21
1.0848414566929134
0
LINE
8
BLACK
6
CONTINUOUS
10
3.2840306299212596
20
1.0848414566929134
11
3.2839420078740158
21
1.0989214960629921
0
LINE
8
BLACK
6
CONTINUOUS
10
3.2839420078740158
20
1.0989214960629921
11
3.282111496062992
21
1.1024470866141731
0
LINE
8
BLACK
6
CONTINUOUS
10
3.282111496062992
20
1.1024470866141731
11
3.2805892125984251
21
1.103903464566929
0
LINE
8
BLACK
6
CONTINUOUS
10
3.2805892125984251
20
1.103903464566929
11
3.2770518897637793
21
1.1056052362204725
0
LINE
8
BLACK
6
CONTINUOUS
10
3.2770518897637793
20
1.1056052362204725
11
3.2657804724409449
21
1.1055211417322834
0
LINE
8
BLACK
6
CONTINUOUS
10
3.2657804724409449
20
1.1055211417322834
11
3.2622518897637796
21
1.103689094488189
0
LINE
8
BLACK
6
CONTINUOUS
10
3.2622518897637796
20
1.103689094488189
11
3.2607956299212599
21
1.1021669291338583
0
LINE
8
BLACK
6
CONTINUOUS
10
3.2607956299212599
20
1.1021669291338583
11
3.2591053543307087
21
1.098653464566929
0
LINE
8
BLACK
6
CONTINUOUS
10
3.2591053543307087
20
1.098653464566929
11
3.2591872834645668
21
1.0917323228346456
0
LINE
8
BLACK
6
CONTINUOUS
10
3.2591872834645668
20
1.0917323228346456
11
3.2591272440944881
21
1.0911229527559054
0
LINE
8
BLACK
6
CONTINUOUS
10
3.2591272440944881
20
1.0911229527559054
11
3.2591375984251969
21
1.0909680708661418
0
LINE
8
BLACK
6
CONTINUOUS
10
3.2591375984251969
20
1.0909680708661418
11
3.2591014960629923
21
1.0908613385826771
0
LINE
8
BLACK
6
CONTINUOUS
10
3.2591014960629923
20
1.0908613385826771
11
3.2590738188976376
21
1.0905801968503936
0
LINE
8
BLACK
6
CONTINUOUS
10
3.2590738188976376
20
1.0905801968503936
11
3.2587066141732284
21
1.089693779527559
0
LINE
8
BLACK
6
CONTINUOUS
10
3.2587066141732284
20
1.089693779527559
11
3.2583994094488187
21
1.0887853149606299
0
LINE
8
BLACK
6
CONTINUOUS
10
3.2583994094488187
20
1.0887853149606299
11
3.2582682283464566
21
1.0886353937007873
0
LINE
8
BLACK
6
CONTINUOUS
10
3.2582682283464566
20
1.0886353937007873
11
3.2581920078740159
21
1.0884513779527558
0
LINE
8
BLACK
6
CONTINUOUS
10
3.2581920078740159
20
1.0884513779527558
11
3.2575136614173226
21
1.087773031496063
0
LINE
8
BLACK
6
CONTINUOUS
10
3.2575136614173226
20
1.087773031496063
11
3.2568820472440945
21
1.0870511811023622
0
LINE
8
BLACK
6
CONTINUOUS
10
3.2568820472440945
20
1.0870511811023622
11
3.2567035039370076
21
1.086962874015748
0
LINE
8
BLACK
6
CONTINUOUS
10
3.2567035039370076
20
1.086962874015748
11
3.2565627165354329
21
1.0868220866141731
0
LINE
8
BLACK
6
CONTINUOUS
10
3.2565627165354329
20
1.0868220866141731
11
3.255676220472441
21
1.0864548818897637
0
LINE
8
BLACK
6
CONTINUOUS
10
3.255676220472441
20
1.0864548818897637
11
3.2548165748031495
21
1.0860297637795275
0
LINE
8
BLACK
6
CONTINUOUS
10
3.2548165748031495
20
1.0860297637795275
11
3.2546179527559054
21
1.0860164960629921
0
LINE
8
BLACK
6
CONTINUOUS
10
3.2546179527559054
20
1.0860164960629921
11
3.2544338976377953
21
1.0859402755905512
0
LINE
8
BLACK
6
CONTINUOUS
10
3.2544338976377953
20
1.0859402755905512
11
3.2534742125984253
21
1.0859402755905512
0
LINE
8
BLACK
6
CONTINUOUS
10
3.2534742125984253
20
1.0859402755905512
11
3.2525175196850391
21
1.0858764960629921
0
LINE
8
BLACK
6
CONTINUOUS
10
3.2525175196850391
20
1.0858764960629921
11
3.2523289370078738
21
1.0859402755905512
0
LINE
8
BLACK
6
CONTINUOUS
10
3.2523289370078738
20
1.0859402755905512
11
3.2521296456692914
21
1.0859402755905512
0
LINE
8
BLACK
6
CONTINUOUS
10
3.2521296456692914
20
1.0859402755905512
11
3.2512433464566928
21
1.0863073622047243
0
LINE
8
BLACK
6
CONTINUOUS
10
3.2512433464566928
20
1.0863073622047243
11
3.2503347244094489
21
1.0866146850393701
0
LINE
8
BLACK
6
CONTINUOUS
10
3.2503347244094489
20
1.0866146850393701
11
3.2501826377952754
21
1.0867467322834645
0
LINE
8
BLACK
6
CONTINUOUS
10
3.2501826377952754
20
1.0867467322834645
11
3.2500008267716534
21
1.0868220866141731
0
LINE
8
BLACK
6
CONTINUOUS
10
3.2500008267716534
20
1.0868220866141731
11
3.2493722834645666
21
1.0874505905511811
0
LINE
8
BLACK
6
CONTINUOUS
10
3.2493722834645666
20
1.0874505905511811
11
3.2366188582677164
21
1.0985277952755905
0
LINE
8
BLACK
6
CONTINUOUS
10
3.2366188582677164
20
1.0985277952755905
11
3.2366900787401574
21
1.0748594094488189
0
LINE
8
BLACK
6
CONTINUOUS
10
3.2366900787401574
20
1.0748594094488189
11
3.2365766141732282
21
1.0737072834645669
0
LINE
8
BLACK
6
CONTINUOUS
10
3.2365766141732282
20
1.0737072834645669
11
3.2356948031496064
21
1.0715784645669291
0
LINE
8
BLACK
6
CONTINUOUS
10
3.2356948031496064
20
1.0715784645669291
11
3.2340655118110235
21
1.0699491732283464
0
LINE
8
BLACK
6
CONTINUOUS
10
3.2340655118110235
20
1.0699491732283464
11
3.2319366929133859
21
1.0690673622047244
0
LINE
8
BLACK
6
CONTINUOUS
10
3.2319366929133859
20
1.0690673622047244
11
3.229632440944882
21
1.0690673622047244
0
LINE
8
BLACK
6
CONTINUOUS
10
3.229632440944882
20
1.0690673622047244
11
3.2275036220472439
21
1.0699491732283464
0
LINE
8
BLACK
6
CONTINUOUS
10
3.2275036220472439
20
1.0699491732283464
11
3.2258743307086615
21
1.0715784645669291
0
LINE
8
BLACK
6
CONTINUOUS
10
3.2258743307086615
20
1.0715784645669291
11
3.2249925196850393
21
1.0737072834645669
0
LINE
8
BLACK
6
CONTINUOUS
10
3.2249925196850393
20
1.0737072834645669
11
3.2248790551181101
21
1.1114173622047243
0
LINE
8
BLACK
6
CONTINUOUS
10
3.2248790551181101
20
1.1114173622047243
11
3.2249390157480313
21
1.1120264960629922
0
LINE
8
BLACK
6
CONTINUOUS
10
3.2249390157480313
20
1.1120264960629922
11
3.2249287007874017
21
1.1121816141732284
0
LINE
8
BLACK
6
CONTINUOUS
10
3.2249287007874017
20
1.1121816141732284
11
3.2249648425196851
21
1.1122884645669291
0
LINE
8
BLACK
6
CONTINUOUS
10
3.2249648425196851
20
1.1122884645669291
11
3.2249925196850393
21
1.1125694881889763
0
LINE
8
BLACK
6
CONTINUOUS
10
3.2249925196850393
20
1.1125694881889763
11
3.2253595669291339
21
1.1134556299212599
0
LINE
8
BLACK
6
CONTINUOUS
10
3.2253595669291339
20
1.1134556299212599
11
3.2256669291338582
21
1.1143643700787402
0
LINE
8
BLACK
6
CONTINUOUS
10
3.2256669291338582
20
1.1143643700787402
11
3.2257980708661416
21
1.1145142519685038
0
LINE
8
BLACK
6
CONTINUOUS
10
3.2257980708661416
20
1.1145142519685038
11
3.2258743307086615
21
1.1146983070866141
0
LINE
8
BLACK
6
CONTINUOUS
10
3.2258743307086615
20
1.1146983070866141
11
3.2265526377952756
21
1.1153766141732284
0
LINE
8
BLACK
6
CONTINUOUS
10
3.2265526377952756
20
1.1153766141732284
11
3.2271842913385824
21
1.1160985039370079
0
LINE
8
BLACK
6
CONTINUOUS
10
3.2271842913385824
20
1.1160985039370079
11
3.2273627952755906
21
1.1161867716535432
0
LINE
8
BLACK
6
CONTINUOUS
10
3.2273627952755906
20
1.1161867716535432
11
3.2275036220472439
21
1.1163275984251968
0
LINE
8
BLACK
6
CONTINUOUS
10
3.2275036220472439
20
1.1163275984251968
11
3.2283900787401576
21
1.1166947637795275
0
LINE
8
BLACK
6
CONTINUOUS
10
3.2283900787401576
20
1.1166947637795275
11
3.2292497637795274
21
1.1171199212598424
0
LINE
8
BLACK
6
CONTINUOUS
10
3.2292497637795274
20
1.1171199212598424
11
3.2294483464566928
21
1.1171331496062993
0
LINE
8
BLACK
6
CONTINUOUS
10
3.2294483464566928
20
1.1171331496062993
11
3.229632440944882
21
1.117209409448819
0
LINE
8
BLACK
6
CONTINUOUS
10
3.229632440944882
20
1.117209409448819
11
3.2305917716535433
21
1.117209409448819
0
LINE
8
BLACK
6
CONTINUOUS
10
3.2305917716535433
20
1.117209409448819
11
3.2315488188976378
21
1.1172732283464566
0
LINE
8
BLACK
6
CONTINUOUS
10
3.2315488188976378
20
1.1172732283464566
11
3.2317375196850393
21
1.117209409448819
0
LINE
8
BLACK
6
CONTINUOUS
10
3.2317375196850393
20
1.117209409448819
11
3.2319366929133859
21
1.117209409448819
0
LINE
8
BLACK
6
CONTINUOUS
10
3.2319366929133859
20
1.117209409448819
11
3.2328228346456691
21
1.1168423228346456
0
LINE
8
BLACK
6
CONTINUOUS
10
3.2328228346456691
20
1.1168423228346456
11
3.2337315748031497
21
1.1165350000000001
0
LINE
8
BLACK
6
CONTINUOUS
10
3.2337315748031497
20
1.1165350000000001
11
3.2338835826771652
21
1.1164029133858266
0
LINE
8
BLACK
6
CONTINUOUS
10
3.2338835826771652
20
1.1164029133858266
11
3.2340655118110235
21
1.1163275984251968
0
LINE
8
BLACK
6
CONTINUOUS
10
3.2340655118110235
20
1.1163275984251968
11
3.2346942913385828
21
1.115698779527559
0
LINE
8
BLACK
6
CONTINUOUS
10
3.2346942913385828
20
1.115698779527559
11
3.2485268110236221
21
1.1036842913385827
0
LINE
8
BLACK
6
CONTINUOUS
10
3.2485268110236221
20
1.1036842913385827
11
3.2508118503937009
21
1.108434094488189
0
LINE
8
BLACK
6
CONTINUOUS
10
3.2508118503937009
20
1.108434094488189
11
3.2511239763779525
21
1.1089299212598425
0
LINE
8
BLACK
6
CONTINUOUS
10
3.2511239763779525
20
1.1089299212598425
11
3.2511836614173228
21
1.1090740157480314
0
LINE
8
BLACK
6
CONTINUOUS
10
3.2511836614173228
20
1.1090740157480314
11
3.2512743307086613
21
1.1091687795275591
0
LINE
8
BLACK
6
CONTINUOUS
10
3.2512743307086613
20
1.1091687795275591
11
3.2514285826771654
21
1.1094138188976377
0
LINE
8
BLACK
6
CONTINUOUS
10
3.2514285826771654
20
1.1094138188976377
11
3.2518995669291337
21
1.1098222834645668
0
LINE
8
BLACK
6
CONTINUOUS
10
3.2518995669291337
20
1.1098222834645668
11
3.2547302755905512
21
1.112781062992126
0
LINE
8
BLACK
6
CONTINUOUS
10
3.2547302755905512
20
1.112781062992126
11
3.2551830314960628
21
1.1131526377952756
0
LINE
8
BLACK
6
CONTINUOUS
10
3.2551830314960628
20
1.1131526377952756
11
3.255285275590551
21
1.1132705118110235
0
LINE
8
BLACK
6
CONTINUOUS
10
3.255285275590551
20
1.1132705118110235
11
3.2553979527559056
21
1.1133290157480316
0
LINE
8
BLACK
6
CONTINUOUS
10
3.2553979527559056
20
1.1133290157480316
11
3.2556251574803148
21
1.1135154724409448
0
LINE
8
BLACK
6
CONTINUOUS
10
3.2556251574803148
20
1.1135154724409448
11
3.2562773228346455
21
1.1137855905511811
0
LINE
8
BLACK
6
CONTINUOUS
10
3.2562773228346455
20
1.1137855905511811
11
3.2618892913385826
21
1.116699409448819
0
LINE
8
BLACK
6
CONTINUOUS
10
3.2618892913385826
20
1.116699409448819
11
3.2629705511811022
21
1.1171131496062991
0
LINE
8
BLACK
6
CONTINUOUS
10
3.2629705511811022
20
1.1171131496062991
11
3.2631821259842519
21
1.1171281496062992
0
LINE
8
BLACK
6
CONTINUOUS
10
3.2631821259842519
20
1.1171281496062992
11
3.2633782283464567
21
1.117209409448819
0
LINE
8
BLACK
6
CONTINUOUS
10
3.2633782283464567
20
1.117209409448819
11
3.2644359842519686
21
1.1172172834645668
0
LINE
8
BLACK
6
CONTINUOUS
10
3.2644359842519686
20
1.1172172834645668
11
3.2652689763779525
21
1.1172764960629922
0
LINE
8
BLACK
6
CONTINUOUS
10
3.2652689763779525
20
1.1172764960629922
11
3.2654244488188975
21
1.1172246456692914
0
LINE
8
BLACK
6
CONTINUOUS
10
3.2654244488188975
20
1.1172246456692914
11
3.2785911023622045
21
1.1173228740157479
0
LINE
8
BLACK
6
CONTINUOUS
10
3.2785911023622045
20
1.1173228740157479
11
3.2797432283464567
21
1.117209409448819
0
LINE
8
BLACK
6
CONTINUOUS
10
3.2797432283464567
20
1.1734523622047244
11
3.2799392913385828
21
1.1733711023622047
0
LINE
8
BLACK
6
CONTINUOUS
10
3.2799392913385828
20
1.1733711023622047
11
3.2801509055118108
21
1.1733561023622048
0
LINE
8
BLACK
6
CONTINUOUS
10
3.2801509055118108
20
1.1733561023622048
11
3.2812369291338581
21
1.1728335826771654
0
LINE
8
BLACK
6
CONTINUOUS
10
3.2812369291338581
20
1.1728335826771654
11
3.2818720472440943
21
1.1725705511811024
0
LINE
8
BLACK
6
CONTINUOUS
10
3.2818720472440943
20
1.1725705511811024
11
3.2819538582677166
21
1.1724887007874016
0
LINE
8
BLACK
6
CONTINUOUS
10
3.2819538582677166
20
1.1724887007874016
11
3.2868564173228347
21
1.1701301968503937
0
LINE
8
BLACK
6
CONTINUOUS
10
3.2868564173228347
20
1.1701301968503937
11
3.2873522834645668
21
1.1698180314960629
0
LINE
8
BLACK
6
CONTINUOUS
10
3.2873522834645668
20
1.1698180314960629
11
3.2874962598425195
21
1.1697584251968505
0
LINE
8
BLACK
6
CONTINUOUS
10
3.2874962598425195
20
1.1697584251968505
11
3.2875909448818899
21
1.1696677952755905
0
LINE
8
BLACK
6
CONTINUOUS
10
3.2875909448818899
20
1.1696677952755905
11
3.287836181102362
21
1.1695134645669292
0
LINE
8
BLACK
6
CONTINUOUS
10
3.287836181102362
20
1.1695134645669292
11
3.2882448031496061
21
1.1690422834645668
0
LINE
8
BLACK
6
CONTINUOUS
10
3.2882448031496061
20
1.1690422834645668
11
3.291203346456693
21
1.1662118897637794
0
LINE
8
BLACK
6
CONTINUOUS
10
3.291203346456693
20
1.1662118897637794
11
3.2915749606299212
21
1.1657590157480315
0
LINE
8
BLACK
6
CONTINUOUS
10
3.2915749606299212
20
1.1657590157480315
11
3.2916929133858268
21
1.1656567716535433
0
LINE
8
BLACK
6
CONTINUOUS
10
3.2916929133858268
20
1.1656567716535433
11
3.2917514173228346
21
1.1655440157480315
0
LINE
8
BLACK
6
CONTINUOUS
10
3.2917514173228346
20
1.1655440157480315
11
3.2919377952755906
21
1.1653169685039371
0
LINE
8
BLACK
6
CONTINUOUS
10
3.2919377952755906
20
1.1653169685039371
11
3.2922078346456694
21
1.1646649606299213
0
LINE
8
BLACK
6
CONTINUOUS
10
3.2922078346456694
20
1.1646649606299213
11
3.2951217716535433
21
1.1590526771653542
0
LINE
8
BLACK
6
CONTINUOUS
10
3.2951217716535433
20
1.1590526771653542
11
3.2955355118110234
21
1.1579714566929133
0
LINE
8
BLACK
6
CONTINUOUS
10
3.2955355118110234
20
1.1579714566929133
11
3.2955505118110238
21
1.1577598031496064
0
LINE
8
BLACK
6
CONTINUOUS
10
3.2955505118110238
20
1.1577598031496064
11
3.2956317322834643
21
1.1575638188976378
0
LINE
8
BLACK
6
CONTINUOUS
10
3.2956317322834643
20
1.1575638188976378
11
3.2956416535433068
21
1.1564772440944882
0
LINE
8
BLACK
6
CONTINUOUS
10
3.2956416535433068
20
1.1564772440944882
11
3.2956988188976379
21
1.1556729921259843
0
LINE
8
BLACK
6
CONTINUOUS
10
3.2956988188976379
20
1.1556729921259843
11
3.2956503543307085
21
1.1555275984251969
0
LINE
8
BLACK
6
CONTINUOUS
10
3.2956503543307085
20
1.1555275984251969
11
3.2957451968503935
21
1.1451631102362205
0
LINE
8
BLACK
6
CONTINUOUS
10
3.2957451968503935
20
1.1451631102362205
11
3.2956317322834643
21
1.1440109842519686
0
LINE
8
BLACK
6
CONTINUOUS
10
3.2956317322834643
20
1.1440109842519686
11
3.2955505118110238
21
1.1438149606299213
0
LINE
8
BLACK
6
CONTINUOUS
10
3.2955505118110238
20
1.1438149606299213
11
3.2955355118110234
21
1.1436033464566928
0
LINE
8
BLACK
6
CONTINUOUS
10
3.2955355118110234
20
1.1436033464566928
11
3.2950128346456693
21
1.1425168897637794
0
LINE
8
BLACK
6
CONTINUOUS
10
3.2950128346456693
20
1.1425168897637794
11
3.2947499212598426
21
1.1418821653543307
0
LINE
8
BLACK
6
CONTINUOUS
10
3.2947499212598426
20
1.1418821653543307
11
3.2946681102362203
21
1.1418003543307087
0
LINE
8
BLACK
6
CONTINUOUS
10
3.2946681102362203
20
1.1418003543307087
11
3.2923096062992125
21
1.1368977952755905
0
LINE
8
BLACK
6
CONTINUOUS
10
3.2923096062992125
20
1.1368977952755905
11
3.2919975196850393
21
1.1364020472440945
0
LINE
8
BLACK
6
CONTINUOUS
10
3.2919975196850393
20
1.1364020472440945
11
3.2919378346456694
21
1.1362579133858268
0
LINE
8
BLACK
6
CONTINUOUS
10
3.2919378346456694
20
1.1362579133858268
11
3.2918470866141734
21
1.1361630708661417
0
LINE
8
BLACK
6
CONTINUOUS
10
3.2918470866141734
20
1.1361630708661417
11
3.2916928740157481
21
1.1359180708661416
0
LINE
8
BLACK
6
CONTINUOUS
10
3.2916928740157481
20
1.1359180708661416
11
3.2912219685039368
21
1.13550968503937
0
LINE
8
BLACK
6
CONTINUOUS
10
3.2912219685039368
20
1.13550968503937
11
3.288391220472441
21
1.1325508267716535
0
LINE
8
BLACK
6
CONTINUOUS
10
3.288391220472441
20
1.1325508267716535
11
3.2879383858267714
21
1.1321791732283464
0
LINE
8
BLACK
6
CONTINUOUS
10
3.2879383858267714
20
1.1321791732283464
11
3.287836181102362
21
1.1320613385826772
0
LINE
8
BLACK
6
CONTINUOUS
10
3.287836181102362
20
1.1320613385826772
11
3.2877234645669291
21
1.1320027952755904
0
LINE
8
BLACK
6
CONTINUOUS
10
3.2877234645669291
20
1.1320027952755904
11
3.2874962992125982
21
1.1318163779527559
0
LINE
8
BLACK
6
CONTINUOUS
10
3.2874962992125982
20
1.1318163779527559
11
3.2868439763779529
21
1.1315461811023622
0
LINE
8
BLACK
6
CONTINUOUS
10
3.2868439763779529
20
1.1315461811023622
11
3.2812321259842521
21
1.1286324803149606
0
LINE
8
BLACK
6
CONTINUOUS
10
3.2812321259842521
20
1.1286324803149606
11
3.280150866141732
21
1.1282187007874016
0
LINE
8
BLACK
6
CONTINUOUS
10
3.280150866141732
20
1.1282187007874016
11
3.2799392125984252
21
1.1282036614173228
0
LINE
8
BLACK
6
CONTINUOUS
10
3.2799392125984252
20
1.1282036614173228
11
3.2797432283464567
21
1.1281224803149605
0
LINE
8
BLACK
6
CONTINUOUS
10
3.2797432283464567
20
1.1281224803149605
11
3.2786566929133856
21
1.1281125196850394
0
LINE
8
BLACK
6
CONTINUOUS
10
3.2786566929133856
20
1.1281125196850394
11
3.2778524409448817
21
1.1280553937007873
0
LINE
8
BLACK
6
CONTINUOUS
10
3.2778524409448817
20
1.1280553937007873
11
3.2777070472440943
21
1.1281038188976378
0
LINE
8
BLACK
6
CONTINUOUS
10
3.2777070472440943
20
1.1281038188976378
11
3.2673425196850392
21
1.1280090157480314
0
LINE
8
BLACK
6
CONTINUOUS
10
3.2673425196850392
20
1.1280090157480314
11
3.2661903937007875
21
1.1281224803149605
0
LINE
8
BLACK
6
CONTINUOUS
10
3.2661903937007875
20
1.1281224803149605
11
3.2659943700787402
21
1.1282036614173228
0
LINE
8
BLACK
6
CONTINUOUS
10
3.2659943700787402
20
1.1282036614173228
11
3.2657827559055117
21
1.1282187007874016
0
LINE
8
BLACK
6
CONTINUOUS
10
3.2657827559055117
20
1.1282187007874016
11
3.2646962992125985
21
1.1287413385826772
0
LINE
8
BLACK
6
CONTINUOUS
10
3.2646962992125985
20
1.1287413385826772
11
3.2640615748031494
21
1.1290042913385827
0
LINE
8
BLACK
6
CONTINUOUS
10
3.2640615748031494
20
1.1290042913385827
11
3.2639797637795276
21
1.129086062992126
0
LINE
8
BLACK
6
CONTINUOUS
10
3.2639797637795276
20
1.129086062992126
11
3.2590772047244094
21
1.1314446062992125
0
LINE
8
BLACK
6
CONTINUOUS
10
3.2590772047244094
20
1.1314446062992125
11
3.2585812598425195
21
1.1317567322834645
0
LINE
8
BLACK
6
CONTINUOUS
10
3.2585812598425195
20
1.1317567322834645
11
3.258437244094488
21
1.1318164173228347
0
LINE
8
BLACK
6
CONTINUOUS
10
3.258437244094488
20
1.1318164173228347
11
3.2583425196850393
21
1.1319070078740157
0
LINE
8
BLACK
6
CONTINUOUS
10
3.2583425196850393
20
1.1319070078740157
11
3.2580974409448817
21
1.1320612992125985
0
LINE
8
BLACK
6
CONTINUOUS
10
3.2580974409448817
20
1.1320612992125985
11
3.2576887795275589
21
1.1325324409448818
0
LINE
8
BLACK
6
CONTINUOUS
10
3.2576887795275589
20
1.1325324409448818
11
3.25609062992126
21
1.1340614173228347
0
LINE
8
BLACK
6
CONTINUOUS
10
3.25609062992126
20
1.1340614173228347
11
3.2546454330708663
21
1.1325508267716535
0
LINE
8
BLACK
6
CONTINUOUS
10
3.2546454330708663
20
1.1325508267716535
11
3.2541925984251967
21
1.1321791732283464
0
LINE
8
BLACK
6
CONTINUOUS
10
3.2541925984251967
20
1.1321791732283464
11
3.2540903937007872
21
1.1320613385826772
0
LINE
8
BLACK
6
CONTINUOUS
10
3.2540903937007872
20
1.1320613385826772
11
3.2539776771653544
21
1.1320027952755904
0
LINE
8
BLACK
6
CONTINUOUS
10
3.2539776771653544
20
1.1320027952755904
11
3.2537505118110235
21
1.1318163779527559
0
LINE
8
BLACK
6
CONTINUOUS
10
3.2537505118110235
20
1.1318163779527559
11
3.2530981889763777
21
1.1315461811023622
0
LINE
8
BLACK
6
CONTINUOUS
10
3.2530981889763777
20
1.1315461811023622
11
3.2474863385826769
21
1.1286324803149606
0
LINE
8
BLACK
6
CONTINUOUS
10
3.2474863385826769
20
1.1286324803149606
11
3.2464050787401573
21
1.1282187007874016
0
LINE
8
BLACK
6
CONTINUOUS
10
3.2464050787401573
20
1.1282187007874016
11
3.2461934251968505
21
1.1282036614173228
0
LINE
8
BLACK
6
CONTINUOUS
10
3.2461934251968505
20
1.1282036614173228
11
3.245997440944882
21
1.1281224803149605
0
LINE
8
BLACK
6
CONTINUOUS
10
3.245997440944882
20
1.1281224803149605
11
3.244412283464567
21
1.1280770866141732
0
LINE
8
BLACK
6
CONTINUOUS
10
3.244412283464567
20
1.1280770866141732
11
3.244106653543307
21
1.1280553937007873
0
LINE
8
BLACK
6
CONTINUOUS
10
3.244106653543307
20
1.1280553937007873
11
3.2440707874015748
21
1.1280673228346456
0
LINE
8
BLACK
6
CONTINUOUS
10
3.2440707874015748
20
1.1280673228346456
11
3.2420331496062991
21
1.1280090157480314
0
LINE
8
BLACK
6
CONTINUOUS
10
3.2420331496062991
20
1.1280090157480314
11
3.2408810236220473
21
1.1281224803149605
0
LINE
8
BLACK
6
CONTINUOUS
10
3.2408810236220473
20
1.1281224803149605
11
3.240685
21
1.1282036614173228
0
LINE
8
BLACK
6
CONTINUOUS
10
3.240685
20
1.1282036614173228
11
3.2404733858267716
21
1.1282187007874016
0
LINE
8
BLACK
6
CONTINUOUS
10
3.2404733858267716
20
1.1282187007874016
11
3.2393869291338584
21
1.1287413385826772
0
LINE
8
BLACK
6
CONTINUOUS
10
3.2393869291338584
20
1.1287413385826772
11
3.2387522047244093
21
1.1290042913385827
0
LINE
8
BLACK
6
CONTINUOUS
10
3.2387522047244093
20
1.1290042913385827
11
3.2386703937007875
21
1.129086062992126
0
LINE
8
BLACK
6
CONTINUOUS
10
3.2386703937007875
20
1.129086062992126
11
3.2337678346456693
21
1.1314446062992125
0
LINE
8
BLACK
6
CONTINUOUS
10
3.2337678346456693
20
1.1314446062992125
11
3.2332719685039368
21
1.1317567322834645
0
LINE
8
BLACK
6
CONTINUOUS
10
3.2332719685039368
20
1.1317567322834645
11
3.2331279133858266
21
1.1318164173228347
0
LINE
8
BLACK
6
CONTINUOUS
10
3.2331279133858266
20
1.1318164173228347
11
3.2330331102362204
21
1.1319070866141732
0
LINE
8
BLACK
6
CONTINUOUS
10
3.2330331102362204
20
1.1319070866141732
11
3.2327881102362204
21
1.1320613385826772
0
LINE
8
BLACK
6
CONTINUOUS
10
3.2327881102362204
20
1.1320613385826772
11
3.2323796456692913
21
1.1325322440944883
0
LINE
8
BLACK
6
CONTINUOUS
10
3.2323796456692913
20
1.1325322440944883
11
3.2294208661417323
21
1.135363031496063
0
LINE
8
BLACK
6
CONTINUOUS
10
3.2294208661417323
20
1.135363031496063
11
3.2290492913385824
21
1.1358157480314961
0
LINE
8
BLACK
6
CONTINUOUS
10
3.2290492913385824
20
1.1358157480314961
11
3.2289314173228347
21
1.1359180314960631
0
LINE
8
BLACK
6
CONTINUOUS
10
3.2289314173228347
20
1.1359180314960631
11
3.2288728346456694
21
1.1360307874015747
0
LINE
8
BLACK
6
CONTINUOUS
10
3.2288728346456694
20
1.1360307874015747
11
3.2286864566929134
21
1.1362579527559056
0
LINE
8
BLACK
6
CONTINUOUS
10
3.2286864566929134
20
1.1362579527559056
11
3.2284163385826772
21
1.1369099999999999
0
LINE
8
BLACK
6
CONTINUOUS
10
3.2284163385826772
20
1.1369099999999999
11
3.2255025196850391
21
1.1425220866141732
0
LINE
8
BLACK
6
CONTINUOUS
10
3.2255025196850391
20
1.1425220866141732
11
3.2250887795275589
21
1.1436033070866141
0
LINE
8
BLACK
6
CONTINUOUS
10
3.2250887795275589
20
1.1436033070866141
11
3.2250737401574803
21
1.1438148818897638
0
LINE
8
BLACK
6
CONTINUOUS
10
3.2250737401574803
20
1.1438148818897638
11
3.2249925196850393
21
1.1440109842519686
0
LINE
8
BLACK
6
CONTINUOUS
10
3.2249925196850393
20
1.1440109842519686
11
3.224982559055118
21
1.1450976377952755
0
LINE
8
BLACK
6
CONTINUOUS
10
3.224982559055118
20
1.1450976377952755
11
3.2249254330708661
21
1.1459017322834646
0
LINE
8
BLACK
6
CONTINUOUS
10
3.2249254330708661
20
1.1459017322834646
11
3.2249738582677163
21
1.1460470866141732
0
LINE
8
BLACK
6
CONTINUOUS
10
3.2249738582677163
20
1.1460470866141732
11
3.2248790551181101
21
1.1564116929133859
0
LINE
8
BLACK
6
CONTINUOUS
10
3.2248790551181101
20
1.1564116929133859
11
3.2249925196850393
21
1.1575638188976378
0
LINE
8
BLACK
6
CONTINUOUS
10
3.2249925196850393
20
1.1575638188976378
11
3.2250736614173228
21
1.1577597637795276
0
LINE
8
BLACK
6
CONTINUOUS
10
3.2250736614173228
20
1.1577597637795276
11
3.2250887401574801
21
1.1579714960629921
0
LINE
8
BLACK
6
CONTINUOUS
10
3.2250887401574801
20
1.1579714960629921
11
3.2256114566929135
21
1.1590580708661418
0
LINE
8
BLACK
6
CONTINUOUS
10
3.2256114566929135
20
1.1590580708661418
11
3.2258743307086615
21
1.1596926377952756
0
LINE
8
BLACK
6
CONTINUOUS
10
3.2258743307086615
20
1.1596926377952756
11
3.2259560629921258
21
1.1597743700787402
0
LINE
8
BLACK
6
CONTINUOUS
10
3.2259560629921258
20
1.1597743700787402
11
3.2283146850393698
21
1.1646770472440944
0
LINE
8
BLACK
6
CONTINUOUS
10
3.2283146850393698
20
1.1646770472440944
11
3.2286267716535431
21
1.1651728346456693
0
LINE
8
BLACK
6
CONTINUOUS
10
3.2286267716535431
20
1.1651728346456693
11
3.2286864566929134
21
1.1653169291338583
0
LINE
8
BLACK
6
CONTINUOUS
10
3.2286864566929134
20
1.1653169291338583
11
3.2287771259842519
21
1.1654116929133858
0
LINE
8
BLACK
6
CONTINUOUS
10
3.2287771259842519
20
1.1654116929133858
11
3.2289314173228347
21
1.1656568110236221
0
LINE
8
BLACK
6
CONTINUOUS
10
3.2289314173228347
20
1.1656568110236221
11
3.2294024409448818
21
1.1660653149606299
0
LINE
8
BLACK
6
CONTINUOUS
10
3.2294024409448818
20
1.1660653149606299
11
3.232233031496063
21
1.1690239763779526
0
LINE
8
BLACK
6
CONTINUOUS
10
3.232233031496063
20
1.1690239763779526
11
3.2326858661417321
21
1.1693956299212598
0
LINE
8
BLACK
6
CONTINUOUS
10
3.2326858661417321
20
1.1693956299212598
11
3.2327880708661416
21
1.1695134645669292
0
LINE
8
BLACK
6
CONTINUOUS
10
3.2327880708661416
20
1.1695134645669292
11
3.2329006692913387
21
1.1695719291338582
0
LINE
8
BLACK
6
CONTINUOUS
10
3.2329006692913387
20
1.1695719291338582
11
3.2331279133858266
21
1.1697584251968505
0
LINE
8
BLACK
6
CONTINUOUS
10
3.2331279133858266
20
1.1697584251968505
11
3.2337801574803149
21
1.1700285433070865
0
LINE
8
BLACK
6
CONTINUOUS
10
3.2337801574803149
20
1.1700285433070865
11
3.2393920866141732
21
1.1729423622047244
0
LINE
8
BLACK
6
CONTINUOUS
10
3.2393920866141732
20
1.1729423622047244
11
3.2404733464566928
21
1.1733561023622048
0
LINE
8
BLACK
6
CONTINUOUS
10
3.2404733464566928
20
1.1733561023622048
11
3.2406849212598425
21
1.1733711023622047
0
LINE
8
BLACK
6
CONTINUOUS
10
3.2406849212598425
20
1.1733711023622047
11
3.2408810236220473
21
1.1734523622047244
0
LINE
8
BLACK
6
CONTINUOUS
10
3.2408810236220473
20
1.1734523622047244
11
3.2424661811023623
21
1.173497716535433
0
LINE
8
BLACK
6
CONTINUOUS
10
3.2424661811023623
20
1.173497716535433
11
3.2427717716535431
21
1.1735194488188976
0
LINE
8
BLACK
6
CONTINUOUS
10
3.2427717716535431
20
1.1735194488188976
11
3.2428075984251969
21
1.1735074803149605
0
LINE
8
BLACK
6
CONTINUOUS
10
3.2428075984251969
20
1.1735074803149605
11
3.2448453149606298
21
1.1735658267716536
0
LINE
8
BLACK
6
CONTINUOUS
10
3.2448453149606298
20
1.1735658267716536
11
3.245997440944882
21
1.1734523622047244
0
LINE
8
BLACK
6
CONTINUOUS
10
3.245997440944882
20
1.1734523622047244
11
3.246193503937008
21
1.1733711023622047
0
LINE
8
BLACK
6
CONTINUOUS
10
3.246193503937008
20
1.1733711023622047
11
3.246405118110236
21
1.1733561023622048
0
LINE
8
BLACK
6
CONTINUOUS
10
3.246405118110236
20
1.1733561023622048
11
3.2474911417322834
21
1.1728335826771654
0
LINE
8
BLACK
6
CONTINUOUS
10
3.2474911417322834
20
1.1728335826771654
11
3.2481262598425196
21
1.1725705511811024
0
LINE
8
BLACK
6
CONTINUOUS
10
3.2481262598425196
20
1.1725705511811024
11
3.2482080708661418
21
1.1724887007874016
0
LINE
8
BLACK
6
CONTINUOUS
10
3.2482080708661418
20
1.1724887007874016
11
3.25311062992126
21
1.1701301968503937
0
LINE
8
BLACK
6
CONTINUOUS
10
3.25311062992126
20
1.1701301968503937
11
3.253606496062992
21
1.1698180314960629
0
LINE
8
BLACK
6
CONTINUOUS
10
3.253606496062992
20
1.1698180314960629
11
3.2537504724409447
21
1.1697584251968505
0
LINE
8
BLACK
6
CONTINUOUS
10
3.2537504724409447
20
1.1697584251968505
11
3.2538451574803147
21
1.1696677952755905
0
LINE
8
BLACK
6
CONTINUOUS
10
3.2538451574803147
20
1.1696677952755905
11
3.2540903937007872
21
1.1695134645669292
0
LINE
8
BLACK
6
CONTINUOUS
10
3.2540903937007872
20
1.1695134645669292
11
3.2544990157480314
21
1.1690422834645668
0
LINE
8
BLACK
6
CONTINUOUS
10
3.2544990157480314
20
1.1690422834645668
11
3.2560971259842519
21
1.1675133464566929
0
LINE
8
BLACK
6
CONTINUOUS
10
3.2560971259842519
20
1.1675133464566929
11
3.2575423622047244
21
1.1690239763779526
0
LINE
8
BLACK
6
CONTINUOUS
10
3.2575423622047244
20
1.1690239763779526
11
3.2579951968503935
21
1.1693956299212598
0
LINE
8
BLACK
6
CONTINUOUS
10
3.2579951968503935
20
1.1693956299212598
11
3.258097401574803
21
1.1695134645669292
0
LINE
8
BLACK
6
CONTINUOUS
10
3.258097401574803
20
1.1695134645669292
11
3.2582100000000001
21
1.1695719291338582
0
LINE
8
BLACK
6
CONTINUOUS
10
3.2582100000000001
20
1.1695719291338582
11
3.258437244094488
21
1.1697584251968505
0
LINE
8
BLACK
6
CONTINUOUS
10
3.258437244094488
20
1.1697584251968505
11
3.2590895669291338
21
1.1700285826771653
0
LINE
8
BLACK
6
CONTINUOUS
10
3.2590895669291338
20
1.1700285826771653
11
3.2647014960629921
21
1.1729423622047244
0
LINE
8
BLACK
6
CONTINUOUS
10
3.2647014960629921
20
1.1729423622047244
11
3.265782716535433
21
1.1733561417322835
0
LINE
8
BLACK
6
CONTINUOUS
10
3.265782716535433
20
1.1733561417322835
11
3.2659944094488189
21
1.1733711811023622
0
LINE
8
BLACK
6
CONTINUOUS
10
3.2659944094488189
20
1.1733711811023622
11
3.2661903937007875
21
1.1734523622047244
0
LINE
8
BLACK
6
CONTINUOUS
10
3.2661903937007875
20
1.1734523622047244
11
3.2672768503937006
21
1.1734622834645669
0
LINE
8
BLACK
6
CONTINUOUS
10
3.2672768503937006
20
1.1734622834645669
11
3.2680811417322833
21
1.1735194488188976
0
LINE
8
BLACK
6
CONTINUOUS
10
3.2680811417322833
20
1.1735194488188976
11
3.2682264960629919
21
1.1734709842519684
0
LINE
8
BLACK
6
CONTINUOUS
10
3.2682264960629919
20
1.1734709842519684
11
3.2785911023622045
21
1.1735658267716536
0
LINE
8
BLACK
6
CONTINUOUS
10
3.2785911023622045
20
1.1735658267716536
11
3.2797432283464567
21
1.1734523622047244
0
LINE
8
BLACK
6
CONTINUOUS
10
3.2685967716535433
20
1.1617662598425196
11
3.265064094488189
21
1.1599320866141731
0
LINE
8
BLACK
6
CONTINUOUS
10
3.265064094488189
20
1.1599320866141731
11
3.2636077952755906
21
1.1584098818897637
0
LINE
8
BLACK
6
CONTINUOUS
10
3.2636077952755906
20
1.1584098818897637
11
3.2619104724409449
21
1.1548817716535433
0
LINE
8
BLACK
6
CONTINUOUS
10
3.2619104724409449
20
1.1548817716535433
11
3.2619879133858265
21
1.1464173622047245
0
LINE
8
BLACK
6
CONTINUOUS
10
3.2619879133858265
20
1.1464173622047245
11
3.2638221653543305
21
1.1428846062992126
0
LINE
8
BLACK
6
CONTINUOUS
10
3.2638221653543305
20
1.1428846062992126
11
3.2653442519685036
21
1.1414283858267715
0
LINE
8
BLACK
6
CONTINUOUS
10
3.2653442519685036
20
1.1414283858267715
11
3.2688724015748032
21
1.1397311023622048
0
LINE
8
BLACK
6
CONTINUOUS
10
3.2688724015748032
20
1.1397311023622048
11
3.2773368897637796
21
1.1398085433070866
0
LINE
8
BLACK
6
CONTINUOUS
10
3.2773368897637796
20
1.1398085433070866
11
3.2808694488188976
21
1.1416426771653543
0
LINE
8
BLACK
6
CONTINUOUS
10
3.2808694488188976
20
1.1416426771653543
11
3.2823257874015748
21
1.1431649212598425
0
LINE
8
BLACK
6
CONTINUOUS
10
3.2823257874015748
20
1.1431649212598425
11
3.2840230708661418
21
1.1466929921259843
0
LINE
8
BLACK
6
CONTINUOUS
10
3.2840230708661418
20
1.1466929921259843
11
3.2839456299212597
21
1.1551574803149607
0
LINE
8
BLACK
6
CONTINUOUS
10
3.2839456299212597
20
1.1551574803149607
11
3.282111496062992
21
1.1586900393700788
0
LINE
8
BLACK
6
CONTINUOUS
10
3.282111496062992
20
1.1586900393700788
11
3.2805892125984251
21
1.1601464173228346
0
LINE
8
BLACK
6
CONTINUOUS
10
3.2805892125984251
20
1.1601464173228346
11
3.2770611811023622
21
1.1618437007874016
0
LINE
8
BLACK
6
CONTINUOUS
10
3.2770611811023622
20
1.1618437007874016
11
3.2685967716535433
21
1.1617662598425196
0
LINE
8
BLACK
6
CONTINUOUS
10
3.2433372047244093
20
1.1617921259842519
11
3.2397547637795276
21
1.1599320866141731
0
LINE
8
BLACK
6
CONTINUOUS
10
3.2397547637795276
20
1.1599320866141731
11
3.2382984645669293
21
1.1584098818897637
0
LINE
8
BLACK
6
CONTINUOUS
10
3.2382984645669293
20
1.1584098818897637
11
3.2366011417322835
21
1.1548817716535433
0
LINE
8
BLACK
6
CONTINUOUS
10
3.2366011417322835
20
1.1548817716535433
11
3.2366785826771651
21
1.1464173622047245
0
LINE
8
BLACK
6
CONTINUOUS
10
3.2366785826771651
20
1.1464173622047245
11
3.2385128346456691
21
1.1428846062992126
0
LINE
8
BLACK
6
CONTINUOUS
10
3.2385128346456691
20
1.1428846062992126
11
3.240034960629921
21
1.1414283858267715
0
LINE
8
BLACK
6
CONTINUOUS
10
3.240034960629921
20
1.1414283858267715
11
3.2434605511811023
21
1.1397803937007873
0
LINE
8
BLACK
6
CONTINUOUS
10
3.2434605511811023
20
1.1397803937007873
11
3.2435412992125983
21
1.1397827165354331
0
LINE
8
BLACK
6
CONTINUOUS
10
3.2435412992125983
20
1.1397827165354331
11
3.2471236614173229
21
1.1416426771653543
0
LINE
8
BLACK
6
CONTINUOUS
10
3.2471236614173229
20
1.1416426771653543
11
3.24858
21
1.1431649212598425
0
LINE
8
BLACK
6
CONTINUOUS
10
3.24858
20
1.1431649212598425
11
3.250277283464567
21
1.1466929921259843
0
LINE
8
BLACK
6
CONTINUOUS
10
3.250277283464567
20
1.1466929921259843
11
3.250199842519685
21
1.1551574803149607
0
LINE
8
BLACK
6
CONTINUOUS
10
3.250199842519685
20
1.1551574803149607
11
3.2483657086614173
21
1.1586900393700788
0
LINE
8
BLACK
6
CONTINUOUS
10
3.2483657086614173
20
1.1586900393700788
11
3.2468434251968503
21
1.1601464173228346
0
LINE
8
BLACK
6
CONTINUOUS
10
3.2468434251968503
20
1.1601464173228346
11
3.243417834645669
21
1.1617944094488188
0
LINE
8
BLACK
6
CONTINUOUS
10
3.243417834645669
20
1.1617944094488188
11
3.2433372047244093
21
1.1617921259842519
0
LINE
8
BLACK
6
CONTINUOUS
10
3.2675434251968505
20
1.2297889763779528
11
3.2676295669291338
21
1.229801811023622
0
LINE
8
BLACK
6
CONTINUOUS
10
3.2676295669291338
20
1.229801811023622
11
3.2677794488188976
21
1.2297657086614173
0
LINE
8
BLACK
6
CONTINUOUS
10
3.2677794488188976
20
1.2297657086614173
11
3.2684946456692914
21
1.22969531496063
0
LINE
8
BLACK
6
CONTINUOUS
10
3.2684946456692914
20
1.22969531496063
11
3.2690797637795277
21
1.2294529133858267
0
LINE
8
BLACK
6
CONTINUOUS
10
3.2690797637795277
20
1.2294529133858267
11
3.2800233858267718
21
1.2268202755905511
0
LINE
8
BLACK
6
CONTINUOUS
10
3.2800233858267718
20
1.2268202755905511
11
3.2801082283464567
21
1.2267899212598425
0
LINE
8
BLACK
6
CONTINUOUS
10
3.2801082283464567
20
1.2267899212598425
11
3.280150866141732
21
1.2267869291338582
0
LINE
8
BLACK
6
CONTINUOUS
10
3.280150866141732
20
1.2267869291338582
11
3.2802493700787401
21
1.2267395275590551
0
LINE
8
BLACK
6
CONTINUOUS
10
3.2802493700787401
20
1.2267395275590551
11
3.2811135826771651
21
1.2264307874015747
0
LINE
8
BLACK
6
CONTINUOUS
10
3.2811135826771651
20
1.2264307874015747
11
3.2815253149606298
21
1.2261256692913385
0
LINE
8
BLACK
6
CONTINUOUS
10
3.2815253149606298
20
1.2261256692913385
11
3.2868564173228347
21
1.2235610236220471
0
LINE
8
BLACK
6
CONTINUOUS
10
3.2868564173228347
20
1.2235610236220471
11
3.2873522047244093
21
1.2232488976377953
0
LINE
8
BLACK
6
CONTINUOUS
10
3.2873522047244093
20
1.2232488976377953
11
3.2874962992125982
21
1.2231892519685039
0
LINE
8
BLACK
6
CONTINUOUS
10
3.2874962992125982
20
1.2231892519685039
11
3.2875910629921261
21
1.2230985433070867
0
LINE
8
BLACK
6
CONTINUOUS
10
3.2875910629921261
20
1.2230985433070867
11
3.287836181102362
21
1.2229442913385826
0
LINE
8
BLACK
6
CONTINUOUS
10
3.287836181102362
20
1.2229442913385826
11
3.2882446850393698
21
1.2224732283464568
0
LINE
8
BLACK
6
CONTINUOUS
10
3.2882446850393698
20
1.2224732283464568
11
3.2912033858267717
21
1.2196426377952756
0
LINE
8
BLACK
6
CONTINUOUS
10
3.2912033858267717
20
1.2196426377952756
11
3.2915750787401574
21
1.21918968503937
0
LINE
8
BLACK
6
CONTINUOUS
10
3.2915750787401574
20
1.21918968503937
11
3.2916928740157481
21
1.219087559055118
0
LINE
8
BLACK
6
CONTINUOUS
10
3.2916928740157481
20
1.219087559055118
11
3.2917512992125983
21
1.2189749606299212
0
LINE
8
BLACK
6
CONTINUOUS
10
3.2917512992125983
20
1.2189749606299212
11
3.2919378346456694
21
1.218747716535433
0
LINE
8
BLACK
6
CONTINUOUS
10
3.2919378346456694
20
1.218747716535433
11
3.2922081102362206
21
1.2180951968503937
0
LINE
8
BLACK
6
CONTINUOUS
10
3.2922081102362206
20
1.2180951968503937
11
3.2951217322834645
21
1.2124835039370079
0
LINE
8
BLACK
6
CONTINUOUS
10
3.2951217322834645
20
1.2124835039370079
11
3.2955355118110234
21
1.2114022834645668
0
LINE
8
BLACK
6
CONTINUOUS
10
3.2955355118110234
20
1.2114022834645668
11
3.2955505118110238
21
1.2111906299212598
0
LINE
8
BLACK
6
CONTINUOUS
10
3.2955505118110238
20
1.2111906299212598
11
3.2956317322834643
21
1.2109946456692913
0
LINE
8
BLACK
6
CONTINUOUS
10
3.2956317322834643
20
1.2109946456692913
11
3.295652440944882
21
1.2097561811023623
0
LINE
8
BLACK
6
CONTINUOUS
10
3.295652440944882
20
1.2097561811023623
11
3.2956988188976379
21
1.2091038582677165
0
LINE
8
BLACK
6
CONTINUOUS
10
3.2956988188976379
20
1.2091038582677165
11
3.2956650787401576
21
1.2090026377952756
0
LINE
8
BLACK
6
CONTINUOUS
10
3.2956650787401576
20
1.2090026377952756
11
3.2957451968503935
21
1.2042182283464566
0
LINE
8
BLACK
6
CONTINUOUS
10
3.2957451968503935
20
1.2042182283464566
11
3.2956317322834643
21
1.2030661023622047
0
LINE
8
BLACK
6
CONTINUOUS
10
3.2956317322834643
20
1.2030661023622047
11
3.2955505118110238
21
1.2028700787401574
0
LINE
8
BLACK
6
CONTINUOUS
10
3.2955505118110238
20
1.2028700787401574
11
3.2955355118110234
21
1.2026584645669292
0
LINE
8
BLACK
6
CONTINUOUS
10
3.2955355118110234
20
1.2026584645669292
11
3.2950128346456693
21
1.2015720078740157
0
LINE
8
BLACK
6
CONTINUOUS
10
3.2950128346456693
20
1.2015720078740157
11
3.2947499212598426
21
1.2009372834645669
0
LINE
8
BLACK
6
CONTINUOUS
10
3.2947499212598426
20
1.2009372834645669
11
3.2946681102362203
21
1.2008554724409448
0
LINE
8
BLACK
6
CONTINUOUS
10
3.2946681102362203
20
1.2008554724409448
11
3.2923096062992125
21
1.1959529133858267
0
LINE
8
BLACK
6
CONTINUOUS
10
3.2923096062992125
20
1.1959529133858267
11
3.2919975196850393
21
1.1954571653543307
0
LINE
8
BLACK
6
CONTINUOUS
10
3.2919975196850393
20
1.1954571653543307
11
3.2919378346456694
21
1.1953130314960629
0
LINE
8
BLACK
6
CONTINUOUS
10
3.2919378346456694
20
1.1953130314960629
11
3.2918470866141734
21
1.195218188976378
0
LINE
8
BLACK
6
CONTINUOUS
10
3.2918470866141734
20
1.195218188976378
11
3.2916928740157481
21
1.1949731889763779
0
LINE
8
BLACK
6
CONTINUOUS
10
3.2916928740157481
20
1.1949731889763779
11
3.2912219685039368
21
1.1945648031496063
0
LINE
8
BLACK
6
CONTINUOUS
10
3.2912219685039368
20
1.1945648031496063
11
3.288391220472441
21
1.1916059448818896
0
LINE
8
BLACK
6
CONTINUOUS
10
3.288391220472441
20
1.1916059448818896
11
3.2879383858267714
21
1.1912342913385827
0
LINE
8
BLACK
6
CONTINUOUS
10
3.2879383858267714
20
1.1912342913385827
11
3.287836181102362
21
1.1911164566929133
0
LINE
8
BLACK
6
CONTINUOUS
10
3.287836181102362
20
1.1911164566929133
11
3.2877234645669291
21
1.1910579133858268
0
LINE
8
BLACK
6
CONTINUOUS
10
3.2877234645669291
20
1.1910579133858268
11
3.2874962992125982
21
1.190871496062992
0
LINE
8
BLACK
6
CONTINUOUS
10
3.2874962992125982
20
1.190871496062992
11
3.2868440157480312
21
1.1906012992125985
0
LINE
8
BLACK
6
CONTINUOUS
10
3.2868440157480312
20
1.1906012992125985
11
3.2812321259842521
21
1.1876875590551181
0
LINE
8
BLACK
6
CONTINUOUS
10
3.2812321259842521
20
1.1876875590551181
11
3.2811478346456693
21
1.1876552755905512
0
LINE
8
BLACK
6
CONTINUOUS
10
3.2811478346456693
20
1.1876552755905512
11
3.2811135826771651
21
1.1876299212598425
0
LINE
8
BLACK
6
CONTINUOUS
10
3.2811135826771651
20
1.1876299212598425
11
3.2810138976377954
21
1.1876040551181102
0
LINE
8
BLACK
6
CONTINUOUS
10
3.2810138976377954
20
1.1876040551181102
11
3.2801509055118108
21
1.1872738188976377
0
LINE
8
BLACK
6
CONTINUOUS
10
3.2801509055118108
20
1.1872738188976377
11
3.2795866141732284
21
1.1872337007874016
0
LINE
8
BLACK
6
CONTINUOUS
10
3.2795866141732284
20
1.1872337007874016
11
3.2687748031496064
21
1.1844283070866142
0
LINE
8
BLACK
6
CONTINUOUS
10
3.2687748031496064
20
1.1844283070866142
11
3.268575118110236
21
1.184398779527559
0
LINE
8
BLACK
6
CONTINUOUS
10
3.268575118110236
20
1.184398779527559
11
3.2684946456692914
21
1.1843654330708662
0
LINE
8
BLACK
6
CONTINUOUS
10
3.2684946456692914
20
1.1843654330708662
11
3.2683419291338582
21
1.1843642913385826
0
LINE
8
BLACK
6
CONTINUOUS
10
3.2683419291338582
20
1.1843642913385826
11
3.2676295669291338
21
1.184258937007874
0
LINE
8
BLACK
6
CONTINUOUS
10
3.2676295669291338
20
1.184258937007874
11
3.2669893700787402
21
1.1843541732283465
0
LINE
8
BLACK
6
CONTINUOUS
10
3.2669893700787402
20
1.1843541732283465
11
3.2532817716535432
21
1.184251968503937
0
LINE
8
BLACK
6
CONTINUOUS
10
3.2532817716535432
20
1.184251968503937
11
3.2530808267716536
21
1.1842717322834646
0
LINE
8
BLACK
6
CONTINUOUS
10
3.2530808267716536
20
1.1842717322834646
11
3.2529947244094486
21
1.184258937007874
0
LINE
8
BLACK
6
CONTINUOUS
10
3.2529947244094486
20
1.184258937007874
11
3.2528448031496064
21
1.1842949999999999
0
LINE
8
BLACK
6
CONTINUOUS
10
3.2528448031496064
20
1.1842949999999999
11
3.2521296456692914
21
1.1843654330708662
0
LINE
8
BLACK
6
CONTINUOUS
10
3.2521296456692914
20
1.1843654330708662
11
3.2515445275590551
21
1.1846077559055117
0
LINE
8
BLACK
6
CONTINUOUS
10
3.2515445275590551
20
1.1846077559055117
11
3.2406008661417323
21
1.1872404330708661
0
LINE
8
BLACK
6
CONTINUOUS
10
3.2406008661417323
20
1.1872404330708661
11
3.2405158661417324
21
1.1872707874015749
0
LINE
8
BLACK
6
CONTINUOUS
10
3.2405158661417324
20
1.1872707874015749
11
3.2404733464566928
21
1.1872738188976377
0
LINE
8
BLACK
6
CONTINUOUS
10
3.2404733464566928
20
1.1872738188976377
11
3.2403749999999998
21
1.1873211023622048
0
LINE
8
BLACK
6
CONTINUOUS
10
3.2403749999999998
20
1.1873211023622048
11
3.2395106692913385
21
1.1876299212598425
0
LINE
8
BLACK
6
CONTINUOUS
10
3.2395106692913385
20
1.1876299212598425
11
3.2390988188976375
21
1.1879350393700787
0
LINE
8
BLACK
6
CONTINUOUS
10
3.2390988188976375
20
1.1879350393700787
11
3.2337678346456693
21
1.1904997244094488
0
LINE
8
BLACK
6
CONTINUOUS
10
3.2337678346456693
20
1.1904997244094488
11
3.2332718897637793
21
1.1908118503937009
0
LINE
8
BLACK
6
CONTINUOUS
10
3.2332718897637793
20
1.1908118503937009
11
3.2331279133858266
21
1.1908715354330708
0
LINE
8
BLACK
6
CONTINUOUS
10
3.2331279133858266
20
1.1908715354330708
11
3.2330331496062992
21
1.1909621653543307
0
LINE
8
BLACK
6
CONTINUOUS
10
3.2330331496062992
20
1.1909621653543307
11
3.2327880708661416
21
1.1911164566929133
0
LINE
8
BLACK
6
CONTINUOUS
10
3.2327880708661416
20
1.1911164566929133
11
3.2323794094488187
21
1.1915875984251969
0
LINE
8
BLACK
6
CONTINUOUS
10
3.2323794094488187
20
1.1915875984251969
11
3.2294208661417323
21
1.1944181496062991
0
LINE
8
BLACK
6
CONTINUOUS
10
3.2294208661417323
20
1.1944181496062991
11
3.2290492913385824
21
1.1948708661417322
0
LINE
8
BLACK
6
CONTINUOUS
10
3.2290492913385824
20
1.1948708661417322
11
3.2289314173228347
21
1.1949731496062992
0
LINE
8
BLACK
6
CONTINUOUS
10
3.2289314173228347
20
1.1949731496062992
11
3.2288728346456694
21
1.195085905511811
0
LINE
8
BLACK
6
CONTINUOUS
10
3.2288728346456694
20
1.195085905511811
11
3.2286864566929134
21
1.1953130708661417
0
LINE
8
BLACK
6
CONTINUOUS
10
3.2286864566929134
20
1.1953130708661417
11
3.2284163385826772
21
1.1959651181102362
0
LINE
8
BLACK
6
CONTINUOUS
10
3.2284163385826772
20
1.1959651181102362
11
3.2255025196850391
21
1.2015772047244093
0
LINE
8
BLACK
6
CONTINUOUS
10
3.2255025196850391
20
1.2015772047244093
11
3.2250887795275589
21
1.2026584251968504
0
LINE
8
BLACK
6
CONTINUOUS
10
3.2250887795275589
20
1.2026584251968504
11
3.2250737401574803
21
1.2028699999999999
0
LINE
8
BLACK
6
CONTINUOUS
10
3.2250737401574803
20
1.2028699999999999
11
3.2249925196850393
21
1.2030661023622047
0
LINE
8
BLACK
6
CONTINUOUS
10
3.2249925196850393
20
1.2030661023622047
11
3.2249717716535433
21
1.2043046850393702
0
LINE
8
BLACK
6
CONTINUOUS
10
3.2249717716535433
20
1.2043046850393702
11
3.2249254330708661
21
1.2049568503937007
0
LINE
8
BLACK
6
CONTINUOUS
10
3.2249254330708661
20
1.2049568503937007
11
3.2249591338582677
21
1.2050580314960631
0
LINE
8
BLACK
6
CONTINUOUS
10
3.2249591338582677
20
1.2050580314960631
11
3.2248790551181101
21
1.2098425196850393
0
LINE
8
BLACK
6
CONTINUOUS
10
3.2248790551181101
20
1.2098425196850393
11
3.2249925196850393
21
1.2109946456692913
0
LINE
8
BLACK
6
CONTINUOUS
10
3.2249925196850393
20
1.2109946456692913
11
3.2250737401574803
21
1.2111907086614173
0
LINE
8
BLACK
6
CONTINUOUS
10
3.2250737401574803
20
1.2111907086614173
11
3.2250887795275589
21
1.2114023228346456
0
LINE
8
BLACK
6
CONTINUOUS
10
3.2250887795275589
20
1.2114023228346456
11
3.2256112598425197
21
1.2124883464566929
0
LINE
8
BLACK
6
CONTINUOUS
10
3.2256112598425197
20
1.2124883464566929
11
3.2258743307086615
21
1.2131234645669291
0
LINE
8
BLACK
6
CONTINUOUS
10
3.2258743307086615
20
1.2131234645669291
11
3.2259561417322833
21
1.2132052755905511
0
LINE
8
BLACK
6
CONTINUOUS
10
3.2259561417322833
20
1.2132052755905511
11
3.2283146850393698
21
1.2181078346456693
0
LINE
8
BLACK
6
CONTINUOUS
10
3.2283146850393698
20
1.2181078346456693
11
3.2286268110236218
21
1.2186037007874015
0
LINE
8
BLACK
6
CONTINUOUS
10
3.2286268110236218
20
1.2186037007874015
11
3.2286864566929134
21
1.2187476771653543
0
LINE
8
BLACK
6
CONTINUOUS
10
3.2286864566929134
20
1.2187476771653543
11
3.2287770472440944
21
1.2188423622047244
0
LINE
8
BLACK
6
CONTINUOUS
10
3.2287770472440944
20
1.2188423622047244
11
3.2289314173228347
21
1.2190875984251968
0
LINE
8
BLACK
6
CONTINUOUS
10
3.2289314173228347
20
1.2190875984251968
11
3.2294025590551181
21
1.2194962204724409
0
LINE
8
BLACK
6
CONTINUOUS
10
3.2294025590551181
20
1.2194962204724409
11
3.2322329921259843
21
1.2224547637795276
0
LINE
8
BLACK
6
CONTINUOUS
10
3.2322329921259843
20
1.2224547637795276
11
3.2326859448818897
21
1.2228264960629922
0
LINE
8
BLACK
6
CONTINUOUS
10
3.2326859448818897
20
1.2228264960629922
11
3.2327881102362204
21
1.2229442913385826
0
LINE
8
BLACK
6
CONTINUOUS
10
3.2327881102362204
20
1.2229442913385826
11
3.2329007086614174
21
1.2230027559055119
0
LINE
8
BLACK
6
CONTINUOUS
10
3.2329007086614174
20
1.2230027559055119
11
3.2331279133858266
21
1.2231892125984252
0
LINE
8
BLACK
6
CONTINUOUS
10
3.2331279133858266
20
1.2231892125984252
11
3.2337802362204724
21
1.2234594094488189
0
LINE
8
BLACK
6
CONTINUOUS
10
3.2337802362204724
20
1.2234594094488189
11
3.2393921653543307
21
1.2263731496062993
0
LINE
8
BLACK
6
CONTINUOUS
10
3.2393921653543307
20
1.2263731496062993
11
3.2394762598425197
21
1.22640531496063
0
LINE
8
BLACK
6
CONTINUOUS
10
3.2394762598425197
20
1.22640531496063
11
3.2395106299212597
21
1.2264307874015747
0
LINE
8
BLACK
6
CONTINUOUS
10
3.2395106299212597
20
1.2264307874015747
11
3.2396104330708662
21
1.2264566929133858
0
LINE
8
BLACK
6
CONTINUOUS
10
3.2396104330708662
20
1.2264566929133858
11
3.2404733858267716
21
1.2267869291338582
0
LINE
8
BLACK
6
CONTINUOUS
10
3.2404733858267716
20
1.2267869291338582
11
3.2410376771653544
21
1.2268270078740158
0
LINE
8
BLACK
6
CONTINUOUS
10
3.2410376771653544
20
1.2268270078740158
11
3.2518494488188976
21
1.2296324409448818
0
LINE
8
BLACK
6
CONTINUOUS
10
3.2518494488188976
20
1.2296324409448818
11
3.2520491338582675
21
1.2296619685039369
0
LINE
8
BLACK
6
CONTINUOUS
10
3.2520491338582675
20
1.2296619685039369
11
3.2521296456692914
21
1.22969531496063
0
LINE
8
BLACK
6
CONTINUOUS
10
3.2521296456692914
20
1.22969531496063
11
3.252282283464567
21
1.2296964173228346
0
LINE
8
BLACK
6
CONTINUOUS
10
3.252282283464567
20
1.2296964173228346
11
3.2529946850393698
21
1.229801811023622
0
LINE
8
BLACK
6
CONTINUOUS
10
3.2529946850393698
20
1.229801811023622
11
3.253634842519685
21
1.2297065354330707
0
LINE
8
BLACK
6
CONTINUOUS
10
3.253634842519685
20
1.2297065354330707
11
3.2673425196850392
21
1.229808779527559
0
LINE
8
BLACK
6
CONTINUOUS
10
3.2673425196850392
20
1.229808779527559
11
3.2675434251968505
21
1.2297889763779528
0
LINE
8
BLACK
6
CONTINUOUS
10
3.2536337007874017
20
1.2180003543307085
11
3.2437442519685038
21
1.215434251968504
0
LINE
8
BLACK
6
CONTINUOUS
10
3.2437442519685038
20
1.215434251968504
11
3.2397547637795276
21
1.2133629133858268
0
LINE
8
BLACK
6
CONTINUOUS
10
3.2397547637795276
20
1.2133629133858268
11
3.2382984251968505
21
1.2118406299212598
0
LINE
8
BLACK
6
CONTINUOUS
10
3.2382984251968505
20
1.2118406299212598
11
3.2366208267716536
21
1.2083535039370079
0
LINE
8
BLACK
6
CONTINUOUS
10
3.2366208267716536
20
1.2083535039370079
11
3.2366687401574801
21
1.2054914566929134
0
LINE
8
BLACK
6
CONTINUOUS
10
3.2366687401574801
20
1.2054914566929134
11
3.2385128346456691
21
1.2019397244094487
0
LINE
8
BLACK
6
CONTINUOUS
10
3.2385128346456691
20
1.2019397244094487
11
3.2400349999999998
21
1.2004834645669291
0
LINE
8
BLACK
6
CONTINUOUS
10
3.2400349999999998
20
1.2004834645669291
11
3.2444653543307087
21
1.1983520866141733
0
LINE
8
BLACK
6
CONTINUOUS
10
3.2444653543307087
20
1.1983520866141733
11
3.2543827952755904
21
1.1959662992125983
0
LINE
8
BLACK
6
CONTINUOUS
10
3.2543827952755904
20
1.1959662992125983
11
3.2669905511811024
21
1.1960603543307087
0
LINE
8
BLACK
6
CONTINUOUS
10
3.2669905511811024
20
1.1960603543307087
11
3.2768798818897635
21
1.198626377952756
0
LINE
8
BLACK
6
CONTINUOUS
10
3.2768798818897635
20
1.198626377952756
11
3.2808695275590551
21
1.2006978740157479
0
LINE
8
BLACK
6
CONTINUOUS
10
3.2808695275590551
20
1.2006978740157479
11
3.2823257874015748
21
1.2022200393700788
0
LINE
8
BLACK
6
CONTINUOUS
10
3.2823257874015748
20
1.2022200393700788
11
3.2840033858267716
21
1.2057072047244095
0
LINE
8
BLACK
6
CONTINUOUS
10
3.2840033858267716
20
1.2057072047244095
11
3.2839554724409448
21
1.2085692913385826
0
LINE
8
BLACK
6
CONTINUOUS
10
3.2839554724409448
20
1.2085692913385826
11
3.2821114566929133
21
1.212120905511811
0
LINE
8
BLACK
6
CONTINUOUS
10
3.2821114566929133
20
1.212120905511811
11
3.2805892519685038
21
1.2135772047244093
0
LINE
8
BLACK
6
CONTINUOUS
10
3.2805892519685038
20
1.2135772047244093
11
3.2761588582677166
21
1.2157085826771654
0
LINE
8
BLACK
6
CONTINUOUS
10
3.2761588582677166
20
1.2157085826771654
11
3.2662413779527557
21
1.2180944094488189
0
LINE
8
BLACK
6
CONTINUOUS
10
3.2662413779527557
20
1.2180944094488189
11
3.2536337007874017
21
1.2180003543307085
0
LINE
8
BLACK
6
CONTINUOUS
10
3.2675434251968505
20
1.2860319291338582
11
3.2676295669291338
21
1.2860447637795276
0
LINE
8
BLACK
6
CONTINUOUS
10
3.2676295669291338
20
1.2860447637795276
11
3.2677794488188976
21
1.2860086614173227
0
LINE
8
BLACK
6
CONTINUOUS
10
3.2677794488188976
20
1.2860086614173227
11
3.2684946456692914
21
1.2859382677165354
0
LINE
8
BLACK
6
CONTINUOUS
10
3.2684946456692914
20
1.2859382677165354
11
3.2690797637795277
21
1.2856958661417321
0
LINE
8
BLACK
6
CONTINUOUS
10
3.2690797637795277
20
1.2856958661417321
11
3.2800233858267718
21
1.2830632283464567
0
LINE
8
BLACK
6
CONTINUOUS
10
3.2800233858267718
20
1.2830632283464567
11
3.2801082283464567
21
1.2830328740157479
0
LINE
8
BLACK
6
CONTINUOUS
10
3.2801082283464567
20
1.2830328740157479
11
3.280150866141732
21
1.2830298818897639
0
LINE
8
BLACK
6
CONTINUOUS
10
3.280150866141732
20
1.2830298818897639
11
3.2802493700787401
21
1.2829824803149605
0
LINE
8
BLACK
6
CONTINUOUS
10
3.2802493700787401
20
1.2829824803149605
11
3.2811135826771651
21
1.2826737401574804
0
LINE
8
BLACK
6
CONTINUOUS
10
3.2811135826771651
20
1.2826737401574804
11
3.2815253149606298
21
1.2823686220472441
0
LINE
8
BLACK
6
CONTINUOUS
10
3.2815253149606298
20
1.2823686220472441
11
3.2868564173228347
21
1.2798039763779527
0
LINE
8
BLACK
6
CONTINUOUS
10
3.2868564173228347
20
1.2798039763779527
11
3.2873522047244093
21
1.2794918503937007
0
LINE
8
BLACK
6
CONTINUOUS
10
3.2873522047244093
20
1.2794918503937007
11
3.2874962992125982
21
1.2794322047244093
0
LINE
8
BLACK
6
CONTINUOUS
10
3.2874962992125982
20
1.2794322047244093
11
3.2875910629921261
21
1.2793414960629921
0
LINE
8
BLACK
6
CONTINUOUS
10
3.2875910629921261
20
1.2793414960629921
11
3.287836181102362
21
1.2791872440944883
0
LINE
8
BLACK
6
CONTINUOUS
10
3.287836181102362
20
1.2791872440944883
11
3.2882446850393698
21
1.2787161811023622
0
LINE
8
BLACK
6
CONTINUOUS
10
3.2882446850393698
20
1.2787161811023622
11
3.2912033858267717
21
1.275885590551181
0
LINE
8
BLACK
6
CONTINUOUS
10
3.2912033858267717
20
1.275885590551181
11
3.2915750787401574
21
1.2754326377952756
0
LINE
8
BLACK
6
CONTINUOUS
10
3.2915750787401574
20
1.2754326377952756
11
3.2916928740157481
21
1.2753305118110236
0
LINE
8
BLACK
6
CONTINUOUS
10
3.2916928740157481
20
1.2753305118110236
11
3.2917512992125983
21
1.2752179133858268
0
LINE
8
BLACK
6
CONTINUOUS
10
3.2917512992125983
20
1.2752179133858268
11
3.2919378346456694
21
1.2749906692913386
0
LINE
8
BLACK
6
CONTINUOUS
10
3.2919378346456694
20
1.2749906692913386
11
3.2922081102362206
21
1.2743381496062991
0
LINE
8
BLACK
6
CONTINUOUS
10
3.2922081102362206
20
1.2743381496062991
11
3.2951217322834645
21
1.2687264566929133
0
LINE
8
BLACK
6
CONTINUOUS
10
3.2951217322834645
20
1.2687264566929133
11
3.2955355118110234
21
1.2676452362204724
0
LINE
8
BLACK
6
CONTINUOUS
10
3.2955355118110234
20
1.2676452362204724
11
3.2955505118110238
21
1.2674335826771652
0
LINE
8
BLACK
6
CONTINUOUS
10
3.2955505118110238
20
1.2674335826771652
11
3.2956317322834643
21
1.2672375984251969
0
LINE
8
BLACK
6
CONTINUOUS
10
3.2956317322834643
20
1.2672375984251969
11
3.295652440944882
21
1.2659991338582677
0
LINE
8
BLACK
6
CONTINUOUS
10
3.295652440944882
20
1.2659991338582677
11
3.2956988188976379
21
1.2653468110236221
0
LINE
8
BLACK
6
CONTINUOUS
10
3.2956988188976379
20
1.2653468110236221
11
3.2956650787401576
21
1.265245590551181
0
LINE
8
BLACK
6
CONTINUOUS
10
3.2956650787401576
20
1.265245590551181
11
3.2957451968503935
21
1.2604611811023623
0
LINE
8
BLACK
6
CONTINUOUS
10
3.2957451968503935
20
1.2604611811023623
11
3.2956317322834643
21
1.2593090551181103
0
LINE
8
BLACK
6
CONTINUOUS
10
3.2956317322834643
20
1.2593090551181103
11
3.2955505118110238
21
1.259113031496063
0
LINE
8
BLACK
6
CONTINUOUS
10
3.2955505118110238
20
1.259113031496063
11
3.2955355118110234
21
1.2589014173228346
0
LINE
8
BLACK
6
CONTINUOUS
10
3.2955355118110234
20
1.2589014173228346
11
3.2950128346456693
21
1.2578149606299212
0
LINE
8
BLACK
6
CONTINUOUS
10
3.2950128346456693
20
1.2578149606299212
11
3.2947499212598426
21
1.2571802362204725
0
LINE
8
BLACK
6
CONTINUOUS
10
3.2947499212598426
20
1.2571802362204725
11
3.2946681102362203
21
1.2570984251968504
0
LINE
8
BLACK
6
CONTINUOUS
10
3.2946681102362203
20
1.2570984251968504
11
3.2923096062992125
21
1.2521958661417323
0
LINE
8
BLACK
6
CONTINUOUS
10
3.2923096062992125
20
1.2521958661417323
11
3.2919975196850393
21
1.2517001181102363
0
LINE
8
BLACK
6
CONTINUOUS
10
3.2919975196850393
20
1.2517001181102363
11
3.2919378346456694
21
1.2515559842519686
0
LINE
8
BLACK
6
CONTINUOUS
10
3.2919378346456694
20
1.2515559842519686
11
3.2918470866141734
21
1.2514611417322834
0
LINE
8
BLACK
6
CONTINUOUS
10
3.2918470866141734
20
1.2514611417322834
11
3.2916928740157481
21
1.2512161417322833
0
LINE
8
BLACK
6
CONTINUOUS
10
3.2916928740157481
20
1.2512161417322833
11
3.2912219685039368
21
1.2508077559055117
0
LINE
8
BLACK
6
CONTINUOUS
10
3.2912219685039368
20
1.2508077559055117
11
3.288391220472441
21
1.2478488976377953
0
LINE
8
BLACK
6
CONTINUOUS
10
3.288391220472441
20
1.2478488976377953
11
3.2879383858267714
21
1.2474772440944881
0
LINE
8
BLACK
6
CONTINUOUS
10
3.2879383858267714
20
1.2474772440944881
11
3.287836181102362
21
1.247359409448819
0
LINE
8
BLACK
6
CONTINUOUS
10
3.287836181102362
20
1.247359409448819
11
3.2877234645669291
21
1.2473008661417322
0
LINE
8
BLACK
6
CONTINUOUS
10
3.2877234645669291
20
1.2473008661417322
11
3.2874962992125982
21
1.2471144488188977
0
LINE
8
BLACK
6
CONTINUOUS
10
3.2874962992125982
20
1.2471144488188977
11
3.2868440157480312
21
1.2468442519685039
0
LINE
8
BLACK
6
CONTINUOUS
10
3.2868440157480312
20
1.2468442519685039
11
3.2812321259842521
21
1.2439305118110235
0
LINE
8
BLACK
6
CONTINUOUS
10
3.2812321259842521
20
1.2439305118110235
11
3.2811478346456693
21
1.2438982283464566
0
LINE
8
BLACK
6
CONTINUOUS
10
3.2811478346456693
20
1.2438982283464566
11
3.2811135826771651
21
1.2438728740157481
0
LINE
8
BLACK
6
CONTINUOUS
10
3.2811135826771651
20
1.2438728740157481
11
3.2810138976377954
21
1.2438470078740158
0
LINE
8
BLACK
6
CONTINUOUS
10
3.2810138976377954
20
1.2438470078740158
11
3.2801509055118108
21
1.2435167716535434
0
LINE
8
BLACK
6
CONTINUOUS
10
3.2801509055118108
20
1.2435167716535434
11
3.2795866141732284
21
1.2434766535433071
0
LINE
8
BLACK
6
CONTINUOUS
10
3.2795866141732284
20
1.2434766535433071
11
3.2687748031496064
21
1.2406712598425196
0
LINE
8
BLACK
6
CONTINUOUS
10
3.2687748031496064
20
1.2406712598425196
11
3.268575118110236
21
1.2406417322834646
0
LINE
8
BLACK
6
CONTINUOUS
10
3.268575118110236
20
1.2406417322834646
11
3.2684946456692914
21
1.2406083858267716
0
LINE
8
BLACK
6
CONTINUOUS
10
3.2684946456692914
20
1.2406083858267716
11
3.2683419291338582
21
1.2406072440944882
0
LINE
8
BLACK
6
CONTINUOUS
10
3.2683419291338582
20
1.2406072440944882
11
3.2676295669291338
21
1.2405018897637794
0
LINE
8
BLACK
6
CONTINUOUS
10
3.2676295669291338
20
1.2405018897637794
11
3.2669893700787402
21
1.2405971259842519
0
LINE
8
BLACK
6
CONTINUOUS
10
3.2669893700787402
20
1.2405971259842519
11
3.2532817716535432
21
1.2404949212598424
0
LINE
8
BLACK
6
CONTINUOUS
10
3.2532817716535432
20
1.2404949212598424
11
3.2530808267716536
21
1.24051468503937
0
LINE
8
BLACK
6
CONTINUOUS
10
3.2530808267716536
20
1.24051468503937
11
3.2529947244094486
21
1.2405018897637794
0
LINE
8
BLACK
6
CONTINUOUS
10
3.2529947244094486
20
1.2405018897637794
11
3.2528448031496064
21
1.2405379527559055
0
LINE
8
BLACK
6
CONTINUOUS
10
3.2528448031496064
20
1.2405379527559055
11
3.2521296456692914
21
1.2406083858267716
0
LINE
8
BLACK
6
CONTINUOUS
10
3.2521296456692914
20
1.2406083858267716
11
3.2515445275590551
21
1.2408507086614173
0
LINE
8
BLACK
6
CONTINUOUS
10
3.2515445275590551
20
1.2408507086614173
11
3.2406008661417323
21
1.2434833858267715
0
LINE
8
BLACK
6
CONTINUOUS
10
3.2406008661417323
20
1.2434833858267715
11
3.2405158661417324
21
1.2435137401574803
0
LINE
8
BLACK
6
CONTINUOUS
10
3.2405158661417324
20
1.2435137401574803
11
3.2404733464566928
21
1.2435167716535434
0
LINE
8
BLACK
6
CONTINUOUS
10
3.2404733464566928
20
1.2435167716535434
11
3.2403749999999998
21
1.2435640551181102
0
LINE
8
BLACK
6
CONTINUOUS
10
3.2403749999999998
20
1.2435640551181102
11
3.2395106692913385
21
1.2438728740157481
0
LINE
8
BLACK
6
CONTINUOUS
10
3.2395106692913385
20
1.2438728740157481
11
3.2390988188976375
21
1.2441779921259841
0
LINE
8
BLACK
6
CONTINUOUS
10
3.2390988188976375
20
1.2441779921259841
11
3.2337678346456693
21
1.2467426771653543
0
LINE
8
BLACK
6
CONTINUOUS
10
3.2337678346456693
20
1.2467426771653543
11
3.2332718897637793
21
1.2470548031496063
0
LINE
8
BLACK
6
CONTINUOUS
10
3.2332718897637793
20
1.2470548031496063
11
3.2331279133858266
21
1.2471144881889764
0
LINE
8
BLACK
6
CONTINUOUS
10
3.2331279133858266
20
1.2471144881889764
11
3.2330331496062992
21
1.2472051181102362
0
LINE
8
BLACK
6
CONTINUOUS
10
3.2330331496062992
20
1.2472051181102362
11
3.2327880708661416
21
1.247359409448819
0
LINE
8
BLACK
6
CONTINUOUS
10
3.2327880708661416
20
1.247359409448819
11
3.2323794094488187
21
1.2478305511811023
0
LINE
8
BLACK
6
CONTINUOUS
10
3.2323794094488187
20
1.2478305511811023
11
3.2294208661417323
21
1.2506611023622047
0
LINE
8
BLACK
6
CONTINUOUS
10
3.2294208661417323
20
1.2506611023622047
11
3.2290492913385824
21
1.2511138188976378
0
LINE
8
BLACK
6
CONTINUOUS
10
3.2290492913385824
20
1.2511138188976378
11
3.2289314173228347
21
1.2512161023622046
0
LINE
8
BLACK
6
CONTINUOUS
10
3.2289314173228347
20
1.2512161023622046
11
3.2288728346456694
21
1.2513288582677164
0
LINE
8
BLACK
6
CONTINUOUS
10
3.2288728346456694
20
1.2513288582677164
11
3.2286864566929134
21
1.2515560236220473
0
LINE
8
BLACK
6
CONTINUOUS
10
3.2286864566929134
20
1.2515560236220473
11
3.2284163385826772
21
1.2522080708661416
0
LINE
8
BLACK
6
CONTINUOUS
10
3.2284163385826772
20
1.2522080708661416
11
3.2255025196850391
21
1.2578201574803149
0
LINE
8
BLACK
6
CONTINUOUS
10
3.2255025196850391
20
1.2578201574803149
11
3.2250887795275589
21
1.2589013779527558
0
LINE
8
BLACK
6
CONTINUOUS
10
3.2250887795275589
20
1.2589013779527558
11
3.2250737401574803
21
1.2591129527559055
0
LINE
8
BLACK
6
CONTINUOUS
10
3.2250737401574803
20
1.2591129527559055
11
3.2249925196850393
21
1.2593090551181103
0
LINE
8
BLACK
6
CONTINUOUS
10
3.2249925196850393
20
1.2593090551181103
11
3.2249717716535433
21
1.2605476377952756
0
LINE
8
BLACK
6
CONTINUOUS
10
3.2249717716535433
20
1.2605476377952756
11
3.2249254330708661
21
1.2611998031496063
0
LINE
8
BLACK
6
CONTINUOUS
10
3.2249254330708661
20
1.2611998031496063
11
3.2249591338582677
21
1.2613009842519685
0
LINE
8
BLACK
6
CONTINUOUS
10
3.2249591338582677
20
1.2613009842519685
11
3.2248790551181101
21
1.2660854724409449
0
LINE
8
BLACK
6
CONTINUOUS
10
3.2248790551181101
20
1.2660854724409449
11
3.2249925196850393
21
1.2672375984251969
0
LINE
8
BLACK
6
CONTINUOUS
10
3.2249925196850393
20
1.2672375984251969
11
3.2250737401574803
21
1.2674336614173227
0
LINE
8
BLACK
6
CONTINUOUS
10
3.2250737401574803
20
1.2674336614173227
11
3.2250887795275589
21
1.2676452755905512
0
LINE
8
BLACK
6
CONTINUOUS
10
3.2250887795275589
20
1.2676452755905512
11
3.2256112598425197
21
1.2687312992125983
0
LINE
8
BLACK
6
CONTINUOUS
10
3.2256112598425197
20
1.2687312992125983
11
3.2258743307086615
21
1.2693664173228345
0
LINE
8
BLACK
6
CONTINUOUS
10
3.2258743307086615
20
1.2693664173228345
11
3.2259561417322833
21
1.2694482283464568
0
LINE
8
BLACK
6
CONTINUOUS
10
3.2259561417322833
20
1.2694482283464568
11
3.2283146850393698
21
1.2743507874015747
0
LINE
8
BLACK
6
CONTINUOUS
10
3.2283146850393698
20
1.2743507874015747
11
3.2286268110236218
21
1.274846653543307
0
LINE
8
BLACK
6
CONTINUOUS
10
3.2286268110236218
20
1.274846653543307
11
3.2286864566929134
21
1.2749906299212599
0
LINE
8
BLACK
6
CONTINUOUS
10
3.2286864566929134
20
1.2749906299212599
11
3.2287770472440944
21
1.2750853149606298
0
LINE
8
BLACK
6
CONTINUOUS
10
3.2287770472440944
20
1.2750853149606298
11
3.2289314173228347
21
1.2753305511811024
0
LINE
8
BLACK
6
CONTINUOUS
10
3.2289314173228347
20
1.2753305511811024
11
3.2294025590551181
21
1.2757391732283465
0
LINE
8
BLACK
6
CONTINUOUS
10
3.2294025590551181
20
1.2757391732283465
11
3.2322329921259843
21
1.278697716535433
0
LINE
8
BLACK
6
CONTINUOUS
10
3.2322329921259843
20
1.278697716535433
11
3.2326859448818897
21
1.2790694488188976
0
LINE
8
BLACK
6
CONTINUOUS
10
3.2326859448818897
20
1.2790694488188976
11
3.2327881102362204
21
1.2791872440944883
0
LINE
8
BLACK
6
CONTINUOUS
10
3.2327881102362204
20
1.2791872440944883
11
3.2329007086614174
21
1.2792457086614173
0
LINE
8
BLACK
6
CONTINUOUS
10
3.2329007086614174
20
1.2792457086614173
11
3.2331279133858266
21
1.2794321653543306
0
LINE
8
BLACK
6
CONTINUOUS
10
3.2331279133858266
20
1.2794321653543306
11
3.2337802362204724
21
1.2797023622047243
0
LINE
8
BLACK
6
CONTINUOUS
10
3.2337802362204724
20
1.2797023622047243
11
3.2393921653543307
21
1.2826161023622047
0
LINE
8
BLACK
6
CONTINUOUS
10
3.2393921653543307
20
1.2826161023622047
11
3.2394762598425197
21
1.2826482677165354
0
LINE
8
BLACK
6
CONTINUOUS
10
3.2394762598425197
20
1.2826482677165354
11
3.2395106299212597
21
1.2826737401574804
0
LINE
8
BLACK
6
CONTINUOUS
10
3.2395106299212597
20
1.2826737401574804
11
3.2396104330708662
21
1.2826996456692914
0
LINE
8
BLACK
6
CONTINUOUS
10
3.2396104330708662
20
1.2826996456692914
11
3.2404733858267716
21
1.2830298818897639
0
LINE
8
BLACK
6
CONTINUOUS
10
3.2404733858267716
20
1.2830298818897639
11
3.2410376771653544
21
1.2830699606299212
0
LINE
8
BLACK
6
CONTINUOUS
10
3.2410376771653544
20
1.2830699606299212
11
3.2518494488188976
21
1.2858753937007874
0
LINE
8
BLACK
6
CONTINUOUS
10
3.2518494488188976
20
1.2858753937007874
11
3.2520491338582675
21
1.2859049212598426
0
LINE
8
BLACK
6
CONTINUOUS
10
3.2520491338582675
20
1.2859049212598426
11
3.2521296456692914
21
1.2859382677165354
0
LINE
8
BLACK
6
CONTINUOUS
10
3.2521296456692914
20
1.2859382677165354
11
3.252282283464567
21
1.28593937007874
0
LINE
8
BLACK
6
CONTINUOUS
10
3.252282283464567
20
1.28593937007874
11
3.2529946850393698
21
1.2860447637795276
0
LINE
8
BLACK
6
CONTINUOUS
10
3.2529946850393698
20
1.2860447637795276
11
3.253634842519685
21
1.2859494881889764
0
LINE
8
BLACK
6
CONTINUOUS
10
3.253634842519685
20
1.2859494881889764
11
3.2673425196850392
21
1.2860517322834646
0
LINE
8
BLACK
6
CONTINUOUS
10
3.2673425196850392
20
1.2860517322834646
11
3.2675434251968505
21
1.2860319291338582
0
LINE
8
BLACK
6
CONTINUOUS
10
3.2536337007874017
20
1.2742433070866142
11
3.2437442519685038
21
1.2716772047244094
0
LINE
8
BLACK
6
CONTINUOUS
10
3.2437442519685038
20
1.2716772047244094
11
3.2397547637795276
21
1.2696058661417322
0
LINE
8
BLACK
6
CONTINUOUS
10
3.2397547637795276
20
1.2696058661417322
11
3.2382984251968505
21
1.2680835826771653
0
LINE
8
BLACK
6
CONTINUOUS
10
3.2382984251968505
20
1.2680835826771653
11
3.2366208267716536
21
1.2645964566929133
0
LINE
8
BLACK
6
CONTINUOUS
10
3.2366208267716536
20
1.2645964566929133
11
3.2366687401574801
21
1.2617344094488188
0
LINE
8
BLACK
6
CONTINUOUS
10
3.2366687401574801
20
1.2617344094488188
11
3.2385128346456691
21
1.2581826771653544
0
LINE
8
BLACK
6
CONTINUOUS
10
3.2385128346456691
20
1.2581826771653544
11
3.2400349999999998
21
1.2567264173228345
0
LINE
8
BLACK
6
CONTINUOUS
10
3.2400349999999998
20
1.2567264173228345
11
3.2444653543307087
21
1.2545950393700787
0
LINE
8
BLACK
6
CONTINUOUS
10
3.2444653543307087
20
1.2545950393700787
11
3.2543827952755904
21
1.252209251968504
0
LINE
8
BLACK
6
CONTINUOUS
10
3.2543827952755904
20
1.252209251968504
11
3.2669905511811024
21
1.2523033070866141
0
LINE
8
BLACK
6
CONTINUOUS
10
3.2669905511811024
20
1.2523033070866141
11
3.2768798818897635
21
1.2548693307086614
0
LINE
8
BLACK
6
CONTINUOUS
10
3.2768798818897635
20
1.2548693307086614
11
3.2808695275590551
21
1.2569408267716535
0
LINE
8
BLACK
6
CONTINUOUS
10
3.2808695275590551
20
1.2569408267716535
11
3.2823257874015748
21
1.2584629921259842
0
LINE
8
BLACK
6
CONTINUOUS
10
3.2823257874015748
20
1.2584629921259842
11
3.2840033858267716
21
1.2619501574803149
0
LINE
8
BLACK
6
CONTINUOUS
10
3.2840033858267716
20
1.2619501574803149
11
3.2839554724409448
21
1.2648122440944882
0
LINE
8
BLACK
6
CONTINUOUS
10
3.2839554724409448
20
1.2648122440944882
11
3.2821114566929133
21
1.2683638582677166
0
LINE
8
BLACK
6
CONTINUOUS
10
3.2821114566929133
20
1.2683638582677166
11
3.2805892519685038
21
1.269820157480315
0
LINE
8
BLACK
6
CONTINUOUS
10
3.2805892519685038
20
1.269820157480315
11
3.2761588582677166
21
1.2719515354330708
0
LINE
8
BLACK
6
CONTINUOUS
10
3.2761588582677166
20
1.2719515354330708
11
3.2662413779527557
21
1.2743373622047245
0
LINE
8
BLACK
6
CONTINUOUS
10
3.2662413779527557
20
1.2743373622047245
11
3.2536337007874017
21
1.2742433070866142
0
LINE
8
BLACK
6
CONTINUOUS
10
3.2356306299212596
20
1.3586888188976378
11
3.2368776377952755
21
1.3581723228346456
0
LINE
8
BLACK
6
CONTINUOUS
10
3.2368776377952755
20
1.3581723228346456
11
3.2368776771653542
21
1.3581722834645669
0
LINE
8
BLACK
6
CONTINUOUS
10
3.2368776771653542
20
1.3581722834645669
11
3.2405847244094486
21
1.3546256692913385
0
LINE
8
BLACK
6
CONTINUOUS
10
3.2405847244094486
20
1.3546256692913385
11
3.2413191338582679
21
1.3537307874015747
0
LINE
8
BLACK
6
CONTINUOUS
10
3.2413191338582679
20
1.3537307874015747
11
3.2413191338582679
21
1.353730748031496
0
LINE
8
BLACK
6
CONTINUOUS
10
3.2413191338582679
20
1.353730748031496
11
3.2422009055118108
21
1.3516020078740156
0
LINE
8
BLACK
6
CONTINUOUS
10
3.2422009055118108
20
1.3516020078740156
11
3.2422009055118108
21
1.3492977559055117
0
LINE
8
BLACK
6
CONTINUOUS
10
3.2422009055118108
20
1.3492977559055117
11
3.2416843307086611
21
1.3480507086614173
0
LINE
8
BLACK
6
CONTINUOUS
10
3.2416843307086611
20
1.3480507086614173
11
3.2413191338582679
21
1.3471689370078739
0
LINE
8
BLACK
6
CONTINUOUS
10
3.2413191338582679
20
1.3471689370078739
11
3.2377725590551178
21
1.3434619291338583
0
LINE
8
BLACK
6
CONTINUOUS
10
3.2377725590551178
20
1.3434619291338583
11
3.2368776377952755
21
1.3427274803149607
0
LINE
8
BLACK
6
CONTINUOUS
10
3.2368776377952755
20
1.3427274803149607
11
3.2347488188976379
21
1.3418457086614173
0
LINE
8
BLACK
6
CONTINUOUS
10
3.2347488188976379
20
1.3418457086614173
11
3.2324446850393702
21
1.3418457086614173
0
LINE
8
BLACK
6
CONTINUOUS
10
3.2324446850393702
20
1.3418457086614173
11
3.2324446456692915
21
1.3418457086614173
0
LINE
8
BLACK
6
CONTINUOUS
10
3.2324446456692915
20
1.3418457086614173
11
3.2303158267716534
21
1.3427274803149607
0
LINE
8
BLACK
6
CONTINUOUS
10
3.2303158267716534
20
1.3427274803149607
11
3.2303157874015747
21
1.3427275196850395
0
LINE
8
BLACK
6
CONTINUOUS
10
3.2303157874015747
20
1.3427275196850395
11
3.2266087795275591
21
1.3462740157480315
0
LINE
8
BLACK
6
CONTINUOUS
10
3.2266087795275591
20
1.3462740157480315
11
3.2258743307086615
21
1.3471689370078739
0
LINE
8
BLACK
6
CONTINUOUS
10
3.2258743307086615
20
1.3471689370078739
11
3.2258742913385827
21
1.3471689763779526
0
LINE
8
BLACK
6
CONTINUOUS
10
3.2258742913385827
20
1.3471689763779526
11
3.2252029133858269
21
1.3487898818897637
0
LINE
8
BLACK
6
CONTINUOUS
10
3.2252029133858269
20
1.3487898818897637
11
3.2249925196850393
21
1.3492977559055117
0
LINE
8
BLACK
6
CONTINUOUS
10
3.2249925196850393
20
1.3492977559055117
11
3.2249925196850393
21
1.3516019291338581
0
LINE
8
BLACK
6
CONTINUOUS
10
3.2249925196850393
20
1.3516019291338581
11
3.2249925196850393
21
1.3516019685039369
0
LINE
8
BLACK
6
CONTINUOUS
10
3.2249925196850393
20
1.3516019685039369
11
3.2249925196850393
21
1.3516020078740156
0
LINE
8
BLACK
6
CONTINUOUS
10
3.2249925196850393
20
1.3516020078740156
11
3.2258742913385827
21
1.353730748031496
0
LINE
8
BLACK
6
CONTINUOUS
10
3.2258742913385827
20
1.353730748031496
11
3.2258742913385827
21
1.3537307874015747
0
LINE
8
BLACK
6
CONTINUOUS
10
3.2258742913385827
20
1.3537307874015747
11
3.229420905511811
21
1.357437874015748
0
LINE
8
BLACK
6
CONTINUOUS
10
3.229420905511811
20
1.357437874015748
11
3.2303158267716534
21
1.3581723228346456
0
LINE
8
BLACK
6
CONTINUOUS
10
3.2303158267716534
20
1.3581723228346456
11
3.2324446456692915
21
1.359054094488189
0
LINE
8
BLACK
6
CONTINUOUS
10
3.2324446456692915
20
1.359054094488189
11
3.2347488188976379
21
1.359054094488189
0
LINE
8
BLACK
6
CONTINUOUS
10
3.2347488188976379
20
1.359054094488189
11
3.2347488582677166
21
1.359054094488189
0
LINE
8
BLACK
6
CONTINUOUS
10
3.2347488582677166
20
1.359054094488189
11
3.2356306299212596
21
1.3586888188976378
0
LINE
8
BLACK
6
CONTINUOUS
10
3.290991811023622
20
1.3562419291338583
11
3.2931206299212596
21
1.3553601181102362
0
LINE
8
BLACK
6
CONTINUOUS
10
3.2931206299212596
20
1.3553601181102362
11
3.2947499212598426
21
1.3537308267716535
0
LINE
8
BLACK
6
CONTINUOUS
10
3.2947499212598426
20
1.3537308267716535
11
3.2956317322834643
21
1.3516020078740156
0
LINE
8
BLACK
6
CONTINUOUS
10
3.2956317322834643
20
1.3516020078740156
11
3.2956317322834643
21
1.3492977559055117
0
LINE
8
BLACK
6
CONTINUOUS
10
3.2956317322834643
20
1.3492977559055117
11
3.2947499212598426
21
1.3471689370078739
0
LINE
8
BLACK
6
CONTINUOUS
10
3.2947499212598426
20
1.3471689370078739
11
3.2931206299212596
21
1.3455396456692914
0
LINE
8
BLACK
6
CONTINUOUS
10
3.2931206299212596
20
1.3455396456692914
11
3.290991811023622
21
1.3446578346456692
0
LINE
8
BLACK
6
CONTINUOUS
10
3.290991811023622
20
1.3446578346456692
11
3.2504696062992124
21
1.3445443700787401
0
LINE
8
BLACK
6
CONTINUOUS
10
3.2504696062992124
20
1.3445443700787401
11
3.2493174803149607
21
1.3446578346456692
0
LINE
8
BLACK
6
CONTINUOUS
10
3.2493174803149607
20
1.3446578346456692
11
3.2471886614173227
21
1.3455396456692914
0
LINE
8
BLACK
6
CONTINUOUS
10
3.2471886614173227
20
1.3455396456692914
11
3.2455593700787402
21
1.3471689370078739
0
LINE
8
BLACK
6
CONTINUOUS
10
3.2455593700787402
20
1.3471689370078739
11
3.244677559055118
21
1.3492977559055117
0
LINE
8
BLACK
6
CONTINUOUS
10
3.244677559055118
20
1.3492977559055117
11
3.244677559055118
21
1.3516020078740156
0
LINE
8
BLACK
6
CONTINUOUS
10
3.244677559055118
20
1.3516020078740156
11
3.2455593700787402
21
1.3537308267716535
0
LINE
8
BLACK
6
CONTINUOUS
10
3.2455593700787402
20
1.3537308267716535
11
3.2471886614173227
21
1.3553601181102362
0
LINE
8
BLACK
6
CONTINUOUS
10
3.2471886614173227
20
1.3553601181102362
11
3.2493174803149607
21
1.3562419291338583
0
LINE
8
BLACK
6
CONTINUOUS
10
3.2493174803149607
20
1.3562419291338583
11
3.2898396850393699
21
1.3563553937007873
0
LINE
8
BLACK
6
CONTINUOUS
10
3.2898396850393699
20
1.3563553937007873
11
3.290991811023622
21
1.3562419291338583
0
LINE
8
BLACK
6
CONTINUOUS
10
3.290991811023622
20
1.4096727952755905
11
3.2931206299212596
21
1.4087909842519686
0
LINE
8
BLACK
6
CONTINUOUS
10
3.2931206299212596
20
1.4087909842519686
11
3.2947499212598426
21
1.4071616929133859
0
LINE
8
BLACK
6
CONTINUOUS
10
3.2947499212598426
20
1.4071616929133859
11
3.2956317322834643
21
1.4050328740157481
0
LINE
8
BLACK
6
CONTINUOUS
10
3.2956317322834643
20
1.4050328740157481
11
3.2956317322834643
21
1.4027286220472441
0
LINE
8
BLACK
6
CONTINUOUS
10
3.2956317322834643
20
1.4027286220472441
11
3.2947499212598426
21
1.4005998031496063
0
LINE
8
BLACK
6
CONTINUOUS
10
3.2947499212598426
20
1.4005998031496063
11
3.2931206299212596
21
1.3989705118110236
0
LINE
8
BLACK
6
CONTINUOUS
10
3.2931206299212596
20
1.3989705118110236
11
3.290991811023622
21
1.3980887007874014
0
LINE
8
BLACK
6
CONTINUOUS
10
3.290991811023622
20
1.3980887007874014
11
3.2601466535433068
21
1.3979796062992125
0
LINE
8
BLACK
6
CONTINUOUS
10
3.2601466535433068
20
1.3979796062992125
11
3.2576077165354329
21
1.3966613385826772
0
LINE
8
BLACK
6
CONTINUOUS
10
3.2576077165354329
20
1.3966613385826772
11
3.256293188976378
21
1.3939289763779528
0
LINE
8
BLACK
6
CONTINUOUS
10
3.256293188976378
20
1.3939289763779528
11
3.2563601968503937
21
1.3882687401574803
0
LINE
8
BLACK
6
CONTINUOUS
10
3.2563601968503937
20
1.3882687401574803
11
3.2581978740157478
21
1.3847293307086614
0
LINE
8
BLACK
6
CONTINUOUS
10
3.2581978740157478
20
1.3847293307086614
11
3.2585533464566927
21
1.3843892519685039
0
LINE
8
BLACK
6
CONTINUOUS
10
3.2585533464566927
20
1.3843892519685039
11
3.2898396850393699
21
1.3844768897637796
0
LINE
8
BLACK
6
CONTINUOUS
10
3.2898396850393699
20
1.3844768897637796
11
3.290991811023622
21
1.3843634251968504
0
LINE
8
BLACK
6
CONTINUOUS
10
3.290991811023622
20
1.3843634251968504
11
3.2931206299212596
21
1.3834816141732282
0
LINE
8
BLACK
6
CONTINUOUS
10
3.2931206299212596
20
1.3834816141732282
11
3.2947499212598426
21
1.3818523228346455
0
LINE
8
BLACK
6
CONTINUOUS
10
3.2947499212598426
20
1.3818523228346455
11
3.2956317322834643
21
1.3797235039370079
0
LINE
8
BLACK
6
CONTINUOUS
10
3.2956317322834643
20
1.3797235039370079
11
3.2956317322834643
21
1.377419251968504
0
LINE
8
BLACK
6
CONTINUOUS
10
3.2956317322834643
20
1.377419251968504
11
3.2947499212598426
21
1.3752904330708662
0
LINE
8
BLACK
6
CONTINUOUS
10
3.2947499212598426
20
1.3752904330708662
11
3.2931206299212596
21
1.3736611417322835
0
LINE
8
BLACK
6
CONTINUOUS
10
3.2931206299212596
20
1.3736611417322835
11
3.290991811023622
21
1.3727793307086613
0
LINE
8
BLACK
6
CONTINUOUS
10
3.290991811023622
20
1.3727793307086613
11
3.2504696062992124
21
1.3726658661417324
0
LINE
8
BLACK
6
CONTINUOUS
10
3.2504696062992124
20
1.3726658661417324
11
3.2493174803149607
21
1.3727793307086613
0
LINE
8
BLACK
6
CONTINUOUS
10
3.2493174803149607
20
1.3727793307086613
11
3.2471886614173227
21
1.3736611417322835
0
LINE
8
BLACK
6
CONTINUOUS
10
3.2471886614173227
20
1.3736611417322835
11
3.2455593700787402
21
1.3752904330708662
0
LINE
8
BLACK
6
CONTINUOUS
10
3.2455593700787402
20
1.3752904330708662
11
3.244677559055118
21
1.377419251968504
0
LINE
8
BLACK
6
CONTINUOUS
10
3.244677559055118
20
1.377419251968504
11
3.244677559055118
21
1.3797235039370079
0
LINE
8
BLACK
6
CONTINUOUS
10
3.244677559055118
20
1.3797235039370079
11
3.2455593700787402
21
1.3818523228346455
0
LINE
8
BLACK
6
CONTINUOUS
10
3.2455593700787402
20
1.3818523228346455
11
3.2461739763779525
21
1.3824669291338583
0
LINE
8
BLACK
6
CONTINUOUS
10
3.2461739763779525
20
1.3824669291338583
11
3.2451875590551182
21
1.384366811023622
0
LINE
8
BLACK
6
CONTINUOUS
10
3.2451875590551182
20
1.384366811023622
11
3.2447738188976376
21
1.3854480314960629
0
LINE
8
BLACK
6
CONTINUOUS
10
3.2447738188976376
20
1.3854480314960629
11
3.244758779527559
21
1.3856596062992126
0
LINE
8
BLACK
6
CONTINUOUS
10
3.244758779527559
20
1.3856596062992126
11
3.244677559055118
21
1.3858557086614174
0
LINE
8
BLACK
6
CONTINUOUS
10
3.244677559055118
20
1.3858557086614174
11
3.244664094488189
21
1.3869916141732284
0
LINE
8
BLACK
6
CONTINUOUS
10
3.244664094488189
20
1.3869916141732284
11
3.2446104724409448
21
1.3877464566929134
0
LINE
8
BLACK
6
CONTINUOUS
10
3.2446104724409448
20
1.3877464566929134
11
3.2446536220472439
21
1.3878759842519686
0
LINE
8
BLACK
6
CONTINUOUS
10
3.2446536220472439
20
1.3878759842519686
11
3.2445640944881888
21
1.3954442913385827
0
LINE
8
BLACK
6
CONTINUOUS
10
3.2445640944881888
20
1.3954442913385827
11
3.244677559055118
21
1.3965964173228347
0
LINE
8
BLACK
6
CONTINUOUS
10
3.244677559055118
20
1.3965964173228347
11
3.244758779527559
21
1.3967924803149605
0
LINE
8
BLACK
6
CONTINUOUS
10
3.244758779527559
20
1.3967924803149605
11
3.2447738188976376
21
1.397004094488189
0
LINE
8
BLACK
6
CONTINUOUS
10
3.2447738188976376
20
1.397004094488189
11
3.2452962992125984
21
1.3980901181102361
0
LINE
8
BLACK
6
CONTINUOUS
10
3.2452962992125984
20
1.3980901181102361
11
3.2455593700787402
21
1.3987252362204725
0
LINE
8
BLACK
6
CONTINUOUS
10
3.2455593700787402
20
1.3987252362204725
11
3.245641181102362
21
1.3988070472440945
0
LINE
8
BLACK
6
CONTINUOUS
10
3.245641181102362
20
1.3988070472440945
11
3.247999724409449
21
1.4037096062992125
0
LINE
8
BLACK
6
CONTINUOUS
10
3.247999724409449
20
1.4037096062992125
11
3.248120905511811
21
1.4039021259842519
0
LINE
8
BLACK
6
CONTINUOUS
10
3.248120905511811
20
1.4039021259842519
11
3.2481512598425195
21
1.4039931496062992
0
LINE
8
BLACK
6
CONTINUOUS
10
3.2481512598425195
20
1.4039931496062992
11
3.248249527559055
21
1.4041064566929133
0
LINE
8
BLACK
6
CONTINUOUS
10
3.248249527559055
20
1.4041064566929133
11
3.2486164566929134
21
1.4046893700787402
0
LINE
8
BLACK
6
CONTINUOUS
10
3.2486164566929134
20
1.4046893700787402
11
3.2491757874015748
21
1.4051744488188975
0
LINE
8
BLACK
6
CONTINUOUS
10
3.2491757874015748
20
1.4051744488188975
11
3.2496609842519684
21
1.4057338976377953
0
LINE
8
BLACK
6
CONTINUOUS
10
3.2496609842519684
20
1.4057338976377953
11
3.2500593307086612
21
1.4059407086614173
0
LINE
8
BLACK
6
CONTINUOUS
10
3.2500593307086612
20
1.4059407086614173
11
3.2503572047244096
21
1.4061990551181103
0
LINE
8
BLACK
6
CONTINUOUS
10
3.2503572047244096
20
1.4061990551181103
11
3.2509149212598425
21
1.4063849606299212
0
LINE
8
BLACK
6
CONTINUOUS
10
3.2509149212598425
20
1.4063849606299212
11
3.256265
21
1.4091627952755905
0
LINE
8
BLACK
6
CONTINUOUS
10
3.256265
20
1.4091627952755905
11
3.2573462598425196
21
1.4095765354330709
0
LINE
8
BLACK
6
CONTINUOUS
10
3.2573462598425196
20
1.4095765354330709
11
3.2575578346456693
21
1.4095915354330708
0
LINE
8
BLACK
6
CONTINUOUS
10
3.2575578346456693
20
1.4095915354330708
11
3.2577539370078741
21
1.4096727952755905
0
LINE
8
BLACK
6
CONTINUOUS
10
3.2577539370078741
20
1.4096727952755905
11
3.2587502755905513
21
1.4096762992125984
0
LINE
8
BLACK
6
CONTINUOUS
10
3.2587502755905513
20
1.4096762992125984
11
3.2596446850393699
21
1.4097398818897637
0
LINE
8
BLACK
6
CONTINUOUS
10
3.2596446850393699
20
1.4097398818897637
11
3.2598239763779526
21
1.4096800787401575
0
LINE
8
BLACK
6
CONTINUOUS
10
3.2598239763779526
20
1.4096800787401575
11
3.2898396850393699
21
1.4097862598425197
0
LINE
8
BLACK
6
CONTINUOUS
10
3.2898396850393699
20
1.4097862598425197
11
3.290991811023622
21
1.4096727952755905
0
LINE
8
BLACK
6
CONTINUOUS
10
1.3508709448818896
20
2.8850074409448818
11
1.3510668897637794
21
2.8849262598425196
0
LINE
8
BLACK
6
CONTINUOUS
10
1.3510668897637794
20
2.8849262598425196
11
1.3512786220472441
21
2.884911220472441
0
LINE
8
BLACK
6
CONTINUOUS
10
1.3512786220472441
20
2.884911220472441
11
1.3523651968503936
21
2.8843884645669289
0
LINE
8
BLACK
6
CONTINUOUS
10
1.3523651968503936
20
2.8843884645669289
11
1.3529997637795275
21
2.8841256299212596
0
LINE
8
BLACK
6
CONTINUOUS
10
1.3529997637795275
20
2.8841256299212596
11
1.353081496062992
21
2.8840438582677166
0
LINE
8
BLACK
6
CONTINUOUS
10
1.353081496062992
20
2.8840438582677166
11
1.3579841732283464
21
2.8816852755905513
0
LINE
8
BLACK
6
CONTINUOUS
10
1.3579841732283464
20
2.8816852755905513
11
1.3584799606299212
21
2.8813731496062993
0
LINE
8
BLACK
6
CONTINUOUS
10
1.3584799606299212
20
2.8813731496062993
11
1.3586240551181101
21
2.8813135039370077
0
LINE
8
BLACK
6
CONTINUOUS
10
1.3586240551181101
20
2.8813135039370077
11
1.3587188188976378
21
2.8812227952755904
0
LINE
8
BLACK
6
CONTINUOUS
10
1.3587188188976378
20
2.8812227952755904
11
1.3589639370078739
21
2.8810685433070864
0
LINE
8
BLACK
6
CONTINUOUS
10
1.3589639370078739
20
2.8810685433070864
11
1.359372440944882
21
2.8805974803149605
0
LINE
8
BLACK
6
CONTINUOUS
10
1.359372440944882
20
2.8805974803149605
11
1.3623311023622047
21
2.8777669291338581
0
LINE
8
BLACK
6
CONTINUOUS
10
1.3623311023622047
20
2.8777669291338581
11
1.3627027559055118
21
2.8773140551181102
0
LINE
8
BLACK
6
CONTINUOUS
10
1.3627027559055118
20
2.8773140551181102
11
1.362820590551181
21
2.8772118897637795
0
LINE
8
BLACK
6
CONTINUOUS
10
1.362820590551181
20
2.8772118897637795
11
1.3628790551181102
21
2.8770992519685037
0
LINE
8
BLACK
6
CONTINUOUS
10
1.3628790551181102
20
2.8770992519685037
11
1.3630655511811023
21
2.8768720472440945
0
LINE
8
BLACK
6
CONTINUOUS
10
1.3630655511811023
20
2.8768720472440945
11
1.3633356692913385
21
2.8762197637795275
0
LINE
8
BLACK
6
CONTINUOUS
10
1.3633356692913385
20
2.8762197637795275
11
1.3662494881889764
21
2.8706078740157479
0
LINE
8
BLACK
6
CONTINUOUS
10
1.3662494881889764
20
2.8706078740157479
11
1.3666632283464566
21
2.8695266141732283
0
LINE
8
BLACK
6
CONTINUOUS
10
1.3666632283464566
20
2.8695266141732283
11
1.3666782283464567
21
2.8693149999999998
0
LINE
8
BLACK
6
CONTINUOUS
10
1.3666782283464567
20
2.8693149999999998
11
1.3667594881889764
21
2.8691189370078738
0
LINE
8
BLACK
6
CONTINUOUS
10
1.3667594881889764
20
2.8691189370078738
11
1.366804842519685
21
2.8675337401574801
0
LINE
8
BLACK
6
CONTINUOUS
10
1.366804842519685
20
2.8675337401574801
11
1.3668265748031496
21
2.867228188976378
0
LINE
8
BLACK
6
CONTINUOUS
10
1.3668265748031496
20
2.867228188976378
11
1.3668146062992126
21
2.8671923228346454
0
LINE
8
BLACK
6
CONTINUOUS
10
1.3668146062992126
20
2.8671923228346454
11
1.3668729527559056
21
2.8651546456692913
0
LINE
8
BLACK
6
CONTINUOUS
10
1.3668729527559056
20
2.8651546456692913
11
1.3667594881889764
21
2.8640025196850392
0
LINE
8
BLACK
6
CONTINUOUS
10
1.3667594881889764
20
2.8640025196850392
11
1.3666782283464567
21
2.8638064173228344
0
LINE
8
BLACK
6
CONTINUOUS
10
1.3666782283464567
20
2.8638064173228344
11
1.3666632283464566
21
2.8635948425196851
0
LINE
8
BLACK
6
CONTINUOUS
10
1.3666632283464566
20
2.8635948425196851
11
1.3661407086614172
21
2.862508779527559
0
LINE
8
BLACK
6
CONTINUOUS
10
1.3661407086614172
20
2.862508779527559
11
1.3658776771653542
21
2.8618737007874016
0
LINE
8
BLACK
6
CONTINUOUS
10
1.3658776771653542
20
2.8618737007874016
11
1.3657958267716535
21
2.8617918503937005
0
LINE
8
BLACK
6
CONTINUOUS
10
1.3657958267716535
20
2.8617918503937005
11
1.3634373228346457
21
2.8568893307086611
0
LINE
8
BLACK
6
CONTINUOUS
10
1.3634373228346457
20
2.8568893307086611
11
1.3631251968503937
21
2.8563935039370079
0
LINE
8
BLACK
6
CONTINUOUS
10
1.3631251968503937
20
2.8563935039370079
11
1.3630655511811023
21
2.8562494488188976
0
LINE
8
BLACK
6
CONTINUOUS
10
1.3630655511811023
20
2.8562494488188976
11
1.362974842519685
21
2.8561546456692914
0
LINE
8
BLACK
6
CONTINUOUS
10
1.362974842519685
20
2.8561546456692914
11
1.362820590551181
21
2.8559095669291339
0
LINE
8
BLACK
6
CONTINUOUS
10
1.362820590551181
20
2.8559095669291339
11
1.3623495275590551
21
2.8555010236220473
0
LINE
8
BLACK
6
CONTINUOUS
10
1.3623495275590551
20
2.8555010236220473
11
1.360820472440945
21
2.8539027952755904
0
LINE
8
BLACK
6
CONTINUOUS
10
1.360820472440945
20
2.8539027952755904
11
1.3623311023622047
21
2.8524575984251967
0
LINE
8
BLACK
6
CONTINUOUS
10
1.3623311023622047
20
2.8524575984251967
11
1.3627027559055118
21
2.8520047244094489
0
LINE
8
BLACK
6
CONTINUOUS
10
1.3627027559055118
20
2.8520047244094489
11
1.362820590551181
21
2.8519025590551181
0
LINE
8
BLACK
6
CONTINUOUS
10
1.362820590551181
20
2.8519025590551181
11
1.3628790551181102
21
2.8517899212598423
0
LINE
8
BLACK
6
CONTINUOUS
10
1.3628790551181102
20
2.8517899212598423
11
1.3630655511811023
21
2.8515627165354331
0
LINE
8
BLACK
6
CONTINUOUS
10
1.3630655511811023
20
2.8515627165354331
11
1.3633356692913385
21
2.8509104330708661
0
LINE
8
BLACK
6
CONTINUOUS
10
1.3633356692913385
20
2.8509104330708661
11
1.3662494881889764
21
2.8452985433070865
0
LINE
8
BLACK
6
CONTINUOUS
10
1.3662494881889764
20
2.8452985433070865
11
1.3666632283464566
21
2.8442172834645669
0
LINE
8
BLACK
6
CONTINUOUS
10
1.3666632283464566
20
2.8442172834645669
11
1.3666782283464567
21
2.8440056692913385
0
LINE
8
BLACK
6
CONTINUOUS
10
1.3666782283464567
20
2.8440056692913385
11
1.3667594881889764
21
2.8438096062992124
0
LINE
8
BLACK
6
CONTINUOUS
10
1.3667594881889764
20
2.8438096062992124
11
1.366769409448819
21
2.8427229133858267
0
LINE
8
BLACK
6
CONTINUOUS
10
1.366769409448819
20
2.8427229133858267
11
1.3668265748031496
21
2.8419188582677166
0
LINE
8
BLACK
6
CONTINUOUS
10
1.3668265748031496
20
2.8419188582677166
11
1.3667781102362204
21
2.8417734645669293
0
LINE
8
BLACK
6
CONTINUOUS
10
1.3667781102362204
20
2.8417734645669293
11
1.3668729527559056
21
2.8314088582677166
0
LINE
8
BLACK
6
CONTINUOUS
10
1.3668729527559056
20
2.8314088582677166
11
1.3667594881889764
21
2.8302567322834644
0
LINE
8
BLACK
6
CONTINUOUS
10
1.3667594881889764
20
2.8302567322834644
11
1.3666782283464567
21
2.8300606299212596
0
LINE
8
BLACK
6
CONTINUOUS
10
1.3666782283464567
20
2.8300606299212596
11
1.3666632283464566
21
2.8298490551181104
0
LINE
8
BLACK
6
CONTINUOUS
10
1.3666632283464566
20
2.8298490551181104
11
1.3661407086614172
21
2.8287629921259843
0
LINE
8
BLACK
6
CONTINUOUS
10
1.3661407086614172
20
2.8287629921259843
11
1.3658776771653542
21
2.8281279133858268
0
LINE
8
BLACK
6
CONTINUOUS
10
1.3658776771653542
20
2.8281279133858268
11
1.3657958267716535
21
2.8280460629921258
0
LINE
8
BLACK
6
CONTINUOUS
10
1.3657958267716535
20
2.8280460629921258
11
1.3634373228346457
21
2.8231435433070864
0
LINE
8
BLACK
6
CONTINUOUS
10
1.3634373228346457
20
2.8231435433070864
11
1.3631252362204724
21
2.8226477952755906
0
LINE
8
BLACK
6
CONTINUOUS
10
1.3631252362204724
20
2.8226477952755906
11
1.3630655511811023
21
2.8225036220472441
0
LINE
8
BLACK
6
CONTINUOUS
10
1.3630655511811023
20
2.8225036220472441
11
1.3629748031496063
21
2.8224087401574804
0
LINE
8
BLACK
6
CONTINUOUS
10
1.3629748031496063
20
2.8224087401574804
11
1.362820590551181
21
2.8221637795275591
0
LINE
8
BLACK
6
CONTINUOUS
10
1.362820590551181
20
2.8221637795275591
11
1.3623496456692914
21
2.8217553543307088
0
LINE
8
BLACK
6
CONTINUOUS
10
1.3623496456692914
20
2.8217553543307088
11
1.3595189763779527
21
2.8187966141732281
0
LINE
8
BLACK
6
CONTINUOUS
10
1.3595189763779527
20
2.8187966141732281
11
1.3590661417322834
21
2.8184249606299212
0
LINE
8
BLACK
6
CONTINUOUS
10
1.3590661417322834
20
2.8184249606299212
11
1.3589639370078739
21
2.8183071259842518
0
LINE
8
BLACK
6
CONTINUOUS
10
1.3589639370078739
20
2.8183071259842518
11
1.358851220472441
21
2.8182485826771653
0
LINE
8
BLACK
6
CONTINUOUS
10
1.358851220472441
20
2.8182485826771653
11
1.3586240551181101
21
2.8180621653543305
0
LINE
8
BLACK
6
CONTINUOUS
10
1.3586240551181101
20
2.8180621653543305
11
1.3579717322834646
21
2.8177919685039368
0
LINE
8
BLACK
6
CONTINUOUS
10
1.3579717322834646
20
2.8177919685039368
11
1.352359842519685
21
2.8148782283464566
0
LINE
8
BLACK
6
CONTINUOUS
10
1.352359842519685
20
2.8148782283464566
11
1.3512786220472441
21
2.8144644488188977
0
LINE
8
BLACK
6
CONTINUOUS
10
1.3512786220472441
20
2.8144644488188977
11
1.3510668897637794
21
2.8144493700787403
0
LINE
8
BLACK
6
CONTINUOUS
10
1.3510668897637794
20
2.8144493700787403
11
1.3508709448818896
21
2.8143682283464568
0
LINE
8
BLACK
6
CONTINUOUS
10
1.3508709448818896
20
2.8143682283464568
11
1.3497844488188977
21
2.8143582677165355
0
LINE
8
BLACK
6
CONTINUOUS
10
1.3497844488188977
20
2.8143582677165355
11
1.3489801574803149
21
2.8143011417322832
0
LINE
8
BLACK
6
CONTINUOUS
10
1.3489801574803149
20
2.8143011417322832
11
1.3488347637795275
21
2.8143495669291339
0
LINE
8
BLACK
6
CONTINUOUS
10
1.3488347637795275
20
2.8143495669291339
11
1.3384702362204723
21
2.8142547637795277
0
LINE
8
BLACK
6
CONTINUOUS
10
1.3384702362204723
20
2.8142547637795277
11
1.3373181102362204
21
2.8143682283464568
0
LINE
8
BLACK
6
CONTINUOUS
10
1.3373181102362204
20
2.8143682283464568
11
1.3371220078740158
21
2.8144494488188974
0
LINE
8
BLACK
6
CONTINUOUS
10
1.3371220078740158
20
2.8144494488188974
11
1.3369104330708661
21
2.8144644881889764
0
LINE
8
BLACK
6
CONTINUOUS
10
1.3369104330708661
20
2.8144644881889764
11
1.3358243700787402
21
2.8149869685039368
0
LINE
8
BLACK
6
CONTINUOUS
10
1.3358243700787402
20
2.8149869685039368
11
1.3351892913385826
21
2.8152500393700786
0
LINE
8
BLACK
6
CONTINUOUS
10
1.3351892913385826
20
2.8152500393700786
11
1.3351074409448818
21
2.8153318503937008
0
LINE
8
BLACK
6
CONTINUOUS
10
1.3351074409448818
20
2.8153318503937008
11
1.3302049212598426
21
2.8176903937007873
0
LINE
8
BLACK
6
CONTINUOUS
10
1.3302049212598426
20
2.8176903937007873
11
1.3297090944881889
21
2.8180024803149606
0
LINE
8
BLACK
6
CONTINUOUS
10
1.3297090944881889
20
2.8180024803149606
11
1.3295650393700786
21
2.8180621653543305
0
LINE
8
BLACK
6
CONTINUOUS
10
1.3295650393700786
20
2.8180621653543305
11
1.3294702362204724
21
2.818152834645669
0
LINE
8
BLACK
6
CONTINUOUS
10
1.3294702362204724
20
2.818152834645669
11
1.3292251574803149
21
2.8183071259842518
0
LINE
8
BLACK
6
CONTINUOUS
10
1.3292251574803149
20
2.8183071259842518
11
1.3288166141732283
21
2.8187781496062994
0
LINE
8
BLACK
6
CONTINUOUS
10
1.3288166141732283
20
2.8187781496062994
11
1.3258579921259843
21
2.8216087007874013
0
LINE
8
BLACK
6
CONTINUOUS
10
1.3258579921259843
20
2.8216087007874013
11
1.3254863385826772
21
2.8220615354330709
0
LINE
8
BLACK
6
CONTINUOUS
10
1.3254863385826772
20
2.8220615354330709
11
1.325368464566929
21
2.8221637795275591
0
LINE
8
BLACK
6
CONTINUOUS
10
1.325368464566929
20
2.8221637795275591
11
1.3253099212598425
21
2.822276496062992
0
LINE
8
BLACK
6
CONTINUOUS
10
1.3253099212598425
20
2.822276496062992
11
1.3251235433070865
21
2.8225036220472441
0
LINE
8
BLACK
6
CONTINUOUS
10
1.3251235433070865
20
2.8225036220472441
11
1.3248533464566929
21
2.8231558661417324
0
LINE
8
BLACK
6
CONTINUOUS
10
1.3248533464566929
20
2.8231558661417324
11
1.3219396062992126
21
2.8287678346456691
0
LINE
8
BLACK
6
CONTINUOUS
10
1.3219396062992126
20
2.8287678346456691
11
1.3215258267716534
21
2.8298490944881891
0
LINE
8
BLACK
6
CONTINUOUS
10
1.3215258267716534
20
2.8298490944881891
11
1.3215107874015748
21
2.8300607086614171
0
LINE
8
BLACK
6
CONTINUOUS
10
1.3215107874015748
20
2.8300607086614171
11
1.3214296062992126
21
2.8302567322834644
0
LINE
8
BLACK
6
CONTINUOUS
10
1.3214296062992126
20
2.8302567322834644
11
1.3214196456692913
21
2.8313432283464568
0
LINE
8
BLACK
6
CONTINUOUS
10
1.3214196456692913
20
2.8313432283464568
11
1.3213625196850394
21
2.8321475196850394
0
LINE
8
BLACK
6
CONTINUOUS
10
1.3213625196850394
20
2.8321475196850394
11
1.3214109448818898
21
2.832292874015748
0
LINE
8
BLACK
6
CONTINUOUS
10
1.3214109448818898
20
2.832292874015748
11
1.3213161417322834
21
2.8426574803149607
0
LINE
8
BLACK
6
CONTINUOUS
10
1.3213161417322834
20
2.8426574803149607
11
1.3214296062992126
21
2.8438096062992124
0
LINE
8
BLACK
6
CONTINUOUS
10
1.3214296062992126
20
2.8438096062992124
11
1.3215107874015748
21
2.844005590551181
0
LINE
8
BLACK
6
CONTINUOUS
10
1.3215107874015748
20
2.844005590551181
11
1.3215258267716534
21
2.8442172440944882
0
LINE
8
BLACK
6
CONTINUOUS
10
1.3215258267716534
20
2.8442172440944882
11
1.322048464566929
21
2.8453036614173226
0
LINE
8
BLACK
6
CONTINUOUS
10
1.322048464566929
20
2.8453036614173226
11
1.3223114173228345
21
2.8459384251968505
0
LINE
8
BLACK
6
CONTINUOUS
10
1.3223114173228345
20
2.8459384251968505
11
1.322393188976378
21
2.8460201968503935
0
LINE
8
BLACK
6
CONTINUOUS
10
1.322393188976378
20
2.8460201968503935
11
1.3247517322834645
21
2.8509227952755904
0
LINE
8
BLACK
6
CONTINUOUS
10
1.3247517322834645
20
2.8509227952755904
11
1.3250638582677166
21
2.8514186614173229
0
LINE
8
BLACK
6
CONTINUOUS
10
1.3250638582677166
20
2.8514186614173229
11
1.3251235433070865
21
2.8515627165354331
0
LINE
8
BLACK
6
CONTINUOUS
10
1.3251235433070865
20
2.8515627165354331
11
1.3252141732283464
21
2.8516574409448818
0
LINE
8
BLACK
6
CONTINUOUS
10
1.3252141732283464
20
2.8516574409448818
11
1.325368464566929
21
2.8519025590551181
0
LINE
8
BLACK
6
CONTINUOUS
10
1.325368464566929
20
2.8519025590551181
11
1.3258395275590551
21
2.8523111023622048
0
LINE
8
BLACK
6
CONTINUOUS
10
1.3258395275590551
20
2.8523111023622048
11
1.3273685433070865
21
2.8539092913385824
0
LINE
8
BLACK
6
CONTINUOUS
10
1.3273685433070865
20
2.8539092913385824
11
1.3258579527559056
21
2.8553545275590548
0
LINE
8
BLACK
6
CONTINUOUS
10
1.3258579527559056
20
2.8553545275590548
11
1.3254862992125984
21
2.8558073228346457
0
LINE
8
BLACK
6
CONTINUOUS
10
1.3254862992125984
20
2.8558073228346457
11
1.325368464566929
21
2.8559095669291339
0
LINE
8
BLACK
6
CONTINUOUS
10
1.325368464566929
20
2.8559095669291339
11
1.3253099212598425
21
2.856022244094488
0
LINE
8
BLACK
6
CONTINUOUS
10
1.3253099212598425
20
2.856022244094488
11
1.325123503937008
21
2.8562494488188976
0
LINE
8
BLACK
6
CONTINUOUS
10
1.325123503937008
20
2.8562494488188976
11
1.3248533070866142
21
2.8569017322834647
0
LINE
8
BLACK
6
CONTINUOUS
10
1.3248533070866142
20
2.8569017322834647
11
1.3219396062992126
21
2.8625136220472442
0
LINE
8
BLACK
6
CONTINUOUS
10
1.3219396062992126
20
2.8625136220472442
11
1.3215258267716534
21
2.8635948818897639
0
LINE
8
BLACK
6
CONTINUOUS
10
1.3215258267716534
20
2.8635948818897639
11
1.3215107874015748
21
2.8638064960629919
0
LINE
8
BLACK
6
CONTINUOUS
10
1.3215107874015748
20
2.8638064960629919
11
1.3214296062992126
21
2.8640025196850392
0
LINE
8
BLACK
6
CONTINUOUS
10
1.3214296062992126
20
2.8640025196850392
11
1.3213842125984252
21
2.8655876377952754
0
LINE
8
BLACK
6
CONTINUOUS
10
1.3213842125984252
20
2.8655876377952754
11
1.3213625196850394
21
2.8658933070866142
0
LINE
8
BLACK
6
CONTINUOUS
10
1.3213625196850394
20
2.8658933070866142
11
1.3213744488188977
21
2.8659291338582675
0
LINE
8
BLACK
6
CONTINUOUS
10
1.3213744488188977
20
2.8659291338582675
11
1.3213161417322834
21
2.8679668110236221
0
LINE
8
BLACK
6
CONTINUOUS
10
1.3213161417322834
20
2.8679668110236221
11
1.3214296062992126
21
2.8691189370078738
0
LINE
8
BLACK
6
CONTINUOUS
10
1.3214296062992126
20
2.8691189370078738
11
1.3215107874015748
21
2.8693149212598423
0
LINE
8
BLACK
6
CONTINUOUS
10
1.3215107874015748
20
2.8693149212598423
11
1.3215258267716534
21
2.8695265748031495
0
LINE
8
BLACK
6
CONTINUOUS
10
1.3215258267716534
20
2.8695265748031495
11
1.322048464566929
21
2.870612992125984
0
LINE
8
BLACK
6
CONTINUOUS
10
1.322048464566929
20
2.870612992125984
11
1.3223114173228345
21
2.8712477559055118
0
LINE
8
BLACK
6
CONTINUOUS
10
1.3223114173228345
20
2.8712477559055118
11
1.322393188976378
21
2.8713295275590549
0
LINE
8
BLACK
6
CONTINUOUS
10
1.322393188976378
20
2.8713295275590549
11
1.3247517322834645
21
2.8762321259842518
0
LINE
8
BLACK
6
CONTINUOUS
10
1.3247517322834645
20
2.8762321259842518
11
1.3250638582677166
21
2.8767279921259843
0
LINE
8
BLACK
6
CONTINUOUS
10
1.3250638582677166
20
2.8767279921259843
11
1.3251235433070865
21
2.8768720472440945
0
LINE
8
BLACK
6
CONTINUOUS
10
1.3251235433070865
20
2.8768720472440945
11
1.3252141732283464
21
2.8769667716535432
0
LINE
8
BLACK
6
CONTINUOUS
10
1.3252141732283464
20
2.8769667716535432
11
1.325368464566929
21
2.8772118897637795
0
LINE
8
BLACK
6
CONTINUOUS
10
1.325368464566929
20
2.8772118897637795
11
1.3258395275590551
21
2.8776204330708661
0
LINE
8
BLACK
6
CONTINUOUS
10
1.3258395275590551
20
2.8776204330708661
11
1.328670157480315
21
2.8805790944881888
0
LINE
8
BLACK
6
CONTINUOUS
10
1.328670157480315
20
2.8805790944881888
11
1.3291229133858267
21
2.8809506692913387
0
LINE
8
BLACK
6
CONTINUOUS
10
1.3291229133858267
20
2.8809506692913387
11
1.3292251574803149
21
2.8810685433070864
0
LINE
8
BLACK
6
CONTINUOUS
10
1.3292251574803149
20
2.8810685433070864
11
1.3293378346456692
21
2.8811270472440946
0
LINE
8
BLACK
6
CONTINUOUS
10
1.3293378346456692
20
2.8811270472440946
11
1.3295650393700786
21
2.8813135039370077
0
LINE
8
BLACK
6
CONTINUOUS
10
1.3295650393700786
20
2.8813135039370077
11
1.3302172047244094
21
2.8815836220472439
0
LINE
8
BLACK
6
CONTINUOUS
10
1.3302172047244094
20
2.8815836220472439
11
1.3358291732283465
21
2.884497440944882
0
LINE
8
BLACK
6
CONTINUOUS
10
1.3358291732283465
20
2.884497440944882
11
1.3369104330708661
21
2.8849111811023622
0
LINE
8
BLACK
6
CONTINUOUS
10
1.3369104330708661
20
2.8849111811023622
11
1.3371220078740158
21
2.8849261811023621
0
LINE
8
BLACK
6
CONTINUOUS
10
1.3371220078740158
20
2.8849261811023621
11
1.3373181102362204
21
2.8850074409448818
0
LINE
8
BLACK
6
CONTINUOUS
10
1.3373181102362204
20
2.8850074409448818
11
1.3384047637795276
21
2.8850173622047244
0
LINE
8
BLACK
6
CONTINUOUS
10
1.3384047637795276
20
2.8850173622047244
11
1.3392088582677164
21
2.885074527559055
0
LINE
8
BLACK
6
CONTINUOUS
10
1.3392088582677164
20
2.885074527559055
11
1.3393542125984252
21
2.8850260629921261
0
LINE
8
BLACK
6
CONTINUOUS
10
1.3393542125984252
20
2.8850260629921261
11
1.3497188188976377
21
2.885120905511811
0
LINE
8
BLACK
6
CONTINUOUS
10
1.3497188188976377
20
2.885120905511811
11
1.3508709448818896
21
2.8850074409448818
0
LINE
8
BLACK
6
CONTINUOUS
10
1.3397244881889763
20
2.8480120078740159
11
1.3361917716535432
21
2.8461777952755907
0
LINE
8
BLACK
6
CONTINUOUS
10
1.3361917716535432
20
2.8461777952755907
11
1.3347355118110236
21
2.84465562992126
0
LINE
8
BLACK
6
CONTINUOUS
10
1.3347355118110236
20
2.84465562992126
11
1.3330382283464566
21
2.8411275590551179
0
LINE
8
BLACK
6
CONTINUOUS
10
1.3330382283464566
20
2.8411275590551179
11
1.3331156692913386
21
2.8326630314960628
0
LINE
8
BLACK
6
CONTINUOUS
10
1.3331156692913386
20
2.8326630314960628
11
1.3349498031496063
21
2.8291304724409447
0
LINE
8
BLACK
6
CONTINUOUS
10
1.3349498031496063
20
2.8291304724409447
11
1.3364720472440945
21
2.8276741338582676
0
LINE
8
BLACK
6
CONTINUOUS
10
1.3364720472440945
20
2.8276741338582676
11
1.3400001181102361
21
2.8259768503937006
0
LINE
8
BLACK
6
CONTINUOUS
10
1.3400001181102361
20
2.8259768503937006
11
1.348464527559055
21
2.8260542913385827
0
LINE
8
BLACK
6
CONTINUOUS
10
1.348464527559055
20
2.8260542913385827
11
1.3519972440944881
21
2.8278885039370079
0
LINE
8
BLACK
6
CONTINUOUS
10
1.3519972440944881
20
2.8278885039370079
11
1.3534535433070867
21
2.8294107086614173
0
LINE
8
BLACK
6
CONTINUOUS
10
1.3534535433070867
20
2.8294107086614173
11
1.3551508267716534
21
2.8329387401574802
0
LINE
8
BLACK
6
CONTINUOUS
10
1.3551508267716534
20
2.8329387401574802
11
1.3550733858267716
21
2.8414031889763778
0
LINE
8
BLACK
6
CONTINUOUS
10
1.3550733858267716
20
2.8414031889763778
11
1.3532392125984252
21
2.8449358267716534
0
LINE
8
BLACK
6
CONTINUOUS
10
1.3532392125984252
20
2.8449358267716534
11
1.3517170078740157
21
2.8463921259842517
0
LINE
8
BLACK
6
CONTINUOUS
10
1.3517170078740157
20
2.8463921259842517
11
1.3481888976377951
21
2.8480894488188975
0
LINE
8
BLACK
6
CONTINUOUS
10
1.3481888976377951
20
2.8480894488188975
11
1.3397244881889763
21
2.8480120078740159
0
LINE
8
BLACK
6
CONTINUOUS
10
1.3397244881889763
20
2.8733213385826772
11
1.3361917716535432
21
2.871487125984252
0
LINE
8
BLACK
6
CONTINUOUS
10
1.3361917716535432
20
2.871487125984252
11
1.3347355118110236
21
2.8699649606299213
0
LINE
8
BLACK
6
CONTINUOUS
10
1.3347355118110236
20
2.8699649606299213
11
1.3330875196850394
21
2.86653937007874
0
LINE
8
BLACK
6
CONTINUOUS
10
1.3330875196850394
20
2.86653937007874
11
1.3330898425196851
21
2.8664586220472441
0
LINE
8
BLACK
6
CONTINUOUS
10
1.3330898425196851
20
2.8664586220472441
11
1.3349498031496063
21
2.8628762598425195
0
LINE
8
BLACK
6
CONTINUOUS
10
1.3349498031496063
20
2.8628762598425195
11
1.3364720472440945
21
2.8614199212598423
0
LINE
8
BLACK
6
CONTINUOUS
10
1.3364720472440945
20
2.8614199212598423
11
1.3400001181102361
21
2.8597226377952754
0
LINE
8
BLACK
6
CONTINUOUS
10
1.3400001181102361
20
2.8597226377952754
11
1.348464527559055
21
2.8598000787401574
0
LINE
8
BLACK
6
CONTINUOUS
10
1.348464527559055
20
2.8598000787401574
11
1.3519972834645668
21
2.8616342913385826
0
LINE
8
BLACK
6
CONTINUOUS
10
1.3519972834645668
20
2.8616342913385826
11
1.3534535433070867
21
2.8631564566929133
0
LINE
8
BLACK
6
CONTINUOUS
10
1.3534535433070867
20
2.8631564566929133
11
1.3551015354330709
21
2.8665820866141734
0
LINE
8
BLACK
6
CONTINUOUS
10
1.3551015354330709
20
2.8665820866141734
11
1.3550992519685039
21
2.866662716535433
0
LINE
8
BLACK
6
CONTINUOUS
10
1.3550992519685039
20
2.866662716535433
11
1.3532392125984252
21
2.8702451574803147
0
LINE
8
BLACK
6
CONTINUOUS
10
1.3532392125984252
20
2.8702451574803147
11
1.3517170078740157
21
2.8717014566929131
0
LINE
8
BLACK
6
CONTINUOUS
10
1.3517170078740157
20
2.8717014566929131
11
1.3481888976377951
21
2.8733987795275588
0
LINE
8
BLACK
6
CONTINUOUS
10
1.3481888976377951
20
2.8733987795275588
11
1.3397244881889763
21
2.8733213385826772
0
LINE
8
BLACK
6
CONTINUOUS
10
1.4043017716535433
20
2.8850074409448818
11
1.4044978346456694
21
2.8849261811023621
0
LINE
8
BLACK
6
CONTINUOUS
10
1.4044978346456694
20
2.8849261811023621
11
1.4047094488188976
21
2.8849111811023622
0
LINE
8
BLACK
6
CONTINUOUS
10
1.4047094488188976
20
2.8849111811023622
11
1.4057954724409449
21
2.8843886614173226
0
LINE
8
BLACK
6
CONTINUOUS
10
1.4057954724409449
20
2.8843886614173226
11
1.4064305905511811
21
2.8841256299212596
0
LINE
8
BLACK
6
CONTINUOUS
10
1.4064305905511811
20
2.8841256299212596
11
1.4065124015748032
21
2.8840437795275591
0
LINE
8
BLACK
6
CONTINUOUS
10
1.4065124015748032
20
2.8840437795275591
11
1.4114149606299213
21
2.8816852755905513
0
LINE
8
BLACK
6
CONTINUOUS
10
1.4114149606299213
20
2.8816852755905513
11
1.4119108267716536
21
2.8813731102362206
0
LINE
8
BLACK
6
CONTINUOUS
10
1.4119108267716536
20
2.8813731102362206
11
1.4120548031496063
21
2.8813135039370077
0
LINE
8
BLACK
6
CONTINUOUS
10
1.4120548031496063
20
2.8813135039370077
11
1.4121494881889765
21
2.8812228740157479
0
LINE
8
BLACK
6
CONTINUOUS
10
1.4121494881889765
20
2.8812228740157479
11
1.4123947244094488
21
2.8810685433070864
0
LINE
8
BLACK
6
CONTINUOUS
10
1.4123947244094488
20
2.8810685433070864
11
1.4128033464566929
21
2.8805973622047243
0
LINE
8
BLACK
6
CONTINUOUS
10
1.4128033464566929
20
2.8805973622047243
11
1.4157618897637796
21
2.8777669685039369
0
LINE
8
BLACK
6
CONTINUOUS
10
1.4157618897637796
20
2.8777669685039369
11
1.416133622047244
21
2.8773139763779527
0
LINE
8
BLACK
6
CONTINUOUS
10
1.416133622047244
20
2.8773139763779527
11
1.4162514173228347
21
2.8772118503937008
0
LINE
8
BLACK
6
CONTINUOUS
10
1.4162514173228347
20
2.8772118503937008
11
1.4163098818897637
21
2.8770992125984249
0
LINE
8
BLACK
6
CONTINUOUS
10
1.4163098818897637
20
2.8770992125984249
11
1.4164963385826772
21
2.8768720472440945
0
LINE
8
BLACK
6
CONTINUOUS
10
1.4164963385826772
20
2.8768720472440945
11
1.4167665354330707
21
2.87621968503937
0
LINE
8
BLACK
6
CONTINUOUS
10
1.4167665354330707
20
2.87621968503937
11
1.4196802755905511
21
2.8706077952755904
0
LINE
8
BLACK
6
CONTINUOUS
10
1.4196802755905511
20
2.8706077952755904
11
1.4197124409448818
21
2.8705236614173226
0
LINE
8
BLACK
6
CONTINUOUS
10
1.4197124409448818
20
2.8705236614173226
11
1.4197379133858268
21
2.8704893307086614
0
LINE
8
BLACK
6
CONTINUOUS
10
1.4197379133858268
20
2.8704893307086614
11
1.4197638188976378
21
2.8703894881889762
0
LINE
8
BLACK
6
CONTINUOUS
10
1.4197638188976378
20
2.8703894881889762
11
1.4200940551181103
21
2.8695265748031495
0
LINE
8
BLACK
6
CONTINUOUS
10
1.4200940551181103
20
2.8695265748031495
11
1.4201341338582676
21
2.868962244094488
0
LINE
8
BLACK
6
CONTINUOUS
10
1.4201341338582676
20
2.868962244094488
11
1.4229395669291338
21
2.8581505118110235
0
LINE
8
BLACK
6
CONTINUOUS
10
1.4229395669291338
20
2.8581505118110235
11
1.422969094488189
21
2.8579507874015748
0
LINE
8
BLACK
6
CONTINUOUS
10
1.422969094488189
20
2.8579507874015748
11
1.4230024409448818
21
2.8578703149606297
0
LINE
8
BLACK
6
CONTINUOUS
10
1.4230024409448818
20
2.8578703149606297
11
1.4230035433070867
21
2.8577176377952753
0
LINE
8
BLACK
6
CONTINUOUS
10
1.4230035433070867
20
2.8577176377952753
11
1.423108937007874
21
2.8570052755905513
0
LINE
8
BLACK
6
CONTINUOUS
10
1.423108937007874
20
2.8570052755905513
11
1.4230136614173228
21
2.8563650787401573
0
LINE
8
BLACK
6
CONTINUOUS
10
1.4230136614173228
20
2.8563650787401573
11
1.423115905511811
21
2.8426574803149607
0
LINE
8
BLACK
6
CONTINUOUS
10
1.423115905511811
20
2.8426574803149607
11
1.4230961023622046
21
2.8424565354330706
0
LINE
8
BLACK
6
CONTINUOUS
10
1.4230961023622046
20
2.8424565354330706
11
1.423108937007874
21
2.8423703937007874
0
LINE
8
BLACK
6
CONTINUOUS
10
1.423108937007874
20
2.8423703937007874
11
1.4230728346456694
21
2.842220433070866
0
LINE
8
BLACK
6
CONTINUOUS
10
1.4230728346456694
20
2.842220433070866
11
1.4230024409448818
21
2.8415053543307085
0
LINE
8
BLACK
6
CONTINUOUS
10
1.4230024409448818
20
2.8415053543307085
11
1.4227600787401575
21
2.8409202755905509
0
LINE
8
BLACK
6
CONTINUOUS
10
1.4227600787401575
20
2.8409202755905509
11
1.4201274015748031
21
2.8299765748031493
0
LINE
8
BLACK
6
CONTINUOUS
10
1.4201274015748031
20
2.8299765748031493
11
1.4200970472440944
21
2.8298916929133857
0
LINE
8
BLACK
6
CONTINUOUS
10
1.4200970472440944
20
2.8298916929133857
11
1.4200940551181103
21
2.8298490944881891
0
LINE
8
BLACK
6
CONTINUOUS
10
1.4200940551181103
20
2.8298490944881891
11
1.4200466535433069
21
2.8297505905511811
0
LINE
8
BLACK
6
CONTINUOUS
10
1.4200466535433069
20
2.8297505905511811
11
1.4197379133858268
21
2.8288863385826772
0
LINE
8
BLACK
6
CONTINUOUS
10
1.4197379133858268
20
2.8288863385826772
11
1.4194327559055118
21
2.828474527559055
0
LINE
8
BLACK
6
CONTINUOUS
10
1.4194327559055118
20
2.828474527559055
11
1.4168681496062991
21
2.8231435433070864
0
LINE
8
BLACK
6
CONTINUOUS
10
1.4168681496062991
20
2.8231435433070864
11
1.4165559842519684
21
2.8226476771653544
0
LINE
8
BLACK
6
CONTINUOUS
10
1.4165559842519684
20
2.8226476771653544
11
1.4164963385826772
21
2.8225036220472441
0
LINE
8
BLACK
6
CONTINUOUS
10
1.4164963385826772
20
2.8225036220472441
11
1.4164056299212597
21
2.8224088188976379
0
LINE
8
BLACK
6
CONTINUOUS
10
1.4164056299212597
20
2.8224088188976379
11
1.4162514173228347
21
2.8221638188976379
0
LINE
8
BLACK
6
CONTINUOUS
10
1.4162514173228347
20
2.8221638188976379
11
1.4157804724409448
21
2.8217553543307088
0
LINE
8
BLACK
6
CONTINUOUS
10
1.4157804724409448
20
2.8217553543307088
11
1.4129497244094489
21
2.8187965748031494
0
LINE
8
BLACK
6
CONTINUOUS
10
1.4129497244094489
20
2.8187965748031494
11
1.412496968503937
21
2.818425
0
LINE
8
BLACK
6
CONTINUOUS
10
1.412496968503937
20
2.818425
11
1.4123947244094488
21
2.8183071259842518
0
LINE
8
BLACK
6
CONTINUOUS
10
1.4123947244094488
20
2.8183071259842518
11
1.4122819291338582
21
2.8182485433070865
0
LINE
8
BLACK
6
CONTINUOUS
10
1.4122819291338582
20
2.8182485433070865
11
1.4120548031496063
21
2.8180621653543305
0
LINE
8
BLACK
6
CONTINUOUS
10
1.4120548031496063
20
2.8180621653543305
11
1.411402716535433
21
2.8177920472440943
0
LINE
8
BLACK
6
CONTINUOUS
10
1.411402716535433
20
2.8177920472440943
11
1.4057906692913384
21
2.8148782283464566
0
LINE
8
BLACK
6
CONTINUOUS
10
1.4057906692913384
20
2.8148782283464566
11
1.4047094488188976
21
2.8144644881889764
0
LINE
8
BLACK
6
CONTINUOUS
10
1.4047094488188976
20
2.8144644881889764
11
1.4044978346456694
21
2.8144494488188974
0
LINE
8
BLACK
6
CONTINUOUS
10
1.4044978346456694
20
2.8144494488188974
11
1.4043017716535433
21
2.8143682283464568
0
LINE
8
BLACK
6
CONTINUOUS
10
1.4043017716535433
20
2.8143682283464568
11
1.4030631496062991
21
2.8143474803149604
0
LINE
8
BLACK
6
CONTINUOUS
10
1.4030631496062991
20
2.8143474803149604
11
1.4024110236220473
21
2.8143011417322832
0
LINE
8
BLACK
6
CONTINUOUS
10
1.4024110236220473
20
2.8143011417322832
11
1.4023098031496062
21
2.8143348425196848
0
LINE
8
BLACK
6
CONTINUOUS
10
1.4023098031496062
20
2.8143348425196848
11
1.3975253543307087
21
2.8142547637795277
0
LINE
8
BLACK
6
CONTINUOUS
10
1.3975253543307087
20
2.8142547637795277
11
1.3963732283464567
21
2.8143682283464568
0
LINE
8
BLACK
6
CONTINUOUS
10
1.3963732283464567
20
2.8143682283464568
11
1.3961771259842519
21
2.8144494488188974
0
LINE
8
BLACK
6
CONTINUOUS
10
1.3961771259842519
20
2.8144494488188974
11
1.3959655511811024
21
2.8144644881889764
0
LINE
8
BLACK
6
CONTINUOUS
10
1.3959655511811024
20
2.8144644881889764
11
1.3948794881889763
21
2.8149869685039368
0
LINE
8
BLACK
6
CONTINUOUS
10
1.3948794881889763
20
2.8149869685039368
11
1.3942444094488189
21
2.8152500393700786
0
LINE
8
BLACK
6
CONTINUOUS
10
1.3942444094488189
20
2.8152500393700786
11
1.3941625590551181
21
2.8153318503937008
0
LINE
8
BLACK
6
CONTINUOUS
10
1.3941625590551181
20
2.8153318503937008
11
1.3892600393700787
21
2.8176903937007873
0
LINE
8
BLACK
6
CONTINUOUS
10
1.3892600393700787
20
2.8176903937007873
11
1.3887642125984252
21
2.8180024803149606
0
LINE
8
BLACK
6
CONTINUOUS
10
1.3887642125984252
20
2.8180024803149606
11
1.388620157480315
21
2.8180621653543305
0
LINE
8
BLACK
6
CONTINUOUS
10
1.388620157480315
20
2.8180621653543305
11
1.3885253543307086
21
2.818152834645669
0
LINE
8
BLACK
6
CONTINUOUS
10
1.3885253543307086
20
2.818152834645669
11
1.3882802755905512
21
2.8183071259842518
0
LINE
8
BLACK
6
CONTINUOUS
10
1.3882802755905512
20
2.8183071259842518
11
1.3878717322834646
21
2.8187781496062994
0
LINE
8
BLACK
6
CONTINUOUS
10
1.3878717322834646
20
2.8187781496062994
11
1.3849131102362204
21
2.8216087007874013
0
LINE
8
BLACK
6
CONTINUOUS
10
1.3849131102362204
20
2.8216087007874013
11
1.3845414566929133
21
2.8220615354330709
0
LINE
8
BLACK
6
CONTINUOUS
10
1.3845414566929133
20
2.8220615354330709
11
1.3844235826771654
21
2.8221637795275591
0
LINE
8
BLACK
6
CONTINUOUS
10
1.3844235826771654
20
2.8221637795275591
11
1.3843650393700786
21
2.822276496062992
0
LINE
8
BLACK
6
CONTINUOUS
10
1.3843650393700786
20
2.822276496062992
11
1.3841786614173228
21
2.8225036220472441
0
LINE
8
BLACK
6
CONTINUOUS
10
1.3841786614173228
20
2.8225036220472441
11
1.3839085039370078
21
2.8231557874015749
0
LINE
8
BLACK
6
CONTINUOUS
10
1.3839085039370078
20
2.8231557874015749
11
1.38099468503937
21
2.8287678346456691
0
LINE
8
BLACK
6
CONTINUOUS
10
1.38099468503937
20
2.8287678346456691
11
1.3809624015748032
21
2.8288520866141731
0
LINE
8
BLACK
6
CONTINUOUS
10
1.3809624015748032
20
2.8288520866141731
11
1.3809370472440945
21
2.828886377952756
0
LINE
8
BLACK
6
CONTINUOUS
10
1.3809370472440945
20
2.828886377952756
11
1.3809111811023622
21
2.828986023622047
0
LINE
8
BLACK
6
CONTINUOUS
10
1.3809111811023622
20
2.828986023622047
11
1.3805809448818898
21
2.8298490551181104
0
LINE
8
BLACK
6
CONTINUOUS
10
1.3805809448818898
20
2.8298490551181104
11
1.3805408267716535
21
2.830413307086614
0
LINE
8
BLACK
6
CONTINUOUS
10
1.3805408267716535
20
2.830413307086614
11
1.3777354330708662
21
2.8412251968503934
0
LINE
8
BLACK
6
CONTINUOUS
10
1.3777354330708662
20
2.8412251968503934
11
1.377705905511811
21
2.8414248425196851
0
LINE
8
BLACK
6
CONTINUOUS
10
1.377705905511811
20
2.8414248425196851
11
1.377672559055118
21
2.8415053543307085
0
LINE
8
BLACK
6
CONTINUOUS
10
1.377672559055118
20
2.8415053543307085
11
1.3776714173228346
21
2.8416580314960629
0
LINE
8
BLACK
6
CONTINUOUS
10
1.3776714173228346
20
2.8416580314960629
11
1.377566062992126
21
2.8423704330708661
0
LINE
8
BLACK
6
CONTINUOUS
10
1.377566062992126
20
2.8423704330708661
11
1.3776612992125985
21
2.8430105905511809
0
LINE
8
BLACK
6
CONTINUOUS
10
1.3776612992125985
20
2.8430105905511809
11
1.377559094488189
21
2.856718188976378
0
LINE
8
BLACK
6
CONTINUOUS
10
1.377559094488189
20
2.856718188976378
11
1.3775788582677164
21
2.8569190944881888
0
LINE
8
BLACK
6
CONTINUOUS
10
1.3775788582677164
20
2.8569190944881888
11
1.377566062992126
21
2.8570052362204725
0
LINE
8
BLACK
6
CONTINUOUS
10
1.377566062992126
20
2.8570052362204725
11
1.3776021259842519
21
2.8571551181102364
0
LINE
8
BLACK
6
CONTINUOUS
10
1.3776021259842519
20
2.8571551181102364
11
1.377672559055118
21
2.8578703149606297
0
LINE
8
BLACK
6
CONTINUOUS
10
1.377672559055118
20
2.8578703149606297
11
1.3779148818897637
21
2.8584553937007873
0
LINE
8
BLACK
6
CONTINUOUS
10
1.3779148818897637
20
2.8584553937007873
11
1.3805475590551182
21
2.8693990944881889
0
LINE
8
BLACK
6
CONTINUOUS
10
1.3805475590551182
20
2.8693990944881889
11
1.3805779133858267
21
2.86948405511811
0
LINE
8
BLACK
6
CONTINUOUS
10
1.3805779133858267
20
2.86948405511811
11
1.3805809448818898
21
2.8695266141732283
0
LINE
8
BLACK
6
CONTINUOUS
10
1.3805809448818898
20
2.8695266141732283
11
1.3806282283464566
21
2.8696249212598426
0
LINE
8
BLACK
6
CONTINUOUS
10
1.3806282283464566
20
2.8696249212598426
11
1.3809370472440945
21
2.8704892913385827
0
LINE
8
BLACK
6
CONTINUOUS
10
1.3809370472440945
20
2.8704892913385827
11
1.3812422047244095
21
2.8709011023622049
0
LINE
8
BLACK
6
CONTINUOUS
10
1.3812422047244095
20
2.8709011023622049
11
1.3838068503937007
21
2.8762321259842518
0
LINE
8
BLACK
6
CONTINUOUS
10
1.3838068503937007
20
2.8762321259842518
11
1.3841189763779527
21
2.8767279921259843
0
LINE
8
BLACK
6
CONTINUOUS
10
1.3841189763779527
20
2.8767279921259843
11
1.3841786614173228
21
2.8768720472440945
0
LINE
8
BLACK
6
CONTINUOUS
10
1.3841786614173228
20
2.8768720472440945
11
1.3842692913385826
21
2.8769667716535432
0
LINE
8
BLACK
6
CONTINUOUS
10
1.3842692913385826
20
2.8769667716535432
11
1.3844235826771654
21
2.8772118897637795
0
LINE
8
BLACK
6
CONTINUOUS
10
1.3844235826771654
20
2.8772118897637795
11
1.3848946456692912
21
2.8776204330708661
0
LINE
8
BLACK
6
CONTINUOUS
10
1.3848946456692912
20
2.8776204330708661
11
1.3877252755905511
21
2.8805790944881888
0
LINE
8
BLACK
6
CONTINUOUS
10
1.3877252755905511
20
2.8805790944881888
11
1.388178031496063
21
2.8809506692913387
0
LINE
8
BLACK
6
CONTINUOUS
10
1.388178031496063
20
2.8809506692913387
11
1.3882802755905512
21
2.8810685433070864
0
LINE
8
BLACK
6
CONTINUOUS
10
1.3882802755905512
20
2.8810685433070864
11
1.3883929527559056
21
2.8811270472440946
0
LINE
8
BLACK
6
CONTINUOUS
10
1.3883929527559056
20
2.8811270472440946
11
1.388620157480315
21
2.8813135039370077
0
LINE
8
BLACK
6
CONTINUOUS
10
1.388620157480315
20
2.8813135039370077
11
1.3892723228346457
21
2.8815836220472439
0
LINE
8
BLACK
6
CONTINUOUS
10
1.3892723228346457
20
2.8815836220472439
11
1.3948842913385826
21
2.884497440944882
0
LINE
8
BLACK
6
CONTINUOUS
10
1.3948842913385826
20
2.884497440944882
11
1.3959655511811024
21
2.8849111811023622
0
LINE
8
BLACK
6
CONTINUOUS
10
1.3959655511811024
20
2.8849111811023622
11
1.3961771259842519
21
2.8849261811023621
0
LINE
8
BLACK
6
CONTINUOUS
10
1.3961771259842519
20
2.8849261811023621
11
1.3963732283464567
21
2.8850074409448818
0
LINE
8
BLACK
6
CONTINUOUS
10
1.3963732283464567
20
2.8850074409448818
11
1.397611811023622
21
2.8850281496062991
0
LINE
8
BLACK
6
CONTINUOUS
10
1.397611811023622
20
2.8850281496062991
11
1.3982639763779527
21
2.885074527559055
0
LINE
8
BLACK
6
CONTINUOUS
10
1.3982639763779527
20
2.885074527559055
11
1.3983651574803149
21
2.8850407874015747
0
LINE
8
BLACK
6
CONTINUOUS
10
1.3983651574803149
20
2.8850407874015747
11
1.4031496456692913
21
2.885120905511811
0
LINE
8
BLACK
6
CONTINUOUS
10
1.4031496456692913
20
2.885120905511811
11
1.4043017716535433
21
2.8850074409448818
0
LINE
8
BLACK
6
CONTINUOUS
10
1.3987985826771654
20
2.8733311811023623
11
1.3952468897637795
21
2.871487125984252
0
LINE
8
BLACK
6
CONTINUOUS
10
1.3952468897637795
20
2.871487125984252
11
1.3937905905511812
21
2.8699649212598426
0
LINE
8
BLACK
6
CONTINUOUS
10
1.3937905905511812
20
2.8699649212598426
11
1.3916592125984251
21
2.8655345669291337
0
LINE
8
BLACK
6
CONTINUOUS
10
1.3916592125984251
20
2.8655345669291337
11
1.3892734251968504
21
2.855617125984252
0
LINE
8
BLACK
6
CONTINUOUS
10
1.3892734251968504
20
2.855617125984252
11
1.3893674803149605
21
2.8430094094488187
0
LINE
8
BLACK
6
CONTINUOUS
10
1.3893674803149605
20
2.8430094094488187
11
1.3919335039370078
21
2.8331200393700788
0
LINE
8
BLACK
6
CONTINUOUS
10
1.3919335039370078
20
2.8331200393700788
11
1.3940049999999999
21
2.8291303937007872
0
LINE
8
BLACK
6
CONTINUOUS
10
1.3940049999999999
20
2.8291303937007872
11
1.3955271653543306
21
2.8276741338582676
0
LINE
8
BLACK
6
CONTINUOUS
10
1.3955271653543306
20
2.8276741338582676
11
1.3990143307086613
21
2.8259965354330707
0
LINE
8
BLACK
6
CONTINUOUS
10
1.3990143307086613
20
2.8259965354330707
11
1.4018763779527559
21
2.8260444488188976
0
LINE
8
BLACK
6
CONTINUOUS
10
1.4018763779527559
20
2.8260444488188976
11
1.4054281102362205
21
2.8278885433070866
0
LINE
8
BLACK
6
CONTINUOUS
10
1.4054281102362205
20
2.8278885433070866
11
1.4068843307086614
21
2.8294106692913386
0
LINE
8
BLACK
6
CONTINUOUS
10
1.4068843307086614
20
2.8294106692913386
11
1.409015748031496
21
2.8338411023622045
0
LINE
8
BLACK
6
CONTINUOUS
10
1.409015748031496
20
2.8338411023622045
11
1.4114015354330709
21
2.8437585433070867
0
LINE
8
BLACK
6
CONTINUOUS
10
1.4114015354330709
20
2.8437585433070867
11
1.4113074803149606
21
2.8563662204724407
0
LINE
8
BLACK
6
CONTINUOUS
10
1.4113074803149606
20
2.8563662204724407
11
1.4087413779527558
21
2.8662556692913386
0
LINE
8
BLACK
6
CONTINUOUS
10
1.4087413779527558
20
2.8662556692913386
11
1.4066700393700786
21
2.8702451574803147
0
LINE
8
BLACK
6
CONTINUOUS
10
1.4066700393700786
20
2.8702451574803147
11
1.4051477559055119
21
2.8717014960629919
0
LINE
8
BLACK
6
CONTINUOUS
10
1.4051477559055119
20
2.8717014960629919
11
1.4016606299212597
21
2.8733790944881887
0
LINE
8
BLACK
6
CONTINUOUS
10
1.4016606299212597
20
2.8733790944881887
11
1.3987985826771654
21
2.8733311811023623
0
LINE
8
BLACK
6
CONTINUOUS
10
1.603964251968504
20
2.8850074409448818
11
1.6041601968503936
21
2.8849262598425196
0
LINE
8
BLACK
6
CONTINUOUS
10
1.6041601968503936
20
2.8849262598425196
11
1.6043719291338583
21
2.884911220472441
0
LINE
8
BLACK
6
CONTINUOUS
10
1.6043719291338583
20
2.884911220472441
11
1.6054585039370077
21
2.8843884645669289
0
LINE
8
BLACK
6
CONTINUOUS
10
1.6054585039370077
20
2.8843884645669289
11
1.6060930708661416
21
2.8841256299212596
0
LINE
8
BLACK
6
CONTINUOUS
10
1.6060930708661416
20
2.8841256299212596
11
1.6061748031496064
21
2.8840438582677166
0
LINE
8
BLACK
6
CONTINUOUS
10
1.6061748031496064
20
2.8840438582677166
11
1.6110774803149606
21
2.8816852755905513
0
LINE
8
BLACK
6
CONTINUOUS
10
1.6110774803149606
20
2.8816852755905513
11
1.6115732677165353
21
2.8813731496062993
0
LINE
8
BLACK
6
CONTINUOUS
10
1.6115732677165353
20
2.8813731496062993
11
1.6117173622047243
21
2.8813135039370077
0
LINE
8
BLACK
6
CONTINUOUS
10
1.6117173622047243
20
2.8813135039370077
11
1.6118121259842519
21
2.8812227952755904
0
LINE
8
BLACK
6
CONTINUOUS
10
1.6118121259842519
20
2.8812227952755904
11
1.6120572440944883
21
2.8810685433070864
0
LINE
8
BLACK
6
CONTINUOUS
10
1.6120572440944883
20
2.8810685433070864
11
1.6124657480314961
21
2.8805974803149605
0
LINE
8
BLACK
6
CONTINUOUS
10
1.6124657480314961
20
2.8805974803149605
11
1.6154244094488188
21
2.8777669291338581
0
LINE
8
BLACK
6
CONTINUOUS
10
1.6154244094488188
20
2.8777669291338581
11
1.615796062992126
21
2.8773140551181102
0
LINE
8
BLACK
6
CONTINUOUS
10
1.615796062992126
20
2.8773140551181102
11
1.6159138976377951
21
2.8772118897637795
0
LINE
8
BLACK
6
CONTINUOUS
10
1.6159138976377951
20
2.8772118897637795
11
1.6159723622047244
21
2.8770992519685037
0
LINE
8
BLACK
6
CONTINUOUS
10
1.6159723622047244
20
2.8770992519685037
11
1.6161588582677164
21
2.8768720472440945
0
LINE
8
BLACK
6
CONTINUOUS
10
1.6161588582677164
20
2.8768720472440945
11
1.6164289763779527
21
2.8762197637795275
0
LINE
8
BLACK
6
CONTINUOUS
10
1.6164289763779527
20
2.8762197637795275
11
1.6193427952755906
21
2.8706078740157479
0
LINE
8
BLACK
6
CONTINUOUS
10
1.6193427952755906
20
2.8706078740157479
11
1.6197565354330707
21
2.8695266141732283
0
LINE
8
BLACK
6
CONTINUOUS
10
1.6197565354330707
20
2.8695266141732283
11
1.6197715354330708
21
2.8693149999999998
0
LINE
8
BLACK
6
CONTINUOUS
10
1.6197715354330708
20
2.8693149999999998
11
1.6198527952755906
21
2.8691189370078738
0
LINE
8
BLACK
6
CONTINUOUS
10
1.6198527952755906
20
2.8691189370078738
11
1.6198735039370078
21
2.86788031496063
0
LINE
8
BLACK
6
CONTINUOUS
10
1.6198735039370078
20
2.86788031496063
11
1.6199198818897638
21
2.867228188976378
0
LINE
8
BLACK
6
CONTINUOUS
10
1.6199198818897638
20
2.867228188976378
11
1.6198861417322834
21
2.8671269685039369
0
LINE
8
BLACK
6
CONTINUOUS
10
1.6198861417322834
20
2.8671269685039369
11
1.6199662598425197
21
2.8623425196850394
0
LINE
8
BLACK
6
CONTINUOUS
10
1.6199662598425197
20
2.8623425196850394
11
1.6199088188976378
21
2.8617593700787403
0
LINE
8
BLACK
6
CONTINUOUS
10
1.6199088188976378
20
2.8617593700787403
11
1.6199198818897638
21
2.8616038976377953
0
LINE
8
BLACK
6
CONTINUOUS
10
1.6199198818897638
20
2.8616038976377953
11
1.6198818110236219
21
2.8614853149606301
0
LINE
8
BLACK
6
CONTINUOUS
10
1.6198818110236219
20
2.8614853149606301
11
1.6198527952755906
21
2.8611903937007872
0
LINE
8
BLACK
6
CONTINUOUS
10
1.6198527952755906
20
2.8611903937007872
11
1.6195619291338583
21
2.8604881889763778
0
LINE
8
BLACK
6
CONTINUOUS
10
1.6195619291338583
20
2.8604881889763778
11
1.6168510236220472
21
2.8520385826771655
0
LINE
8
BLACK
6
CONTINUOUS
10
1.6168510236220472
20
2.8520385826771655
11
1.6163790551181103
21
2.8509814566929133
0
LINE
8
BLACK
6
CONTINUOUS
10
1.6163790551181103
20
2.8509814566929133
11
1.6162400787401574
21
2.850821220472441
0
LINE
8
BLACK
6
CONTINUOUS
10
1.6162400787401574
20
2.850821220472441
11
1.6161588582677164
21
2.8506251181102362
0
LINE
8
BLACK
6
CONTINUOUS
10
1.6161588582677164
20
2.8506251181102362
11
1.615468188976378
21
2.849931220472441
0
LINE
8
BLACK
6
CONTINUOUS
10
1.615468188976378
20
2.849931220472441
11
1.6148692913385827
21
2.8492407086614171
0
LINE
8
BLACK
6
CONTINUOUS
10
1.6148692913385827
20
2.8492407086614171
11
1.6146932283464566
21
2.8491526771653541
0
LINE
8
BLACK
6
CONTINUOUS
10
1.6146932283464566
20
2.8491526771653541
11
1.5916461023622046
21
2.8259983070866141
0
LINE
8
BLACK
6
CONTINUOUS
10
1.5916461023622046
20
2.8259983070866141
11
1.6140607480314961
21
2.8260657874015749
0
LINE
8
BLACK
6
CONTINUOUS
10
1.6140607480314961
20
2.8260657874015749
11
1.6152128740157481
21
2.8259523228346457
0
LINE
8
BLACK
6
CONTINUOUS
10
1.6152128740157481
20
2.8259523228346457
11
1.6173416929133857
21
2.8250705118110235
0
LINE
8
BLACK
6
CONTINUOUS
10
1.6173416929133857
20
2.8250705118110235
11
1.6189709842519684
21
2.8234412204724411
0
LINE
8
BLACK
6
CONTINUOUS
10
1.6189709842519684
20
2.8234412204724411
11
1.6198527952755906
21
2.821312401574803
0
LINE
8
BLACK
6
CONTINUOUS
10
1.6198527952755906
20
2.821312401574803
11
1.6198527952755906
21
2.8190081496062991
0
LINE
8
BLACK
6
CONTINUOUS
10
1.6198527952755906
20
2.8190081496062991
11
1.6189709842519684
21
2.8168793307086615
0
LINE
8
BLACK
6
CONTINUOUS
10
1.6189709842519684
20
2.8168793307086615
11
1.6173416929133857
21
2.8152500393700786
0
LINE
8
BLACK
6
CONTINUOUS
10
1.6173416929133857
20
2.8152500393700786
11
1.6152128740157481
21
2.8143682283464568
0
LINE
8
BLACK
6
CONTINUOUS
10
1.6152128740157481
20
2.8143682283464568
11
1.5775027952755905
21
2.8142547637795277
0
LINE
8
BLACK
6
CONTINUOUS
10
1.5775027952755905
20
2.8142547637795277
11
1.5763506692913385
21
2.8143682283464568
0
LINE
8
BLACK
6
CONTINUOUS
10
1.5763506692913385
20
2.8143682283464568
11
1.5751194488188975
21
2.8148782283464566
0
LINE
8
BLACK
6
CONTINUOUS
10
1.5751194488188975
20
2.8148782283464566
11
1.5742218897637794
21
2.8152499999999998
0
LINE
8
BLACK
6
CONTINUOUS
10
1.5742218897637794
20
2.8152499999999998
11
1.5725925196850394
21
2.8168793700787402
0
LINE
8
BLACK
6
CONTINUOUS
10
1.5725925196850394
20
2.8168793700787402
11
1.5720011417322834
21
2.8183071259842518
0
LINE
8
BLACK
6
CONTINUOUS
10
1.5720011417322834
20
2.8183071259842518
11
1.571710748031496
21
2.8190081496062991
0
LINE
8
BLACK
6
CONTINUOUS
10
1.571710748031496
20
2.8190081496062991
11
1.571710748031496
21
2.821312401574803
0
LINE
8
BLACK
6
CONTINUOUS
10
1.571710748031496
20
2.821312401574803
11
1.5723517716535433
21
2.8228599606299212
0
LINE
8
BLACK
6
CONTINUOUS
10
1.5723517716535433
20
2.8228599606299212
11
1.5725925196850394
21
2.8234411811023623
0
LINE
8
BLACK
6
CONTINUOUS
10
1.5725925196850394
20
2.8234411811023623
11
1.606216062992126
21
2.857221181102362
0
LINE
8
BLACK
6
CONTINUOUS
10
1.606216062992126
20
2.857221181102362
11
1.6082300393700788
21
2.8634986614173226
0
LINE
8
BLACK
6
CONTINUOUS
10
1.6082300393700788
20
2.8634986614173226
11
1.6081765354330708
21
2.8666935433070866
0
LINE
8
BLACK
6
CONTINUOUS
10
1.6081765354330708
20
2.8666935433070866
11
1.6063325196850393
21
2.8702451574803147
0
LINE
8
BLACK
6
CONTINUOUS
10
1.6063325196850393
20
2.8702451574803147
11
1.6048103149606299
21
2.8717014566929131
0
LINE
8
BLACK
6
CONTINUOUS
10
1.6048103149606299
20
2.8717014566929131
11
1.6012729133858268
21
2.8734032677165353
0
LINE
8
BLACK
6
CONTINUOUS
10
1.6012729133858268
20
2.8734032677165353
11
1.590001496062992
21
2.8733191732283463
0
LINE
8
BLACK
6
CONTINUOUS
10
1.590001496062992
20
2.8733191732283463
11
1.5864729921259841
21
2.8714871653543308
0
LINE
8
BLACK
6
CONTINUOUS
10
1.5864729921259841
20
2.8714871653543308
11
1.5844907874015748
21
2.8694152755905513
0
LINE
8
BLACK
6
CONTINUOUS
10
1.5844907874015748
20
2.8694152755905513
11
1.5835958661417322
21
2.8686808267716533
0
LINE
8
BLACK
6
CONTINUOUS
10
1.5835958661417322
20
2.8686808267716533
11
1.5814670472440944
21
2.8677990551181103
0
LINE
8
BLACK
6
CONTINUOUS
10
1.5814670472440944
20
2.8677990551181103
11
1.579162874015748
21
2.8677990551181103
0
LINE
8
BLACK
6
CONTINUOUS
10
1.579162874015748
20
2.8677990551181103
11
1.5770340551181101
21
2.8686808267716533
0
LINE
8
BLACK
6
CONTINUOUS
10
1.5770340551181101
20
2.8686808267716533
11
1.5754046850393701
21
2.8703101968503937
0
LINE
8
BLACK
6
CONTINUOUS
10
1.5754046850393701
20
2.8703101968503937
11
1.5745229133858267
21
2.8724390157480313
0
LINE
8
BLACK
6
CONTINUOUS
10
1.5745229133858267
20
2.8724390157480313
11
1.5745229133858267
21
2.8747431889763777
0
LINE
8
BLACK
6
CONTINUOUS
10
1.5745229133858267
20
2.8747431889763777
11
1.5754046850393701
21
2.8768720078740158
0
LINE
8
BLACK
6
CONTINUOUS
10
1.5754046850393701
20
2.8768720078740158
11
1.5789512598425197
21
2.8805790551181101
0
LINE
8
BLACK
6
CONTINUOUS
10
1.5789512598425197
20
2.8805790551181101
11
1.5794040944881889
21
2.8809507086614174
0
LINE
8
BLACK
6
CONTINUOUS
10
1.5794040944881889
20
2.8809507086614174
11
1.5795062992125983
21
2.8810685433070864
0
LINE
8
BLACK
6
CONTINUOUS
10
1.5795062992125983
20
2.8810685433070864
11
1.5796188976377952
21
2.8811270078740159
0
LINE
8
BLACK
6
CONTINUOUS
10
1.5796188976377952
20
2.8811270078740159
11
1.5798461417322833
21
2.8813135039370077
0
LINE
8
BLACK
6
CONTINUOUS
10
1.5798461417322833
20
2.8813135039370077
11
1.5804984645669291
21
2.8815836614173227
0
LINE
8
BLACK
6
CONTINUOUS
10
1.5804984645669291
20
2.8815836614173227
11
1.5861103937007874
21
2.884497440944882
0
LINE
8
BLACK
6
CONTINUOUS
10
1.5861103937007874
20
2.884497440944882
11
1.5871916141732283
21
2.884911220472441
0
LINE
8
BLACK
6
CONTINUOUS
10
1.5871916141732283
20
2.884911220472441
11
1.587403307086614
21
2.8849262598425196
0
LINE
8
BLACK
6
CONTINUOUS
10
1.587403307086614
20
2.8849262598425196
11
1.5875992913385826
21
2.8850074409448818
0
LINE
8
BLACK
6
CONTINUOUS
10
1.5875992913385826
20
2.8850074409448818
11
1.5886568503937009
21
2.8850153149606297
0
LINE
8
BLACK
6
CONTINUOUS
10
1.5886568503937009
20
2.8850153149606297
11
1.5894900393700786
21
2.885074527559055
0
LINE
8
BLACK
6
CONTINUOUS
10
1.5894900393700786
20
2.885074527559055
11
1.5896454724409448
21
2.8850226771653542
0
LINE
8
BLACK
6
CONTINUOUS
10
1.5896454724409448
20
2.8850226771653542
11
1.6028121259842518
21
2.885120905511811
0
LINE
8
BLACK
6
CONTINUOUS
10
1.6028121259842518
20
2.885120905511811
11
1.603964251968504
21
2.8850074409448818
0
LINE
8
BLACK
6
CONTINUOUS
10
1.6573950787401575
20
2.8850074409448818
11
1.6575911417322835
21
2.8849261811023621
0
LINE
8
BLACK
6
CONTINUOUS
10
1.6575911417322835
20
2.8849261811023621
11
1.6578027559055117
21
2.8849111811023622
0
LINE
8
BLACK
6
CONTINUOUS
10
1.6578027559055117
20
2.8849111811023622
11
1.6588887795275591
21
2.8843886614173226
0
LINE
8
BLACK
6
CONTINUOUS
10
1.6588887795275591
20
2.8843886614173226
11
1.6595238976377953
21
2.8841256299212596
0
LINE
8
BLACK
6
CONTINUOUS
10
1.6595238976377953
20
2.8841256299212596
11
1.6596057086614173
21
2.8840437795275591
0
LINE
8
BLACK
6
CONTINUOUS
10
1.6596057086614173
20
2.8840437795275591
11
1.6645082677165355
21
2.8816852755905513
0
LINE
8
BLACK
6
CONTINUOUS
10
1.6645082677165355
20
2.8816852755905513
11
1.6650041338582677
21
2.8813731102362206
0
LINE
8
BLACK
6
CONTINUOUS
10
1.6650041338582677
20
2.8813731102362206
11
1.6651481102362204
21
2.8813135039370077
0
LINE
8
BLACK
6
CONTINUOUS
10
1.6651481102362204
20
2.8813135039370077
11
1.6652427952755906
21
2.8812228740157479
0
LINE
8
BLACK
6
CONTINUOUS
10
1.6652427952755906
20
2.8812228740157479
11
1.6654880314960629
21
2.8810685433070864
0
LINE
8
BLACK
6
CONTINUOUS
10
1.6654880314960629
20
2.8810685433070864
11
1.6658966535433071
21
2.8805973622047243
0
LINE
8
BLACK
6
CONTINUOUS
10
1.6658966535433071
20
2.8805973622047243
11
1.6688551968503937
21
2.8777669685039369
0
LINE
8
BLACK
6
CONTINUOUS
10
1.6688551968503937
20
2.8777669685039369
11
1.6692269291338582
21
2.8773139763779527
0
LINE
8
BLACK
6
CONTINUOUS
10
1.6692269291338582
20
2.8773139763779527
11
1.6693447244094488
21
2.8772118503937008
0
LINE
8
BLACK
6
CONTINUOUS
10
1.6693447244094488
20
2.8772118503937008
11
1.6694031889763778
21
2.8770992125984249
0
LINE
8
BLACK
6
CONTINUOUS
10
1.6694031889763778
20
2.8770992125984249
11
1.6695896456692914
21
2.8768720472440945
0
LINE
8
BLACK
6
CONTINUOUS
10
1.6695896456692914
20
2.8768720472440945
11
1.6698598425196851
21
2.87621968503937
0
LINE
8
BLACK
6
CONTINUOUS
10
1.6698598425196851
20
2.87621968503937
11
1.6727735826771652
21
2.8706077952755904
0
LINE
8
BLACK
6
CONTINUOUS
10
1.6727735826771652
20
2.8706077952755904
11
1.672805748031496
21
2.8705236614173226
0
LINE
8
BLACK
6
CONTINUOUS
10
1.672805748031496
20
2.8705236614173226
11
1.6728312204724409
21
2.8704893307086614
0
LINE
8
BLACK
6
CONTINUOUS
10
1.6728312204724409
20
2.8704893307086614
11
1.672857125984252
21
2.8703894881889762
0
LINE
8
BLACK
6
CONTINUOUS
10
1.672857125984252
20
2.8703894881889762
11
1.6731873622047244
21
2.8695265748031495
0
LINE
8
BLACK
6
CONTINUOUS
10
1.6731873622047244
20
2.8695265748031495
11
1.673227440944882
21
2.868962244094488
0
LINE
8
BLACK
6
CONTINUOUS
10
1.673227440944882
20
2.868962244094488
11
1.676032874015748
21
2.8581505118110235
0
LINE
8
BLACK
6
CONTINUOUS
10
1.676032874015748
20
2.8581505118110235
11
1.6760624015748031
21
2.8579507874015748
0
LINE
8
BLACK
6
CONTINUOUS
10
1.6760624015748031
20
2.8579507874015748
11
1.676095748031496
21
2.8578703149606297
0
LINE
8
BLACK
6
CONTINUOUS
10
1.676095748031496
20
2.8578703149606297
11
1.6760968503937008
21
2.8577176377952753
0
LINE
8
BLACK
6
CONTINUOUS
10
1.6760968503937008
20
2.8577176377952753
11
1.6762022440944881
21
2.8570052755905513
0
LINE
8
BLACK
6
CONTINUOUS
10
1.6762022440944881
20
2.8570052755905513
11
1.6761069685039369
21
2.8563650787401573
0
LINE
8
BLACK
6
CONTINUOUS
10
1.6761069685039369
20
2.8563650787401573
11
1.6762092125984251
21
2.8426574803149607
0
LINE
8
BLACK
6
CONTINUOUS
10
1.6762092125984251
20
2.8426574803149607
11
1.6761894094488188
21
2.8424565354330706
0
LINE
8
BLACK
6
CONTINUOUS
10
1.6761894094488188
20
2.8424565354330706
11
1.6762022440944881
21
2.8423703937007874
0
LINE
8
BLACK
6
CONTINUOUS
10
1.6762022440944881
20
2.8423703937007874
11
1.6761661417322835
21
2.842220433070866
0
LINE
8
BLACK
6
CONTINUOUS
10
1.6761661417322835
20
2.842220433070866
11
1.676095748031496
21
2.8415053543307085
0
LINE
8
BLACK
6
CONTINUOUS
10
1.676095748031496
20
2.8415053543307085
11
1.6758533858267717
21
2.8409202755905509
0
LINE
8
BLACK
6
CONTINUOUS
10
1.6758533858267717
20
2.8409202755905509
11
1.6732207086614173
21
2.8299765748031493
0
LINE
8
BLACK
6
CONTINUOUS
10
1.6732207086614173
20
2.8299765748031493
11
1.6731903543307087
21
2.8298916929133857
0
LINE
8
BLACK
6
CONTINUOUS
10
1.6731903543307087
20
2.8298916929133857
11
1.6731873622047244
21
2.8298490944881891
0
LINE
8
BLACK
6
CONTINUOUS
10
1.6731873622047244
20
2.8298490944881891
11
1.6731399606299213
21
2.8297505905511811
0
LINE
8
BLACK
6
CONTINUOUS
10
1.6731399606299213
20
2.8297505905511811
11
1.6728312204724409
21
2.8288863385826772
0
LINE
8
BLACK
6
CONTINUOUS
10
1.6728312204724409
20
2.8288863385826772
11
1.6725260629921259
21
2.828474527559055
0
LINE
8
BLACK
6
CONTINUOUS
10
1.6725260629921259
20
2.828474527559055
11
1.6699614566929133
21
2.8231435433070864
0
LINE
8
BLACK
6
CONTINUOUS
10
1.6699614566929133
20
2.8231435433070864
11
1.6696492913385825
21
2.8226476771653544
0
LINE
8
BLACK
6
CONTINUOUS
10
1.6696492913385825
20
2.8226476771653544
11
1.6695896456692914
21
2.8225036220472441
0
LINE
8
BLACK
6
CONTINUOUS
10
1.6695896456692914
20
2.8225036220472441
11
1.6694989370078739
21
2.8224088188976379
0
LINE
8
BLACK
6
CONTINUOUS
10
1.6694989370078739
20
2.8224088188976379
11
1.6693447244094488
21
2.8221638188976379
0
LINE
8
BLACK
6
CONTINUOUS
10
1.6693447244094488
20
2.8221638188976379
11
1.668873779527559
21
2.8217553543307088
0
LINE
8
BLACK
6
CONTINUOUS
10
1.668873779527559
20
2.8217553543307088
11
1.666043031496063
21
2.8187965748031494
0
LINE
8
BLACK
6
CONTINUOUS
10
1.666043031496063
20
2.8187965748031494
11
1.6655902755905512
21
2.818425
0
LINE
8
BLACK
6
CONTINUOUS
10
1.6655902755905512
20
2.818425
11
1.6654880314960629
21
2.8183071259842518
0
LINE
8
BLACK
6
CONTINUOUS
10
1.6654880314960629
20
2.8183071259842518
11
1.6653752362204723
21
2.8182485433070865
0
LINE
8
BLACK
6
CONTINUOUS
10
1.6653752362204723
20
2.8182485433070865
11
1.6651481102362204
21
2.8180621653543305
0
LINE
8
BLACK
6
CONTINUOUS
10
1.6651481102362204
20
2.8180621653543305
11
1.6644960236220472
21
2.8177920472440943
0
LINE
8
BLACK
6
CONTINUOUS
10
1.6644960236220472
20
2.8177920472440943
11
1.6588839763779528
21
2.8148782283464566
0
LINE
8
BLACK
6
CONTINUOUS
10
1.6588839763779528
20
2.8148782283464566
11
1.6578027559055117
21
2.8144644881889764
0
LINE
8
BLACK
6
CONTINUOUS
10
1.6578027559055117
20
2.8144644881889764
11
1.6575911417322835
21
2.8144494488188974
0
LINE
8
BLACK
6
CONTINUOUS
10
1.6575911417322835
20
2.8144494488188974
11
1.6573950787401575
21
2.8143682283464568
0
LINE
8
BLACK
6
CONTINUOUS
10
1.6573950787401575
20
2.8143682283464568
11
1.6561564566929134
21
2.8143474803149604
0
LINE
8
BLACK
6
CONTINUOUS
10
1.6561564566929134
20
2.8143474803149604
11
1.6555043307086614
21
2.8143011417322832
0
LINE
8
BLACK
6
CONTINUOUS
10
1.6555043307086614
20
2.8143011417322832
11
1.6554031102362203
21
2.8143348425196848
0
LINE
8
BLACK
6
CONTINUOUS
10
1.6554031102362203
20
2.8143348425196848
11
1.6506186614173228
21
2.8142547637795277
0
LINE
8
BLACK
6
CONTINUOUS
10
1.6506186614173228
20
2.8142547637795277
11
1.6494665354330709
21
2.8143682283464568
0
LINE
8
BLACK
6
CONTINUOUS
10
1.6494665354330709
20
2.8143682283464568
11
1.6492704330708661
21
2.8144494488188974
0
LINE
8
BLACK
6
CONTINUOUS
10
1.6492704330708661
20
2.8144494488188974
11
1.6490588582677166
21
2.8144644881889764
0
LINE
8
BLACK
6
CONTINUOUS
10
1.6490588582677166
20
2.8144644881889764
11
1.6479727952755905
21
2.8149869685039368
0
LINE
8
BLACK
6
CONTINUOUS
10
1.6479727952755905
20
2.8149869685039368
11
1.647337716535433
21
2.8152500393700786
0
LINE
8
BLACK
6
CONTINUOUS
10
1.647337716535433
20
2.8152500393700786
11
1.6472558661417323
21
2.8153318503937008
0
LINE
8
BLACK
6
CONTINUOUS
10
1.6472558661417323
20
2.8153318503937008
11
1.6423533464566928
21
2.8176903937007873
0
LINE
8
BLACK
6
CONTINUOUS
10
1.6423533464566928
20
2.8176903937007873
11
1.6418575196850393
21
2.8180024803149606
0
LINE
8
BLACK
6
CONTINUOUS
10
1.6418575196850393
20
2.8180024803149606
11
1.6417134645669291
21
2.8180621653543305
0
LINE
8
BLACK
6
CONTINUOUS
10
1.6417134645669291
20
2.8180621653543305
11
1.6416186614173227
21
2.818152834645669
0
LINE
8
BLACK
6
CONTINUOUS
10
1.6416186614173227
20
2.818152834645669
11
1.6413735826771654
21
2.8183071259842518
0
LINE
8
BLACK
6
CONTINUOUS
10
1.6413735826771654
20
2.8183071259842518
11
1.6409650393700788
21
2.8187781496062994
0
LINE
8
BLACK
6
CONTINUOUS
10
1.6409650393700788
20
2.8187781496062994
11
1.6380064173228346
21
2.8216087007874013
0
LINE
8
BLACK
6
CONTINUOUS
10
1.6380064173228346
20
2.8216087007874013
11
1.6376347637795274
21
2.8220615354330709
0
LINE
8
BLACK
6
CONTINUOUS
10
1.6376347637795274
20
2.8220615354330709
11
1.6375168897637795
21
2.8221637795275591
0
LINE
8
BLACK
6
CONTINUOUS
10
1.6375168897637795
20
2.8221637795275591
11
1.637458346456693
21
2.822276496062992
0
LINE
8
BLACK
6
CONTINUOUS
10
1.637458346456693
20
2.822276496062992
11
1.637271968503937
21
2.8225036220472441
0
LINE
8
BLACK
6
CONTINUOUS
10
1.637271968503937
20
2.8225036220472441
11
1.637001811023622
21
2.8231557874015749
0
LINE
8
BLACK
6
CONTINUOUS
10
1.637001811023622
20
2.8231557874015749
11
1.6340879921259843
21
2.8287678346456691
0
LINE
8
BLACK
6
CONTINUOUS
10
1.6340879921259843
20
2.8287678346456691
11
1.6340557086614174
21
2.8288520866141731
0
LINE
8
BLACK
6
CONTINUOUS
10
1.6340557086614174
20
2.8288520866141731
11
1.6340303543307086
21
2.828886377952756
0
LINE
8
BLACK
6
CONTINUOUS
10
1.6340303543307086
20
2.828886377952756
11
1.6340044881889764
21
2.828986023622047
0
LINE
8
BLACK
6
CONTINUOUS
10
1.6340044881889764
20
2.828986023622047
11
1.6336742519685039
21
2.8298490551181104
0
LINE
8
BLACK
6
CONTINUOUS
10
1.6336742519685039
20
2.8298490551181104
11
1.6336341338582676
21
2.830413307086614
0
LINE
8
BLACK
6
CONTINUOUS
10
1.6336341338582676
20
2.830413307086614
11
1.6308287401574804
21
2.8412251968503934
0
LINE
8
BLACK
6
CONTINUOUS
10
1.6308287401574804
20
2.8412251968503934
11
1.6307992125984252
21
2.8414248425196851
0
LINE
8
BLACK
6
CONTINUOUS
10
1.6307992125984252
20
2.8414248425196851
11
1.6307658661417324
21
2.8415053543307085
0
LINE
8
BLACK
6
CONTINUOUS
10
1.6307658661417324
20
2.8415053543307085
11
1.6307647244094488
21
2.8416580314960629
0
LINE
8
BLACK
6
CONTINUOUS
10
1.6307647244094488
20
2.8416580314960629
11
1.6306593700787402
21
2.8423704330708661
0
LINE
8
BLACK
6
CONTINUOUS
10
1.6306593700787402
20
2.8423704330708661
11
1.6307546062992127
21
2.8430105905511809
0
LINE
8
BLACK
6
CONTINUOUS
10
1.6307546062992127
20
2.8430105905511809
11
1.6306524015748032
21
2.856718188976378
0
LINE
8
BLACK
6
CONTINUOUS
10
1.6306524015748032
20
2.856718188976378
11
1.6306721653543306
21
2.8569190944881888
0
LINE
8
BLACK
6
CONTINUOUS
10
1.6306721653543306
20
2.8569190944881888
11
1.6306593700787402
21
2.8570052362204725
0
LINE
8
BLACK
6
CONTINUOUS
10
1.6306593700787402
20
2.8570052362204725
11
1.6306954330708661
21
2.8571551181102364
0
LINE
8
BLACK
6
CONTINUOUS
10
1.6306954330708661
20
2.8571551181102364
11
1.6307658661417324
21
2.8578703149606297
0
LINE
8
BLACK
6
CONTINUOUS
10
1.6307658661417324
20
2.8578703149606297
11
1.6310081889763779
21
2.8584553937007873
0
LINE
8
BLACK
6
CONTINUOUS
10
1.6310081889763779
20
2.8584553937007873
11
1.6336408661417323
21
2.8693990944881889
0
LINE
8
BLACK
6
CONTINUOUS
10
1.6336408661417323
20
2.8693990944881889
11
1.6336712204724408
21
2.86948405511811
0
LINE
8
BLACK
6
CONTINUOUS
10
1.6336712204724408
20
2.86948405511811
11
1.6336742519685039
21
2.8695266141732283
0
LINE
8
BLACK
6
CONTINUOUS
10
1.6336742519685039
20
2.8695266141732283
11
1.6337215354330707
21
2.8696249212598426
0
LINE
8
BLACK
6
CONTINUOUS
10
1.6337215354330707
20
2.8696249212598426
11
1.6340303543307086
21
2.8704892913385827
0
LINE
8
BLACK
6
CONTINUOUS
10
1.6340303543307086
20
2.8704892913385827
11
1.6343355118110237
21
2.8709011023622049
0
LINE
8
BLACK
6
CONTINUOUS
10
1.6343355118110237
20
2.8709011023622049
11
1.636900157480315
21
2.8762321259842518
0
LINE
8
BLACK
6
CONTINUOUS
10
1.636900157480315
20
2.8762321259842518
11
1.6372122834645668
21
2.8767279921259843
0
LINE
8
BLACK
6
CONTINUOUS
10
1.6372122834645668
20
2.8767279921259843
11
1.637271968503937
21
2.8768720472440945
0
LINE
8
BLACK
6
CONTINUOUS
10
1.637271968503937
20
2.8768720472440945
11
1.6373625984251967
21
2.8769667716535432
0
LINE
8
BLACK
6
CONTINUOUS
10
1.6373625984251967
20
2.8769667716535432
11
1.6375168897637795
21
2.8772118897637795
0
LINE
8
BLACK
6
CONTINUOUS
10
1.6375168897637795
20
2.8772118897637795
11
1.6379879527559056
21
2.8776204330708661
0
LINE
8
BLACK
6
CONTINUOUS
10
1.6379879527559056
20
2.8776204330708661
11
1.6408185826771653
21
2.8805790944881888
0
LINE
8
BLACK
6
CONTINUOUS
10
1.6408185826771653
20
2.8805790944881888
11
1.6412713385826772
21
2.8809506692913387
0
LINE
8
BLACK
6
CONTINUOUS
10
1.6412713385826772
20
2.8809506692913387
11
1.6413735826771654
21
2.8810685433070864
0
LINE
8
BLACK
6
CONTINUOUS
10
1.6413735826771654
20
2.8810685433070864
11
1.6414862598425197
21
2.8811270472440946
0
LINE
8
BLACK
6
CONTINUOUS
10
1.6414862598425197
20
2.8811270472440946
11
1.6417134645669291
21
2.8813135039370077
0
LINE
8
BLACK
6
CONTINUOUS
10
1.6417134645669291
20
2.8813135039370077
11
1.6423656299212599
21
2.8815836220472439
0
LINE
8
BLACK
6
CONTINUOUS
10
1.6423656299212599
20
2.8815836220472439
11
1.6479775984251968
21
2.884497440944882
0
LINE
8
BLACK
6
CONTINUOUS
10
1.6479775984251968
20
2.884497440944882
11
1.6490588582677166
21
2.8849111811023622
0
LINE
8
BLACK
6
CONTINUOUS
10
1.6490588582677166
20
2.8849111811023622
11
1.6492704330708661
21
2.8849261811023621
0
LINE
8
BLACK
6
CONTINUOUS
10
1.6492704330708661
20
2.8849261811023621
11
1.6494665354330709
21
2.8850074409448818
0
LINE
8
BLACK
6
CONTINUOUS
10
1.6494665354330709
20
2.8850074409448818
11
1.6507051181102361
21
2.8850281496062991
0
LINE
8
BLACK
6
CONTINUOUS
10
1.6507051181102361
20
2.8850281496062991
11
1.6513572834645669
21
2.885074527559055
0
LINE
8
BLACK
6
CONTINUOUS
10
1.6513572834645669
20
2.885074527559055
11
1.651458464566929
21
2.8850407874015747
0
LINE
8
BLACK
6
CONTINUOUS
10
1.651458464566929
20
2.8850407874015747
11
1.6562429527559055
21
2.885120905511811
0
LINE
8
BLACK
6
CONTINUOUS
10
1.6562429527559055
20
2.885120905511811
11
1.6573950787401575
21
2.8850074409448818
0
LINE
8
BLACK
6
CONTINUOUS
10
1.6518918897637795
20
2.8733311811023623
11
1.6483401968503937
21
2.871487125984252
0
LINE
8
BLACK
6
CONTINUOUS
10
1.6483401968503937
20
2.871487125984252
11
1.6468838976377953
21
2.8699649212598426
0
LINE
8
BLACK
6
CONTINUOUS
10
1.6468838976377953
20
2.8699649212598426
11
1.6447525196850394
21
2.8655345669291337
0
LINE
8
BLACK
6
CONTINUOUS
10
1.6447525196850394
20
2.8655345669291337
11
1.6423667322834645
21
2.855617125984252
0
LINE
8
BLACK
6
CONTINUOUS
10
1.6423667322834645
20
2.855617125984252
11
1.6424607874015749
21
2.8430094094488187
0
LINE
8
BLACK
6
CONTINUOUS
10
1.6424607874015749
20
2.8430094094488187
11
1.6450268110236219
21
2.8331200393700788
0
LINE
8
BLACK
6
CONTINUOUS
10
1.6450268110236219
20
2.8331200393700788
11
1.6470983070866141
21
2.8291303937007872
0
LINE
8
BLACK
6
CONTINUOUS
10
1.6470983070866141
20
2.8291303937007872
11
1.6486204724409448
21
2.8276741338582676
0
LINE
8
BLACK
6
CONTINUOUS
10
1.6486204724409448
20
2.8276741338582676
11
1.6521076377952755
21
2.8259965354330707
0
LINE
8
BLACK
6
CONTINUOUS
10
1.6521076377952755
20
2.8259965354330707
11
1.65496968503937
21
2.8260444488188976
0
LINE
8
BLACK
6
CONTINUOUS
10
1.65496968503937
20
2.8260444488188976
11
1.6585214173228346
21
2.8278885433070866
0
LINE
8
BLACK
6
CONTINUOUS
10
1.6585214173228346
20
2.8278885433070866
11
1.6599776377952755
21
2.8294106692913386
0
LINE
8
BLACK
6
CONTINUOUS
10
1.6599776377952755
20
2.8294106692913386
11
1.6621090551181101
21
2.8338411023622045
0
LINE
8
BLACK
6
CONTINUOUS
10
1.6621090551181101
20
2.8338411023622045
11
1.664494842519685
21
2.8437585433070867
0
LINE
8
BLACK
6
CONTINUOUS
10
1.664494842519685
20
2.8437585433070867
11
1.6644007874015747
21
2.8563662204724407
0
LINE
8
BLACK
6
CONTINUOUS
10
1.6644007874015747
20
2.8563662204724407
11
1.6618346850393702
21
2.8662556692913386
0
LINE
8
BLACK
6
CONTINUOUS
10
1.6618346850393702
20
2.8662556692913386
11
1.6597633464566928
21
2.8702451574803147
0
LINE
8
BLACK
6
CONTINUOUS
10
1.6597633464566928
20
2.8702451574803147
11
1.658241062992126
21
2.8717014960629919
0
LINE
8
BLACK
6
CONTINUOUS
10
1.658241062992126
20
2.8717014960629919
11
1.6547539370078739
21
2.8733790944881887
0
LINE
8
BLACK
6
CONTINUOUS
10
1.6547539370078739
20
2.8733790944881887
11
1.6518918897637795
21
2.8733311811023623
0
LINE
8
BLACK
6
CONTINUOUS
10
1.505539094488189
20
2.8850074409448818
11
1.5055729921259842
21
2.8849933858267716
0
LINE
8
BLACK
6
CONTINUOUS
10
1.5055729921259842
20
2.8849933858267716
11
1.5056096062992126
21
2.8849929527559053
0
LINE
8
BLACK
6
CONTINUOUS
10
1.5056096062992126
20
2.8849929527559053
11
1.5066356299212598
21
2.884553188976378
0
LINE
8
BLACK
6
CONTINUOUS
10
1.5066356299212598
20
2.884553188976378
11
1.5076679133858268
21
2.8841256299212596
0
LINE
8
BLACK
6
CONTINUOUS
10
1.5076679133858268
20
2.8841256299212596
11
1.5076938188976379
21
2.8840996850393701
0
LINE
8
BLACK
6
CONTINUOUS
10
1.5076938188976379
20
2.8840996850393701
11
1.5077275196850393
21
2.8840852755905511
0
LINE
8
BLACK
6
CONTINUOUS
10
1.5077275196850393
20
2.8840852755905511
11
1.5085066535433072
21
2.8832868503937008
0
LINE
8
BLACK
6
CONTINUOUS
10
1.5085066535433072
20
2.8832868503937008
11
1.5092972047244093
21
2.8824963385826772
0
LINE
8
BLACK
6
CONTINUOUS
10
1.5092972047244093
20
2.8824963385826772
11
1.5093112598425196
21
2.8824623622047243
0
LINE
8
BLACK
6
CONTINUOUS
10
1.5093112598425196
20
2.8824623622047243
11
1.5093368503937008
21
2.8824361811023622
0
LINE
8
BLACK
6
CONTINUOUS
10
1.5093368503937008
20
2.8824361811023622
11
1.5097509448818898
21
2.8814009055118111
0
LINE
8
BLACK
6
CONTINUOUS
10
1.5097509448818898
20
2.8814009055118111
11
1.5101790157480315
21
2.8803675196850391
0
LINE
8
BLACK
6
CONTINUOUS
10
1.5101790157480315
20
2.8803675196850391
11
1.5101790157480315
21
2.8803307480314961
0
LINE
8
BLACK
6
CONTINUOUS
10
1.5101790157480315
20
2.8803307480314961
11
1.5101925984251967
21
2.880296811023622
0
LINE
8
BLACK
6
CONTINUOUS
10
1.5101925984251967
20
2.880296811023622
11
1.5101790157480315
21
2.8791819291338583
0
LINE
8
BLACK
6
CONTINUOUS
10
1.5101790157480315
20
2.8791819291338583
11
1.5101790157480315
21
2.8780632677165352
0
LINE
8
BLACK
6
CONTINUOUS
10
1.5101790157480315
20
2.8780632677165352
11
1.5101649606299212
21
2.8780293307086615
0
LINE
8
BLACK
6
CONTINUOUS
10
1.5101649606299212
20
2.8780293307086615
11
1.5101645275590552
21
2.8779927559055118
0
LINE
8
BLACK
6
CONTINUOUS
10
1.5101645275590552
20
2.8779927559055118
11
1.5096538188976378
21
2.8767953937007875
0
LINE
8
BLACK
6
CONTINUOUS
10
1.5096538188976378
20
2.8767953937007875
11
1.5092972047244093
21
2.8759344488188976
0
LINE
8
BLACK
6
CONTINUOUS
10
1.5092972047244093
20
2.8759344488188976
11
1.5092787401574803
21
2.8759159842519684
0
LINE
8
BLACK
6
CONTINUOUS
10
1.5092787401574803
20
2.8759159842519684
11
1.4845056692913385
21
2.8178339763779525
0
LINE
8
BLACK
6
CONTINUOUS
10
1.4845056692913385
20
2.8178339763779525
11
1.4839475196850394
21
2.8168197244094486
0
LINE
8
BLACK
6
CONTINUOUS
10
1.4839475196850394
20
2.8168197244094486
11
1.4822984251968503
21
2.8152103937007875
0
LINE
8
BLACK
6
CONTINUOUS
10
1.4822984251968503
20
2.8152103937007875
11
1.4801590551181103
21
2.8143546456692912
0
LINE
8
BLACK
6
CONTINUOUS
10
1.4801590551181103
20
2.8143546456692912
11
1.4778549999999999
21
2.8143827165354329
0
LINE
8
BLACK
6
CONTINUOUS
10
1.4778549999999999
20
2.8143827165354329
11
1.4757370866141732
21
2.8152903937007872
0
LINE
8
BLACK
6
CONTINUOUS
10
1.4757370866141732
20
2.8152903937007872
11
1.4741277559055117
21
2.8169394881889764
0
LINE
8
BLACK
6
CONTINUOUS
10
1.4741277559055117
20
2.8169394881889764
11
1.4732720078740158
21
2.8190788582677166
0
LINE
8
BLACK
6
CONTINUOUS
10
1.4732720078740158
20
2.8190788582677166
11
1.4733000787401573
21
2.8213829133858268
0
LINE
8
BLACK
6
CONTINUOUS
10
1.4733000787401573
20
2.8213829133858268
11
1.4954842913385826
21
2.8733951574803149
0
LINE
8
BLACK
6
CONTINUOUS
10
1.4954842913385826
20
2.8733951574803149
11
1.4650168897637794
21
2.8733098818897638
0
LINE
8
BLACK
6
CONTINUOUS
10
1.4650168897637794
20
2.8733098818897638
11
1.4638647637795275
21
2.873423346456693
0
LINE
8
BLACK
6
CONTINUOUS
10
1.4638647637795275
20
2.873423346456693
11
1.4617359448818896
21
2.8743051574803147
0
LINE
8
BLACK
6
CONTINUOUS
10
1.4617359448818896
20
2.8743051574803147
11
1.4601066535433072
21
2.8759344488188976
0
LINE
8
BLACK
6
CONTINUOUS
10
1.4601066535433072
20
2.8759344488188976
11
1.459224842519685
21
2.8780632677165352
0
LINE
8
BLACK
6
CONTINUOUS
10
1.459224842519685
20
2.8780632677165352
11
1.459224842519685
21
2.8803675196850391
0
LINE
8
BLACK
6
CONTINUOUS
10
1.459224842519685
20
2.8803675196850391
11
1.4601066535433072
21
2.8824963385826772
0
LINE
8
BLACK
6
CONTINUOUS
10
1.4601066535433072
20
2.8824963385826772
11
1.4617359448818896
21
2.8841256299212596
0
LINE
8
BLACK
6
CONTINUOUS
10
1.4617359448818896
20
2.8841256299212596
11
1.4638647637795275
21
2.8850074409448818
0
LINE
8
BLACK
6
CONTINUOUS
10
1.4638647637795275
20
2.8850074409448818
11
1.504386968503937
21
2.885120905511811
0
LINE
8
BLACK
6
CONTINUOUS
10
1.504386968503937
20
2.885120905511811
11
1.505539094488189
21
2.8850074409448818
0
LINE
8
BLACK
6
CONTINUOUS
10
1.5617820472440944
20
2.8850074409448818
11
1.5618159448818898
21
2.8849933858267716
0
LINE
8
BLACK
6
CONTINUOUS
10
1.5618159448818898
20
2.8849933858267716
11
1.561852559055118
21
2.8849929527559053
0
LINE
8
BLACK
6
CONTINUOUS
10
1.561852559055118
20
2.8849929527559053
11
1.5628785826771654
21
2.884553188976378
0
LINE
8
BLACK
6
CONTINUOUS
10
1.5628785826771654
20
2.884553188976378
11
1.5639108661417322
21
2.8841256299212596
0
LINE
8
BLACK
6
CONTINUOUS
10
1.5639108661417322
20
2.8841256299212596
11
1.5639367716535433
21
2.8840996850393701
0
LINE
8
BLACK
6
CONTINUOUS
10
1.5639367716535433
20
2.8840996850393701
11
1.5639704724409449
21
2.8840852755905511
0
LINE
8
BLACK
6
CONTINUOUS
10
1.5639704724409449
20
2.8840852755905511
11
1.5647496062992126
21
2.8832868503937008
0
LINE
8
BLACK
6
CONTINUOUS
10
1.5647496062992126
20
2.8832868503937008
11
1.5655401574803149
21
2.8824963385826772
0
LINE
8
BLACK
6
CONTINUOUS
10
1.5655401574803149
20
2.8824963385826772
11
1.5655542125984252
21
2.8824623622047243
0
LINE
8
BLACK
6
CONTINUOUS
10
1.5655542125984252
20
2.8824623622047243
11
1.5655798031496062
21
2.8824361811023622
0
LINE
8
BLACK
6
CONTINUOUS
10
1.5655798031496062
20
2.8824361811023622
11
1.5659938976377952
21
2.8814009055118111
0
LINE
8
BLACK
6
CONTINUOUS
10
1.5659938976377952
20
2.8814009055118111
11
1.5664219685039369
21
2.8803675196850391
0
LINE
8
BLACK
6
CONTINUOUS
10
1.5664219685039369
20
2.8803675196850391
11
1.5664219685039369
21
2.8803307480314961
0
LINE
8
BLACK
6
CONTINUOUS
10
1.5664219685039369
20
2.8803307480314961
11
1.5664355511811023
21
2.880296811023622
0
LINE
8
BLACK
6
CONTINUOUS
10
1.5664355511811023
20
2.880296811023622
11
1.5664219685039369
21
2.8791819291338583
0
LINE
8
BLACK
6
CONTINUOUS
10
1.5664219685039369
20
2.8791819291338583
11
1.5664219685039369
21
2.8780632677165352
0
LINE
8
BLACK
6
CONTINUOUS
10
1.5664219685039369
20
2.8780632677165352
11
1.5664079133858266
21
2.8780293307086615
0
LINE
8
BLACK
6
CONTINUOUS
10
1.5664079133858266
20
2.8780293307086615
11
1.5664074803149606
21
2.8779927559055118
0
LINE
8
BLACK
6
CONTINUOUS
10
1.5664074803149606
20
2.8779927559055118
11
1.5658967716535432
21
2.8767953937007875
0
LINE
8
BLACK
6
CONTINUOUS
10
1.5658967716535432
20
2.8767953937007875
11
1.5655401574803149
21
2.8759344488188976
0
LINE
8
BLACK
6
CONTINUOUS
10
1.5655401574803149
20
2.8759344488188976
11
1.5655216929133857
21
2.8759159842519684
0
LINE
8
BLACK
6
CONTINUOUS
10
1.5655216929133857
20
2.8759159842519684
11
1.5407486220472442
21
2.8178339763779525
0
LINE
8
BLACK
6
CONTINUOUS
10
1.5407486220472442
20
2.8178339763779525
11
1.5401904724409448
21
2.8168197244094486
0
LINE
8
BLACK
6
CONTINUOUS
10
1.5401904724409448
20
2.8168197244094486
11
1.5385413779527559
21
2.8152103937007875
0
LINE
8
BLACK
6
CONTINUOUS
10
1.5385413779527559
20
2.8152103937007875
11
1.5364020078740157
21
2.8143546456692912
0
LINE
8
BLACK
6
CONTINUOUS
10
1.5364020078740157
20
2.8143546456692912
11
1.5340979527559055
21
2.8143827165354329
0
LINE
8
BLACK
6
CONTINUOUS
10
1.5340979527559055
20
2.8143827165354329
11
1.5319800393700787
21
2.8152903937007872
0
LINE
8
BLACK
6
CONTINUOUS
10
1.5319800393700787
20
2.8152903937007872
11
1.5303707086614173
21
2.8169394881889764
0
LINE
8
BLACK
6
CONTINUOUS
10
1.5303707086614173
20
2.8169394881889764
11
1.5295149606299212
21
2.8190788582677166
0
LINE
8
BLACK
6
CONTINUOUS
10
1.5295149606299212
20
2.8190788582677166
11
1.529543031496063
21
2.8213829133858268
0
LINE
8
BLACK
6
CONTINUOUS
10
1.529543031496063
20
2.8213829133858268
11
1.5517272440944883
21
2.8733951574803149
0
LINE
8
BLACK
6
CONTINUOUS
10
1.5517272440944883
20
2.8733951574803149
11
1.521259842519685
21
2.8733098818897638
0
LINE
8
BLACK
6
CONTINUOUS
10
1.521259842519685
20
2.8733098818897638
11
1.5201077165354331
21
2.873423346456693
0
LINE
8
BLACK
6
CONTINUOUS
10
1.5201077165354331
20
2.873423346456693
11
1.5179788976377953
21
2.8743051574803147
0
LINE
8
BLACK
6
CONTINUOUS
10
1.5179788976377953
20
2.8743051574803147
11
1.5163496062992126
21
2.8759344488188976
0
LINE
8
BLACK
6
CONTINUOUS
10
1.5163496062992126
20
2.8759344488188976
11
1.5154677952755906
21
2.8780632677165352
0
LINE
8
BLACK
6
CONTINUOUS
10
1.5154677952755906
20
2.8780632677165352
11
1.5154677952755906
21
2.8803675196850391
0
LINE
8
BLACK
6
CONTINUOUS
10
1.5154677952755906
20
2.8803675196850391
11
1.5163496062992126
21
2.8824963385826772
0
LINE
8
BLACK
6
CONTINUOUS
10
1.5163496062992126
20
2.8824963385826772
11
1.5179788976377953
21
2.8841256299212596
0
LINE
8
BLACK
6
CONTINUOUS
10
1.5179788976377953
20
2.8841256299212596
11
1.5201077165354331
21
2.8850074409448818
0
LINE
8
BLACK
6
CONTINUOUS
10
1.5201077165354331
20
2.8850074409448818
11
1.5606299212598425
21
2.885120905511811
0
LINE
8
BLACK
6
CONTINUOUS
10
1.5606299212598425
20
2.885120905511811
11
1.5617820472440944
21
2.8850074409448818
0
LINE
8
BLACK
6
CONTINUOUS
10
1.4451770866141731
20
2.8309530708661415
11
1.445800590551181
21
2.830694842519685
0
LINE
8
BLACK
6
CONTINUOUS
10
1.445800590551181
20
2.830694842519685
11
1.4458014566929134
21
2.8306939370078741
0
LINE
8
BLACK
6
CONTINUOUS
10
1.4458014566929134
20
2.8306939370078741
11
1.4495076377952756
21
2.8271483070866141
0
LINE
8
BLACK
6
CONTINUOUS
10
1.4495076377952756
20
2.8271483070866141
11
1.4502420866141732
21
2.8262533858267718
0
LINE
8
BLACK
6
CONTINUOUS
10
1.4502420866141732
20
2.8262533858267718
11
1.450242125984252
21
2.826253346456693
0
LINE
8
BLACK
6
CONTINUOUS
10
1.450242125984252
20
2.826253346456693
11
1.4511238976377951
21
2.824124527559055
0
LINE
8
BLACK
6
CONTINUOUS
10
1.4511238976377951
20
2.824124527559055
11
1.4511238976377951
21
2.8218203543307085
0
LINE
8
BLACK
6
CONTINUOUS
10
1.4511238976377951
20
2.8218203543307085
11
1.450242125984252
21
2.8196915354330709
0
LINE
8
BLACK
6
CONTINUOUS
10
1.450242125984252
20
2.8196915354330709
11
1.4466955118110236
21
2.8159844488188974
0
LINE
8
BLACK
6
CONTINUOUS
10
1.4466955118110236
20
2.8159844488188974
11
1.445800590551181
21
2.8152499999999998
0
LINE
8
BLACK
6
CONTINUOUS
10
1.445800590551181
20
2.8152499999999998
11
1.4449030314960629
21
2.8148782283464566
0
LINE
8
BLACK
6
CONTINUOUS
10
1.4449030314960629
20
2.8148782283464566
11
1.443671811023622
21
2.8143682283464568
0
LINE
8
BLACK
6
CONTINUOUS
10
1.443671811023622
20
2.8143682283464568
11
1.4436717716535432
21
2.8143682283464568
0
LINE
8
BLACK
6
CONTINUOUS
10
1.4436717716535432
20
2.8143682283464568
11
1.4436717322834645
21
2.8143682283464568
0
LINE
8
BLACK
6
CONTINUOUS
10
1.4436717322834645
20
2.8143682283464568
11
1.4413675984251968
21
2.8143682283464568
0
LINE
8
BLACK
6
CONTINUOUS
10
1.4413675984251968
20
2.8143682283464568
11
1.441367559055118
21
2.8143682283464568
0
LINE
8
BLACK
6
CONTINUOUS
10
1.441367559055118
20
2.8143682283464568
11
1.4401363385826771
21
2.8148782283464566
0
LINE
8
BLACK
6
CONTINUOUS
10
1.4401363385826771
20
2.8148782283464566
11
1.439238779527559
21
2.8152499999999998
0
LINE
8
BLACK
6
CONTINUOUS
10
1.439238779527559
20
2.8152499999999998
11
1.4392387401574802
21
2.8152500393700786
0
LINE
8
BLACK
6
CONTINUOUS
10
1.4392387401574802
20
2.8152500393700786
11
1.4355316929133859
21
2.8187966535433069
0
LINE
8
BLACK
6
CONTINUOUS
10
1.4355316929133859
20
2.8187966535433069
11
1.4347974409448818
21
2.8196913385826772
0
LINE
8
BLACK
6
CONTINUOUS
10
1.4347974409448818
20
2.8196913385826772
11
1.4347972834645668
21
2.8196915354330709
0
LINE
8
BLACK
6
CONTINUOUS
10
1.4347972834645668
20
2.8196915354330709
11
1.4339155118110236
21
2.8218203543307085
0
LINE
8
BLACK
6
CONTINUOUS
10
1.4339155118110236
20
2.8218203543307085
11
1.4339155118110236
21
2.824124527559055
0
LINE
8
BLACK
6
CONTINUOUS
10
1.4339155118110236
20
2.824124527559055
11
1.4340031496062993
21
2.8243360629921259
0
LINE
8
BLACK
6
CONTINUOUS
10
1.4340031496062993
20
2.8243360629921259
11
1.4343073622047244
21
2.8250705118110235
0
LINE
8
BLACK
6
CONTINUOUS
10
1.4343073622047244
20
2.8250705118110235
11
1.4347972834645668
21
2.826253346456693
0
LINE
8
BLACK
6
CONTINUOUS
10
1.4347972834645668
20
2.826253346456693
11
1.4383438582677166
21
2.8299603937007873
0
LINE
8
BLACK
6
CONTINUOUS
10
1.4383438582677166
20
2.8299603937007873
11
1.4392387401574802
21
2.830694842519685
0
LINE
8
BLACK
6
CONTINUOUS
10
1.4392387401574802
20
2.830694842519685
11
1.4401205118110236
21
2.8310600393700787
0
LINE
8
BLACK
6
CONTINUOUS
10
1.4401205118110236
20
2.8310600393700787
11
1.441367559055118
21
2.8315766141732284
0
LINE
8
BLACK
6
CONTINUOUS
10
1.441367559055118
20
2.8315766141732284
11
1.443671811023622
21
2.8315766141732284
0
LINE
8
BLACK
6
CONTINUOUS
10
1.443671811023622
20
2.8315766141732284
11
1.4451770866141731
21
2.8309530708661415
0
LINE
8
BLACK
6
CONTINUOUS
10
1.7839417322834645
20
2.8653224015748031
11
1.7841377952755906
21
2.8652411417322834
0
LINE
8
BLACK
6
CONTINUOUS
10
1.7841377952755906
20
2.8652411417322834
11
1.7843494094488188
21
2.8652261417322835
0
LINE
8
BLACK
6
CONTINUOUS
10
1.7843494094488188
20
2.8652261417322835
11
1.7854354330708662
21
2.8647036220472439
0
LINE
8
BLACK
6
CONTINUOUS
10
1.7854354330708662
20
2.8647036220472439
11
1.7860705511811024
21
2.8644405905511809
0
LINE
8
BLACK
6
CONTINUOUS
10
1.7860705511811024
20
2.8644405905511809
11
1.7861523622047244
21
2.8643587401574804
0
LINE
8
BLACK
6
CONTINUOUS
10
1.7861523622047244
20
2.8643587401574804
11
1.7910549212598426
21
2.8620002362204722
0
LINE
8
BLACK
6
CONTINUOUS
10
1.7910549212598426
20
2.8620002362204722
11
1.7912474409448818
21
2.8618790157480314
0
LINE
8
BLACK
6
CONTINUOUS
10
1.7912474409448818
20
2.8618790157480314
11
1.791338464566929
21
2.8618487007874016
0
LINE
8
BLACK
6
CONTINUOUS
10
1.791338464566929
20
2.8618487007874016
11
1.7914517716535432
21
2.8617503937007873
0
LINE
8
BLACK
6
CONTINUOUS
10
1.7914517716535432
20
2.8617503937007873
11
1.79203468503937
21
2.8613835039370077
0
LINE
8
BLACK
6
CONTINUOUS
10
1.79203468503937
20
2.8613835039370077
11
1.7925197637795276
21
2.8608241338582676
0
LINE
8
BLACK
6
CONTINUOUS
10
1.7925197637795276
20
2.8608241338582676
11
1.7930792125984252
21
2.8603389763779528
0
LINE
8
BLACK
6
CONTINUOUS
10
1.7930792125984252
20
2.8603389763779528
11
1.7932860236220471
21
2.8599405905511812
0
LINE
8
BLACK
6
CONTINUOUS
10
1.7932860236220471
20
2.8599405905511812
11
1.7935443700787401
21
2.8596427559055115
0
LINE
8
BLACK
6
CONTINUOUS
10
1.7935443700787401
20
2.8596427559055115
11
1.7937302755905511
21
2.8590849999999999
0
LINE
8
BLACK
6
CONTINUOUS
10
1.7937302755905511
20
2.8590849999999999
11
1.7965081102362204
21
2.8537349606299212
0
LINE
8
BLACK
6
CONTINUOUS
10
1.7965081102362204
20
2.8537349606299212
11
1.7969218503937008
21
2.8526537007874015
0
LINE
8
BLACK
6
CONTINUOUS
10
1.7969218503937008
20
2.8526537007874015
11
1.7969368503937007
21
2.8524420866141731
0
LINE
8
BLACK
6
CONTINUOUS
10
1.7969368503937007
20
2.8524420866141731
11
1.7970181102362204
21
2.852246023622047
0
LINE
8
BLACK
6
CONTINUOUS
10
1.7970181102362204
20
2.852246023622047
11
1.7970216141732283
21
2.8512496456692911
0
LINE
8
BLACK
6
CONTINUOUS
10
1.7970216141732283
20
2.8512496456692911
11
1.7970851968503936
21
2.8503552755905512
0
LINE
8
BLACK
6
CONTINUOUS
10
1.7970851968503936
20
2.8503552755905512
11
1.7970253937007874
21
2.8501759448818897
0
LINE
8
BLACK
6
CONTINUOUS
10
1.7970253937007874
20
2.8501759448818897
11
1.7971315748031496
21
2.8201602755905513
0
LINE
8
BLACK
6
CONTINUOUS
10
1.7971315748031496
20
2.8201602755905513
11
1.7970181102362204
21
2.8190081496062991
0
LINE
8
BLACK
6
CONTINUOUS
10
1.7970181102362204
20
2.8190081496062991
11
1.7961362992125984
21
2.8168793307086615
0
LINE
8
BLACK
6
CONTINUOUS
10
1.7961362992125984
20
2.8168793307086615
11
1.7945070078740157
21
2.8152500393700786
0
LINE
8
BLACK
6
CONTINUOUS
10
1.7945070078740157
20
2.8152500393700786
11
1.7923781889763779
21
2.8143682283464568
0
LINE
8
BLACK
6
CONTINUOUS
10
1.7923781889763779
20
2.8143682283464568
11
1.790073937007874
21
2.8143682283464568
0
LINE
8
BLACK
6
CONTINUOUS
10
1.790073937007874
20
2.8143682283464568
11
1.7879451181102362
21
2.8152500393700786
0
LINE
8
BLACK
6
CONTINUOUS
10
1.7879451181102362
20
2.8152500393700786
11
1.7863158267716535
21
2.8168793307086615
0
LINE
8
BLACK
6
CONTINUOUS
10
1.7863158267716535
20
2.8168793307086615
11
1.7854340157480315
21
2.8190081496062991
0
LINE
8
BLACK
6
CONTINUOUS
10
1.7854340157480315
20
2.8190081496062991
11
1.7853249212598425
21
2.8498532677165356
0
LINE
8
BLACK
6
CONTINUOUS
10
1.7853249212598425
20
2.8498532677165356
11
1.784006653543307
21
2.8523922047244095
0
LINE
8
BLACK
6
CONTINUOUS
10
1.784006653543307
20
2.8523922047244095
11
1.7812742913385826
21
2.8537067322834644
0
LINE
8
BLACK
6
CONTINUOUS
10
1.7812742913385826
20
2.8537067322834644
11
1.7756140551181101
21
2.8536397244094487
0
LINE
8
BLACK
6
CONTINUOUS
10
1.7756140551181101
20
2.8536397244094487
11
1.7730548031496063
21
2.8523109842519685
0
LINE
8
BLACK
6
CONTINUOUS
10
1.7730548031496063
20
2.8523109842519685
11
1.7717183464566928
21
2.8495329133858269
0
LINE
8
BLACK
6
CONTINUOUS
10
1.7717183464566928
20
2.8495329133858269
11
1.7718222440944882
21
2.8201602755905513
0
LINE
8
BLACK
6
CONTINUOUS
10
1.7718222440944882
20
2.8201602755905513
11
1.771708779527559
21
2.8190081496062991
0
LINE
8
BLACK
6
CONTINUOUS
10
1.771708779527559
20
2.8190081496062991
11
1.7708269685039371
21
2.8168793307086615
0
LINE
8
BLACK
6
CONTINUOUS
10
1.7708269685039371
20
2.8168793307086615
11
1.7691976771653544
21
2.8152500393700786
0
LINE
8
BLACK
6
CONTINUOUS
10
1.7691976771653544
20
2.8152500393700786
11
1.7670688582677165
21
2.8143682283464568
0
LINE
8
BLACK
6
CONTINUOUS
10
1.7670688582677165
20
2.8143682283464568
11
1.7647646062992126
21
2.8143682283464568
0
LINE
8
BLACK
6
CONTINUOUS
10
1.7647646062992126
20
2.8143682283464568
11
1.7626357874015748
21
2.8152500393700786
0
LINE
8
BLACK
6
CONTINUOUS
10
1.7626357874015748
20
2.8152500393700786
11
1.7610064960629921
21
2.8168793307086615
0
LINE
8
BLACK
6
CONTINUOUS
10
1.7610064960629921
20
2.8168793307086615
11
1.7601246850393701
21
2.8190081496062991
0
LINE
8
BLACK
6
CONTINUOUS
10
1.7601246850393701
20
2.8190081496062991
11
1.760015590551181
21
2.8498532677165356
0
LINE
8
BLACK
6
CONTINUOUS
10
1.760015590551181
20
2.8498532677165356
11
1.7586973228346456
21
2.8523922047244095
0
LINE
8
BLACK
6
CONTINUOUS
10
1.7586973228346456
20
2.8523922047244095
11
1.7559649606299212
21
2.8537067322834644
0
LINE
8
BLACK
6
CONTINUOUS
10
1.7559649606299212
20
2.8537067322834644
11
1.7503047244094487
21
2.8536397244094487
0
LINE
8
BLACK
6
CONTINUOUS
10
1.7503047244094487
20
2.8536397244094487
11
1.7467653543307087
21
2.8518020866141733
0
LINE
8
BLACK
6
CONTINUOUS
10
1.7467653543307087
20
2.8518020866141733
11
1.7464252362204724
21
2.8514465748031497
0
LINE
8
BLACK
6
CONTINUOUS
10
1.7464252362204724
20
2.8514465748031497
11
1.7465128740157481
21
2.8201602755905513
0
LINE
8
BLACK
6
CONTINUOUS
10
1.7465128740157481
20
2.8201602755905513
11
1.7463994094488189
21
2.8190081496062991
0
LINE
8
BLACK
6
CONTINUOUS
10
1.7463994094488189
20
2.8190081496062991
11
1.7455175984251967
21
2.8168793307086615
0
LINE
8
BLACK
6
CONTINUOUS
10
1.7455175984251967
20
2.8168793307086615
11
1.7438883070866142
21
2.8152500393700786
0
LINE
8
BLACK
6
CONTINUOUS
10
1.7438883070866142
20
2.8152500393700786
11
1.7417594881889764
21
2.8143682283464568
0
LINE
8
BLACK
6
CONTINUOUS
10
1.7417594881889764
20
2.8143682283464568
11
1.7394552362204725
21
2.8143682283464568
0
LINE
8
BLACK
6
CONTINUOUS
10
1.7394552362204725
20
2.8143682283464568
11
1.7373264173228347
21
2.8152500393700786
0
LINE
8
BLACK
6
CONTINUOUS
10
1.7373264173228347
20
2.8152500393700786
11
1.735697125984252
21
2.8168793307086615
0
LINE
8
BLACK
6
CONTINUOUS
10
1.735697125984252
20
2.8168793307086615
11
1.7348153149606298
21
2.8190081496062991
0
LINE
8
BLACK
6
CONTINUOUS
10
1.7348153149606298
20
2.8190081496062991
11
1.7347018503937008
21
2.8595303543307087
0
LINE
8
BLACK
6
CONTINUOUS
10
1.7347018503937008
20
2.8595303543307087
11
1.7348153149606298
21
2.8606824803149604
0
LINE
8
BLACK
6
CONTINUOUS
10
1.7348153149606298
20
2.8606824803149604
11
1.735697125984252
21
2.8628112992125985
0
LINE
8
BLACK
6
CONTINUOUS
10
1.735697125984252
20
2.8628112992125985
11
1.7373264173228347
21
2.8644405905511809
0
LINE
8
BLACK
6
CONTINUOUS
10
1.7373264173228347
20
2.8644405905511809
11
1.7394552362204725
21
2.8653224015748031
0
LINE
8
BLACK
6
CONTINUOUS
10
1.7394552362204725
20
2.8653224015748031
11
1.7417594881889764
21
2.8653224015748031
0
LINE
8
BLACK
6
CONTINUOUS
10
1.7417594881889764
20
2.8653224015748031
11
1.7438883070866142
21
2.8644405905511809
0
LINE
8
BLACK
6
CONTINUOUS
10
1.7438883070866142
20
2.8644405905511809
11
1.7445029133858267
21
2.8638259448818899
0
LINE
8
BLACK
6
CONTINUOUS
10
1.7445029133858267
20
2.8638259448818899
11
1.7464027559055118
21
2.8648124015748029
0
LINE
8
BLACK
6
CONTINUOUS
10
1.7464027559055118
20
2.8648124015748029
11
1.7474840157480314
21
2.8652261417322835
0
LINE
8
BLACK
6
CONTINUOUS
10
1.7474840157480314
20
2.8652261417322835
11
1.7476955905511811
21
2.8652411417322834
0
LINE
8
BLACK
6
CONTINUOUS
10
1.7476955905511811
20
2.8652411417322834
11
1.7478916929133859
21
2.8653224015748031
0
LINE
8
BLACK
6
CONTINUOUS
10
1.7478916929133859
20
2.8653224015748031
11
1.7490275984251968
21
2.8653358267716533
0
LINE
8
BLACK
6
CONTINUOUS
10
1.7490275984251968
20
2.8653358267716533
11
1.7497824409448819
21
2.8653894881889763
0
LINE
8
BLACK
6
CONTINUOUS
10
1.7497824409448819
20
2.8653894881889763
11
1.749911968503937
21
2.8653462992125984
0
LINE
8
BLACK
6
CONTINUOUS
10
1.749911968503937
20
2.8653462992125984
11
1.7574802755905512
21
2.8654358661417323
0
LINE
8
BLACK
6
CONTINUOUS
10
1.7574802755905512
20
2.8654358661417323
11
1.7586324015748032
21
2.8653224015748031
0
LINE
8
BLACK
6
CONTINUOUS
10
1.7586324015748032
20
2.8653224015748031
11
1.758828464566929
21
2.8652411417322834
0
LINE
8
BLACK
6
CONTINUOUS
10
1.758828464566929
20
2.8652411417322834
11
1.7590400787401574
21
2.8652261417322835
0
LINE
8
BLACK
6
CONTINUOUS
10
1.7590400787401574
20
2.8652261417322835
11
1.7601261023622048
21
2.8647036220472439
0
LINE
8
BLACK
6
CONTINUOUS
10
1.7601261023622048
20
2.8647036220472439
11
1.760761220472441
21
2.8644405905511809
0
LINE
8
BLACK
6
CONTINUOUS
10
1.760761220472441
20
2.8644405905511809
11
1.760843031496063
21
2.8643587401574804
0
LINE
8
BLACK
6
CONTINUOUS
10
1.760843031496063
20
2.8643587401574804
11
1.765745590551181
21
2.8620002362204722
0
LINE
8
BLACK
6
CONTINUOUS
10
1.765745590551181
20
2.8620002362204722
11
1.765923307086614
21
2.8618883464566927
0
LINE
8
BLACK
6
CONTINUOUS
10
1.765923307086614
20
2.8618883464566927
11
1.7663620472440944
21
2.8620345669291338
0
LINE
8
BLACK
6
CONTINUOUS
10
1.7663620472440944
20
2.8620345669291338
11
1.7717120866141731
21
2.8648124015748029
0
LINE
8
BLACK
6
CONTINUOUS
10
1.7717120866141731
20
2.8648124015748029
11
1.772793346456693
21
2.8652261417322835
0
LINE
8
BLACK
6
CONTINUOUS
10
1.772793346456693
20
2.8652261417322835
11
1.7730049212598424
21
2.8652411417322834
0
LINE
8
BLACK
6
CONTINUOUS
10
1.7730049212598424
20
2.8652411417322834
11
1.7732010236220472
21
2.8653224015748031
0
LINE
8
BLACK
6
CONTINUOUS
10
1.7732010236220472
20
2.8653224015748031
11
1.7743369291338582
21
2.8653358267716533
0
LINE
8
BLACK
6
CONTINUOUS
10
1.7743369291338582
20
2.8653358267716533
11
1.7750917716535433
21
2.8653894881889763
0
LINE
8
BLACK
6
CONTINUOUS
10
1.7750917716535433
20
2.8653894881889763
11
1.7752212992125984
21
2.8653462992125984
0
LINE
8
BLACK
6
CONTINUOUS
10
1.7752212992125984
20
2.8653462992125984
11
1.7827896062992126
21
2.8654358661417323
0
LINE
8
BLACK
6
CONTINUOUS
10
1.7827896062992126
20
2.8654358661417323
11
1.7839417322834645
21
2.8653224015748031
0
LINE
8
BLACK
6
CONTINUOUS
10
1.8626818897637796
20
2.8653224015748031
11
1.8628779527559054
21
2.8652411417322834
0
LINE
8
BLACK
6
CONTINUOUS
10
1.8628779527559054
20
2.8652411417322834
11
1.8630895669291339
21
2.8652261417322835
0
LINE
8
BLACK
6
CONTINUOUS
10
1.8630895669291339
20
2.8652261417322835
11
1.864175590551181
21
2.8647036220472439
0
LINE
8
BLACK
6
CONTINUOUS
10
1.864175590551181
20
2.8647036220472439
11
1.8648107086614172
21
2.8644405905511809
0
LINE
8
BLACK
6
CONTINUOUS
10
1.8648107086614172
20
2.8644405905511809
11
1.8648925196850392
21
2.8643587401574804
0
LINE
8
BLACK
6
CONTINUOUS
10
1.8648925196850392
20
2.8643587401574804
11
1.8697950787401574
21
2.8620002362204722
0
LINE
8
BLACK
6
CONTINUOUS
10
1.8697950787401574
20
2.8620002362204722
11
1.8699875984251968
21
2.8618790157480314
0
LINE
8
BLACK
6
CONTINUOUS
10
1.8699875984251968
20
2.8618790157480314
11
1.8700786220472441
21
2.8618487007874016
0
LINE
8
BLACK
6
CONTINUOUS
10
1.8700786220472441
20
2.8618487007874016
11
1.8701919291338582
21
2.8617503937007873
0
LINE
8
BLACK
6
CONTINUOUS
10
1.8701919291338582
20
2.8617503937007873
11
1.8707748425196851
21
2.8613835039370077
0
LINE
8
BLACK
6
CONTINUOUS
10
1.8707748425196851
20
2.8613835039370077
11
1.8712599212598424
21
2.8608241338582676
0
LINE
8
BLACK
6
CONTINUOUS
10
1.8712599212598424
20
2.8608241338582676
11
1.8718193700787402
21
2.8603389763779528
0
LINE
8
BLACK
6
CONTINUOUS
10
1.8718193700787402
20
2.8603389763779528
11
1.8720261811023622
21
2.8599405905511812
0
LINE
8
BLACK
6
CONTINUOUS
10
1.8720261811023622
20
2.8599405905511812
11
1.8722845275590552
21
2.8596427559055115
0
LINE
8
BLACK
6
CONTINUOUS
10
1.8722845275590552
20
2.8596427559055115
11
1.8724704330708661
21
2.8590849999999999
0
LINE
8
BLACK
6
CONTINUOUS
10
1.8724704330708661
20
2.8590849999999999
11
1.8752482677165354
21
2.8537349606299212
0
LINE
8
BLACK
6
CONTINUOUS
10
1.8752482677165354
20
2.8537349606299212
11
1.8756620078740156
21
2.8526537007874015
0
LINE
8
BLACK
6
CONTINUOUS
10
1.8756620078740156
20
2.8526537007874015
11
1.8756770078740157
21
2.8524420866141731
0
LINE
8
BLACK
6
CONTINUOUS
10
1.8756770078740157
20
2.8524420866141731
11
1.8757582677165354
21
2.852246023622047
0
LINE
8
BLACK
6
CONTINUOUS
10
1.8757582677165354
20
2.852246023622047
11
1.8757617716535433
21
2.8512496456692911
0
LINE
8
BLACK
6
CONTINUOUS
10
1.8757617716535433
20
2.8512496456692911
11
1.8758253543307086
21
2.8503552755905512
0
LINE
8
BLACK
6
CONTINUOUS
10
1.8758253543307086
20
2.8503552755905512
11
1.8757655511811022
21
2.8501759448818897
0
LINE
8
BLACK
6
CONTINUOUS
10
1.8757655511811022
20
2.8501759448818897
11
1.8758717322834646
21
2.8201602755905513
0
LINE
8
BLACK
6
CONTINUOUS
10
1.8758717322834646
20
2.8201602755905513
11
1.8757582677165354
21
2.8190081496062991
0
LINE
8
BLACK
6
CONTINUOUS
10
1.8757582677165354
20
2.8190081496062991
11
1.8748764566929133
21
2.8168793307086615
0
LINE
8
BLACK
6
CONTINUOUS
10
1.8748764566929133
20
2.8168793307086615
11
1.8732471653543306
21
2.8152500393700786
0
LINE
8
BLACK
6
CONTINUOUS
10
1.8732471653543306
20
2.8152500393700786
11
1.8711183464566929
21
2.8143682283464568
0
LINE
8
BLACK
6
CONTINUOUS
10
1.8711183464566929
20
2.8143682283464568
11
1.868814094488189
21
2.8143682283464568
0
LINE
8
BLACK
6
CONTINUOUS
10
1.868814094488189
20
2.8143682283464568
11
1.8666852755905512
21
2.8152500393700786
0
LINE
8
BLACK
6
CONTINUOUS
10
1.8666852755905512
20
2.8152500393700786
11
1.8650559842519685
21
2.8168793307086615
0
LINE
8
BLACK
6
CONTINUOUS
10
1.8650559842519685
20
2.8168793307086615
11
1.8641741732283463
21
2.8190081496062991
0
LINE
8
BLACK
6
CONTINUOUS
10
1.8641741732283463
20
2.8190081496062991
11
1.8640650787401574
21
2.8498532677165356
0
LINE
8
BLACK
6
CONTINUOUS
10
1.8640650787401574
20
2.8498532677165356
11
1.8627468110236221
21
2.8523922047244095
0
LINE
8
BLACK
6
CONTINUOUS
10
1.8627468110236221
20
2.8523922047244095
11
1.8600144488188977
21
2.8537067322834644
0
LINE
8
BLACK
6
CONTINUOUS
10
1.8600144488188977
20
2.8537067322834644
11
1.8543542125984251
21
2.8536397244094487
0
LINE
8
BLACK
6
CONTINUOUS
10
1.8543542125984251
20
2.8536397244094487
11
1.8517949606299213
21
2.8523109842519685
0
LINE
8
BLACK
6
CONTINUOUS
10
1.8517949606299213
20
2.8523109842519685
11
1.8504585039370078
21
2.8495329133858269
0
LINE
8
BLACK
6
CONTINUOUS
10
1.8504585039370078
20
2.8495329133858269
11
1.850562401574803
21
2.8201602755905513
0
LINE
8
BLACK
6
CONTINUOUS
10
1.850562401574803
20
2.8201602755905513
11
1.8504489370078741
21
2.8190081496062991
0
LINE
8
BLACK
6
CONTINUOUS
10
1.8504489370078741
20
2.8190081496062991
11
1.8495671259842519
21
2.8168793307086615
0
LINE
8
BLACK
6
CONTINUOUS
10
1.8495671259842519
20
2.8168793307086615
11
1.8479378346456692
21
2.8152500393700786
0
LINE
8
BLACK
6
CONTINUOUS
10
1.8479378346456692
20
2.8152500393700786
11
1.8458090157480314
21
2.8143682283464568
0
LINE
8
BLACK
6
CONTINUOUS
10
1.8458090157480314
20
2.8143682283464568
11
1.8435047637795274
21
2.8143682283464568
0
LINE
8
BLACK
6
CONTINUOUS
10
1.8435047637795274
20
2.8143682283464568
11
1.8413759448818898
21
2.8152500393700786
0
LINE
8
BLACK
6
CONTINUOUS
10
1.8413759448818898
20
2.8152500393700786
11
1.8397466535433071
21
2.8168793307086615
0
LINE
8
BLACK
6
CONTINUOUS
10
1.8397466535433071
20
2.8168793307086615
11
1.838864842519685
21
2.8190081496062991
0
LINE
8
BLACK
6
CONTINUOUS
10
1.838864842519685
20
2.8190081496062991
11
1.838755748031496
21
2.8498532677165356
0
LINE
8
BLACK
6
CONTINUOUS
10
1.838755748031496
20
2.8498532677165356
11
1.8374374803149607
21
2.8523922047244095
0
LINE
8
BLACK
6
CONTINUOUS
10
1.8374374803149607
20
2.8523922047244095
11
1.8347051181102363
21
2.8537067322834644
0
LINE
8
BLACK
6
CONTINUOUS
10
1.8347051181102363
20
2.8537067322834644
11
1.8290448818897638
21
2.8536397244094487
0
LINE
8
BLACK
6
CONTINUOUS
10
1.8290448818897638
20
2.8536397244094487
11
1.8255055118110235
21
2.8518020866141733
0
LINE
8
BLACK
6
CONTINUOUS
10
1.8255055118110235
20
2.8518020866141733
11
1.8251653937007875
21
2.8514465748031497
0
LINE
8
BLACK
6
CONTINUOUS
10
1.8251653937007875
20
2.8514465748031497
11
1.8252530314960629
21
2.8201602755905513
0
LINE
8
BLACK
6
CONTINUOUS
10
1.8252530314960629
20
2.8201602755905513
11
1.8251395669291339
21
2.8190081496062991
0
LINE
8
BLACK
6
CONTINUOUS
10
1.8251395669291339
20
2.8190081496062991
11
1.8242577559055118
21
2.8168793307086615
0
LINE
8
BLACK
6
CONTINUOUS
10
1.8242577559055118
20
2.8168793307086615
11
1.8226284645669291
21
2.8152500393700786
0
LINE
8
BLACK
6
CONTINUOUS
10
1.8226284645669291
20
2.8152500393700786
11
1.8204996456692912
21
2.8143682283464568
0
LINE
8
BLACK
6
CONTINUOUS
10
1.8204996456692912
20
2.8143682283464568
11
1.8181953937007873
21
2.8143682283464568
0
LINE
8
BLACK
6
CONTINUOUS
10
1.8181953937007873
20
2.8143682283464568
11
1.8160665748031495
21
2.8152500393700786
0
LINE
8
BLACK
6
CONTINUOUS
10
1.8160665748031495
20
2.8152500393700786
11
1.8144372834645668
21
2.8168793307086615
0
LINE
8
BLACK
6
CONTINUOUS
10
1.8144372834645668
20
2.8168793307086615
11
1.8135554724409448
21
2.8190081496062991
0
LINE
8
BLACK
6
CONTINUOUS
10
1.8135554724409448
20
2.8190081496062991
11
1.8134420078740157
21
2.8595303543307087
0
LINE
8
BLACK
6
CONTINUOUS
10
1.8134420078740157
20
2.8595303543307087
11
1.8135554724409448
21
2.8606824803149604
0
LINE
8
BLACK
6
CONTINUOUS
10
1.8135554724409448
20
2.8606824803149604
11
1.8144372834645668
21
2.8628112992125985
0
LINE
8
BLACK
6
CONTINUOUS
10
1.8144372834645668
20
2.8628112992125985
11
1.8160665748031495
21
2.8644405905511809
0
LINE
8
BLACK
6
CONTINUOUS
10
1.8160665748031495
20
2.8644405905511809
11
1.8181953937007873
21
2.8653224015748031
0
LINE
8
BLACK
6
CONTINUOUS
10
1.8181953937007873
20
2.8653224015748031
11
1.8204996456692912
21
2.8653224015748031
0
LINE
8
BLACK
6
CONTINUOUS
10
1.8204996456692912
20
2.8653224015748031
11
1.8226284645669291
21
2.8644405905511809
0
LINE
8
BLACK
6
CONTINUOUS
10
1.8226284645669291
20
2.8644405905511809
11
1.8232430708661418
21
2.8638259448818899
0
LINE
8
BLACK
6
CONTINUOUS
10
1.8232430708661418
20
2.8638259448818899
11
1.8251429133858268
21
2.8648124015748029
0
LINE
8
BLACK
6
CONTINUOUS
10
1.8251429133858268
20
2.8648124015748029
11
1.8262241732283464
21
2.8652261417322835
0
LINE
8
BLACK
6
CONTINUOUS
10
1.8262241732283464
20
2.8652261417322835
11
1.8264357480314961
21
2.8652411417322834
0
LINE
8
BLACK
6
CONTINUOUS
10
1.8264357480314961
20
2.8652411417322834
11
1.8266318503937007
21
2.8653224015748031
0
LINE
8
BLACK
6
CONTINUOUS
10
1.8266318503937007
20
2.8653224015748031
11
1.8277677559055117
21
2.8653358267716533
0
LINE
8
BLACK
6
CONTINUOUS
10
1.8277677559055117
20
2.8653358267716533
11
1.8285225984251967
21
2.8653894881889763
0
LINE
8
BLACK
6
CONTINUOUS
10
1.8285225984251967
20
2.8653894881889763
11
1.8286521259842519
21
2.8653462992125984
0
LINE
8
BLACK
6
CONTINUOUS
10
1.8286521259842519
20
2.8653462992125984
11
1.836220433070866
21
2.8654358661417323
0
LINE
8
BLACK
6
CONTINUOUS
10
1.836220433070866
20
2.8654358661417323
11
1.837372559055118
21
2.8653224015748031
0
LINE
8
BLACK
6
CONTINUOUS
10
1.837372559055118
20
2.8653224015748031
11
1.837568622047244
21
2.8652411417322834
0
LINE
8
BLACK
6
CONTINUOUS
10
1.837568622047244
20
2.8652411417322834
11
1.8377802362204725
21
2.8652261417322835
0
LINE
8
BLACK
6
CONTINUOUS
10
1.8377802362204725
20
2.8652261417322835
11
1.8388662598425196
21
2.8647036220472439
0
LINE
8
BLACK
6
CONTINUOUS
10
1.8388662598425196
20
2.8647036220472439
11
1.8395013779527558
21
2.8644405905511809
0
LINE
8
BLACK
6
CONTINUOUS
10
1.8395013779527558
20
2.8644405905511809
11
1.8395831889763778
21
2.8643587401574804
0
LINE
8
BLACK
6
CONTINUOUS
10
1.8395831889763778
20
2.8643587401574804
11
1.844485748031496
21
2.8620002362204722
0
LINE
8
BLACK
6
CONTINUOUS
10
1.844485748031496
20
2.8620002362204722
11
1.8446634645669291
21
2.8618883464566927
0
LINE
8
BLACK
6
CONTINUOUS
10
1.8446634645669291
20
2.8618883464566927
11
1.8451022047244094
21
2.8620345669291338
0
LINE
8
BLACK
6
CONTINUOUS
10
1.8451022047244094
20
2.8620345669291338
11
1.8504522440944882
21
2.8648124015748029
0
LINE
8
BLACK
6
CONTINUOUS
10
1.8504522440944882
20
2.8648124015748029
11
1.8515335039370078
21
2.8652261417322835
0
LINE
8
BLACK
6
CONTINUOUS
10
1.8515335039370078
20
2.8652261417322835
11
1.8517450787401575
21
2.8652411417322834
0
LINE
8
BLACK
6
CONTINUOUS
10
1.8517450787401575
20
2.8652411417322834
11
1.8519411811023621
21
2.8653224015748031
0
LINE
8
BLACK
6
CONTINUOUS
10
1.8519411811023621
20
2.8653224015748031
11
1.8530770866141733
21
2.8653358267716533
0
LINE
8
BLACK
6
CONTINUOUS
10
1.8530770866141733
20
2.8653358267716533
11
1.8538319291338583
21
2.8653894881889763
0
LINE
8
BLACK
6
CONTINUOUS
10
1.8538319291338583
20
2.8653894881889763
11
1.8539614566929132
21
2.8653462992125984
0
LINE
8
BLACK
6
CONTINUOUS
10
1.8539614566929132
20
2.8653462992125984
11
1.8615297637795276
21
2.8654358661417323
0
LINE
8
BLACK
6
CONTINUOUS
10
1.8615297637795276
20
2.8654358661417323
11
1.8626818897637796
21
2.8653224015748031
  0
ENDSEC
  0
EOF
