  0
SECTION
  2
HEADER
  9
$ANGBASE
  50
0.0
  9
$ANGDIR
  70
1
  9
$MEASUREMENT
  70
0
  0
ENDSEC
  0
SECTION
  2
TABLES
  0
TABLE
  2
LTYPE
  70
4
  0
LTYPE
  5
40F
  2
CONTINUOUS
  70
0
  3
Solid line
  72
65
  73
0
  40
0.0
  0
LTYPE
  5
410
  2
DASHDOT
 70
0
  3
Dash Dot ____ _ ____ _
 72
65
 73
4
 40
2.0
 49
1.25
 49
-0.25
 49
0.25
 49
-0.25
  0
LTYPE
  5
411
  2
DASHED
 70
0
  3
Dashed __ __ __ __ __
 72
65
 73
2
 40
0.75
 49
0.5
 49
-0.25
  0
LTYPE
  5
43B
  2
DOTTED
 70
0
  3
Dotted .  .  .  .
 72
65
 73
2
 40
0.2
 49
0.0
 49
-0.2
  0
ENDTAB
  0
TABLE
  2
STYLE
  70
4
  0
STYLE
  2
KICAD
  70
0
  40
0
  41
1
  42
1
  50
0
  71
0
  3
isocp.shx
  0
STYLE
  2
KICADB
  70
0
  40
0
  41
1
  42
1
  50
0
  71
0
  3
isocp.shx
  0
STYLE
  2
KICADI
  70
0
  40
0
  41
1
  42
1
  50
15
  71
0
  3
isocp.shx
  0
STYLE
  2
KICADBI
  70
0
  40
0
  41
1
  42
1
  50
15
  71
0
  3
isocp.shx
  0
ENDTAB
  0
TABLE
  2
LAYER
  70
1
  0
LAYER
  2
BLACK
  70
0
  62
7
  6
CONTINUOUS
  0
ENDTAB
  0
ENDSEC
  0
SECTION
  2
ENTITIES
0
LINE
8
BLACK
6
CONTINUOUS
10
1.6272779527559054
20
0.4559364566929134
11
1.6314729527559055
21
0.4532405118110236
0
LINE
8
BLACK
6
CONTINUOUS
10
1.6314729527559055
20
0.4532405118110236
11
1.6347385039370079
21
0.4494718503937008
0
LINE
8
BLACK
6
CONTINUOUS
10
1.6347385039370079
20
0.4494718503937008
11
1.6368099999999999
21
0.4449358661417323
0
LINE
8
BLACK
6
CONTINUOUS
10
1.6368099999999999
20
0.4449358661417323
11
1.6375196850393701
21
0.44
0
LINE
8
BLACK
6
CONTINUOUS
10
1.6375196850393701
20
0.44
11
1.6368099999999999
21
0.4350641338582677
0
LINE
8
BLACK
6
CONTINUOUS
10
1.6368099999999999
20
0.4350641338582677
11
1.6347385039370079
21
0.4305281496062992
0
LINE
8
BLACK
6
CONTINUOUS
10
1.6347385039370079
20
0.4305281496062992
11
1.6314729527559055
21
0.4267594881889764
0
LINE
8
BLACK
6
CONTINUOUS
10
1.6314729527559055
20
0.4267594881889764
11
1.6272779527559054
21
0.4240635433070866
0
LINE
8
BLACK
6
CONTINUOUS
10
1.6272779527559054
20
0.4240635433070866
11
1.6224933070866141
21
0.4226586220472441
0
LINE
8
BLACK
6
CONTINUOUS
10
1.6224933070866141
20
0.4226586220472441
11
1.6192966929133858
21
0.4226586220472441
0
LINE
8
BLACK
6
CONTINUOUS
10
1.6192966929133858
20
0.4226586220472441
11
1.6141924803149605
21
0.4175150787401575
0
LINE
8
BLACK
6
CONTINUOUS
10
1.6141924803149605
20
0.4175150787401575
11
1.6142897637795275
21
0.1273248818897638
0
LINE
8
BLACK
6
CONTINUOUS
10
1.6142897637795275
20
0.1273248818897638
11
1.6218320078740156
21
0.1198712992125984
0
LINE
8
BLACK
6
CONTINUOUS
10
1.6218320078740156
20
0.1198712992125984
11
1.6227379133858266
21
0.1188382677165354
0
LINE
8
BLACK
6
CONTINUOUS
10
1.6227379133858266
20
0.1188382677165354
11
1.6302926377952756
21
0.1113413779527559
0
LINE
8
BLACK
6
CONTINUOUS
10
1.6302926377952756
20
0.1113413779527559
11
1.6334933070866142
21
0.1113413779527559
0
LINE
8
BLACK
6
CONTINUOUS
10
1.6334933070866142
20
0.1113413779527559
11
1.6382779527559055
21
0.1099364566929134
0
LINE
8
BLACK
6
CONTINUOUS
10
1.6382779527559055
20
0.1099364566929134
11
1.6424729527559054
21
0.1072405118110236
0
LINE
8
BLACK
6
CONTINUOUS
10
1.6424729527559054
20
0.1072405118110236
11
1.6457385039370078
21
0.1034718503937008
0
LINE
8
BLACK
6
CONTINUOUS
10
1.6457385039370078
20
0.1034718503937008
11
1.64781
21
0.0989358661417323
0
LINE
8
BLACK
6
CONTINUOUS
10
1.64781
20
0.0989358661417323
11
1.64851968503937
21
0.094
0
LINE
8
BLACK
6
CONTINUOUS
10
1.64851968503937
20
0.094
11
1.64781
21
0.0890641338582677
0
LINE
8
BLACK
6
CONTINUOUS
10
1.64781
20
0.0890641338582677
11
1.6457385039370078
21
0.0845281496062992
0
LINE
8
BLACK
6
CONTINUOUS
10
1.6457385039370078
20
0.0845281496062992
11
1.6424729527559054
21
0.0807594881889764
0
LINE
8
BLACK
6
CONTINUOUS
10
1.6424729527559054
20
0.0807594881889764
11
1.6382779527559055
21
0.0780635433070866
0
LINE
8
BLACK
6
CONTINUOUS
10
1.6382779527559055
20
0.0780635433070866
11
1.6334933070866142
21
0.0766586220472441
0
LINE
8
BLACK
6
CONTINUOUS
10
1.6334933070866142
20
0.0766586220472441
11
1.6285066929133858
21
0.0766586220472441
0
LINE
8
BLACK
6
CONTINUOUS
10
1.6285066929133858
20
0.0766586220472441
11
1.6237220472440945
21
0.0780635433070866
0
LINE
8
BLACK
6
CONTINUOUS
10
1.6237220472440945
20
0.0780635433070866
11
1.6195270472440944
21
0.0807594881889764
0
LINE
8
BLACK
6
CONTINUOUS
10
1.6195270472440944
20
0.0807594881889764
11
1.6162614960629922
21
0.0845281496062992
0
LINE
8
BLACK
6
CONTINUOUS
10
1.6162614960629922
20
0.0845281496062992
11
1.61419
21
0.0890641338582677
0
LINE
8
BLACK
6
CONTINUOUS
10
1.61419
20
0.0890641338582677
11
1.6134803149606298
21
0.094
0
LINE
8
BLACK
6
CONTINUOUS
10
1.6134803149606298
20
0.094
11
1.613591062992126
21
0.0947703149606299
0
LINE
8
BLACK
6
CONTINUOUS
10
1.613591062992126
20
0.0947703149606299
11
1.6051287007874016
21
0.1031679921259843
0
LINE
8
BLACK
6
CONTINUOUS
10
1.6051287007874016
20
0.1031679921259843
11
1.6042785433070865
21
0.1041374015748032
0
LINE
8
BLACK
6
CONTINUOUS
10
1.6042785433070865
20
0.1041374015748032
11
1.5941287007874014
21
0.1141679921259842
0
LINE
8
BLACK
6
CONTINUOUS
10
1.5941287007874014
20
0.1141679921259842
11
1.5931100393700788
21
0.1153295669291339
0
LINE
8
BLACK
6
CONTINUOUS
10
1.5931100393700788
20
0.1153295669291339
11
1.5915683858267715
21
0.1179997637795276
0
LINE
8
BLACK
6
CONTINUOUS
10
1.5915683858267715
20
0.1179997637795276
11
1.5907703937007873
21
0.1209779921259842
0
LINE
8
BLACK
6
CONTINUOUS
10
1.5907703937007873
20
0.1209779921259842
11
1.5906693307086615
21
0.4224803543307086
0
LINE
8
BLACK
6
CONTINUOUS
10
1.5906693307086615
20
0.4224803543307086
11
1.5907703937007873
21
0.4240220078740157
0
LINE
8
BLACK
6
CONTINUOUS
10
1.5907703937007873
20
0.4240220078740157
11
1.5915683858267715
21
0.4270002362204725
0
LINE
8
BLACK
6
CONTINUOUS
10
1.5915683858267715
20
0.4270002362204725
11
1.5931100393700788
21
0.4296704330708661
0
LINE
8
BLACK
6
CONTINUOUS
10
1.5931100393700788
20
0.4296704330708661
11
1.6025916929133859
21
0.4392251968503937
0
LINE
8
BLACK
6
CONTINUOUS
10
1.6025916929133859
20
0.4392251968503937
11
1.6024803149606299
21
0.44
0
LINE
8
BLACK
6
CONTINUOUS
10
1.6024803149606299
20
0.44
11
1.6031899999999999
21
0.4449358661417323
0
LINE
8
BLACK
6
CONTINUOUS
10
1.6031899999999999
20
0.4449358661417323
11
1.6052614960629921
21
0.4494718503937008
0
LINE
8
BLACK
6
CONTINUOUS
10
1.6052614960629921
20
0.4494718503937008
11
1.6085270472440945
21
0.4532405118110236
0
LINE
8
BLACK
6
CONTINUOUS
10
1.6085270472440945
20
0.4532405118110236
11
1.6127220472440944
21
0.4559364566929134
0
LINE
8
BLACK
6
CONTINUOUS
10
1.6127220472440944
20
0.4559364566929134
11
1.6175066929133859
21
0.4573413779527559
0
LINE
8
BLACK
6
CONTINUOUS
10
1.6175066929133859
20
0.4573413779527559
11
1.6224933070866141
21
0.4573413779527559
0
LINE
8
BLACK
6
CONTINUOUS
10
1.6224933070866141
20
0.4573413779527559
11
1.6272779527559054
21
0.4559364566929134
0
LINE
8
BLACK
6
CONTINUOUS
10
0.2205096456692913
20
0.3163158661417323
11
0.2338744094488189
21
0.3131483858267716
0
LINE
8
BLACK
6
CONTINUOUS
10
0.2338744094488189
20
0.3131483858267716
11
0.246781062992126
21
0.3084507086614173
0
LINE
8
BLACK
6
CONTINUOUS
10
0.246781062992126
20
0.3084507086614173
11
0.2590551181102362
21
0.3022864566929134
0
LINE
8
BLACK
6
CONTINUOUS
10
0.2590551181102362
20
0.3022864566929134
11
0.2705305511811024
21
0.2947389763779528
0
LINE
8
BLACK
6
CONTINUOUS
10
0.2705305511811024
20
0.2947389763779528
11
0.2810521653543307
21
0.2859102755905512
0
LINE
8
BLACK
6
CONTINUOUS
10
0.2810521653543307
20
0.2859102755905512
11
0.2904776771653543
21
0.2759198031496063
0
LINE
8
BLACK
6
CONTINUOUS
10
0.2904776771653543
20
0.2759198031496063
11
0.2986796456692913
21
0.2649026377952756
0
LINE
8
BLACK
6
CONTINUOUS
10
0.2986796456692913
20
0.2649026377952756
11
0.3055471653543307
21
0.2530077952755905
0
LINE
8
BLACK
6
CONTINUOUS
10
0.3055471653543307
20
0.2530077952755905
11
0.3109873228346456
21
0.240396062992126
0
LINE
8
BLACK
6
CONTINUOUS
10
0.3109873228346456
20
0.240396062992126
11
0.3149265748031496
21
0.2272381102362205
0
LINE
8
BLACK
6
CONTINUOUS
10
0.3149265748031496
20
0.2272381102362205
11
0.3173116141732283
21
0.2137117716535433
0
LINE
8
BLACK
6
CONTINUOUS
10
0.3173116141732283
20
0.2137117716535433
11
0.3181102362204724
21
0.2
0
LINE
8
BLACK
6
CONTINUOUS
10
0.3181102362204724
20
0.2
11
0.3173116141732283
21
0.1862882283464567
0
LINE
8
BLACK
6
CONTINUOUS
10
0.3173116141732283
20
0.1862882283464567
11
0.3149265748031496
21
0.1727618897637795
0
LINE
8
BLACK
6
CONTINUOUS
10
0.3149265748031496
20
0.1727618897637795
11
0.3109873228346456
21
0.159603937007874
0
LINE
8
BLACK
6
CONTINUOUS
10
0.3109873228346456
20
0.159603937007874
11
0.3055471653543307
21
0.1469922047244094
0
LINE
8
BLACK
6
CONTINUOUS
10
0.3055471653543307
20
0.1469922047244094
11
0.2986796456692913
21
0.1350973622047244
0
LINE
8
BLACK
6
CONTINUOUS
10
0.2986796456692913
20
0.1350973622047244
11
0.2904776771653543
21
0.1240801968503937
0
LINE
8
BLACK
6
CONTINUOUS
10
0.2904776771653543
20
0.1240801968503937
11
0.2810521653543307
21
0.1140897244094488
0
LINE
8
BLACK
6
CONTINUOUS
10
0.2810521653543307
20
0.1140897244094488
11
0.2705305511811024
21
0.1052610236220472
0
LINE
8
BLACK
6
CONTINUOUS
10
0.2705305511811024
20
0.1052610236220472
11
0.2590551181102362
21
0.0977135433070866
0
LINE
8
BLACK
6
CONTINUOUS
10
0.2590551181102362
20
0.0977135433070866
11
0.246781062992126
21
0.0915492913385827
0
LINE
8
BLACK
6
CONTINUOUS
10
0.246781062992126
20
0.0915492913385827
11
0.2338744094488189
21
0.0868516141732283
0
LINE
8
BLACK
6
CONTINUOUS
10
0.2338744094488189
20
0.0868516141732283
11
0.2205096456692913
21
0.0836841338582677
0
LINE
8
BLACK
6
CONTINUOUS
10
0.2205096456692913
20
0.0836841338582677
11
0.2068674803149606
21
0.0820896062992126
0
LINE
8
BLACK
6
CONTINUOUS
10
0.2068674803149606
20
0.0820896062992126
11
0.1931325196850394
21
0.0820896062992126
0
LINE
8
BLACK
6
CONTINUOUS
10
0.1931325196850394
20
0.0820896062992126
11
0.1794903543307086
21
0.0836841338582677
0
LINE
8
BLACK
6
CONTINUOUS
10
0.1794903543307086
20
0.0836841338582677
11
0.1661255905511811
21
0.0868516141732283
0
LINE
8
BLACK
6
CONTINUOUS
10
0.1661255905511811
20
0.0868516141732283
11
0.153218937007874
21
0.0915492913385827
0
LINE
8
BLACK
6
CONTINUOUS
10
0.153218937007874
20
0.0915492913385827
11
0.1409448818897638
21
0.0977135433070866
0
LINE
8
BLACK
6
CONTINUOUS
10
0.1409448818897638
20
0.0977135433070866
11
0.1294694488188976
21
0.1052610236220472
0
LINE
8
BLACK
6
CONTINUOUS
10
0.1294694488188976
20
0.1052610236220472
11
0.1189478346456693
21
0.1140897244094488
0
LINE
8
BLACK
6
CONTINUOUS
10
0.1189478346456693
20
0.1140897244094488
11
0.1095223228346457
21
0.1240801968503937
0
LINE
8
BLACK
6
CONTINUOUS
10
0.1095223228346457
20
0.1240801968503937
11
0.1013203543307087
21
0.1350973622047244
0
LINE
8
BLACK
6
CONTINUOUS
10
0.1013203543307087
20
0.1350973622047244
11
0.0944528346456693
21
0.1469922047244094
0
LINE
8
BLACK
6
CONTINUOUS
10
0.0944528346456693
20
0.1469922047244094
11
0.0890126771653543
21
0.159603937007874
0
LINE
8
BLACK
6
CONTINUOUS
10
0.0890126771653543
20
0.159603937007874
11
0.0850734251968504
21
0.1727618897637795
0
LINE
8
BLACK
6
CONTINUOUS
10
0.0850734251968504
20
0.1727618897637795
11
0.0826883858267717
21
0.1862882283464567
0
LINE
8
BLACK
6
CONTINUOUS
10
0.0826883858267717
20
0.1862882283464567
11
0.0818897637795276
21
0.2
0
LINE
8
BLACK
6
CONTINUOUS
10
0.0818897637795276
20
0.2
11
0.0826883858267717
21
0.2137117716535433
0
LINE
8
BLACK
6
CONTINUOUS
10
0.0826883858267717
20
0.2137117716535433
11
0.0850734251968504
21
0.2272381102362205
0
LINE
8
BLACK
6
CONTINUOUS
10
0.0850734251968504
20
0.2272381102362205
11
0.0890126771653543
21
0.240396062992126
0
LINE
8
BLACK
6
CONTINUOUS
10
0.0890126771653543
20
0.240396062992126
11
0.0944528346456693
21
0.2530077952755905
0
LINE
8
BLACK
6
CONTINUOUS
10
0.0944528346456693
20
0.2530077952755905
11
0.1013203543307087
21
0.2649026377952756
0
LINE
8
BLACK
6
CONTINUOUS
10
0.1013203543307087
20
0.2649026377952756
11
0.1095223228346457
21
0.2759198031496063
0
LINE
8
BLACK
6
CONTINUOUS
10
0.1095223228346457
20
0.2759198031496063
11
0.1189478346456693
21
0.2859102755905512
0
LINE
8
BLACK
6
CONTINUOUS
10
0.1189478346456693
20
0.2859102755905512
11
0.1294694488188976
21
0.2947389763779528
0
LINE
8
BLACK
6
CONTINUOUS
10
0.1294694488188976
20
0.2947389763779528
11
0.1409448818897638
21
0.3022864566929134
0
LINE
8
BLACK
6
CONTINUOUS
10
0.1409448818897638
20
0.3022864566929134
11
0.153218937007874
21
0.3084507086614173
0
LINE
8
BLACK
6
CONTINUOUS
10
0.153218937007874
20
0.3084507086614173
11
0.1661255905511811
21
0.3131483858267716
0
LINE
8
BLACK
6
CONTINUOUS
10
0.1661255905511811
20
0.3131483858267716
11
0.1794903543307086
21
0.3163158661417323
0
LINE
8
BLACK
6
CONTINUOUS
10
0.1794903543307086
20
0.3163158661417323
11
0.1931325196850394
21
0.3179103937007874
0
LINE
8
BLACK
6
CONTINUOUS
10
0.1931325196850394
20
0.3179103937007874
11
0.2068674803149606
21
0.3179103937007874
0
LINE
8
BLACK
6
CONTINUOUS
10
0.2068674803149606
20
0.3179103937007874
11
0.2205096456692913
21
0.3163158661417323
0
LINE
8
BLACK
6
CONTINUOUS
10
3.0205096456692915
20
0.3163158661417323
11
3.0338744094488188
21
0.3131483858267716
0
LINE
8
BLACK
6
CONTINUOUS
10
3.0338744094488188
20
0.3131483858267716
11
3.0467810629921259
21
0.3084507086614173
0
LINE
8
BLACK
6
CONTINUOUS
10
3.0467810629921259
20
0.3084507086614173
11
3.0590551181102361
21
0.3022864566929134
0
LINE
8
BLACK
6
CONTINUOUS
10
3.0590551181102361
20
0.3022864566929134
11
3.0705305511811023
21
0.2947389763779528
0
LINE
8
BLACK
6
CONTINUOUS
10
3.0705305511811023
20
0.2947389763779528
11
3.0810521653543308
21
0.2859102755905512
0
LINE
8
BLACK
6
CONTINUOUS
10
3.0810521653543308
20
0.2859102755905512
11
3.0904776771653544
21
0.2759198031496063
0
LINE
8
BLACK
6
CONTINUOUS
10
3.0904776771653544
20
0.2759198031496063
11
3.0986796456692911
21
0.2649026377952756
0
LINE
8
BLACK
6
CONTINUOUS
10
3.0986796456692911
20
0.2649026377952756
11
3.1055471653543307
21
0.2530077952755905
0
LINE
8
BLACK
6
CONTINUOUS
10
3.1055471653543307
20
0.2530077952755905
11
3.1109873228346454
21
0.240396062992126
0
LINE
8
BLACK
6
CONTINUOUS
10
3.1109873228346454
20
0.240396062992126
11
3.1149265748031496
21
0.2272381102362205
0
LINE
8
BLACK
6
CONTINUOUS
10
3.1149265748031496
20
0.2272381102362205
11
3.1173116141732282
21
0.2137117716535433
0
LINE
8
BLACK
6
CONTINUOUS
10
3.1173116141732282
20
0.2137117716535433
11
3.1181102362204722
21
0.2
0
LINE
8
BLACK
6
CONTINUOUS
10
3.1181102362204722
20
0.2
11
3.1173116141732282
21
0.1862882283464567
0
LINE
8
BLACK
6
CONTINUOUS
10
3.1173116141732282
20
0.1862882283464567
11
3.1149265748031496
21
0.1727618897637795
0
LINE
8
BLACK
6
CONTINUOUS
10
3.1149265748031496
20
0.1727618897637795
11
3.1109873228346454
21
0.159603937007874
0
LINE
8
BLACK
6
CONTINUOUS
10
3.1109873228346454
20
0.159603937007874
11
3.1055471653543307
21
0.1469922047244094
0
LINE
8
BLACK
6
CONTINUOUS
10
3.1055471653543307
20
0.1469922047244094
11
3.0986796456692911
21
0.1350973622047244
0
LINE
8
BLACK
6
CONTINUOUS
10
3.0986796456692911
20
0.1350973622047244
11
3.0904776771653544
21
0.1240801968503937
0
LINE
8
BLACK
6
CONTINUOUS
10
3.0904776771653544
20
0.1240801968503937
11
3.0810521653543308
21
0.1140897244094488
0
LINE
8
BLACK
6
CONTINUOUS
10
3.0810521653543308
20
0.1140897244094488
11
3.0705305511811023
21
0.1052610236220472
0
LINE
8
BLACK
6
CONTINUOUS
10
3.0705305511811023
20
0.1052610236220472
11
3.0590551181102361
21
0.0977135433070866
0
LINE
8
BLACK
6
CONTINUOUS
10
3.0590551181102361
20
0.0977135433070866
11
3.0467810629921259
21
0.0915492913385827
0
LINE
8
BLACK
6
CONTINUOUS
10
3.0467810629921259
20
0.0915492913385827
11
3.0338744094488188
21
0.0868516141732283
0
LINE
8
BLACK
6
CONTINUOUS
10
3.0338744094488188
20
0.0868516141732283
11
3.0205096456692915
21
0.0836841338582677
0
LINE
8
BLACK
6
CONTINUOUS
10
3.0205096456692915
20
0.0836841338582677
11
3.0068674803149604
21
0.0820896062992126
0
LINE
8
BLACK
6
CONTINUOUS
10
3.0068674803149604
20
0.0820896062992126
11
2.9931325196850391
21
0.0820896062992126
0
LINE
8
BLACK
6
CONTINUOUS
10
2.9931325196850391
20
0.0820896062992126
11
2.9794903543307085
21
0.0836841338582677
0
LINE
8
BLACK
6
CONTINUOUS
10
2.9794903543307085
20
0.0836841338582677
11
2.9661255905511812
21
0.0868516141732283
0
LINE
8
BLACK
6
CONTINUOUS
10
2.9661255905511812
20
0.0868516141732283
11
2.9532189370078741
21
0.0915492913385827
0
LINE
8
BLACK
6
CONTINUOUS
10
2.9532189370078741
20
0.0915492913385827
11
2.9409448818897639
21
0.0977135433070866
0
LINE
8
BLACK
6
CONTINUOUS
10
2.9409448818897639
20
0.0977135433070866
11
2.9294694488188977
21
0.1052610236220472
0
LINE
8
BLACK
6
CONTINUOUS
10
2.9294694488188977
20
0.1052610236220472
11
2.9189478346456692
21
0.1140897244094488
0
LINE
8
BLACK
6
CONTINUOUS
10
2.9189478346456692
20
0.1140897244094488
11
2.9095223228346456
21
0.1240801968503937
0
LINE
8
BLACK
6
CONTINUOUS
10
2.9095223228346456
20
0.1240801968503937
11
2.9013203543307085
21
0.1350973622047244
0
LINE
8
BLACK
6
CONTINUOUS
10
2.9013203543307085
20
0.1350973622047244
11
2.8944528346456693
21
0.1469922047244094
0
LINE
8
BLACK
6
CONTINUOUS
10
2.8944528346456693
20
0.1469922047244094
11
2.8890126771653541
21
0.159603937007874
0
LINE
8
BLACK
6
CONTINUOUS
10
2.8890126771653541
20
0.159603937007874
11
2.8850734251968504
21
0.1727618897637795
0
LINE
8
BLACK
6
CONTINUOUS
10
2.8850734251968504
20
0.1727618897637795
11
2.8826883858267718
21
0.1862882283464567
0
LINE
8
BLACK
6
CONTINUOUS
10
2.8826883858267718
20
0.1862882283464567
11
2.8818897637795273
21
0.2
0
LINE
8
BLACK
6
CONTINUOUS
10
2.8818897637795273
20
0.2
11
2.8826883858267718
21
0.2137117716535433
0
LINE
8
BLACK
6
CONTINUOUS
10
2.8826883858267718
20
0.2137117716535433
11
2.8850734251968504
21
0.2272381102362205
0
LINE
8
BLACK
6
CONTINUOUS
10
2.8850734251968504
20
0.2272381102362205
11
2.8890126771653541
21
0.240396062992126
0
LINE
8
BLACK
6
CONTINUOUS
10
2.8890126771653541
20
0.240396062992126
11
2.8944528346456693
21
0.2530077952755905
0
LINE
8
BLACK
6
CONTINUOUS
10
2.8944528346456693
20
0.2530077952755905
11
2.9013203543307085
21
0.2649026377952756
0
LINE
8
BLACK
6
CONTINUOUS
10
2.9013203543307085
20
0.2649026377952756
11
2.9095223228346456
21
0.2759198031496063
0
LINE
8
BLACK
6
CONTINUOUS
10
2.9095223228346456
20
0.2759198031496063
11
2.9189478346456692
21
0.2859102755905512
0
LINE
8
BLACK
6
CONTINUOUS
10
2.9189478346456692
20
0.2859102755905512
11
2.9294694488188977
21
0.2947389763779528
0
LINE
8
BLACK
6
CONTINUOUS
10
2.9294694488188977
20
0.2947389763779528
11
2.9409448818897639
21
0.3022864566929134
0
LINE
8
BLACK
6
CONTINUOUS
10
2.9409448818897639
20
0.3022864566929134
11
2.9532189370078741
21
0.3084507086614173
0
LINE
8
BLACK
6
CONTINUOUS
10
2.9532189370078741
20
0.3084507086614173
11
2.9661255905511812
21
0.3131483858267716
0
LINE
8
BLACK
6
CONTINUOUS
10
2.9661255905511812
20
0.3131483858267716
11
2.9794903543307085
21
0.3163158661417323
0
LINE
8
BLACK
6
CONTINUOUS
10
2.9794903543307085
20
0.3163158661417323
11
2.9931325196850391
21
0.3179103937007874
0
LINE
8
BLACK
6
CONTINUOUS
10
2.9931325196850391
20
0.3179103937007874
11
3.0068674803149604
21
0.3179103937007874
0
LINE
8
BLACK
6
CONTINUOUS
10
3.0068674803149604
20
0.3179103937007874
11
3.0205096456692915
21
0.3163158661417323
0
LINE
8
BLACK
6
CONTINUOUS
10
2.5539842519685041
20
0.0984173228346457
11
2.4879842519685038
21
0.0984173228346457
0
LINE
8
BLACK
6
CONTINUOUS
10
2.4879842519685038
20
0.0984173228346457
11
2.4879842519685038
21
0.1644173228346457
0
LINE
8
BLACK
6
CONTINUOUS
10
2.4879842519685038
20
0.1644173228346457
11
2.5539842519685041
21
0.1644173228346457
0
LINE
8
BLACK
6
CONTINUOUS
10
2.5539842519685041
20
0.1644173228346457
11
2.5539842519685041
21
0.0984173228346457
0
LINE
8
BLACK
6
CONTINUOUS
10
2.8020157480314958
20
0.0984173228346457
11
2.7360157480314959
21
0.0984173228346457
0
LINE
8
BLACK
6
CONTINUOUS
10
2.7360157480314959
20
0.0984173228346457
11
2.7360157480314959
21
0.1644173228346457
0
LINE
8
BLACK
6
CONTINUOUS
10
2.7360157480314959
20
0.1644173228346457
11
2.8020157480314958
21
0.1644173228346457
0
LINE
8
BLACK
6
CONTINUOUS
10
2.8020157480314958
20
0.1644173228346457
11
2.8020157480314958
21
0.0984173228346457
0
LINE
8
BLACK
6
CONTINUOUS
10
1.3799999999999999
20
0.12
11
1.3200000000000001
21
0.12
0
LINE
8
BLACK
6
CONTINUOUS
10
1.3200000000000001
20
0.12
11
1.3200000000000001
21
0.18
0
LINE
8
BLACK
6
CONTINUOUS
10
1.3200000000000001
20
0.18
11
1.3799999999999999
21
0.18
0
LINE
8
BLACK
6
CONTINUOUS
10
1.3799999999999999
20
0.18
11
1.3799999999999999
21
0.12
0
LINE
8
BLACK
6
CONTINUOUS
10
1.48
20
0.12
11
1.4199999999999999
21
0.12
0
LINE
8
BLACK
6
CONTINUOUS
10
1.4199999999999999
20
0.12
11
1.4199999999999999
21
0.18
0
LINE
8
BLACK
6
CONTINUOUS
10
1.4199999999999999
20
0.18
11
1.48
21
0.18
0
LINE
8
BLACK
6
CONTINUOUS
10
1.48
20
0.18
11
1.48
21
0.12
0
LINE
8
BLACK
6
CONTINUOUS
10
1.3799999999999999
20
0.22
11
1.3200000000000001
21
0.22
0
LINE
8
BLACK
6
CONTINUOUS
10
1.3200000000000001
20
0.22
11
1.3200000000000001
21
0.28
0
LINE
8
BLACK
6
CONTINUOUS
10
1.3200000000000001
20
0.28
11
1.3799999999999999
21
0.28
0
LINE
8
BLACK
6
CONTINUOUS
10
1.3799999999999999
20
0.28
11
1.3799999999999999
21
0.22
0
LINE
8
BLACK
6
CONTINUOUS
10
1.48
20
0.22
11
1.4199999999999999
21
0.22
0
LINE
8
BLACK
6
CONTINUOUS
10
1.4199999999999999
20
0.22
11
1.4199999999999999
21
0.28
0
LINE
8
BLACK
6
CONTINUOUS
10
1.4199999999999999
20
0.28
11
1.48
21
0.28
0
LINE
8
BLACK
6
CONTINUOUS
10
1.48
20
0.28
11
1.48
21
0.22
0
LINE
8
BLACK
6
CONTINUOUS
10
0.6631496062992126
20
0.235
11
0.5131496062992126
21
0.235
0
LINE
8
BLACK
6
CONTINUOUS
10
0.5131496062992126
20
0.235
11
0.5131496062992126
21
0.385
0
LINE
8
BLACK
6
CONTINUOUS
10
0.5131496062992126
20
0.385
11
0.6631496062992126
21
0.385
0
LINE
8
BLACK
6
CONTINUOUS
10
0.6631496062992126
20
0.385
11
0.6631496062992126
21
0.235
0
LINE
8
BLACK
6
CONTINUOUS
10
0.86
20
0.235
11
0.71
21
0.235
0
LINE
8
BLACK
6
CONTINUOUS
10
0.71
20
0.235
11
0.71
21
0.385
0
LINE
8
BLACK
6
CONTINUOUS
10
0.71
20
0.385
11
0.86
21
0.385
0
LINE
8
BLACK
6
CONTINUOUS
10
0.86
20
0.385
11
0.86
21
0.235
0
LINE
8
BLACK
6
CONTINUOUS
10
2.0747779527559054
20
0.9684364566929133
11
2.0789729527559055
21
0.9657405118110236
0
LINE
8
BLACK
6
CONTINUOUS
10
2.0789729527559055
20
0.9657405118110236
11
2.0822385039370079
21
0.9619718503937008
0
LINE
8
BLACK
6
CONTINUOUS
10
2.0822385039370079
20
0.9619718503937008
11
2.0843099999999999
21
0.9574358661417323
0
LINE
8
BLACK
6
CONTINUOUS
10
2.0843099999999999
20
0.9574358661417323
11
2.0850196850393701
21
0.9525
0
LINE
8
BLACK
6
CONTINUOUS
10
2.0850196850393701
20
0.9525
11
2.0843099999999999
21
0.9475641338582677
0
LINE
8
BLACK
6
CONTINUOUS
10
2.0843099999999999
20
0.9475641338582677
11
2.0822385039370079
21
0.9430281496062992
0
LINE
8
BLACK
6
CONTINUOUS
10
2.0822385039370079
20
0.9430281496062992
11
2.0789729527559055
21
0.9392594881889763
0
LINE
8
BLACK
6
CONTINUOUS
10
2.0789729527559055
20
0.9392594881889763
11
2.0752306692913387
21
0.9368544881889763
0
LINE
8
BLACK
6
CONTINUOUS
10
2.0752306692913387
20
0.9368544881889763
11
2.0753740157480314
21
0.6274999999999999
0
LINE
8
BLACK
6
CONTINUOUS
10
2.0753740157480314
20
0.6274999999999999
11
2.0752227165354329
21
0.6259638582677165
0
LINE
8
BLACK
6
CONTINUOUS
10
2.0752227165354329
20
0.6259638582677165
11
2.0740470078740159
21
0.6231254330708661
0
LINE
8
BLACK
6
CONTINUOUS
10
2.0740470078740159
20
0.6231254330708661
11
2.0055677559055116
21
0.5544322440944882
0
LINE
8
BLACK
6
CONTINUOUS
10
2.0055677559055116
20
0.5544322440944882
11
2.0043745669291337
21
0.5534529921259842
0
LINE
8
BLACK
6
CONTINUOUS
10
2.0043745669291337
20
0.5534529921259842
11
2.0015361417322834
21
0.5522772834645669
0
LINE
8
BLACK
6
CONTINUOUS
10
2.0015361417322834
20
0.5522772834645669
11
1.8829761811023622
21
0.5521434251968503
0
LINE
8
BLACK
6
CONTINUOUS
10
1.8829761811023622
20
0.5521434251968503
11
1.8822385039370078
21
0.5505281496062993
0
LINE
8
BLACK
6
CONTINUOUS
10
1.8822385039370078
20
0.5505281496062993
11
1.8789729527559054
21
0.5467594881889764
0
LINE
8
BLACK
6
CONTINUOUS
10
1.8789729527559054
20
0.5467594881889764
11
1.8747779527559054
21
0.5440635433070866
0
LINE
8
BLACK
6
CONTINUOUS
10
1.8747779527559054
20
0.5440635433070866
11
1.8699933070866142
21
0.5426586220472441
0
LINE
8
BLACK
6
CONTINUOUS
10
1.8699933070866142
20
0.5426586220472441
11
1.8650066929133857
21
0.5426586220472441
0
LINE
8
BLACK
6
CONTINUOUS
10
1.8650066929133857
20
0.5426586220472441
11
1.8602220472440945
21
0.5440635433070866
0
LINE
8
BLACK
6
CONTINUOUS
10
1.8602220472440945
20
0.5440635433070866
11
1.8560270472440945
21
0.5467594881889764
0
LINE
8
BLACK
6
CONTINUOUS
10
1.8560270472440945
20
0.5467594881889764
11
1.8527614960629921
21
0.5505281496062993
0
LINE
8
BLACK
6
CONTINUOUS
10
1.8527614960629921
20
0.5505281496062993
11
1.8506899999999999
21
0.5550641338582677
0
LINE
8
BLACK
6
CONTINUOUS
10
1.8506899999999999
20
0.5550641338582677
11
1.84998031496063
21
0.5599999999999999
0
LINE
8
BLACK
6
CONTINUOUS
10
1.84998031496063
20
0.5599999999999999
11
1.8506899999999999
21
0.5649358661417323
0
LINE
8
BLACK
6
CONTINUOUS
10
1.8506899999999999
20
0.5649358661417323
11
1.8527614960629921
21
0.5694718503937007
0
LINE
8
BLACK
6
CONTINUOUS
10
1.8527614960629921
20
0.5694718503937007
11
1.8560270472440945
21
0.5732405118110236
0
LINE
8
BLACK
6
CONTINUOUS
10
1.8560270472440945
20
0.5732405118110236
11
1.8602220472440945
21
0.5759364566929134
0
LINE
8
BLACK
6
CONTINUOUS
10
1.8602220472440945
20
0.5759364566929134
11
1.8650066929133857
21
0.5773413779527559
0
LINE
8
BLACK
6
CONTINUOUS
10
1.8650066929133857
20
0.5773413779527559
11
1.8699933070866142
21
0.5773413779527559
0
LINE
8
BLACK
6
CONTINUOUS
10
1.8699933070866142
20
0.5773413779527559
11
1.8747779527559054
21
0.5759364566929134
0
LINE
8
BLACK
6
CONTINUOUS
10
1.8747779527559054
20
0.5759364566929134
11
1.8789729527559054
21
0.5732405118110236
0
LINE
8
BLACK
6
CONTINUOUS
10
1.8789729527559054
20
0.5732405118110236
11
1.8822385039370078
21
0.5694718503937007
0
LINE
8
BLACK
6
CONTINUOUS
10
1.8822385039370078
20
0.5694718503937007
11
1.8830284645669291
21
0.567741968503937
0
LINE
8
BLACK
6
CONTINUOUS
10
1.8830284645669291
20
0.567741968503937
11
1.9969380708661417
21
0.5678705511811023
0
LINE
8
BLACK
6
CONTINUOUS
10
1.9969380708661417
20
0.5678705511811023
11
2.0597749606299214
21
0.6309037401574803
0
LINE
8
BLACK
6
CONTINUOUS
10
2.0597749606299214
20
0.6309037401574803
11
2.0596331889763779
21
0.936941968503937
0
LINE
8
BLACK
6
CONTINUOUS
10
2.0596331889763779
20
0.936941968503937
11
2.0560270472440942
21
0.9392594881889763
0
LINE
8
BLACK
6
CONTINUOUS
10
2.0560270472440942
20
0.9392594881889763
11
2.0527614960629923
21
0.9430281496062992
0
LINE
8
BLACK
6
CONTINUOUS
10
2.0527614960629923
20
0.9430281496062992
11
2.0506899999999999
21
0.9475641338582677
0
LINE
8
BLACK
6
CONTINUOUS
10
2.0506899999999999
20
0.9475641338582677
11
2.0499803149606297
21
0.9525
0
LINE
8
BLACK
6
CONTINUOUS
10
2.0499803149606297
20
0.9525
11
2.0506899999999999
21
0.9574358661417323
0
LINE
8
BLACK
6
CONTINUOUS
10
2.0506899999999999
20
0.9574358661417323
11
2.0527614960629923
21
0.9619718503937008
0
LINE
8
BLACK
6
CONTINUOUS
10
2.0527614960629923
20
0.9619718503937008
11
2.0560270472440942
21
0.9657405118110236
0
LINE
8
BLACK
6
CONTINUOUS
10
2.0560270472440942
20
0.9657405118110236
11
2.0602220472440944
21
0.9684364566929133
0
LINE
8
BLACK
6
CONTINUOUS
10
2.0602220472440944
20
0.9684364566929133
11
2.0650066929133857
21
0.9698413779527559
0
LINE
8
BLACK
6
CONTINUOUS
10
2.0650066929133857
20
0.9698413779527559
11
2.0699933070866141
21
0.9698413779527559
0
LINE
8
BLACK
6
CONTINUOUS
10
2.0699933070866141
20
0.9698413779527559
11
2.0747779527559054
21
0.9684364566929133
0
LINE
8
BLACK
6
CONTINUOUS
10
2.8020157480314958
20
0.2755826771653543
11
2.7360157480314959
21
0.2755826771653543
0
LINE
8
BLACK
6
CONTINUOUS
10
2.7360157480314959
20
0.2755826771653543
11
2.7360157480314959
21
0.3415826771653543
0
LINE
8
BLACK
6
CONTINUOUS
10
2.7360157480314959
20
0.3415826771653543
11
2.8020157480314958
21
0.3415826771653543
0
LINE
8
BLACK
6
CONTINUOUS
10
2.8020157480314958
20
0.3415826771653543
11
2.8020157480314958
21
0.2755826771653543
0
LINE
8
BLACK
6
CONTINUOUS
10
2.5539842519685041
20
0.2755826771653543
11
2.4879842519685038
21
0.2755826771653543
0
LINE
8
BLACK
6
CONTINUOUS
10
2.4879842519685038
20
0.2755826771653543
11
2.4879842519685038
21
0.3415826771653543
0
LINE
8
BLACK
6
CONTINUOUS
10
2.4879842519685038
20
0.3415826771653543
11
2.5539842519685041
21
0.3415826771653543
0
LINE
8
BLACK
6
CONTINUOUS
10
2.5539842519685041
20
0.3415826771653543
11
2.5539842519685041
21
0.2755826771653543
0
LINE
8
BLACK
6
CONTINUOUS
10
2.2597779527559054
20
0.6759364566929134
11
2.2639729527559056
21
0.6732405118110236
0
LINE
8
BLACK
6
CONTINUOUS
10
2.2639729527559056
20
0.6732405118110236
11
2.267238503937008
21
0.6694718503937007
0
LINE
8
BLACK
6
CONTINUOUS
10
2.267238503937008
20
0.6694718503937007
11
2.2693099999999999
21
0.6649358661417323
0
LINE
8
BLACK
6
CONTINUOUS
10
2.2693099999999999
20
0.6649358661417323
11
2.2700196850393701
21
0.66
0
LINE
8
BLACK
6
CONTINUOUS
10
2.2700196850393701
20
0.66
11
2.2693099999999999
21
0.6550641338582677
0
LINE
8
BLACK
6
CONTINUOUS
10
2.2693099999999999
20
0.6550641338582677
11
2.267238503937008
21
0.6505281496062992
0
LINE
8
BLACK
6
CONTINUOUS
10
2.267238503937008
20
0.6505281496062992
11
2.2639729527559056
21
0.6467594881889763
0
LINE
8
BLACK
6
CONTINUOUS
10
2.2639729527559056
20
0.6467594881889763
11
2.2602319291338584
21
0.6443552755905512
0
LINE
8
BLACK
6
CONTINUOUS
10
2.2602319291338584
20
0.6443552755905512
11
2.2603656299212598
21
0.3955587401574803
0
LINE
8
BLACK
6
CONTINUOUS
10
2.2603656299212598
20
0.3955587401574803
11
2.2639729527559056
21
0.3932405118110236
0
LINE
8
BLACK
6
CONTINUOUS
10
2.2639729527559056
20
0.3932405118110236
11
2.267238503937008
21
0.3894718503937008
0
LINE
8
BLACK
6
CONTINUOUS
10
2.267238503937008
20
0.3894718503937008
11
2.2693099999999999
21
0.3849358661417323
0
LINE
8
BLACK
6
CONTINUOUS
10
2.2693099999999999
20
0.3849358661417323
11
2.2700196850393701
21
0.38
0
LINE
8
BLACK
6
CONTINUOUS
10
2.2700196850393701
20
0.38
11
2.2693099999999999
21
0.3750641338582677
0
LINE
8
BLACK
6
CONTINUOUS
10
2.2693099999999999
20
0.3750641338582677
11
2.267238503937008
21
0.3705281496062992
0
LINE
8
BLACK
6
CONTINUOUS
10
2.267238503937008
20
0.3705281496062992
11
2.2639729527559056
21
0.3667594881889764
0
LINE
8
BLACK
6
CONTINUOUS
10
2.2639729527559056
20
0.3667594881889764
11
2.2597779527559054
21
0.3640635433070866
0
LINE
8
BLACK
6
CONTINUOUS
10
2.2597779527559054
20
0.3640635433070866
11
2.2549933070866142
21
0.3626586220472441
0
LINE
8
BLACK
6
CONTINUOUS
10
2.2549933070866142
20
0.3626586220472441
11
2.2500066929133857
21
0.3626586220472441
0
LINE
8
BLACK
6
CONTINUOUS
10
2.2500066929133857
20
0.3626586220472441
11
2.2452220472440945
21
0.3640635433070866
0
LINE
8
BLACK
6
CONTINUOUS
10
2.2452220472440945
20
0.3640635433070866
11
2.2410270472440943
21
0.3667594881889764
0
LINE
8
BLACK
6
CONTINUOUS
10
2.2410270472440943
20
0.3667594881889764
11
2.2377614960629919
21
0.3705281496062992
0
LINE
8
BLACK
6
CONTINUOUS
10
2.2377614960629919
20
0.3705281496062992
11
2.23569
21
0.3750641338582677
0
LINE
8
BLACK
6
CONTINUOUS
10
2.23569
20
0.3750641338582677
11
2.2349803149606298
21
0.38
0
LINE
8
BLACK
6
CONTINUOUS
10
2.2349803149606298
20
0.38
11
2.23569
21
0.3849358661417323
0
LINE
8
BLACK
6
CONTINUOUS
10
2.23569
20
0.3849358661417323
11
2.2377614960629919
21
0.3894718503937008
0
LINE
8
BLACK
6
CONTINUOUS
10
2.2377614960629919
20
0.3894718503937008
11
2.2410270472440943
21
0.3932405118110236
0
LINE
8
BLACK
6
CONTINUOUS
10
2.2410270472440943
20
0.3932405118110236
11
2.2447680314960627
21
0.3956446850393701
0
LINE
8
BLACK
6
CONTINUOUS
10
2.2447680314960627
20
0.3956446850393701
11
2.2446343307086614
21
0.6444412204724409
0
LINE
8
BLACK
6
CONTINUOUS
10
2.2446343307086614
20
0.6444412204724409
11
2.2410270472440943
21
0.6467594881889763
0
LINE
8
BLACK
6
CONTINUOUS
10
2.2410270472440943
20
0.6467594881889763
11
2.2377614960629919
21
0.6505281496062992
0
LINE
8
BLACK
6
CONTINUOUS
10
2.2377614960629919
20
0.6505281496062992
11
2.23569
21
0.6550641338582677
0
LINE
8
BLACK
6
CONTINUOUS
10
2.23569
20
0.6550641338582677
11
2.2349803149606298
21
0.66
0
LINE
8
BLACK
6
CONTINUOUS
10
2.2349803149606298
20
0.66
11
2.23569
21
0.6649358661417323
0
LINE
8
BLACK
6
CONTINUOUS
10
2.23569
20
0.6649358661417323
11
2.2377614960629919
21
0.6694718503937007
0
LINE
8
BLACK
6
CONTINUOUS
10
2.2377614960629919
20
0.6694718503937007
11
2.2410270472440943
21
0.6732405118110236
0
LINE
8
BLACK
6
CONTINUOUS
10
2.2410270472440943
20
0.6732405118110236
11
2.2452220472440945
21
0.6759364566929134
0
LINE
8
BLACK
6
CONTINUOUS
10
2.2452220472440945
20
0.6759364566929134
11
2.2500066929133857
21
0.6773413779527558
0
LINE
8
BLACK
6
CONTINUOUS
10
2.2500066929133857
20
0.6773413779527558
11
2.2549933070866142
21
0.6773413779527558
0
LINE
8
BLACK
6
CONTINUOUS
10
2.2549933070866142
20
0.6773413779527558
11
2.2597779527559054
21
0.6759364566929134
0
LINE
8
BLACK
6
CONTINUOUS
10
2.2072779527559057
20
0.6659364566929133
11
2.2114729527559054
21
0.6632405118110236
0
LINE
8
BLACK
6
CONTINUOUS
10
2.2114729527559054
20
0.6632405118110236
11
2.2147385039370078
21
0.6594718503937008
0
LINE
8
BLACK
6
CONTINUOUS
10
2.2147385039370078
20
0.6594718503937008
11
2.2168100000000002
21
0.6549358661417323
0
LINE
8
BLACK
6
CONTINUOUS
10
2.2168100000000002
20
0.6549358661417323
11
2.2175196850393699
21
0.65
0
LINE
8
BLACK
6
CONTINUOUS
10
2.2175196850393699
20
0.65
11
2.2168100000000002
21
0.6450641338582677
0
LINE
8
BLACK
6
CONTINUOUS
10
2.2168100000000002
20
0.6450641338582677
11
2.2147385039370078
21
0.6405281496062992
0
LINE
8
BLACK
6
CONTINUOUS
10
2.2147385039370078
20
0.6405281496062992
11
2.2114729527559054
21
0.6367594881889763
0
LINE
8
BLACK
6
CONTINUOUS
10
2.2114729527559054
20
0.6367594881889763
11
2.2077366141732284
21
0.6343583070866141
0
LINE
8
BLACK
6
CONTINUOUS
10
2.2077366141732284
20
0.6343583070866141
11
2.2078613779527561
21
0.4805614960629921
0
LINE
8
BLACK
6
CONTINUOUS
10
2.2078613779527561
20
0.4805614960629921
11
2.2114729527559054
21
0.4782405118110236
0
LINE
8
BLACK
6
CONTINUOUS
10
2.2114729527559054
20
0.4782405118110236
11
2.2147385039370078
21
0.4744718503937008
0
LINE
8
BLACK
6
CONTINUOUS
10
2.2147385039370078
20
0.4744718503937008
11
2.2168100000000002
21
0.4699358661417323
0
LINE
8
BLACK
6
CONTINUOUS
10
2.2168100000000002
20
0.4699358661417323
11
2.2175196850393699
21
0.465
0
LINE
8
BLACK
6
CONTINUOUS
10
2.2175196850393699
20
0.465
11
2.2168100000000002
21
0.4600641338582677
0
LINE
8
BLACK
6
CONTINUOUS
10
2.2168100000000002
20
0.4600641338582677
11
2.2147385039370078
21
0.4555281496062992
0
LINE
8
BLACK
6
CONTINUOUS
10
2.2147385039370078
20
0.4555281496062992
11
2.2114729527559054
21
0.4517594881889764
0
LINE
8
BLACK
6
CONTINUOUS
10
2.2114729527559054
20
0.4517594881889764
11
2.2072779527559057
21
0.4490635433070866
0
LINE
8
BLACK
6
CONTINUOUS
10
2.2072779527559057
20
0.4490635433070866
11
2.2024933070866139
21
0.4476586220472441
0
LINE
8
BLACK
6
CONTINUOUS
10
2.2024933070866139
20
0.4476586220472441
11
2.197506692913386
21
0.4476586220472441
0
LINE
8
BLACK
6
CONTINUOUS
10
2.197506692913386
20
0.4476586220472441
11
2.1927220472440943
21
0.4490635433070866
0
LINE
8
BLACK
6
CONTINUOUS
10
2.1927220472440943
20
0.4490635433070866
11
2.1885270472440945
21
0.4517594881889764
0
LINE
8
BLACK
6
CONTINUOUS
10
2.1885270472440945
20
0.4517594881889764
11
2.1852614960629921
21
0.4555281496062992
0
LINE
8
BLACK
6
CONTINUOUS
10
2.1852614960629921
20
0.4555281496062992
11
2.1831899999999997
21
0.4600641338582677
0
LINE
8
BLACK
6
CONTINUOUS
10
2.1831899999999997
20
0.4600641338582677
11
2.18248031496063
21
0.465
0
LINE
8
BLACK
6
CONTINUOUS
10
2.18248031496063
20
0.465
11
2.1831899999999997
21
0.4699358661417323
0
LINE
8
BLACK
6
CONTINUOUS
10
2.1831899999999997
20
0.4699358661417323
11
2.1852614960629921
21
0.4744718503937008
0
LINE
8
BLACK
6
CONTINUOUS
10
2.1852614960629921
20
0.4744718503937008
11
2.1885270472440945
21
0.4782405118110236
0
LINE
8
BLACK
6
CONTINUOUS
10
2.1885270472440945
20
0.4782405118110236
11
2.1922633464566927
21
0.4806416535433071
0
LINE
8
BLACK
6
CONTINUOUS
10
2.1922633464566927
20
0.4806416535433071
11
2.1921385826771651
21
0.6344384645669291
0
LINE
8
BLACK
6
CONTINUOUS
10
2.1921385826771651
20
0.6344384645669291
11
2.1885270472440945
21
0.6367594881889763
0
LINE
8
BLACK
6
CONTINUOUS
10
2.1885270472440945
20
0.6367594881889763
11
2.1852614960629921
21
0.6405281496062992
0
LINE
8
BLACK
6
CONTINUOUS
10
2.1852614960629921
20
0.6405281496062992
11
2.1831899999999997
21
0.6450641338582677
0
LINE
8
BLACK
6
CONTINUOUS
10
2.1831899999999997
20
0.6450641338582677
11
2.18248031496063
21
0.65
0
LINE
8
BLACK
6
CONTINUOUS
10
2.18248031496063
20
0.65
11
2.1831899999999997
21
0.6549358661417323
0
LINE
8
BLACK
6
CONTINUOUS
10
2.1831899999999997
20
0.6549358661417323
11
2.1852614960629921
21
0.6594718503937008
0
LINE
8
BLACK
6
CONTINUOUS
10
2.1852614960629921
20
0.6594718503937008
11
2.1885270472440945
21
0.6632405118110236
0
LINE
8
BLACK
6
CONTINUOUS
10
2.1885270472440945
20
0.6632405118110236
11
2.1927220472440943
21
0.6659364566929133
0
LINE
8
BLACK
6
CONTINUOUS
10
2.1927220472440943
20
0.6659364566929133
11
2.197506692913386
21
0.6673413779527559
0
LINE
8
BLACK
6
CONTINUOUS
10
2.197506692913386
20
0.6673413779527559
11
2.2024933070866139
21
0.6673413779527559
0
LINE
8
BLACK
6
CONTINUOUS
10
2.2024933070866139
20
0.6673413779527559
11
2.2072779527559057
21
0.6659364566929133
0
LINE
8
BLACK
6
CONTINUOUS
10
2.3072779527559053
20
0.6109364566929134
11
2.3114729527559055
21
0.6082405118110236
0
LINE
8
BLACK
6
CONTINUOUS
10
2.3114729527559055
20
0.6082405118110236
11
2.3147385039370079
21
0.6044718503937008
0
LINE
8
BLACK
6
CONTINUOUS
10
2.3147385039370079
20
0.6044718503937008
11
2.3168099999999998
21
0.5999358661417322
0
LINE
8
BLACK
6
CONTINUOUS
10
2.3168099999999998
20
0.5999358661417322
11
2.31751968503937
21
0.595
0
LINE
8
BLACK
6
CONTINUOUS
10
2.31751968503937
20
0.595
11
2.3168099999999998
21
0.5900641338582677
0
LINE
8
BLACK
6
CONTINUOUS
10
2.3168099999999998
20
0.5900641338582677
11
2.3147385039370079
21
0.5855281496062992
0
LINE
8
BLACK
6
CONTINUOUS
10
2.3147385039370079
20
0.5855281496062992
11
2.3114729527559055
21
0.5817594881889764
0
LINE
8
BLACK
6
CONTINUOUS
10
2.3114729527559055
20
0.5817594881889764
11
2.3077424409448817
21
0.5793620472440945
0
LINE
8
BLACK
6
CONTINUOUS
10
2.3077424409448817
20
0.5793620472440945
11
2.3078561023622046
21
0.4805648818897638
0
LINE
8
BLACK
6
CONTINUOUS
10
2.3078561023622046
20
0.4805648818897638
11
2.3114729527559055
21
0.4782405118110236
0
LINE
8
BLACK
6
CONTINUOUS
10
2.3114729527559055
20
0.4782405118110236
11
2.3147385039370079
21
0.4744718503937008
0
LINE
8
BLACK
6
CONTINUOUS
10
2.3147385039370079
20
0.4744718503937008
11
2.3168099999999998
21
0.4699358661417323
0
LINE
8
BLACK
6
CONTINUOUS
10
2.3168099999999998
20
0.4699358661417323
11
2.31751968503937
21
0.465
0
LINE
8
BLACK
6
CONTINUOUS
10
2.31751968503937
20
0.465
11
2.3168099999999998
21
0.4600641338582677
0
LINE
8
BLACK
6
CONTINUOUS
10
2.3168099999999998
20
0.4600641338582677
11
2.3147385039370079
21
0.4555281496062992
0
LINE
8
BLACK
6
CONTINUOUS
10
2.3147385039370079
20
0.4555281496062992
11
2.3114729527559055
21
0.4517594881889764
0
LINE
8
BLACK
6
CONTINUOUS
10
2.3114729527559055
20
0.4517594881889764
11
2.3072779527559053
21
0.4490635433070866
0
LINE
8
BLACK
6
CONTINUOUS
10
2.3072779527559053
20
0.4490635433070866
11
2.302493307086614
21
0.4476586220472441
0
LINE
8
BLACK
6
CONTINUOUS
10
2.302493307086614
20
0.4476586220472441
11
2.2975066929133856
21
0.4476586220472441
0
LINE
8
BLACK
6
CONTINUOUS
10
2.2975066929133856
20
0.4476586220472441
11
2.2927220472440943
21
0.4490635433070866
0
LINE
8
BLACK
6
CONTINUOUS
10
2.2927220472440943
20
0.4490635433070866
11
2.2885270472440946
21
0.4517594881889764
0
LINE
8
BLACK
6
CONTINUOUS
10
2.2885270472440946
20
0.4517594881889764
11
2.2852614960629922
21
0.4555281496062992
0
LINE
8
BLACK
6
CONTINUOUS
10
2.2852614960629922
20
0.4555281496062992
11
2.2831899999999998
21
0.4600641338582677
0
LINE
8
BLACK
6
CONTINUOUS
10
2.2831899999999998
20
0.4600641338582677
11
2.2824803149606301
21
0.465
0
LINE
8
BLACK
6
CONTINUOUS
10
2.2824803149606301
20
0.465
11
2.2831899999999998
21
0.4699358661417323
0
LINE
8
BLACK
6
CONTINUOUS
10
2.2831899999999998
20
0.4699358661417323
11
2.2852614960629922
21
0.4744718503937008
0
LINE
8
BLACK
6
CONTINUOUS
10
2.2852614960629922
20
0.4744718503937008
11
2.2885270472440946
21
0.4782405118110236
0
LINE
8
BLACK
6
CONTINUOUS
10
2.2885270472440946
20
0.4782405118110236
11
2.2922575196850392
21
0.4806379133858268
0
LINE
8
BLACK
6
CONTINUOUS
10
2.2922575196850392
20
0.4806379133858268
11
2.2921438582677163
21
0.5794350787401574
0
LINE
8
BLACK
6
CONTINUOUS
10
2.2921438582677163
20
0.5794350787401574
11
2.2885270472440946
21
0.5817594881889764
0
LINE
8
BLACK
6
CONTINUOUS
10
2.2885270472440946
20
0.5817594881889764
11
2.2852614960629922
21
0.5855281496062992
0
LINE
8
BLACK
6
CONTINUOUS
10
2.2852614960629922
20
0.5855281496062992
11
2.2831899999999998
21
0.5900641338582677
0
LINE
8
BLACK
6
CONTINUOUS
10
2.2831899999999998
20
0.5900641338582677
11
2.2824803149606301
21
0.595
0
LINE
8
BLACK
6
CONTINUOUS
10
2.2824803149606301
20
0.595
11
2.2831899999999998
21
0.5999358661417322
0
LINE
8
BLACK
6
CONTINUOUS
10
2.2831899999999998
20
0.5999358661417322
11
2.2852614960629922
21
0.6044718503937008
0
LINE
8
BLACK
6
CONTINUOUS
10
2.2852614960629922
20
0.6044718503937008
11
2.2885270472440946
21
0.6082405118110236
0
LINE
8
BLACK
6
CONTINUOUS
10
2.2885270472440946
20
0.6082405118110236
11
2.2927220472440943
21
0.6109364566929134
0
LINE
8
BLACK
6
CONTINUOUS
10
2.2927220472440943
20
0.6109364566929134
11
2.2975066929133856
21
0.6123413779527559
0
LINE
8
BLACK
6
CONTINUOUS
10
2.2975066929133856
20
0.6123413779527559
11
2.302493307086614
21
0.6123413779527559
0
LINE
8
BLACK
6
CONTINUOUS
10
2.302493307086614
20
0.6123413779527559
11
2.3072779527559053
21
0.6109364566929134
0
LINE
8
BLACK
6
CONTINUOUS
10
2.0697779527559055
20
1.0859364566929133
11
2.0739729527559057
21
1.0832405118110235
0
LINE
8
BLACK
6
CONTINUOUS
10
2.0739729527559057
20
1.0832405118110235
11
2.077238503937008
21
1.0794718503937009
0
LINE
8
BLACK
6
CONTINUOUS
10
2.077238503937008
20
1.0794718503937009
11
2.07931
21
1.0749358661417323
0
LINE
8
BLACK
6
CONTINUOUS
10
2.07931
20
1.0749358661417323
11
2.0800196850393702
21
1.0700000000000001
0
LINE
8
BLACK
6
CONTINUOUS
10
2.0800196850393702
20
1.0700000000000001
11
2.07931
21
1.0650641338582676
0
LINE
8
BLACK
6
CONTINUOUS
10
2.07931
20
1.0650641338582676
11
2.0790549999999999
21
1.0645057874015749
0
LINE
8
BLACK
6
CONTINUOUS
10
2.0790549999999999
20
1.0645057874015749
11
2.0834058267716533
21
1.0602047244094488
0
LINE
8
BLACK
6
CONTINUOUS
10
2.0834058267716533
20
1.0602047244094488
11
2.5200196456692914
21
1.0603543700787401
0
LINE
8
BLACK
6
CONTINUOUS
10
2.5200196456692914
20
1.0603543700787401
11
2.5215557874015748
21
1.0602030708661416
0
LINE
8
BLACK
6
CONTINUOUS
10
2.5215557874015748
20
1.0602030708661416
11
2.5243942125984251
21
1.0590273622047244
0
LINE
8
BLACK
6
CONTINUOUS
10
2.5243942125984251
20
1.0590273622047244
11
2.7261235433070867
21
0.8574999999999999
0
LINE
8
BLACK
6
CONTINUOUS
10
2.7261235433070867
20
0.8574999999999999
11
2.75
21
0.8574999999999999
0
LINE
8
BLACK
6
CONTINUOUS
10
2.75
20
0.8574999999999999
11
2.75
21
0.8025
0
LINE
8
BLACK
6
CONTINUOUS
10
2.75
20
0.8025
11
2.7378046062992127
21
0.8025
0
LINE
8
BLACK
6
CONTINUOUS
10
2.7378046062992127
20
0.8025
11
2.7378259055118108
21
0.7955842913385827
0
LINE
8
BLACK
6
CONTINUOUS
10
2.7378259055118108
20
0.7955842913385827
11
2.7414729527559056
21
0.7932405118110236
0
LINE
8
BLACK
6
CONTINUOUS
10
2.7414729527559056
20
0.7932405118110236
11
2.744738503937008
21
0.7894718503937008
0
LINE
8
BLACK
6
CONTINUOUS
10
2.744738503937008
20
0.7894718503937008
11
2.74681
21
0.7849358661417323
0
LINE
8
BLACK
6
CONTINUOUS
10
2.74681
20
0.7849358661417323
11
2.7475196850393702
21
0.78
0
LINE
8
BLACK
6
CONTINUOUS
10
2.7475196850393702
20
0.78
11
2.74681
21
0.7750641338582677
0
LINE
8
BLACK
6
CONTINUOUS
10
2.74681
20
0.7750641338582677
11
2.744738503937008
21
0.7705281496062992
0
LINE
8
BLACK
6
CONTINUOUS
10
2.744738503937008
20
0.7705281496062992
11
2.7414729527559056
21
0.7667594881889763
0
LINE
8
BLACK
6
CONTINUOUS
10
2.7414729527559056
20
0.7667594881889763
11
2.7372779527559055
21
0.7640635433070866
0
LINE
8
BLACK
6
CONTINUOUS
10
2.7372779527559055
20
0.7640635433070866
11
2.7324933070866142
21
0.7626586220472441
0
LINE
8
BLACK
6
CONTINUOUS
10
2.7324933070866142
20
0.7626586220472441
11
2.7275066929133858
21
0.7626586220472441
0
LINE
8
BLACK
6
CONTINUOUS
10
2.7275066929133858
20
0.7626586220472441
11
2.7227220472440945
21
0.7640635433070866
0
LINE
8
BLACK
6
CONTINUOUS
10
2.7227220472440945
20
0.7640635433070866
11
2.7185270472440943
21
0.7667594881889763
0
LINE
8
BLACK
6
CONTINUOUS
10
2.7185270472440943
20
0.7667594881889763
11
2.7152614960629919
21
0.7705281496062992
0
LINE
8
BLACK
6
CONTINUOUS
10
2.7152614960629919
20
0.7705281496062992
11
2.71319
21
0.7750641338582677
0
LINE
8
BLACK
6
CONTINUOUS
10
2.71319
20
0.7750641338582677
11
2.7124803149606298
21
0.78
0
LINE
8
BLACK
6
CONTINUOUS
10
2.7124803149606298
20
0.78
11
2.71319
21
0.7849358661417323
0
LINE
8
BLACK
6
CONTINUOUS
10
2.71319
20
0.7849358661417323
11
2.7152614960629919
21
0.7894718503937008
0
LINE
8
BLACK
6
CONTINUOUS
10
2.7152614960629919
20
0.7894718503937008
11
2.7185270472440943
21
0.7932405118110236
0
LINE
8
BLACK
6
CONTINUOUS
10
2.7185270472440943
20
0.7932405118110236
11
2.7222243307086615
21
0.7956166141732284
0
LINE
8
BLACK
6
CONTINUOUS
10
2.7222243307086615
20
0.7956166141732284
11
2.7222031102362205
21
0.8025
0
LINE
8
BLACK
6
CONTINUOUS
10
2.7222031102362205
20
0.8025
11
2.7149999999999999
21
0.8025
0
LINE
8
BLACK
6
CONTINUOUS
10
2.7149999999999999
20
0.8025
11
2.7149999999999999
21
0.8465652755905512
0
LINE
8
BLACK
6
CONTINUOUS
10
2.7149999999999999
20
0.8465652755905512
11
2.5166106692913384
21
1.044755905511811
0
LINE
8
BLACK
6
CONTINUOUS
10
2.5166106692913384
20
1.044755905511811
11
2.0800196456692914
21
1.0446063385826772
0
LINE
8
BLACK
6
CONTINUOUS
10
2.0800196456692914
20
1.0446063385826772
11
2.078483503937008
21
1.0447576377952756
0
LINE
8
BLACK
6
CONTINUOUS
10
2.078483503937008
20
1.0447576377952756
11
2.0756450787401572
21
1.0459333464566929
0
LINE
8
BLACK
6
CONTINUOUS
10
2.0756450787401572
20
1.0459333464566929
11
2.0679606299212598
21
1.0535299212598426
0
LINE
8
BLACK
6
CONTINUOUS
10
2.0679606299212598
20
1.0535299212598426
11
2.0649933070866142
21
1.052658622047244
0
LINE
8
BLACK
6
CONTINUOUS
10
2.0649933070866142
20
1.052658622047244
11
2.0600066929133858
21
1.052658622047244
0
LINE
8
BLACK
6
CONTINUOUS
10
2.0600066929133858
20
1.052658622047244
11
2.0552220472440945
21
1.0540635433070866
0
LINE
8
BLACK
6
CONTINUOUS
10
2.0552220472440945
20
1.0540635433070866
11
2.0510270472440943
21
1.0567594881889764
0
LINE
8
BLACK
6
CONTINUOUS
10
2.0510270472440943
20
1.0567594881889764
11
2.047761496062992
21
1.0605281496062993
0
LINE
8
BLACK
6
CONTINUOUS
10
2.047761496062992
20
1.0605281496062993
11
2.04569
21
1.0650641338582676
0
LINE
8
BLACK
6
CONTINUOUS
10
2.04569
20
1.0650641338582676
11
2.0449803149606298
21
1.0700000000000001
0
LINE
8
BLACK
6
CONTINUOUS
10
2.0449803149606298
20
1.0700000000000001
11
2.04569
21
1.0749358661417323
0
LINE
8
BLACK
6
CONTINUOUS
10
2.04569
20
1.0749358661417323
11
2.047761496062992
21
1.0794718503937009
0
LINE
8
BLACK
6
CONTINUOUS
10
2.047761496062992
20
1.0794718503937009
11
2.0510270472440943
21
1.0832405118110235
0
LINE
8
BLACK
6
CONTINUOUS
10
2.0510270472440943
20
1.0832405118110235
11
2.0552220472440945
21
1.0859364566929133
0
LINE
8
BLACK
6
CONTINUOUS
10
2.0552220472440945
20
1.0859364566929133
11
2.0600066929133858
21
1.0873413779527559
0
LINE
8
BLACK
6
CONTINUOUS
10
2.0600066929133858
20
1.0873413779527559
11
2.0649933070866142
21
1.0873413779527559
0
LINE
8
BLACK
6
CONTINUOUS
10
2.0649933070866142
20
1.0873413779527559
11
2.0697779527559055
21
1.0859364566929133
0
LINE
8
BLACK
6
CONTINUOUS
10
2.6749999999999998
20
0.8025
11
2.6400000000000001
21
0.8025
0
LINE
8
BLACK
6
CONTINUOUS
10
2.6400000000000001
20
0.8025
11
2.6400000000000001
21
0.8221926377952756
0
LINE
8
BLACK
6
CONTINUOUS
10
2.6400000000000001
20
0.8221926377952756
11
2.6371141732283463
21
0.8221798031496063
0
LINE
8
BLACK
6
CONTINUOUS
10
2.6371141732283463
20
0.8221798031496063
11
2.6368100000000001
21
0.8200641338582677
0
LINE
8
BLACK
6
CONTINUOUS
10
2.6368100000000001
20
0.8200641338582677
11
2.6347385039370077
21
0.8155281496062992
0
LINE
8
BLACK
6
CONTINUOUS
10
2.6347385039370077
20
0.8155281496062992
11
2.6314729527559053
21
0.8117594881889764
0
LINE
8
BLACK
6
CONTINUOUS
10
2.6314729527559053
20
0.8117594881889764
11
2.6272779527559056
21
0.8090635433070866
0
LINE
8
BLACK
6
CONTINUOUS
10
2.6272779527559056
20
0.8090635433070866
11
2.6224933070866143
21
0.807658622047244
0
LINE
8
BLACK
6
CONTINUOUS
10
2.6224933070866143
20
0.807658622047244
11
2.6175066929133859
21
0.807658622047244
0
LINE
8
BLACK
6
CONTINUOUS
10
2.6175066929133859
20
0.807658622047244
11
2.6127220472440946
21
0.8090635433070866
0
LINE
8
BLACK
6
CONTINUOUS
10
2.6127220472440946
20
0.8090635433070866
11
2.6085270472440945
21
0.8117594881889764
0
LINE
8
BLACK
6
CONTINUOUS
10
2.6085270472440945
20
0.8117594881889764
11
2.6052614960629921
21
0.8155281496062992
0
LINE
8
BLACK
6
CONTINUOUS
10
2.6052614960629921
20
0.8155281496062992
11
2.6031900000000001
21
0.8200641338582677
0
LINE
8
BLACK
6
CONTINUOUS
10
2.6031900000000001
20
0.8200641338582677
11
2.6024803149606299
21
0.825
0
LINE
8
BLACK
6
CONTINUOUS
10
2.6024803149606299
20
0.825
11
2.6031900000000001
21
0.8299358661417323
0
LINE
8
BLACK
6
CONTINUOUS
10
2.6031900000000001
20
0.8299358661417323
11
2.6052614960629921
21
0.8344718503937008
0
LINE
8
BLACK
6
CONTINUOUS
10
2.6052614960629921
20
0.8344718503937008
11
2.6085270472440945
21
0.8382405118110235
0
LINE
8
BLACK
6
CONTINUOUS
10
2.6085270472440945
20
0.8382405118110235
11
2.6127220472440946
21
0.8409364566929134
0
LINE
8
BLACK
6
CONTINUOUS
10
2.6127220472440946
20
0.8409364566929134
11
2.6175066929133859
21
0.8423413779527559
0
LINE
8
BLACK
6
CONTINUOUS
10
2.6175066929133859
20
0.8423413779527559
11
2.6224933070866143
21
0.8423413779527559
0
LINE
8
BLACK
6
CONTINUOUS
10
2.6224933070866143
20
0.8423413779527559
11
2.6272779527559056
21
0.8409364566929134
0
LINE
8
BLACK
6
CONTINUOUS
10
2.6272779527559056
20
0.8409364566929134
11
2.6314729527559053
21
0.8382405118110235
0
LINE
8
BLACK
6
CONTINUOUS
10
2.6314729527559053
20
0.8382405118110235
11
2.6318891338582677
21
0.837760157480315
0
LINE
8
BLACK
6
CONTINUOUS
10
2.6318891338582677
20
0.837760157480315
11
2.6400000000000001
21
0.837796220472441
0
LINE
8
BLACK
6
CONTINUOUS
10
2.6400000000000001
20
0.837796220472441
11
2.6400000000000001
21
0.8574999999999999
0
LINE
8
BLACK
6
CONTINUOUS
10
2.6400000000000001
20
0.8574999999999999
11
2.6749999999999998
21
0.8574999999999999
0
LINE
8
BLACK
6
CONTINUOUS
10
2.6749999999999998
20
0.8574999999999999
11
2.6749999999999998
21
0.8025
0
LINE
8
BLACK
6
CONTINUOUS
10
2.0997779527559053
20
1.3959364566929133
11
2.1039729527559055
21
1.3932405118110236
0
LINE
8
BLACK
6
CONTINUOUS
10
2.1039729527559055
20
1.3932405118110236
11
2.1072385039370078
21
1.3894718503937007
0
LINE
8
BLACK
6
CONTINUOUS
10
2.1072385039370078
20
1.3894718503937007
11
2.1093099999999998
21
1.3849358661417321
0
LINE
8
BLACK
6
CONTINUOUS
10
2.1093099999999998
20
1.3849358661417321
11
2.11001968503937
21
1.3799999999999999
0
LINE
8
BLACK
6
CONTINUOUS
10
2.11001968503937
20
1.3799999999999999
11
2.1099095275590551
21
1.3792338976377951
0
LINE
8
BLACK
6
CONTINUOUS
10
2.1099095275590551
20
1.3792338976377951
11
2.1172690157480316
21
1.3719342913385826
0
LINE
8
BLACK
6
CONTINUOUS
10
2.1172690157480316
20
1.3719342913385826
11
2.1182873228346457
21
1.3707730314960629
0
LINE
8
BLACK
6
CONTINUOUS
10
2.1182873228346457
20
1.3707730314960629
11
2.1182876771653545
21
1.3707727165354331
0
LINE
8
BLACK
6
CONTINUOUS
10
2.1182876771653545
20
1.3707727165354331
11
2.1198293307086615
21
1.3681025196850394
0
LINE
8
BLACK
6
CONTINUOUS
10
2.1198293307086615
20
1.3681025196850394
11
2.1206273228346455
21
1.3651242913385826
0
LINE
8
BLACK
6
CONTINUOUS
10
2.1206273228346455
20
1.3651242913385826
11
2.1207283858267716
21
1.1736939370078741
0
LINE
8
BLACK
6
CONTINUOUS
10
2.1207283858267716
20
1.1736939370078741
11
2.1206273228346455
21
1.172152283464567
0
LINE
8
BLACK
6
CONTINUOUS
10
2.1206273228346455
20
1.172152283464567
11
2.1198293307086615
21
1.1691740551181102
0
LINE
8
BLACK
6
CONTINUOUS
10
2.1198293307086615
20
1.1691740551181102
11
2.1182876771653545
21
1.1665038582677165
0
LINE
8
BLACK
6
CONTINUOUS
10
2.1182876771653545
20
1.1665038582677165
11
2.0167349212598427
21
1.0648127952755906
0
LINE
8
BLACK
6
CONTINUOUS
10
2.0167349212598427
20
1.0648127952755906
11
2.0167614566929135
21
1.0579075196850394
0
LINE
8
BLACK
6
CONTINUOUS
10
2.0167614566929135
20
1.0579075196850394
11
2.0197385039370079
21
1.0544718503937007
0
LINE
8
BLACK
6
CONTINUOUS
10
2.0197385039370079
20
1.0544718503937007
11
2.0218099999999999
21
1.0499358661417322
0
LINE
8
BLACK
6
CONTINUOUS
10
2.0218099999999999
20
1.0499358661417322
11
2.0225196850393701
21
1.0449999999999999
0
LINE
8
BLACK
6
CONTINUOUS
10
2.0225196850393701
20
1.0449999999999999
11
2.0218099999999999
21
1.0400641338582677
0
LINE
8
BLACK
6
CONTINUOUS
10
2.0218099999999999
20
1.0400641338582677
11
2.0197385039370079
21
1.0355281496062991
0
LINE
8
BLACK
6
CONTINUOUS
10
2.0197385039370079
20
1.0355281496062991
11
2.0164729527559055
21
1.0317594881889764
0
LINE
8
BLACK
6
CONTINUOUS
10
2.0164729527559055
20
1.0317594881889764
11
2.0122779527559054
21
1.0290635433070865
0
LINE
8
BLACK
6
CONTINUOUS
10
2.0122779527559054
20
1.0290635433070865
11
2.0074933070866141
21
1.0276586220472441
0
LINE
8
BLACK
6
CONTINUOUS
10
2.0074933070866141
20
1.0276586220472441
11
2.0025066929133857
21
1.0276586220472441
0
LINE
8
BLACK
6
CONTINUOUS
10
2.0025066929133857
20
1.0276586220472441
11
1.9977220472440944
21
1.0290635433070865
0
LINE
8
BLACK
6
CONTINUOUS
10
1.9977220472440944
20
1.0290635433070865
11
1.9935270472440945
21
1.0317594881889764
0
LINE
8
BLACK
6
CONTINUOUS
10
1.9935270472440945
20
1.0317594881889764
11
1.9902614960629921
21
1.0355281496062991
0
LINE
8
BLACK
6
CONTINUOUS
10
1.9902614960629921
20
1.0355281496062991
11
1.9881899999999999
21
1.0400641338582677
0
LINE
8
BLACK
6
CONTINUOUS
10
1.9881899999999999
20
1.0400641338582677
11
1.9874803149606299
21
1.0449999999999999
0
LINE
8
BLACK
6
CONTINUOUS
10
1.9874803149606299
20
1.0449999999999999
11
1.9881899999999999
21
1.0499358661417322
0
LINE
8
BLACK
6
CONTINUOUS
10
1.9881899999999999
20
1.0499358661417322
11
1.9902614960629921
21
1.0544718503937007
0
LINE
8
BLACK
6
CONTINUOUS
10
1.9902614960629921
20
1.0544718503937007
11
1.9932345669291338
21
1.0579029527559054
0
LINE
8
BLACK
6
CONTINUOUS
10
1.9932345669291338
20
1.0579029527559054
11
1.9931889763779527
21
1.0697765748031496
0
LINE
8
BLACK
6
CONTINUOUS
10
1.9931889763779527
20
1.0697765748031496
11
1.9932900393700788
21
1.0713182283464566
0
LINE
8
BLACK
6
CONTINUOUS
10
1.9932900393700788
20
1.0713182283464566
11
1.994088031496063
21
1.0742964566929134
0
LINE
8
BLACK
6
CONTINUOUS
10
1.994088031496063
20
1.0742964566929134
11
1.99562968503937
21
1.0769666535433071
0
LINE
8
BLACK
6
CONTINUOUS
10
1.99562968503937
20
1.0769666535433071
11
1.9956348818897638
21
1.0769718503937007
0
LINE
8
BLACK
6
CONTINUOUS
10
1.9956348818897638
20
1.0769718503937007
11
2.0972039370078739
21
1.1786792519685039
0
LINE
8
BLACK
6
CONTINUOUS
10
2.0972039370078739
20
1.1786792519685039
11
2.0971088582677164
21
1.358793188976378
0
LINE
8
BLACK
6
CONTINUOUS
10
2.0971088582677164
20
1.358793188976378
11
2.0932117716535434
21
1.3626586220472441
0
LINE
8
BLACK
6
CONTINUOUS
10
2.0932117716535434
20
1.3626586220472441
11
2.0900066929133856
21
1.3626586220472441
0
LINE
8
BLACK
6
CONTINUOUS
10
2.0900066929133856
20
1.3626586220472441
11
2.0852220472440943
21
1.3640635433070867
0
LINE
8
BLACK
6
CONTINUOUS
10
2.0852220472440943
20
1.3640635433070867
11
2.0810270472440946
21
1.3667594881889764
0
LINE
8
BLACK
6
CONTINUOUS
10
2.0810270472440946
20
1.3667594881889764
11
2.0777614960629922
21
1.3705281496062991
0
LINE
8
BLACK
6
CONTINUOUS
10
2.0777614960629922
20
1.3705281496062991
11
2.0756899999999998
21
1.3750641338582676
0
LINE
8
BLACK
6
CONTINUOUS
10
2.0756899999999998
20
1.3750641338582676
11
2.0749803149606301
21
1.3799999999999999
0
LINE
8
BLACK
6
CONTINUOUS
10
2.0749803149606301
20
1.3799999999999999
11
2.0756899999999998
21
1.3849358661417321
0
LINE
8
BLACK
6
CONTINUOUS
10
2.0756899999999998
20
1.3849358661417321
11
2.0777614960629922
21
1.3894718503937007
0
LINE
8
BLACK
6
CONTINUOUS
10
2.0777614960629922
20
1.3894718503937007
11
2.0810270472440946
21
1.3932405118110236
0
LINE
8
BLACK
6
CONTINUOUS
10
2.0810270472440946
20
1.3932405118110236
11
2.0852220472440943
21
1.3959364566929133
0
LINE
8
BLACK
6
CONTINUOUS
10
2.0852220472440943
20
1.3959364566929133
11
2.0900066929133856
21
1.3973413779527559
0
LINE
8
BLACK
6
CONTINUOUS
10
2.0900066929133856
20
1.3973413779527559
11
2.094993307086614
21
1.3973413779527559
0
LINE
8
BLACK
6
CONTINUOUS
10
2.094993307086614
20
1.3973413779527559
11
2.0997779527559053
21
1.3959364566929133
0
LINE
8
BLACK
6
CONTINUOUS
10
2.0297779527559054
20
1.3734364566929134
11
2.0339729527559056
21
1.3707405118110236
0
LINE
8
BLACK
6
CONTINUOUS
10
2.0339729527559056
20
1.3707405118110236
11
2.037238503937008
21
1.3669718503937007
0
LINE
8
BLACK
6
CONTINUOUS
10
2.037238503937008
20
1.3669718503937007
11
2.03931
21
1.3624358661417322
0
LINE
8
BLACK
6
CONTINUOUS
10
2.03931
20
1.3624358661417322
11
2.0400196850393701
21
1.3574999999999999
0
LINE
8
BLACK
6
CONTINUOUS
10
2.0400196850393701
20
1.3574999999999999
11
2.03931
21
1.3525641338582677
0
LINE
8
BLACK
6
CONTINUOUS
10
2.03931
20
1.3525641338582677
11
2.037238503937008
21
1.3480281496062991
0
LINE
8
BLACK
6
CONTINUOUS
10
2.037238503937008
20
1.3480281496062991
11
2.0339729527559056
21
1.3442594881889764
0
LINE
8
BLACK
6
CONTINUOUS
10
2.0339729527559056
20
1.3442594881889764
11
2.0302401181102363
21
1.3418605511811024
0
LINE
8
BLACK
6
CONTINUOUS
10
2.0302401181102363
20
1.3418605511811024
11
2.0303740157480314
21
1.21
0
LINE
8
BLACK
6
CONTINUOUS
10
2.0303740157480314
20
1.21
11
2.030222716535433
21
1.2084638582677165
0
LINE
8
BLACK
6
CONTINUOUS
10
2.030222716535433
20
1.2084638582677165
11
2.0290470078740155
21
1.205625433070866
0
LINE
8
BLACK
6
CONTINUOUS
10
2.0290470078740155
20
1.205625433070866
11
1.9440707086614173
21
1.1204597244094487
0
LINE
8
BLACK
6
CONTINUOUS
10
1.9440707086614173
20
1.1204597244094487
11
1.94431
21
1.1199358661417322
0
LINE
8
BLACK
6
CONTINUOUS
10
1.94431
20
1.1199358661417322
11
1.9450196850393699
21
1.115
0
LINE
8
BLACK
6
CONTINUOUS
10
1.9450196850393699
20
1.115
11
1.94431
21
1.1100641338582677
0
LINE
8
BLACK
6
CONTINUOUS
10
1.94431
20
1.1100641338582677
11
1.9422385039370078
21
1.1055281496062992
0
LINE
8
BLACK
6
CONTINUOUS
10
1.9422385039370078
20
1.1055281496062992
11
1.9389729527559054
21
1.1017594881889763
0
LINE
8
BLACK
6
CONTINUOUS
10
1.9389729527559054
20
1.1017594881889763
11
1.9347779527559055
21
1.0990635433070866
0
LINE
8
BLACK
6
CONTINUOUS
10
1.9347779527559055
20
1.0990635433070866
11
1.9299933070866142
21
1.097658622047244
0
LINE
8
BLACK
6
CONTINUOUS
10
1.9299933070866142
20
1.097658622047244
11
1.9250066929133858
21
1.097658622047244
0
LINE
8
BLACK
6
CONTINUOUS
10
1.9250066929133858
20
1.097658622047244
11
1.9202220472440945
21
1.0990635433070866
0
LINE
8
BLACK
6
CONTINUOUS
10
1.9202220472440945
20
1.0990635433070866
11
1.9160270472440943
21
1.1017594881889763
0
LINE
8
BLACK
6
CONTINUOUS
10
1.9160270472440943
20
1.1017594881889763
11
1.9127614960629922
21
1.1055281496062992
0
LINE
8
BLACK
6
CONTINUOUS
10
1.9127614960629922
20
1.1055281496062992
11
1.91069
21
1.1100641338582677
0
LINE
8
BLACK
6
CONTINUOUS
10
1.91069
20
1.1100641338582677
11
1.9099803149606298
21
1.115
0
LINE
8
BLACK
6
CONTINUOUS
10
1.9099803149606298
20
1.115
11
1.91069
21
1.1199358661417322
0
LINE
8
BLACK
6
CONTINUOUS
10
1.91069
20
1.1199358661417322
11
1.9127614960629922
21
1.1244718503937008
0
LINE
8
BLACK
6
CONTINUOUS
10
1.9127614960629922
20
1.1244718503937008
11
1.9160270472440943
21
1.1282405118110237
0
LINE
8
BLACK
6
CONTINUOUS
10
1.9160270472440943
20
1.1282405118110237
11
1.9202220472440945
21
1.1309364566929134
0
LINE
8
BLACK
6
CONTINUOUS
10
1.9202220472440945
20
1.1309364566929134
11
1.9250066929133858
21
1.1323413779527558
0
LINE
8
BLACK
6
CONTINUOUS
10
1.9250066929133858
20
1.1323413779527558
11
1.9299933070866142
21
1.1323413779527558
0
LINE
8
BLACK
6
CONTINUOUS
10
1.9299933070866142
20
1.1323413779527558
11
1.9330077559055117
21
1.131456220472441
0
LINE
8
BLACK
6
CONTINUOUS
10
1.9330077559055117
20
1.131456220472441
11
2.014772244094488
21
1.2134029921259841
0
LINE
8
BLACK
6
CONTINUOUS
10
2.014772244094488
20
1.2134029921259841
11
2.0146417716535434
21
1.3419364173228345
0
LINE
8
BLACK
6
CONTINUOUS
10
2.0146417716535434
20
1.3419364173228345
11
2.0110270472440943
21
1.3442594881889764
0
LINE
8
BLACK
6
CONTINUOUS
10
2.0110270472440943
20
1.3442594881889764
11
2.0077614960629919
21
1.3480281496062991
0
LINE
8
BLACK
6
CONTINUOUS
10
2.0077614960629919
20
1.3480281496062991
11
2.00569
21
1.3525641338582677
0
LINE
8
BLACK
6
CONTINUOUS
10
2.00569
20
1.3525641338582677
11
2.0049803149606298
21
1.3574999999999999
0
LINE
8
BLACK
6
CONTINUOUS
10
2.0049803149606298
20
1.3574999999999999
11
2.00569
21
1.3624358661417322
0
LINE
8
BLACK
6
CONTINUOUS
10
2.00569
20
1.3624358661417322
11
2.0077614960629919
21
1.3669718503937007
0
LINE
8
BLACK
6
CONTINUOUS
10
2.0077614960629919
20
1.3669718503937007
11
2.0110270472440943
21
1.3707405118110236
0
LINE
8
BLACK
6
CONTINUOUS
10
2.0110270472440943
20
1.3707405118110236
11
2.0152220472440945
21
1.3734364566929134
0
LINE
8
BLACK
6
CONTINUOUS
10
2.0152220472440945
20
1.3734364566929134
11
2.0200066929133857
21
1.374841377952756
0
LINE
8
BLACK
6
CONTINUOUS
10
2.0200066929133857
20
1.374841377952756
11
2.0249933070866142
21
1.374841377952756
0
LINE
8
BLACK
6
CONTINUOUS
10
2.0249933070866142
20
1.374841377952756
11
2.0297779527559054
21
1.3734364566929134
0
LINE
8
BLACK
6
CONTINUOUS
10
3.1034055118110238
20
0.7563385826771654
11
2.9459251968503937
21
0.7563385826771654
0
LINE
8
BLACK
6
CONTINUOUS
10
2.9459251968503937
20
0.7563385826771654
11
2.9459251968503937
21
0.9138188976377952
0
LINE
8
BLACK
6
CONTINUOUS
10
2.9459251968503937
20
0.9138188976377952
11
3.1034055118110238
21
0.9138188976377952
0
LINE
8
BLACK
6
CONTINUOUS
10
3.1034055118110238
20
0.9138188976377952
11
3.1034055118110238
21
0.7563385826771654
0
LINE
8
BLACK
6
CONTINUOUS
10
0.591315905511811
20
1.1508534251968503
11
0.595510905511811
21
1.1481574803149606
0
LINE
8
BLACK
6
CONTINUOUS
10
0.595510905511811
20
1.1481574803149606
11
0.5987764566929134
21
1.1443888188976377
0
LINE
8
BLACK
6
CONTINUOUS
10
0.5987764566929134
20
1.1443888188976377
11
0.6008479527559055
21
1.1398528346456693
0
LINE
8
BLACK
6
CONTINUOUS
10
0.6008479527559055
20
1.1398528346456693
11
0.6015576377952756
21
1.1349169685039371
0
LINE
8
BLACK
6
CONTINUOUS
10
0.6015576377952756
20
1.1349169685039371
11
0.6008479527559055
21
1.1299811023622046
0
LINE
8
BLACK
6
CONTINUOUS
10
0.6008479527559055
20
1.1299811023622046
11
0.5987764566929134
21
1.1254451181102363
0
LINE
8
BLACK
6
CONTINUOUS
10
0.5987764566929134
20
1.1254451181102363
11
0.595510905511811
21
1.1216764566929134
0
LINE
8
BLACK
6
CONTINUOUS
10
0.595510905511811
20
1.1216764566929134
11
0.5918193307086614
21
1.1193040157480314
0
LINE
8
BLACK
6
CONTINUOUS
10
0.5918193307086614
20
1.1193040157480314
11
0.591911968503937
21
1.092230157480315
0
LINE
8
BLACK
6
CONTINUOUS
10
0.591911968503937
20
1.092230157480315
11
0.5917606692913385
21
1.0906940157480314
0
LINE
8
BLACK
6
CONTINUOUS
10
0.5917606692913385
20
1.0906940157480314
11
0.5905849606299213
21
1.0878555905511811
0
LINE
8
BLACK
6
CONTINUOUS
10
0.5905849606299213
20
1.0878555905511811
11
0.5439864173228346
21
1.0410839763779527
0
LINE
8
BLACK
6
CONTINUOUS
10
0.5439864173228346
20
1.0410839763779527
11
0.5442308267716536
21
1.0405488976377952
0
LINE
8
BLACK
6
CONTINUOUS
10
0.5442308267716536
20
1.0405488976377952
11
0.5449405118110237
21
1.035613031496063
0
LINE
8
BLACK
6
CONTINUOUS
10
0.5449405118110237
20
1.035613031496063
11
0.5442308267716536
21
1.0306771653543307
0
LINE
8
BLACK
6
CONTINUOUS
10
0.5442308267716536
20
1.0306771653543307
11
0.5421593307086614
21
1.0261411811023622
0
LINE
8
BLACK
6
CONTINUOUS
10
0.5421593307086614
20
1.0261411811023622
11
0.538893779527559
21
1.0223725196850393
0
LINE
8
BLACK
6
CONTINUOUS
10
0.538893779527559
20
1.0223725196850393
11
0.5346987795275591
21
1.0196765748031495
0
LINE
8
BLACK
6
CONTINUOUS
10
0.5346987795275591
20
1.0196765748031495
11
0.5299141338582677
21
1.018271653543307
0
LINE
8
BLACK
6
CONTINUOUS
10
0.5299141338582677
20
1.018271653543307
11
0.5249275196850394
21
1.018271653543307
0
LINE
8
BLACK
6
CONTINUOUS
10
0.5249275196850394
20
1.018271653543307
11
0.520142874015748
21
1.0196765748031495
0
LINE
8
BLACK
6
CONTINUOUS
10
0.520142874015748
20
1.0196765748031495
11
0.515947874015748
21
1.0223725196850393
0
LINE
8
BLACK
6
CONTINUOUS
10
0.515947874015748
20
1.0223725196850393
11
0.5126823228346457
21
1.0261411811023622
0
LINE
8
BLACK
6
CONTINUOUS
10
0.5126823228346457
20
1.0261411811023622
11
0.5106108267716535
21
1.0306771653543307
0
LINE
8
BLACK
6
CONTINUOUS
10
0.5106108267716535
20
1.0306771653543307
11
0.5099011417322834
21
1.035613031496063
0
LINE
8
BLACK
6
CONTINUOUS
10
0.5099011417322834
20
1.035613031496063
11
0.5106108267716535
21
1.0405488976377952
0
LINE
8
BLACK
6
CONTINUOUS
10
0.5106108267716535
20
1.0405488976377952
11
0.5126823228346457
21
1.0450848818897638
0
LINE
8
BLACK
6
CONTINUOUS
10
0.5126823228346457
20
1.0450848818897638
11
0.515947874015748
21
1.0488535433070867
0
LINE
8
BLACK
6
CONTINUOUS
10
0.515947874015748
20
1.0488535433070867
11
0.520142874015748
21
1.0515494881889764
0
LINE
8
BLACK
6
CONTINUOUS
10
0.520142874015748
20
1.0515494881889764
11
0.5249275196850394
21
1.0529544094488188
0
LINE
8
BLACK
6
CONTINUOUS
10
0.5249275196850394
20
1.0529544094488188
11
0.5299141338582677
21
1.0529544094488188
0
LINE
8
BLACK
6
CONTINUOUS
10
0.5299141338582677
20
1.0529544094488188
11
0.5329148031496063
21
1.0520733070866142
0
LINE
8
BLACK
6
CONTINUOUS
10
0.5329148031496063
20
1.0520733070866142
11
0.5762983858267716
21
1.0956180314960631
0
LINE
8
BLACK
6
CONTINUOUS
10
0.5762983858267716
20
1.0956180314960631
11
0.5762172440944882
21
1.1193292913385826
0
LINE
8
BLACK
6
CONTINUOUS
10
0.5762172440944882
20
1.1193292913385826
11
0.572565
21
1.1216764566929134
0
LINE
8
BLACK
6
CONTINUOUS
10
0.572565
20
1.1216764566929134
11
0.5692994488188976
21
1.1254451181102363
0
LINE
8
BLACK
6
CONTINUOUS
10
0.5692994488188976
20
1.1254451181102363
11
0.5672279527559055
21
1.1299811023622046
0
LINE
8
BLACK
6
CONTINUOUS
10
0.5672279527559055
20
1.1299811023622046
11
0.5665182677165355
21
1.1349169685039371
0
LINE
8
BLACK
6
CONTINUOUS
10
0.5665182677165355
20
1.1349169685039371
11
0.5672279527559055
21
1.1398528346456693
0
LINE
8
BLACK
6
CONTINUOUS
10
0.5672279527559055
20
1.1398528346456693
11
0.5692994488188976
21
1.1443888188976377
0
LINE
8
BLACK
6
CONTINUOUS
10
0.5692994488188976
20
1.1443888188976377
11
0.572565
21
1.1481574803149606
0
LINE
8
BLACK
6
CONTINUOUS
10
0.572565
20
1.1481574803149606
11
0.5767599999999999
21
1.1508534251968503
0
LINE
8
BLACK
6
CONTINUOUS
10
0.5767599999999999
20
1.1508534251968503
11
0.5815446456692913
21
1.1522583464566929
0
LINE
8
BLACK
6
CONTINUOUS
10
0.5815446456692913
20
1.1522583464566929
11
0.5865312598425196
21
1.1522583464566929
0
LINE
8
BLACK
6
CONTINUOUS
10
0.5865312598425196
20
1.1522583464566929
11
0.591315905511811
21
1.1508534251968503
0
LINE
8
BLACK
6
CONTINUOUS
10
0.4372779527559055
20
1.3659364566929133
11
0.4414729527559055
21
1.3632405118110236
0
LINE
8
BLACK
6
CONTINUOUS
10
0.4414729527559055
20
1.3632405118110236
11
0.4447385039370079
21
1.3594718503937007
0
LINE
8
BLACK
6
CONTINUOUS
10
0.4447385039370079
20
1.3594718503937007
11
0.44681
21
1.3549358661417323
0
LINE
8
BLACK
6
CONTINUOUS
10
0.44681
20
1.3549358661417323
11
0.4475196850393701
21
1.3499999999999999
0
LINE
8
BLACK
6
CONTINUOUS
10
0.4475196850393701
20
1.3499999999999999
11
0.44681
21
1.3450641338582676
0
LINE
8
BLACK
6
CONTINUOUS
10
0.44681
20
1.3450641338582676
11
0.4465151968503937
21
1.344418622047244
0
LINE
8
BLACK
6
CONTINUOUS
10
0.4465151968503937
20
1.344418622047244
11
0.643376062992126
21
1.1477572047244093
0
LINE
8
BLACK
6
CONTINUOUS
10
0.643376062992126
20
1.1477572047244093
11
0.6444820078740158
21
1.1477649606299212
0
LINE
8
BLACK
6
CONTINUOUS
10
0.6444820078740158
20
1.1477649606299212
11
0.6452614960629921
21
1.1494718503937007
0
LINE
8
BLACK
6
CONTINUOUS
10
0.6452614960629921
20
1.1494718503937007
11
0.6485270472440945
21
1.1532405118110236
0
LINE
8
BLACK
6
CONTINUOUS
10
0.6485270472440945
20
1.1532405118110236
11
0.6527220472440944
21
1.1559364566929133
0
LINE
8
BLACK
6
CONTINUOUS
10
0.6527220472440944
20
1.1559364566929133
11
0.6575066929133858
21
1.1573413779527559
0
LINE
8
BLACK
6
CONTINUOUS
10
0.6575066929133858
20
1.1573413779527559
11
0.6624933070866141
21
1.1573413779527559
0
LINE
8
BLACK
6
CONTINUOUS
10
0.6624933070866141
20
1.1573413779527559
11
0.6672779527559055
21
1.1559364566929133
0
LINE
8
BLACK
6
CONTINUOUS
10
0.6672779527559055
20
1.1559364566929133
11
0.6714729527559055
21
1.1532405118110236
0
LINE
8
BLACK
6
CONTINUOUS
10
0.6714729527559055
20
1.1532405118110236
11
0.6747385039370078
21
1.1494718503937007
0
LINE
8
BLACK
6
CONTINUOUS
10
0.6747385039370078
20
1.1494718503937007
11
0.67681
21
1.1449358661417322
0
LINE
8
BLACK
6
CONTINUOUS
10
0.67681
20
1.1449358661417322
11
0.6775196850393701
21
1.1399999999999999
0
LINE
8
BLACK
6
CONTINUOUS
10
0.6775196850393701
20
1.1399999999999999
11
0.67681
21
1.1350641338582677
0
LINE
8
BLACK
6
CONTINUOUS
10
0.67681
20
1.1350641338582677
11
0.6747385039370078
21
1.1305281496062991
0
LINE
8
BLACK
6
CONTINUOUS
10
0.6747385039370078
20
1.1305281496062991
11
0.6714729527559055
21
1.1267594881889764
0
LINE
8
BLACK
6
CONTINUOUS
10
0.6714729527559055
20
1.1267594881889764
11
0.6672779527559055
21
1.1240635433070867
0
LINE
8
BLACK
6
CONTINUOUS
10
0.6672779527559055
20
1.1240635433070867
11
0.6624933070866141
21
1.1226586220472441
0
LINE
8
BLACK
6
CONTINUOUS
10
0.6624933070866141
20
1.1226586220472441
11
0.6575066929133858
21
1.1226586220472441
0
LINE
8
BLACK
6
CONTINUOUS
10
0.6575066929133858
20
1.1226586220472441
11
0.6527220472440944
21
1.1240635433070867
0
LINE
8
BLACK
6
CONTINUOUS
10
0.6527220472440944
20
1.1240635433070867
11
0.6485270472440945
21
1.1267594881889764
0
LINE
8
BLACK
6
CONTINUOUS
10
0.6485270472440945
20
1.1267594881889764
11
0.6452614960629921
21
1.1305281496062991
0
LINE
8
BLACK
6
CONTINUOUS
10
0.6452614960629921
20
1.1305281496062991
11
0.6445172834645669
21
1.1321577165354331
0
LINE
8
BLACK
6
CONTINUOUS
10
0.6445172834645669
20
1.1321577165354331
11
0.64
21
1.1321259842519684
0
LINE
8
BLACK
6
CONTINUOUS
10
0.64
20
1.1321259842519684
11
0.6384638582677166
21
1.1322772834645669
0
LINE
8
BLACK
6
CONTINUOUS
10
0.6384638582677166
20
1.1322772834645669
11
0.6356254330708662
21
1.1334529921259842
0
LINE
8
BLACK
6
CONTINUOUS
10
0.6356254330708662
20
1.1334529921259842
11
0.4353717322834645
21
1.3335038188976378
0
LINE
8
BLACK
6
CONTINUOUS
10
0.4353717322834645
20
1.3335038188976378
11
0.4324933070866142
21
1.3326586220472441
0
LINE
8
BLACK
6
CONTINUOUS
10
0.4324933070866142
20
1.3326586220472441
11
0.4275066929133858
21
1.3326586220472441
0
LINE
8
BLACK
6
CONTINUOUS
10
0.4275066929133858
20
1.3326586220472441
11
0.4227220472440945
21
1.3340635433070867
0
LINE
8
BLACK
6
CONTINUOUS
10
0.4227220472440945
20
1.3340635433070867
11
0.4185270472440945
21
1.3367594881889764
0
LINE
8
BLACK
6
CONTINUOUS
10
0.4185270472440945
20
1.3367594881889764
11
0.4152614960629921
21
1.3405281496062993
0
LINE
8
BLACK
6
CONTINUOUS
10
0.4152614960629921
20
1.3405281496062993
11
0.41319
21
1.3450641338582676
0
LINE
8
BLACK
6
CONTINUOUS
10
0.41319
20
1.3450641338582676
11
0.4124803149606299
21
1.3499999999999999
0
LINE
8
BLACK
6
CONTINUOUS
10
0.4124803149606299
20
1.3499999999999999
11
0.41319
21
1.3549358661417323
0
LINE
8
BLACK
6
CONTINUOUS
10
0.41319
20
1.3549358661417323
11
0.4152614960629921
21
1.3594718503937007
0
LINE
8
BLACK
6
CONTINUOUS
10
0.4152614960629921
20
1.3594718503937007
11
0.4185270472440945
21
1.3632405118110236
0
LINE
8
BLACK
6
CONTINUOUS
10
0.4185270472440945
20
1.3632405118110236
11
0.4227220472440945
21
1.3659364566929133
0
LINE
8
BLACK
6
CONTINUOUS
10
0.4227220472440945
20
1.3659364566929133
11
0.4275066929133858
21
1.3673413779527559
0
LINE
8
BLACK
6
CONTINUOUS
10
0.4275066929133858
20
1.3673413779527559
11
0.4324933070866142
21
1.3673413779527559
0
LINE
8
BLACK
6
CONTINUOUS
10
0.4324933070866142
20
1.3673413779527559
11
0.4372779527559055
21
1.3659364566929133
0
LINE
8
BLACK
6
CONTINUOUS
10
1.4394637401574804
20
1.9625932283464567
11
1.4436587401574803
21
1.9598972834645669
0
LINE
8
BLACK
6
CONTINUOUS
10
1.4436587401574803
20
1.9598972834645669
11
1.4469242913385827
21
1.956128622047244
0
LINE
8
BLACK
6
CONTINUOUS
10
1.4469242913385827
20
1.956128622047244
11
1.4489957874015749
21
1.9515926377952755
0
LINE
8
BLACK
6
CONTINUOUS
10
1.4489957874015749
20
1.9515926377952755
11
1.4497054724409448
21
1.9466567716535432
0
LINE
8
BLACK
6
CONTINUOUS
10
1.4497054724409448
20
1.9466567716535432
11
1.4489957874015749
21
1.941720905511811
0
LINE
8
BLACK
6
CONTINUOUS
10
1.4489957874015749
20
1.941720905511811
11
1.4469242913385827
21
1.9371849212598424
0
LINE
8
BLACK
6
CONTINUOUS
10
1.4469242913385827
20
1.9371849212598424
11
1.4436587401574803
21
1.9334162598425197
0
LINE
8
BLACK
6
CONTINUOUS
10
1.4436587401574803
20
1.9334162598425197
11
1.4399490551181102
21
1.9310322047244095
0
LINE
8
BLACK
6
CONTINUOUS
10
1.4399490551181102
20
1.9310322047244095
11
1.4400598031496064
21
1.8841857874015748
0
LINE
8
BLACK
6
CONTINUOUS
10
1.4400598031496064
20
1.8841857874015748
11
1.4399085039370079
21
1.8826496456692914
0
LINE
8
BLACK
6
CONTINUOUS
10
1.4399085039370079
20
1.8826496456692914
11
1.4387327952755906
21
1.8798112204724409
0
LINE
8
BLACK
6
CONTINUOUS
10
1.4387327952755906
20
1.8798112204724409
11
1.3595364173228346
21
1.8004066141732282
0
LINE
8
BLACK
6
CONTINUOUS
10
1.3595364173228346
20
1.8004066141732282
11
1.3596740157480314
21
1.7509765748031496
0
LINE
8
BLACK
6
CONTINUOUS
10
1.3596740157480314
20
1.7509765748031496
11
1.3595393700787402
21
1.7496098818897636
0
LINE
8
BLACK
6
CONTINUOUS
10
1.3595393700787402
20
1.7496098818897636
11
1.3595842125984252
21
1.741811062992126
0
LINE
8
BLACK
6
CONTINUOUS
10
1.3595842125984252
20
1.741811062992126
11
1.3632729527559055
21
1.7394405118110237
0
LINE
8
BLACK
6
CONTINUOUS
10
1.3632729527559055
20
1.7394405118110237
11
1.3665385039370079
21
1.7356718503937008
0
LINE
8
BLACK
6
CONTINUOUS
10
1.3665385039370079
20
1.7356718503937008
11
1.3686099999999999
21
1.7311358661417322
0
LINE
8
BLACK
6
CONTINUOUS
10
1.3686099999999999
20
1.7311358661417322
11
1.3693196850393701
21
1.7262
0
LINE
8
BLACK
6
CONTINUOUS
10
1.3693196850393701
20
1.7262
11
1.3686099999999999
21
1.7212641338582677
0
LINE
8
BLACK
6
CONTINUOUS
10
1.3686099999999999
20
1.7212641338582677
11
1.3665385039370079
21
1.7167281496062992
0
LINE
8
BLACK
6
CONTINUOUS
10
1.3665385039370079
20
1.7167281496062992
11
1.3632729527559055
21
1.7129594881889763
0
LINE
8
BLACK
6
CONTINUOUS
10
1.3632729527559055
20
1.7129594881889763
11
1.3590779527559054
21
1.7102635433070865
0
LINE
8
BLACK
6
CONTINUOUS
10
1.3590779527559054
20
1.7102635433070865
11
1.3542933070866141
21
1.7088586220472441
0
LINE
8
BLACK
6
CONTINUOUS
10
1.3542933070866141
20
1.7088586220472441
11
1.3493066929133859
21
1.7088586220472441
0
LINE
8
BLACK
6
CONTINUOUS
10
1.3493066929133859
20
1.7088586220472441
11
1.3445220472440944
21
1.7102635433070865
0
LINE
8
BLACK
6
CONTINUOUS
10
1.3445220472440944
20
1.7102635433070865
11
1.3403270472440945
21
1.7129594881889763
0
LINE
8
BLACK
6
CONTINUOUS
10
1.3403270472440945
20
1.7129594881889763
11
1.3370614960629921
21
1.7167281496062992
0
LINE
8
BLACK
6
CONTINUOUS
10
1.3370614960629921
20
1.7167281496062992
11
1.3349899999999999
21
1.7212641338582677
0
LINE
8
BLACK
6
CONTINUOUS
10
1.3349899999999999
20
1.7212641338582677
11
1.3342803149606299
21
1.7262
0
LINE
8
BLACK
6
CONTINUOUS
10
1.3342803149606299
20
1.7262
11
1.3349899999999999
21
1.7311358661417322
0
LINE
8
BLACK
6
CONTINUOUS
10
1.3349899999999999
20
1.7311358661417322
11
1.3370614960629921
21
1.7356718503937008
0
LINE
8
BLACK
6
CONTINUOUS
10
1.3370614960629921
20
1.7356718503937008
11
1.3403270472440945
21
1.7394405118110237
0
LINE
8
BLACK
6
CONTINUOUS
10
1.3403270472440945
20
1.7394405118110237
11
1.3439788188976378
21
1.7417873228346457
0
LINE
8
BLACK
6
CONTINUOUS
10
1.3439788188976378
20
1.7417873228346457
11
1.3439259842519684
21
1.7509765748031496
0
LINE
8
BLACK
6
CONTINUOUS
10
1.3439259842519684
20
1.7509765748031496
11
1.344068937007874
21
1.7524282677165355
0
LINE
8
BLACK
6
CONTINUOUS
10
1.344068937007874
20
1.7524282677165355
11
1.3439259842519684
21
1.8037999999999998
0
LINE
8
BLACK
6
CONTINUOUS
10
1.3439259842519684
20
1.8037999999999998
11
1.3440772834645669
21
1.8053361417322835
0
LINE
8
BLACK
6
CONTINUOUS
10
1.3440772834645669
20
1.8053361417322835
11
1.3452529921259841
21
1.8081745669291338
0
LINE
8
BLACK
6
CONTINUOUS
10
1.3452529921259841
20
1.8081745669291338
11
1.4244513779527559
21
1.8875812204724409
0
LINE
8
BLACK
6
CONTINUOUS
10
1.4244513779527559
20
1.8875812204724409
11
1.4243485826771654
21
1.9310796850393701
0
LINE
8
BLACK
6
CONTINUOUS
10
1.4243485826771654
20
1.9310796850393701
11
1.4207128346456692
21
1.9334162598425197
0
LINE
8
BLACK
6
CONTINUOUS
10
1.4207128346456692
20
1.9334162598425197
11
1.4174472834645668
21
1.9371849212598424
0
LINE
8
BLACK
6
CONTINUOUS
10
1.4174472834645668
20
1.9371849212598424
11
1.4153757874015749
21
1.941720905511811
0
LINE
8
BLACK
6
CONTINUOUS
10
1.4153757874015749
20
1.941720905511811
11
1.4146661023622047
21
1.9466567716535432
0
LINE
8
BLACK
6
CONTINUOUS
10
1.4146661023622047
20
1.9466567716535432
11
1.4153757874015749
21
1.9515926377952755
0
LINE
8
BLACK
6
CONTINUOUS
10
1.4153757874015749
20
1.9515926377952755
11
1.4174472834645668
21
1.956128622047244
0
LINE
8
BLACK
6
CONTINUOUS
10
1.4174472834645668
20
1.956128622047244
11
1.4207128346456692
21
1.9598972834645669
0
LINE
8
BLACK
6
CONTINUOUS
10
1.4207128346456692
20
1.9598972834645669
11
1.4249078346456692
21
1.9625932283464567
0
LINE
8
BLACK
6
CONTINUOUS
10
1.4249078346456692
20
1.9625932283464567
11
1.4296924803149607
21
1.9639981496062993
0
LINE
8
BLACK
6
CONTINUOUS
10
1.4296924803149607
20
1.9639981496062993
11
1.4346790944881889
21
1.9639981496062993
0
LINE
8
BLACK
6
CONTINUOUS
10
1.4346790944881889
20
1.9639981496062993
11
1.4394637401574804
21
1.9625932283464567
0
LINE
8
BLACK
6
CONTINUOUS
10
0.8872779527559055
20
2.2959364566929135
11
0.8914729527559055
21
2.2932405118110237
0
LINE
8
BLACK
6
CONTINUOUS
10
0.8914729527559055
20
2.2932405118110237
11
0.8947385039370078
21
2.2894718503937006
0
LINE
8
BLACK
6
CONTINUOUS
10
0.8947385039370078
20
2.2894718503937006
11
0.89681
21
2.2849358661417321
0
LINE
8
BLACK
6
CONTINUOUS
10
0.89681
20
2.2849358661417321
11
0.8975196850393701
21
2.2799999999999998
0
LINE
8
BLACK
6
CONTINUOUS
10
0.8975196850393701
20
2.2799999999999998
11
0.89681
21
2.2750641338582676
0
LINE
8
BLACK
6
CONTINUOUS
10
0.89681
20
2.2750641338582676
11
0.8947385039370078
21
2.270528149606299
0
LINE
8
BLACK
6
CONTINUOUS
10
0.8947385039370078
20
2.270528149606299
11
0.8914729527559055
21
2.2667594881889763
0
LINE
8
BLACK
6
CONTINUOUS
10
0.8914729527559055
20
2.2667594881889763
11
0.8877317716535433
21
2.2643551968503934
0
LINE
8
BLACK
6
CONTINUOUS
10
0.8877317716535433
20
2.2643551968503934
11
0.8878740157480315
21
1.9949999999999999
0
LINE
8
BLACK
6
CONTINUOUS
10
0.8878740157480315
20
1.9949999999999999
11
0.887722716535433
21
1.9934638582677164
0
LINE
8
BLACK
6
CONTINUOUS
10
0.887722716535433
20
1.9934638582677164
11
0.8865470078740157
21
1.9906254330708661
0
LINE
8
BLACK
6
CONTINUOUS
10
0.8865470078740157
20
1.9906254330708661
11
0.8417270866141732
21
1.9456014173228346
0
LINE
8
BLACK
6
CONTINUOUS
10
0.8417270866141732
20
1.9456014173228346
11
0.8418601181102362
21
1.7965622834645669
0
LINE
8
BLACK
6
CONTINUOUS
10
0.8418601181102362
20
1.7965622834645669
11
0.8454729527559055
21
1.7942405118110236
0
LINE
8
BLACK
6
CONTINUOUS
10
0.8454729527559055
20
1.7942405118110236
11
0.8487385039370079
21
1.7904718503937007
0
LINE
8
BLACK
6
CONTINUOUS
10
0.8487385039370079
20
1.7904718503937007
11
0.85081
21
1.7859358661417322
0
LINE
8
BLACK
6
CONTINUOUS
10
0.85081
20
1.7859358661417322
11
0.85151968503937
21
1.7809999999999999
0
LINE
8
BLACK
6
CONTINUOUS
10
0.85151968503937
20
1.7809999999999999
11
0.85081
21
1.7760641338582677
0
LINE
8
BLACK
6
CONTINUOUS
10
0.85081
20
1.7760641338582677
11
0.8487385039370079
21
1.7715281496062991
0
LINE
8
BLACK
6
CONTINUOUS
10
0.8487385039370079
20
1.7715281496062991
11
0.8454729527559055
21
1.7677594881889764
0
LINE
8
BLACK
6
CONTINUOUS
10
0.8454729527559055
20
1.7677594881889764
11
0.8412779527559054
21
1.7650635433070865
0
LINE
8
BLACK
6
CONTINUOUS
10
0.8412779527559054
20
1.7650635433070865
11
0.8364933070866142
21
1.7636586220472441
0
LINE
8
BLACK
6
CONTINUOUS
10
0.8364933070866142
20
1.7636586220472441
11
0.8315066929133859
21
1.7636586220472441
0
LINE
8
BLACK
6
CONTINUOUS
10
0.8315066929133859
20
1.7636586220472441
11
0.8267220472440945
21
1.7650635433070865
0
LINE
8
BLACK
6
CONTINUOUS
10
0.8267220472440945
20
1.7650635433070865
11
0.8225270472440944
21
1.7677594881889764
0
LINE
8
BLACK
6
CONTINUOUS
10
0.8225270472440944
20
1.7677594881889764
11
0.8192614960629921
21
1.7715281496062991
0
LINE
8
BLACK
6
CONTINUOUS
10
0.8192614960629921
20
1.7715281496062991
11
0.81719
21
1.7760641338582677
0
LINE
8
BLACK
6
CONTINUOUS
10
0.81719
20
1.7760641338582677
11
0.8164803149606299
21
1.7809999999999999
0
LINE
8
BLACK
6
CONTINUOUS
10
0.8164803149606299
20
1.7809999999999999
11
0.81719
21
1.7859358661417322
0
LINE
8
BLACK
6
CONTINUOUS
10
0.81719
20
1.7859358661417322
11
0.8192614960629921
21
1.7904718503937007
0
LINE
8
BLACK
6
CONTINUOUS
10
0.8192614960629921
20
1.7904718503937007
11
0.8225270472440944
21
1.7942405118110236
0
LINE
8
BLACK
6
CONTINUOUS
10
0.8225270472440944
20
1.7942405118110236
11
0.8262619291338582
21
1.7966407480314961
0
LINE
8
BLACK
6
CONTINUOUS
10
0.8262619291338582
20
1.7966407480314961
11
0.8261259842519685
21
1.9490000000000001
0
LINE
8
BLACK
6
CONTINUOUS
10
0.8261259842519685
20
1.9490000000000001
11
0.8262772834645669
21
1.9505361417322835
0
LINE
8
BLACK
6
CONTINUOUS
10
0.8262772834645669
20
1.9505361417322835
11
0.8274529921259842
21
1.9533745669291338
0
LINE
8
BLACK
6
CONTINUOUS
10
0.8274529921259842
20
1.9533745669291338
11
0.8722746456692914
21
1.9984003543307085
0
LINE
8
BLACK
6
CONTINUOUS
10
0.8722746456692914
20
1.9984003543307085
11
0.8721341732283464
21
2.2644412992125984
0
LINE
8
BLACK
6
CONTINUOUS
10
0.8721341732283464
20
2.2644412992125984
11
0.8685270472440945
21
2.2667594881889763
0
LINE
8
BLACK
6
CONTINUOUS
10
0.8685270472440945
20
2.2667594881889763
11
0.8652614960629921
21
2.270528149606299
0
LINE
8
BLACK
6
CONTINUOUS
10
0.8652614960629921
20
2.270528149606299
11
0.86319
21
2.2750641338582676
0
LINE
8
BLACK
6
CONTINUOUS
10
0.86319
20
2.2750641338582676
11
0.8624803149606299
21
2.2799999999999998
0
LINE
8
BLACK
6
CONTINUOUS
10
0.8624803149606299
20
2.2799999999999998
11
0.86319
21
2.2849358661417321
0
LINE
8
BLACK
6
CONTINUOUS
10
0.86319
20
2.2849358661417321
11
0.8652614960629921
21
2.2894718503937006
0
LINE
8
BLACK
6
CONTINUOUS
10
0.8652614960629921
20
2.2894718503937006
11
0.8685270472440945
21
2.2932405118110237
0
LINE
8
BLACK
6
CONTINUOUS
10
0.8685270472440945
20
2.2932405118110237
11
0.8727220472440945
21
2.2959364566929135
0
LINE
8
BLACK
6
CONTINUOUS
10
0.8727220472440945
20
2.2959364566929135
11
0.8775066929133858
21
2.2973413779527561
0
LINE
8
BLACK
6
CONTINUOUS
10
0.8775066929133858
20
2.2973413779527561
11
0.8824933070866141
21
2.2973413779527561
0
LINE
8
BLACK
6
CONTINUOUS
10
0.8824933070866141
20
2.2973413779527561
11
0.8872779527559055
21
2.2959364566929135
0
LINE
8
BLACK
6
CONTINUOUS
10
2.1800000000000002
20
2.1099999999999999
11
2.1200000000000001
21
2.1099999999999999
0
LINE
8
BLACK
6
CONTINUOUS
10
2.1200000000000001
20
2.1099999999999999
11
2.1200000000000001
21
2.1699999999999999
0
LINE
8
BLACK
6
CONTINUOUS
10
2.1200000000000001
20
2.1699999999999999
11
2.1800000000000002
21
2.1699999999999999
0
LINE
8
BLACK
6
CONTINUOUS
10
2.1800000000000002
20
2.1699999999999999
11
2.1800000000000002
21
2.1099999999999999
0
LINE
8
BLACK
6
CONTINUOUS
10
2.2799999999999998
20
2.1099999999999999
11
2.2199999999999998
21
2.1099999999999999
0
LINE
8
BLACK
6
CONTINUOUS
10
2.2199999999999998
20
2.1099999999999999
11
2.2199999999999998
21
2.1699999999999999
0
LINE
8
BLACK
6
CONTINUOUS
10
2.2199999999999998
20
2.1699999999999999
11
2.2799999999999998
21
2.1699999999999999
0
LINE
8
BLACK
6
CONTINUOUS
10
2.2799999999999998
20
2.1699999999999999
11
2.2799999999999998
21
2.1099999999999999
0
LINE
8
BLACK
6
CONTINUOUS
10
2.1800000000000002
20
2.21
11
2.1200000000000001
21
2.21
0
LINE
8
BLACK
6
CONTINUOUS
10
2.1200000000000001
20
2.21
11
2.1200000000000001
21
2.27
0
LINE
8
BLACK
6
CONTINUOUS
10
2.1200000000000001
20
2.27
11
2.1800000000000002
21
2.27
0
LINE
8
BLACK
6
CONTINUOUS
10
2.1800000000000002
20
2.27
11
2.1800000000000002
21
2.21
0
LINE
8
BLACK
6
CONTINUOUS
10
2.2799999999999998
20
2.21
11
2.2199999999999998
21
2.21
0
LINE
8
BLACK
6
CONTINUOUS
10
2.2199999999999998
20
2.21
11
2.2199999999999998
21
2.27
0
LINE
8
BLACK
6
CONTINUOUS
10
2.2199999999999998
20
2.27
11
2.2799999999999998
21
2.27
0
LINE
8
BLACK
6
CONTINUOUS
10
2.2799999999999998
20
2.27
11
2.2799999999999998
21
2.21
0
LINE
8
BLACK
6
CONTINUOUS
10
2.5049999999999999
20
2.0350000000000001
11
2.4449999999999998
21
2.0350000000000001
0
LINE
8
BLACK
6
CONTINUOUS
10
2.4449999999999998
20
2.0350000000000001
11
2.4449999999999998
21
2.0949999999999998
0
LINE
8
BLACK
6
CONTINUOUS
10
2.4449999999999998
20
2.0949999999999998
11
2.5049999999999999
21
2.0949999999999998
0
LINE
8
BLACK
6
CONTINUOUS
10
2.5049999999999999
20
2.0949999999999998
11
2.5049999999999999
21
2.0350000000000001
0
LINE
8
BLACK
6
CONTINUOUS
10
2.605
20
2.0350000000000001
11
2.5449999999999999
21
2.0350000000000001
0
LINE
8
BLACK
6
CONTINUOUS
10
2.5449999999999999
20
2.0350000000000001
11
2.5449999999999999
21
2.0949999999999998
0
LINE
8
BLACK
6
CONTINUOUS
10
2.5449999999999999
20
2.0949999999999998
11
2.605
21
2.0949999999999998
0
LINE
8
BLACK
6
CONTINUOUS
10
2.605
20
2.0949999999999998
11
2.605
21
2.0350000000000001
0
LINE
8
BLACK
6
CONTINUOUS
10
2.7050000000000001
20
2.0350000000000001
11
2.645
21
2.0350000000000001
0
LINE
8
BLACK
6
CONTINUOUS
10
2.645
20
2.0350000000000001
11
2.645
21
2.0949999999999998
0
LINE
8
BLACK
6
CONTINUOUS
10
2.645
20
2.0949999999999998
11
2.7050000000000001
21
2.0949999999999998
0
LINE
8
BLACK
6
CONTINUOUS
10
2.7050000000000001
20
2.0949999999999998
11
2.7050000000000001
21
2.0350000000000001
0
LINE
8
BLACK
6
CONTINUOUS
10
2.5049999999999999
20
2.1349999999999998
11
2.4449999999999998
21
2.1349999999999998
0
LINE
8
BLACK
6
CONTINUOUS
10
2.4449999999999998
20
2.1349999999999998
11
2.4449999999999998
21
2.1949999999999998
0
LINE
8
BLACK
6
CONTINUOUS
10
2.4449999999999998
20
2.1949999999999998
11
2.5049999999999999
21
2.1949999999999998
0
LINE
8
BLACK
6
CONTINUOUS
10
2.5049999999999999
20
2.1949999999999998
11
2.5049999999999999
21
2.1349999999999998
0
LINE
8
BLACK
6
CONTINUOUS
10
2.605
20
2.1349999999999998
11
2.5449999999999999
21
2.1349999999999998
0
LINE
8
BLACK
6
CONTINUOUS
10
2.5449999999999999
20
2.1349999999999998
11
2.5449999999999999
21
2.1949999999999998
0
LINE
8
BLACK
6
CONTINUOUS
10
2.5449999999999999
20
2.1949999999999998
11
2.605
21
2.1949999999999998
0
LINE
8
BLACK
6
CONTINUOUS
10
2.605
20
2.1949999999999998
11
2.605
21
2.1349999999999998
0
LINE
8
BLACK
6
CONTINUOUS
10
2.7050000000000001
20
2.1349999999999998
11
2.645
21
2.1349999999999998
0
LINE
8
BLACK
6
CONTINUOUS
10
2.645
20
2.1349999999999998
11
2.645
21
2.1949999999999998
0
LINE
8
BLACK
6
CONTINUOUS
10
2.645
20
2.1949999999999998
11
2.7050000000000001
21
2.1949999999999998
0
LINE
8
BLACK
6
CONTINUOUS
10
2.7050000000000001
20
2.1949999999999998
11
2.7050000000000001
21
2.1349999999999998
0
LINE
8
BLACK
6
CONTINUOUS
10
0.2205096456692913
20
2.316315866141732
11
0.2338744094488189
21
2.3131483858267714
0
LINE
8
BLACK
6
CONTINUOUS
10
0.2338744094488189
20
2.3131483858267714
11
0.246781062992126
21
2.3084507086614172
0
LINE
8
BLACK
6
CONTINUOUS
10
0.246781062992126
20
2.3084507086614172
11
0.2590551181102362
21
2.3022864566929133
0
LINE
8
BLACK
6
CONTINUOUS
10
0.2590551181102362
20
2.3022864566929133
11
0.2705305511811024
21
2.2947389763779529
0
LINE
8
BLACK
6
CONTINUOUS
10
0.2705305511811024
20
2.2947389763779529
11
0.2810521653543307
21
2.2859102755905512
0
LINE
8
BLACK
6
CONTINUOUS
10
0.2810521653543307
20
2.2859102755905512
11
0.2904776771653543
21
2.2759198031496064
0
LINE
8
BLACK
6
CONTINUOUS
10
0.2904776771653543
20
2.2759198031496064
11
0.2986796456692913
21
2.2649026377952755
0
LINE
8
BLACK
6
CONTINUOUS
10
0.2986796456692913
20
2.2649026377952755
11
0.3055471653543307
21
2.2530077952755905
0
LINE
8
BLACK
6
CONTINUOUS
10
0.3055471653543307
20
2.2530077952755905
11
0.3109873228346456
21
2.2403960629921258
0
LINE
8
BLACK
6
CONTINUOUS
10
0.3109873228346456
20
2.2403960629921258
11
0.3149265748031496
21
2.2272381102362204
0
LINE
8
BLACK
6
CONTINUOUS
10
0.3149265748031496
20
2.2272381102362204
11
0.3173116141732283
21
2.2137117716535433
0
LINE
8
BLACK
6
CONTINUOUS
10
0.3173116141732283
20
2.2137117716535433
11
0.3181102362204724
21
2.1999999999999997
0
LINE
8
BLACK
6
CONTINUOUS
10
0.3181102362204724
20
2.1999999999999997
11
0.3173116141732283
21
2.1862882283464566
0
LINE
8
BLACK
6
CONTINUOUS
10
0.3173116141732283
20
2.1862882283464566
11
0.3149265748031496
21
2.1727618897637795
0
LINE
8
BLACK
6
CONTINUOUS
10
0.3149265748031496
20
2.1727618897637795
11
0.3109873228346456
21
2.1596039370078741
0
LINE
8
BLACK
6
CONTINUOUS
10
0.3109873228346456
20
2.1596039370078741
11
0.3055471653543307
21
2.1469922047244094
0
LINE
8
BLACK
6
CONTINUOUS
10
0.3055471653543307
20
2.1469922047244094
11
0.2986796456692913
21
2.1350973622047245
0
LINE
8
BLACK
6
CONTINUOUS
10
0.2986796456692913
20
2.1350973622047245
11
0.2904776771653543
21
2.1240801968503935
0
LINE
8
BLACK
6
CONTINUOUS
10
0.2904776771653543
20
2.1240801968503935
11
0.2810521653543307
21
2.1140897244094488
0
LINE
8
BLACK
6
CONTINUOUS
10
0.2810521653543307
20
2.1140897244094488
11
0.2705305511811024
21
2.105261023622047
0
LINE
8
BLACK
6
CONTINUOUS
10
0.2705305511811024
20
2.105261023622047
11
0.2590551181102362
21
2.0977135433070866
0
LINE
8
BLACK
6
CONTINUOUS
10
0.2590551181102362
20
2.0977135433070866
11
0.246781062992126
21
2.0915492913385827
0
LINE
8
BLACK
6
CONTINUOUS
10
0.246781062992126
20
2.0915492913385827
11
0.2338744094488189
21
2.0868516141732285
0
LINE
8
BLACK
6
CONTINUOUS
10
0.2338744094488189
20
2.0868516141732285
11
0.2205096456692913
21
2.0836841338582675
0
LINE
8
BLACK
6
CONTINUOUS
10
0.2205096456692913
20
2.0836841338582675
11
0.2068674803149606
21
2.0820896062992125
0
LINE
8
BLACK
6
CONTINUOUS
10
0.2068674803149606
20
2.0820896062992125
11
0.1931325196850394
21
2.0820896062992125
0
LINE
8
BLACK
6
CONTINUOUS
10
0.1931325196850394
20
2.0820896062992125
11
0.1794903543307086
21
2.0836841338582675
0
LINE
8
BLACK
6
CONTINUOUS
10
0.1794903543307086
20
2.0836841338582675
11
0.1661255905511811
21
2.0868516141732285
0
LINE
8
BLACK
6
CONTINUOUS
10
0.1661255905511811
20
2.0868516141732285
11
0.153218937007874
21
2.0915492913385827
0
LINE
8
BLACK
6
CONTINUOUS
10
0.153218937007874
20
2.0915492913385827
11
0.1409448818897638
21
2.0977135433070866
0
LINE
8
BLACK
6
CONTINUOUS
10
0.1409448818897638
20
2.0977135433070866
11
0.1294694488188976
21
2.105261023622047
0
LINE
8
BLACK
6
CONTINUOUS
10
0.1294694488188976
20
2.105261023622047
11
0.1189478346456693
21
2.1140897244094488
0
LINE
8
BLACK
6
CONTINUOUS
10
0.1189478346456693
20
2.1140897244094488
11
0.1095223228346457
21
2.1240801968503935
0
LINE
8
BLACK
6
CONTINUOUS
10
0.1095223228346457
20
2.1240801968503935
11
0.1013203543307087
21
2.1350973622047245
0
LINE
8
BLACK
6
CONTINUOUS
10
0.1013203543307087
20
2.1350973622047245
11
0.0944528346456693
21
2.1469922047244094
0
LINE
8
BLACK
6
CONTINUOUS
10
0.0944528346456693
20
2.1469922047244094
11
0.0890126771653543
21
2.1596039370078741
0
LINE
8
BLACK
6
CONTINUOUS
10
0.0890126771653543
20
2.1596039370078741
11
0.0850734251968504
21
2.1727618897637795
0
LINE
8
BLACK
6
CONTINUOUS
10
0.0850734251968504
20
2.1727618897637795
11
0.0826883858267717
21
2.1862882283464566
0
LINE
8
BLACK
6
CONTINUOUS
10
0.0826883858267717
20
2.1862882283464566
11
0.0818897637795276
21
2.1999999999999997
0
LINE
8
BLACK
6
CONTINUOUS
10
0.0818897637795276
20
2.1999999999999997
11
0.0826883858267717
21
2.2137117716535433
0
LINE
8
BLACK
6
CONTINUOUS
10
0.0826883858267717
20
2.2137117716535433
11
0.0850734251968504
21
2.2272381102362204
0
LINE
8
BLACK
6
CONTINUOUS
10
0.0850734251968504
20
2.2272381102362204
11
0.0890126771653543
21
2.2403960629921258
0
LINE
8
BLACK
6
CONTINUOUS
10
0.0890126771653543
20
2.2403960629921258
11
0.0944528346456693
21
2.2530077952755905
0
LINE
8
BLACK
6
CONTINUOUS
10
0.0944528346456693
20
2.2530077952755905
11
0.1013203543307087
21
2.2649026377952755
0
LINE
8
BLACK
6
CONTINUOUS
10
0.1013203543307087
20
2.2649026377952755
11
0.1095223228346457
21
2.2759198031496064
0
LINE
8
BLACK
6
CONTINUOUS
10
0.1095223228346457
20
2.2759198031496064
11
0.1189478346456693
21
2.2859102755905512
0
LINE
8
BLACK
6
CONTINUOUS
10
0.1189478346456693
20
2.2859102755905512
11
0.1294694488188976
21
2.2947389763779529
0
LINE
8
BLACK
6
CONTINUOUS
10
0.1294694488188976
20
2.2947389763779529
11
0.1409448818897638
21
2.3022864566929133
0
LINE
8
BLACK
6
CONTINUOUS
10
0.1409448818897638
20
2.3022864566929133
11
0.153218937007874
21
2.3084507086614172
0
LINE
8
BLACK
6
CONTINUOUS
10
0.153218937007874
20
2.3084507086614172
11
0.1661255905511811
21
2.3131483858267714
0
LINE
8
BLACK
6
CONTINUOUS
10
0.1661255905511811
20
2.3131483858267714
11
0.1794903543307086
21
2.316315866141732
0
LINE
8
BLACK
6
CONTINUOUS
10
0.1794903543307086
20
2.316315866141732
11
0.1931325196850394
21
2.3179103937007874
0
LINE
8
BLACK
6
CONTINUOUS
10
0.1931325196850394
20
2.3179103937007874
11
0.2068674803149606
21
2.3179103937007874
0
LINE
8
BLACK
6
CONTINUOUS
10
0.2068674803149606
20
2.3179103937007874
11
0.2205096456692913
21
2.316315866141732
0
LINE
8
BLACK
6
CONTINUOUS
10
3.0205096456692915
20
2.316315866141732
11
3.0338744094488188
21
2.3131483858267714
0
LINE
8
BLACK
6
CONTINUOUS
10
3.0338744094488188
20
2.3131483858267714
11
3.0467810629921259
21
2.3084507086614172
0
LINE
8
BLACK
6
CONTINUOUS
10
3.0467810629921259
20
2.3084507086614172
11
3.0590551181102361
21
2.3022864566929133
0
LINE
8
BLACK
6
CONTINUOUS
10
3.0590551181102361
20
2.3022864566929133
11
3.0705305511811023
21
2.2947389763779529
0
LINE
8
BLACK
6
CONTINUOUS
10
3.0705305511811023
20
2.2947389763779529
11
3.0810521653543308
21
2.2859102755905512
0
LINE
8
BLACK
6
CONTINUOUS
10
3.0810521653543308
20
2.2859102755905512
11
3.0904776771653544
21
2.2759198031496064
0
LINE
8
BLACK
6
CONTINUOUS
10
3.0904776771653544
20
2.2759198031496064
11
3.0986796456692911
21
2.2649026377952755
0
LINE
8
BLACK
6
CONTINUOUS
10
3.0986796456692911
20
2.2649026377952755
11
3.1055471653543307
21
2.2530077952755905
0
LINE
8
BLACK
6
CONTINUOUS
10
3.1055471653543307
20
2.2530077952755905
11
3.1109873228346454
21
2.2403960629921258
0
LINE
8
BLACK
6
CONTINUOUS
10
3.1109873228346454
20
2.2403960629921258
11
3.1149265748031496
21
2.2272381102362204
0
LINE
8
BLACK
6
CONTINUOUS
10
3.1149265748031496
20
2.2272381102362204
11
3.1173116141732282
21
2.2137117716535433
0
LINE
8
BLACK
6
CONTINUOUS
10
3.1173116141732282
20
2.2137117716535433
11
3.1181102362204722
21
2.1999999999999997
0
LINE
8
BLACK
6
CONTINUOUS
10
3.1181102362204722
20
2.1999999999999997
11
3.1173116141732282
21
2.1862882283464566
0
LINE
8
BLACK
6
CONTINUOUS
10
3.1173116141732282
20
2.1862882283464566
11
3.1149265748031496
21
2.1727618897637795
0
LINE
8
BLACK
6
CONTINUOUS
10
3.1149265748031496
20
2.1727618897637795
11
3.1109873228346454
21
2.1596039370078741
0
LINE
8
BLACK
6
CONTINUOUS
10
3.1109873228346454
20
2.1596039370078741
11
3.1055471653543307
21
2.1469922047244094
0
LINE
8
BLACK
6
CONTINUOUS
10
3.1055471653543307
20
2.1469922047244094
11
3.0986796456692911
21
2.1350973622047245
0
LINE
8
BLACK
6
CONTINUOUS
10
3.0986796456692911
20
2.1350973622047245
11
3.0904776771653544
21
2.1240801968503935
0
LINE
8
BLACK
6
CONTINUOUS
10
3.0904776771653544
20
2.1240801968503935
11
3.0810521653543308
21
2.1140897244094488
0
LINE
8
BLACK
6
CONTINUOUS
10
3.0810521653543308
20
2.1140897244094488
11
3.0705305511811023
21
2.105261023622047
0
LINE
8
BLACK
6
CONTINUOUS
10
3.0705305511811023
20
2.105261023622047
11
3.0590551181102361
21
2.0977135433070866
0
LINE
8
BLACK
6
CONTINUOUS
10
3.0590551181102361
20
2.0977135433070866
11
3.0467810629921259
21
2.0915492913385827
0
LINE
8
BLACK
6
CONTINUOUS
10
3.0467810629921259
20
2.0915492913385827
11
3.0338744094488188
21
2.0868516141732285
0
LINE
8
BLACK
6
CONTINUOUS
10
3.0338744094488188
20
2.0868516141732285
11
3.0205096456692915
21
2.0836841338582675
0
LINE
8
BLACK
6
CONTINUOUS
10
3.0205096456692915
20
2.0836841338582675
11
3.0068674803149604
21
2.0820896062992125
0
LINE
8
BLACK
6
CONTINUOUS
10
3.0068674803149604
20
2.0820896062992125
11
2.9931325196850391
21
2.0820896062992125
0
LINE
8
BLACK
6
CONTINUOUS
10
2.9931325196850391
20
2.0820896062992125
11
2.9794903543307085
21
2.0836841338582675
0
LINE
8
BLACK
6
CONTINUOUS
10
2.9794903543307085
20
2.0836841338582675
11
2.9661255905511812
21
2.0868516141732285
0
LINE
8
BLACK
6
CONTINUOUS
10
2.9661255905511812
20
2.0868516141732285
11
2.9532189370078741
21
2.0915492913385827
0
LINE
8
BLACK
6
CONTINUOUS
10
2.9532189370078741
20
2.0915492913385827
11
2.9409448818897639
21
2.0977135433070866
0
LINE
8
BLACK
6
CONTINUOUS
10
2.9409448818897639
20
2.0977135433070866
11
2.9294694488188977
21
2.105261023622047
0
LINE
8
BLACK
6
CONTINUOUS
10
2.9294694488188977
20
2.105261023622047
11
2.9189478346456692
21
2.1140897244094488
0
LINE
8
BLACK
6
CONTINUOUS
10
2.9189478346456692
20
2.1140897244094488
11
2.9095223228346456
21
2.1240801968503935
0
LINE
8
BLACK
6
CONTINUOUS
10
2.9095223228346456
20
2.1240801968503935
11
2.9013203543307085
21
2.1350973622047245
0
LINE
8
BLACK
6
CONTINUOUS
10
2.9013203543307085
20
2.1350973622047245
11
2.8944528346456693
21
2.1469922047244094
0
LINE
8
BLACK
6
CONTINUOUS
10
2.8944528346456693
20
2.1469922047244094
11
2.8890126771653541
21
2.1596039370078741
0
LINE
8
BLACK
6
CONTINUOUS
10
2.8890126771653541
20
2.1596039370078741
11
2.8850734251968504
21
2.1727618897637795
0
LINE
8
BLACK
6
CONTINUOUS
10
2.8850734251968504
20
2.1727618897637795
11
2.8826883858267718
21
2.1862882283464566
0
LINE
8
BLACK
6
CONTINUOUS
10
2.8826883858267718
20
2.1862882283464566
11
2.8818897637795273
21
2.1999999999999997
0
LINE
8
BLACK
6
CONTINUOUS
10
2.8818897637795273
20
2.1999999999999997
11
2.8826883858267718
21
2.2137117716535433
0
LINE
8
BLACK
6
CONTINUOUS
10
2.8826883858267718
20
2.2137117716535433
11
2.8850734251968504
21
2.2272381102362204
0
LINE
8
BLACK
6
CONTINUOUS
10
2.8850734251968504
20
2.2272381102362204
11
2.8890126771653541
21
2.2403960629921258
0
LINE
8
BLACK
6
CONTINUOUS
10
2.8890126771653541
20
2.2403960629921258
11
2.8944528346456693
21
2.2530077952755905
0
LINE
8
BLACK
6
CONTINUOUS
10
2.8944528346456693
20
2.2530077952755905
11
2.9013203543307085
21
2.2649026377952755
0
LINE
8
BLACK
6
CONTINUOUS
10
2.9013203543307085
20
2.2649026377952755
11
2.9095223228346456
21
2.2759198031496064
0
LINE
8
BLACK
6
CONTINUOUS
10
2.9095223228346456
20
2.2759198031496064
11
2.9189478346456692
21
2.2859102755905512
0
LINE
8
BLACK
6
CONTINUOUS
10
2.9189478346456692
20
2.2859102755905512
11
2.9294694488188977
21
2.2947389763779529
0
LINE
8
BLACK
6
CONTINUOUS
10
2.9294694488188977
20
2.2947389763779529
11
2.9409448818897639
21
2.3022864566929133
0
LINE
8
BLACK
6
CONTINUOUS
10
2.9409448818897639
20
2.3022864566929133
11
2.9532189370078741
21
2.3084507086614172
0
LINE
8
BLACK
6
CONTINUOUS
10
2.9532189370078741
20
2.3084507086614172
11
2.9661255905511812
21
2.3131483858267714
0
LINE
8
BLACK
6
CONTINUOUS
10
2.9661255905511812
20
2.3131483858267714
11
2.9794903543307085
21
2.316315866141732
0
LINE
8
BLACK
6
CONTINUOUS
10
2.9794903543307085
20
2.316315866141732
11
2.9931325196850391
21
2.3179103937007874
0
LINE
8
BLACK
6
CONTINUOUS
10
2.9931325196850391
20
2.3179103937007874
11
3.0068674803149604
21
2.3179103937007874
0
LINE
8
BLACK
6
CONTINUOUS
10
3.0068674803149604
20
2.3179103937007874
11
3.0205096456692915
21
2.316315866141732
0
LINE
8
BLACK
6
CONTINUOUS
10
0.6
20
2.1200000000000001
11
0.54
21
2.1200000000000001
0
LINE
8
BLACK
6
CONTINUOUS
10
0.54
20
2.1200000000000001
11
0.54
21
2.1800000000000002
0
LINE
8
BLACK
6
CONTINUOUS
10
0.54
20
2.1800000000000002
11
0.6
21
2.1800000000000002
0
LINE
8
BLACK
6
CONTINUOUS
10
0.6
20
2.1800000000000002
11
0.6
21
2.1200000000000001
0
LINE
8
BLACK
6
CONTINUOUS
10
0.7
20
2.1200000000000001
11
0.64
21
2.1200000000000001
0
LINE
8
BLACK
6
CONTINUOUS
10
0.64
20
2.1200000000000001
11
0.64
21
2.1800000000000002
0
LINE
8
BLACK
6
CONTINUOUS
10
0.64
20
2.1800000000000002
11
0.7
21
2.1800000000000002
0
LINE
8
BLACK
6
CONTINUOUS
10
0.7
20
2.1800000000000002
11
0.7
21
2.1200000000000001
0
LINE
8
BLACK
6
CONTINUOUS
10
0.6
20
2.2199999999999998
11
0.54
21
2.2199999999999998
0
LINE
8
BLACK
6
CONTINUOUS
10
0.54
20
2.2199999999999998
11
0.54
21
2.2799999999999998
0
LINE
8
BLACK
6
CONTINUOUS
10
0.54
20
2.2799999999999998
11
0.6
21
2.2799999999999998
0
LINE
8
BLACK
6
CONTINUOUS
10
0.6
20
2.2799999999999998
11
0.6
21
2.2199999999999998
0
LINE
8
BLACK
6
CONTINUOUS
10
0.7
20
2.2199999999999998
11
0.64
21
2.2199999999999998
0
LINE
8
BLACK
6
CONTINUOUS
10
0.64
20
2.2199999999999998
11
0.64
21
2.2799999999999998
0
LINE
8
BLACK
6
CONTINUOUS
10
0.64
20
2.2799999999999998
11
0.7
21
2.2799999999999998
0
LINE
8
BLACK
6
CONTINUOUS
10
0.7
20
2.2799999999999998
11
0.7
21
2.2199999999999998
0
LINE
8
BLACK
6
CONTINUOUS
10
3.1873079133858266
20
2.3887991338582677
11
3.1891383464566929
21
2.3866866929133859
0
LINE
8
BLACK
6
CONTINUOUS
10
3.1891383464566929
20
2.3866866929133859
11
3.1895866141732281
21
2.3846259842519686
0
LINE
8
BLACK
6
CONTINUOUS
10
3.1895866141732281
20
2.3846259842519686
11
3.1895866141732281
21
0.0153740157480315
0
LINE
8
BLACK
6
CONTINUOUS
10
3.1895866141732281
20
0.0153740157480315
11
3.1887991338582675
21
0.0126920866141732
0
LINE
8
BLACK
6
CONTINUOUS
10
3.1887991338582675
20
0.0126920866141732
11
3.1866866929133857
21
0.0108616535433071
0
LINE
8
BLACK
6
CONTINUOUS
10
3.1866866929133857
20
0.0108616535433071
11
3.1846259842519684
21
0.0104133858267717
0
LINE
8
BLACK
6
CONTINUOUS
10
3.1846259842519684
20
0.0104133858267717
11
0.0153740157480315
21
0.0104133858267717
0
LINE
8
BLACK
6
CONTINUOUS
10
0.0153740157480315
20
0.0104133858267717
11
0.0126920866141732
21
0.0112008661417323
0
LINE
8
BLACK
6
CONTINUOUS
10
0.0126920866141732
20
0.0112008661417323
11
0.0108616535433071
21
0.0133133070866142
0
LINE
8
BLACK
6
CONTINUOUS
10
0.0108616535433071
20
0.0133133070866142
11
0.0104133858267717
21
0.0153740157480315
0
LINE
8
BLACK
6
CONTINUOUS
10
0.0104133858267717
20
0.0153740157480315
11
0.0104133858267717
21
0.2000001181102362
0
LINE
8
BLACK
6
CONTINUOUS
10
0.0104133858267717
20
0.2000001181102362
11
0.0104133858267717
21
0.3868849606299212
0
LINE
8
BLACK
6
CONTINUOUS
10
0.0104133858267717
20
0.3868849606299212
11
0.0104133858267717
21
0.4255844488188976
0
LINE
8
BLACK
6
CONTINUOUS
10
0.0104133858267717
20
0.4255844488188976
11
0.0104133858267717
21
0.6221815748031496
0
LINE
8
BLACK
6
CONTINUOUS
10
0.0104133858267717
20
0.6221815748031496
11
0.0112008661417323
21
0.6248635039370078
0
LINE
8
BLACK
6
CONTINUOUS
10
0.0112008661417323
20
0.6248635039370078
11
0.0133133070866142
21
0.626693937007874
0
LINE
8
BLACK
6
CONTINUOUS
10
0.0133133070866142
20
0.626693937007874
11
0.01608
21
0.6270917322834646
0
LINE
8
BLACK
6
CONTINUOUS
10
0.01608
20
0.6270917322834646
11
0.0186225196850394
21
0.6259305511811023
0
LINE
8
BLACK
6
CONTINUOUS
10
0.0186225196850394
20
0.6259305511811023
11
0.0194986220472441
21
0.6249375590551181
0
LINE
8
BLACK
6
CONTINUOUS
10
0.0194986220472441
20
0.6249375590551181
11
0.0236858661417323
21
0.6186708661417323
0
LINE
8
BLACK
6
CONTINUOUS
10
0.0236858661417323
20
0.6186708661417323
11
0.023686062992126
21
0.6186706299212599
0
LINE
8
BLACK
6
CONTINUOUS
10
0.023686062992126
20
0.6186706299212599
11
0.1687707086614173
21
0.4735859842519685
0
LINE
8
BLACK
6
CONTINUOUS
10
0.1687707086614173
20
0.4735859842519685
11
0.1687709842519685
21
0.4735857874015748
0
LINE
8
BLACK
6
CONTINUOUS
10
0.1687709842519685
20
0.4735857874015748
11
0.1748674409448819
21
0.4695122440944882
0
LINE
8
BLACK
6
CONTINUOUS
10
0.1748674409448819
20
0.4695122440944882
11
0.1748675196850394
21
0.4695121653543307
0
LINE
8
BLACK
6
CONTINUOUS
10
0.1748675196850394
20
0.4695121653543307
11
0.1748675984251968
21
0.4695121653543307
0
LINE
8
BLACK
6
CONTINUOUS
10
0.1748675984251968
20
0.4695121653543307
11
0.1761313779527559
21
0.4689887007874016
0
LINE
8
BLACK
6
CONTINUOUS
10
0.1761313779527559
20
0.4689887007874016
11
0.1761313779527559
21
0.4689886614173228
0
LINE
8
BLACK
6
CONTINUOUS
10
0.1761313779527559
20
0.4689886614173228
11
0.181641811023622
21
0.4667061811023622
0
LINE
8
BLACK
6
CONTINUOUS
10
0.181641811023622
20
0.4667061811023622
11
0.1816420078740157
21
0.4667061023622047
0
LINE
8
BLACK
6
CONTINUOUS
10
0.1816420078740157
20
0.4667061023622047
11
0.1888335826771654
21
0.4652755905511811
0
LINE
8
BLACK
6
CONTINUOUS
10
0.1888335826771654
20
0.4652755905511811
11
0.1888337007874016
21
0.4652755905511811
0
LINE
8
BLACK
6
CONTINUOUS
10
0.1888337007874016
20
0.4652755905511811
11
1.2711663779527558
21
0.4652755905511811
0
LINE
8
BLACK
6
CONTINUOUS
10
1.2711663779527558
20
0.4652755905511811
11
1.2783579527559055
21
0.4667061023622047
0
LINE
8
BLACK
6
CONTINUOUS
10
1.2783579527559055
20
0.4667061023622047
11
1.2783580708661417
21
0.4667061417322835
0
LINE
8
BLACK
6
CONTINUOUS
10
1.2783580708661417
20
0.4667061417322835
11
1.2838685039370079
21
0.4689886614173228
0
LINE
8
BLACK
6
CONTINUOUS
10
1.2838685039370079
20
0.4689886614173228
11
1.2851323622047244
21
0.4695121653543307
0
LINE
8
BLACK
6
CONTINUOUS
10
1.2851323622047244
20
0.4695121653543307
11
1.2912291732283465
21
0.473585905511811
0
LINE
8
BLACK
6
CONTINUOUS
10
1.2912291732283465
20
0.473585905511811
11
1.3098561417322834
21
0.492212874015748
0
LINE
8
BLACK
6
CONTINUOUS
10
1.3098561417322834
20
0.492212874015748
11
1.3102168110236221
21
0.4925398031496063
0
LINE
8
BLACK
6
CONTINUOUS
10
1.3102168110236221
20
0.4925398031496063
11
1.3114488582677164
21
0.493550905511811
0
LINE
8
BLACK
6
CONTINUOUS
10
1.3114488582677164
20
0.493550905511811
11
1.3114489763779527
21
0.4935510236220472
0
LINE
8
BLACK
6
CONTINUOUS
10
1.3114489763779527
20
0.4935510236220472
11
1.3124601968503937
21
0.494783188976378
0
LINE
8
BLACK
6
CONTINUOUS
10
1.3124601968503937
20
0.494783188976378
11
1.312786653543307
21
0.4951433858267716
0
LINE
8
BLACK
6
CONTINUOUS
10
1.312786653543307
20
0.4951433858267716
11
1.3139140944881889
21
0.4962708267716535
0
LINE
8
BLACK
6
CONTINUOUS
10
1.3139140944881889
20
0.4962708267716535
11
1.3147996850393699
21
0.497596220472441
0
LINE
8
BLACK
6
CONTINUOUS
10
1.3147996850393699
20
0.497596220472441
11
1.3150897244094488
21
0.4979872834645669
0
LINE
8
BLACK
6
CONTINUOUS
10
1.3150897244094488
20
0.4979872834645669
11
1.3161007480314961
21
0.4992192125984252
0
LINE
8
BLACK
6
CONTINUOUS
10
1.3161007480314961
20
0.4992192125984252
11
1.3168520472440945
21
0.5006247637795276
0
LINE
8
BLACK
6
CONTINUOUS
10
1.3168520472440945
20
0.5006247637795276
11
1.3171022440944882
21
0.5010422440944882
0
LINE
8
BLACK
6
CONTINUOUS
10
1.3171022440944882
20
0.5010422440944882
11
1.3179877952755905
21
0.5023675984251968
0
LINE
8
BLACK
6
CONTINUOUS
10
1.3179877952755905
20
0.5023675984251968
11
1.3179878346456693
21
0.5023676377952756
0
LINE
8
BLACK
6
CONTINUOUS
10
1.3179878346456693
20
0.5023676377952756
11
1.3185977559055118
21
0.5038401181102362
0
LINE
8
BLACK
6
CONTINUOUS
10
1.3185977559055118
20
0.5038401181102362
11
1.3188058267716536
21
0.5042799606299212
0
LINE
8
BLACK
6
CONTINUOUS
10
1.3188058267716536
20
0.5042799606299212
11
1.3195571653543308
21
0.5056856299212599
0
LINE
8
BLACK
6
CONTINUOUS
10
1.3195571653543308
20
0.5056856299212599
11
1.3195571653543308
21
0.505685748031496
0
LINE
8
BLACK
6
CONTINUOUS
10
1.3195571653543308
20
0.505685748031496
11
1.3195572834645668
21
0.505685905511811
0
LINE
8
BLACK
6
CONTINUOUS
10
1.3195572834645668
20
0.505685905511811
11
1.320020157480315
21
0.507211811023622
0
LINE
8
BLACK
6
CONTINUOUS
10
1.320020157480315
20
0.507211811023622
11
1.3201839370078741
21
0.5076694488188976
0
LINE
8
BLACK
6
CONTINUOUS
10
1.3201839370078741
20
0.5076694488188976
11
1.3207938188976378
21
0.509141811023622
0
LINE
8
BLACK
6
CONTINUOUS
10
1.3207938188976378
20
0.509141811023622
11
1.3207938582677166
21
0.509141968503937
0
LINE
8
BLACK
6
CONTINUOUS
10
1.3207938582677166
20
0.509141968503937
11
1.3207938976377953
21
0.5091420472440945
0
LINE
8
BLACK
6
CONTINUOUS
10
1.3207938976377953
20
0.5091420472440945
11
1.3211048031496062
21
0.5107052755905511
0
LINE
8
BLACK
6
CONTINUOUS
10
1.3211048031496062
20
0.5107052755905511
11
1.3212230314960629
21
0.5111771653543307
0
LINE
8
BLACK
6
CONTINUOUS
10
1.3212230314960629
20
0.5111771653543307
11
1.3216857874015748
21
0.5127026771653543
0
LINE
8
BLACK
6
CONTINUOUS
10
1.3216857874015748
20
0.5127026771653543
11
1.3216858267716536
21
0.5127027559055118
0
LINE
8
BLACK
6
CONTINUOUS
10
1.3216858267716536
20
0.5127027559055118
11
1.3218420866141731
21
0.5142894881889764
0
LINE
8
BLACK
6
CONTINUOUS
10
1.3218420866141731
20
0.5142894881889764
11
1.321913464566929
21
0.5147705118110236
0
LINE
8
BLACK
6
CONTINUOUS
10
1.321913464566929
20
0.5147705118110236
11
1.3222243700787402
21
0.5163335826771653
0
LINE
8
BLACK
6
CONTINUOUS
10
1.3222243700787402
20
0.5163335826771653
11
1.3222244094488189
21
0.5163337401574803
0
LINE
8
BLACK
6
CONTINUOUS
10
1.3222244094488189
20
0.5163337401574803
11
1.3222244094488189
21
0.5179275590551181
0
LINE
8
BLACK
6
CONTINUOUS
10
1.3222244094488189
20
0.5179275590551181
11
1.3222483070866142
21
0.5184137795275591
0
LINE
8
BLACK
6
CONTINUOUS
10
1.3222483070866142
20
0.5184137795275591
11
1.322404527559055
21
0.5199998818897638
0
LINE
8
BLACK
6
CONTINUOUS
10
1.322404527559055
20
0.5199998818897638
11
1.322404527559055
21
0.5200000393700788
0
LINE
8
BLACK
6
CONTINUOUS
10
1.322404527559055
20
0.5200000393700788
11
1.3222483070866142
21
0.5215861023622047
0
LINE
8
BLACK
6
CONTINUOUS
10
1.3222483070866142
20
0.5215861023622047
11
1.3222244094488189
21
0.5220723622047244
0
LINE
8
BLACK
6
CONTINUOUS
10
1.3222244094488189
20
0.5220723622047244
11
1.3222244094488189
21
0.5236662992125984
0
LINE
8
BLACK
6
CONTINUOUS
10
1.3222244094488189
20
0.5236662992125984
11
1.3222243700787402
21
0.5236664173228346
0
LINE
8
BLACK
6
CONTINUOUS
10
1.3222243700787402
20
0.5236664173228346
11
1.3219133464566928
21
0.5252299606299212
0
LINE
8
BLACK
6
CONTINUOUS
10
1.3219133464566928
20
0.5252299606299212
11
1.3218421259842519
21
0.5257101181102362
0
LINE
8
BLACK
6
CONTINUOUS
10
1.3218421259842519
20
0.5257101181102362
11
1.3216858267716536
21
0.5272972440944882
0
LINE
8
BLACK
6
CONTINUOUS
10
1.3216858267716536
20
0.5272972440944882
11
1.3212229527559054
21
0.528822874015748
0
LINE
8
BLACK
6
CONTINUOUS
10
1.3212229527559054
20
0.528822874015748
11
1.3211048031496062
21
0.5292946062992125
0
LINE
8
BLACK
6
CONTINUOUS
10
1.3211048031496062
20
0.5292946062992125
11
1.3207938976377953
21
0.5308579527559055
0
LINE
8
BLACK
6
CONTINUOUS
10
1.3207938976377953
20
0.5308579527559055
11
1.3201838582677166
21
0.5323306692913385
0
LINE
8
BLACK
6
CONTINUOUS
10
1.3201838582677166
20
0.5323306692913385
11
1.3200200393700787
21
0.5327885433070866
0
LINE
8
BLACK
6
CONTINUOUS
10
1.3200200393700787
20
0.5327885433070866
11
1.3195573622047243
21
0.5343137795275591
0
LINE
8
BLACK
6
CONTINUOUS
10
1.3195573622047243
20
0.5343137795275591
11
1.3195572834645668
21
0.534314094488189
0
LINE
8
BLACK
6
CONTINUOUS
10
1.3195572834645668
20
0.534314094488189
11
1.3188053543307086
21
0.5357207874015748
0
LINE
8
BLACK
6
CONTINUOUS
10
1.3188053543307086
20
0.5357207874015748
11
1.3185979133858268
21
0.5361593700787401
0
LINE
8
BLACK
6
CONTINUOUS
10
1.3185979133858268
20
0.5361593700787401
11
1.3179878346456693
21
0.5376323622047244
0
LINE
8
BLACK
6
CONTINUOUS
10
1.3179878346456693
20
0.5376323622047244
11
1.3171018110236221
21
0.5389583070866142
0
LINE
8
BLACK
6
CONTINUOUS
10
1.3171018110236221
20
0.5389583070866142
11
1.3168520472440945
21
0.5393751181102362
0
LINE
8
BLACK
6
CONTINUOUS
10
1.3168520472440945
20
0.5393751181102362
11
1.3161009055118109
21
0.5407804724409448
0
LINE
8
BLACK
6
CONTINUOUS
10
1.3161009055118109
20
0.5407804724409448
11
1.3161008661417322
21
0.5407805118110236
0
LINE
8
BLACK
6
CONTINUOUS
10
1.3161008661417322
20
0.5407805118110236
11
1.3161007086614174
21
0.5407808267716535
0
LINE
8
BLACK
6
CONTINUOUS
10
1.3161007086614174
20
0.5407808267716535
11
1.3150891338582678
21
0.5420133464566929
0
LINE
8
BLACK
6
CONTINUOUS
10
1.3150891338582678
20
0.5420133464566929
11
1.3147997637795275
21
0.5424035433070866
0
LINE
8
BLACK
6
CONTINUOUS
10
1.3147997637795275
20
0.5424035433070866
11
1.3139140944881889
21
0.5437291732283465
0
LINE
8
BLACK
6
CONTINUOUS
10
1.3139140944881889
20
0.5437291732283465
11
1.3127864173228345
21
0.544856811023622
0
LINE
8
BLACK
6
CONTINUOUS
10
1.3127864173228345
20
0.544856811023622
11
1.312460157480315
21
0.5452168110236221
0
LINE
8
BLACK
6
CONTINUOUS
10
1.312460157480315
20
0.5452168110236221
11
1.3114489763779527
21
0.5464489763779528
0
LINE
8
BLACK
6
CONTINUOUS
10
1.3114489763779527
20
0.5464489763779528
11
1.3102166929133858
21
0.5474602362204725
0
LINE
8
BLACK
6
CONTINUOUS
10
1.3102166929133858
20
0.5474602362204725
11
1.3098568110236219
21
0.5477864173228346
0
LINE
8
BLACK
6
CONTINUOUS
10
1.3098568110236219
20
0.5477864173228346
11
1.3087291732283464
21
0.548914094488189
0
LINE
8
BLACK
6
CONTINUOUS
10
1.3087291732283464
20
0.548914094488189
11
1.3074035433070865
21
0.5497997637795276
0
LINE
8
BLACK
6
CONTINUOUS
10
1.3074035433070865
20
0.5497997637795276
11
1.3070133464566929
21
0.5500891338582677
0
LINE
8
BLACK
6
CONTINUOUS
10
1.3070133464566929
20
0.5500891338582677
11
1.3057808267716535
21
0.5511007086614174
0
LINE
8
BLACK
6
CONTINUOUS
10
1.3057808267716535
20
0.5511007086614174
11
1.3043749606299213
21
0.5518521259842519
0
LINE
8
BLACK
6
CONTINUOUS
10
1.3043749606299213
20
0.5518521259842519
11
1.3039583070866141
21
0.552101811023622
0
LINE
8
BLACK
6
CONTINUOUS
10
1.3039583070866141
20
0.552101811023622
11
1.3026323622047244
21
0.5529878346456693
0
LINE
8
BLACK
6
CONTINUOUS
10
1.3026323622047244
20
0.5529878346456693
11
1.3011593700787401
21
0.5535979133858268
0
LINE
8
BLACK
6
CONTINUOUS
10
1.3011593700787401
20
0.5535979133858268
11
1.3007207874015747
21
0.5538053543307087
0
LINE
8
BLACK
6
CONTINUOUS
10
1.3007207874015747
20
0.5538053543307087
11
1.2993140944881889
21
0.5545572834645669
0
LINE
8
BLACK
6
CONTINUOUS
10
1.2993140944881889
20
0.5545572834645669
11
1.2977883858267716
21
0.5550200787401575
0
LINE
8
BLACK
6
CONTINUOUS
10
1.2977883858267716
20
0.5550200787401575
11
1.2973306692913384
21
0.5551838582677165
0
LINE
8
BLACK
6
CONTINUOUS
10
1.2973306692913384
20
0.5551838582677165
11
1.2958579527559055
21
0.5557938976377953
0
LINE
8
BLACK
6
CONTINUOUS
10
1.2958579527559055
20
0.5557938976377953
11
1.2942946062992127
21
0.5561048031496063
0
LINE
8
BLACK
6
CONTINUOUS
10
1.2942946062992127
20
0.5561048031496063
11
1.293822874015748
21
0.5562229527559055
0
LINE
8
BLACK
6
CONTINUOUS
10
1.293822874015748
20
0.5562229527559055
11
1.2922972440944882
21
0.5566858267716536
0
LINE
8
BLACK
6
CONTINUOUS
10
1.2922972440944882
20
0.5566858267716536
11
1.2907101181102363
21
0.556842125984252
0
LINE
8
BLACK
6
CONTINUOUS
10
1.2907101181102363
20
0.556842125984252
11
1.2902299606299212
21
0.5569133464566929
0
LINE
8
BLACK
6
CONTINUOUS
10
1.2902299606299212
20
0.5569133464566929
11
1.2886662992125983
21
0.5572244094488189
0
LINE
8
BLACK
6
CONTINUOUS
10
1.2886662992125983
20
0.5572244094488189
11
1.2870724015748032
21
0.5572244094488189
0
LINE
8
BLACK
6
CONTINUOUS
10
1.2870724015748032
20
0.5572244094488189
11
1.2865861811023622
21
0.5572482677165355
0
LINE
8
BLACK
6
CONTINUOUS
10
1.2865861811023622
20
0.5572482677165355
11
1.2861090551181102
21
0.5572952755905511
0
LINE
8
BLACK
6
CONTINUOUS
10
1.2861090551181102
20
0.5572952755905511
11
1.2850000787401574
21
0.5574045275590551
0
LINE
8
BLACK
6
CONTINUOUS
10
1.2850000787401574
20
0.5574045275590551
11
1.2849999212598424
21
0.5574045275590551
0
LINE
8
BLACK
6
CONTINUOUS
10
1.2849999212598424
20
0.5574045275590551
11
1.2838909055118111
21
0.5572952755905511
0
LINE
8
BLACK
6
CONTINUOUS
10
1.2838909055118111
20
0.5572952755905511
11
1.2834137795275591
21
0.5572482677165355
0
LINE
8
BLACK
6
CONTINUOUS
10
1.2834137795275591
20
0.5572482677165355
11
1.2829275984251969
21
0.5572244094488189
0
LINE
8
BLACK
6
CONTINUOUS
10
1.2829275984251969
20
0.5572244094488189
11
1.2813337007874015
21
0.5572244094488189
0
LINE
8
BLACK
6
CONTINUOUS
10
1.2813337007874015
20
0.5572244094488189
11
1.2797703543307086
21
0.5569134251968504
0
LINE
8
BLACK
6
CONTINUOUS
10
1.2797703543307086
20
0.5569134251968504
11
1.2792894881889763
21
0.5568420866141732
0
LINE
8
BLACK
6
CONTINUOUS
10
1.2792894881889763
20
0.5568420866141732
11
1.2777027559055119
21
0.5566858267716536
0
LINE
8
BLACK
6
CONTINUOUS
10
1.2777027559055119
20
0.5566858267716536
11
1.2769308661417322
21
0.5564516535433071
0
LINE
8
BLACK
6
CONTINUOUS
10
1.2769308661417322
20
0.5564516535433071
11
1.2761771653543308
21
0.556223031496063
0
LINE
8
BLACK
6
CONTINUOUS
10
1.2761771653543308
20
0.556223031496063
11
1.2757052755905511
21
0.5561048031496063
0
LINE
8
BLACK
6
CONTINUOUS
10
1.2757052755905511
20
0.5561048031496063
11
1.2741420472440945
21
0.5557938976377953
0
LINE
8
BLACK
6
CONTINUOUS
10
1.2741420472440945
20
0.5557938976377953
11
1.274141968503937
21
0.5557938582677165
0
LINE
8
BLACK
6
CONTINUOUS
10
1.274141968503937
20
0.5557938582677165
11
1.274141811023622
21
0.5557938188976378
0
LINE
8
BLACK
6
CONTINUOUS
10
1.274141811023622
20
0.5557938188976378
11
1.2726694488188977
21
0.5551839370078741
0
LINE
8
BLACK
6
CONTINUOUS
10
1.2726694488188977
20
0.5551839370078741
11
1.272211811023622
21
0.555020157480315
0
LINE
8
BLACK
6
CONTINUOUS
10
1.272211811023622
20
0.555020157480315
11
1.2706859055118109
21
0.5545572834645669
0
LINE
8
BLACK
6
CONTINUOUS
10
1.2706859055118109
20
0.5545572834645669
11
1.2706857480314961
21
0.5545571653543307
0
LINE
8
BLACK
6
CONTINUOUS
10
1.2706857480314961
20
0.5545571653543307
11
1.2706856299212599
21
0.5545571653543307
0
LINE
8
BLACK
6
CONTINUOUS
10
1.2706856299212599
20
0.5545571653543307
11
1.2692799606299212
21
0.5538058267716536
0
LINE
8
BLACK
6
CONTINUOUS
10
1.2692799606299212
20
0.5538058267716536
11
1.2688401181102362
21
0.5535977559055117
0
LINE
8
BLACK
6
CONTINUOUS
10
1.2688401181102362
20
0.5535977559055117
11
1.2673676377952756
21
0.5529878346456693
0
LINE
8
BLACK
6
CONTINUOUS
10
1.2673676377952756
20
0.5529878346456693
11
1.2673675984251969
21
0.5529877952755905
0
LINE
8
BLACK
6
CONTINUOUS
10
1.2673675984251969
20
0.5529877952755905
11
1.2660422440944881
21
0.5521022440944882
0
LINE
8
BLACK
6
CONTINUOUS
10
1.2660422440944881
20
0.5521022440944882
11
1.2656247637795275
21
0.5518520472440944
0
LINE
8
BLACK
6
CONTINUOUS
10
1.2656247637795275
20
0.5518520472440944
11
1.2642192125984251
21
0.551100748031496
0
LINE
8
BLACK
6
CONTINUOUS
10
1.2642192125984251
20
0.551100748031496
11
1.2629872834645668
21
0.5500897244094488
0
LINE
8
BLACK
6
CONTINUOUS
10
1.2629872834645668
20
0.5500897244094488
11
1.262596220472441
21
0.54979968503937
0
LINE
8
BLACK
6
CONTINUOUS
10
1.262596220472441
20
0.54979968503937
11
1.2612708267716535
21
0.548914094488189
0
LINE
8
BLACK
6
CONTINUOUS
10
1.2612708267716535
20
0.548914094488189
11
1.2601435826771654
21
0.5477868503937008
0
LINE
8
BLACK
6
CONTINUOUS
10
1.2601435826771654
20
0.5477868503937008
11
1.259783188976378
21
0.5474601968503937
0
LINE
8
BLACK
6
CONTINUOUS
10
1.259783188976378
20
0.5474601968503937
11
1.2585510236220472
21
0.5464489763779528
0
LINE
8
BLACK
6
CONTINUOUS
10
1.2585510236220472
20
0.5464489763779528
11
1.2585509448818897
21
0.5464488582677165
0
LINE
8
BLACK
6
CONTINUOUS
10
1.2585509448818897
20
0.5464488582677165
11
1.2585509055118109
21
0.5464488582677165
0
LINE
8
BLACK
6
CONTINUOUS
10
1.2585509055118109
20
0.5464488582677165
11
1.2575398031496063
21
0.5452168110236221
0
LINE
8
BLACK
6
CONTINUOUS
10
1.2575398031496063
20
0.5452168110236221
11
1.257212874015748
21
0.5448561417322835
0
LINE
8
BLACK
6
CONTINUOUS
10
1.257212874015748
20
0.5448561417322835
11
1.253534094488189
21
0.5411773622047243
0
LINE
8
BLACK
6
CONTINUOUS
10
1.253534094488189
20
0.5411773622047243
11
1.2510808661417323
21
0.5398377559055118
0
LINE
8
BLACK
6
CONTINUOUS
10
1.2510808661417323
20
0.5398377559055118
11
1.2500264173228346
21
0.5397244094488188
0
LINE
8
BLACK
6
CONTINUOUS
10
1.2500264173228346
20
0.5397244094488188
11
0.2099735826771653
21
0.5397244094488188
0
LINE
8
BLACK
6
CONTINUOUS
10
0.2099735826771653
20
0.5397244094488188
11
0.2072916535433071
21
0.5405118897637795
0
LINE
8
BLACK
6
CONTINUOUS
10
0.2072916535433071
20
0.5405118897637795
11
0.206465905511811
21
0.5411773622047243
0
LINE
8
BLACK
6
CONTINUOUS
10
0.206465905511811
20
0.5411773622047243
11
0.1876431496062992
21
0.5600001181102362
0
LINE
8
BLACK
6
CONTINUOUS
10
0.1876431496062992
20
0.5600001181102362
11
0.0912773622047244
21
0.656365905511811
0
LINE
8
BLACK
6
CONTINUOUS
10
0.0912773622047244
20
0.656365905511811
11
0.0899377559055118
21
0.6588191338582677
0
LINE
8
BLACK
6
CONTINUOUS
10
0.0899377559055118
20
0.6588191338582677
11
0.0898244094488189
21
0.6598735826771653
0
LINE
8
BLACK
6
CONTINUOUS
10
0.0898244094488189
20
0.6598735826771653
11
0.0898244094488189
21
0.7051377952755905
0
LINE
8
BLACK
6
CONTINUOUS
10
0.0898244094488189
20
0.7051377952755905
11
0.0906118897637795
21
0.7078197244094488
0
LINE
8
BLACK
6
CONTINUOUS
10
0.0906118897637795
20
0.7078197244094488
11
0.0927243307086614
21
0.7096501574803149
0
LINE
8
BLACK
6
CONTINUOUS
10
0.0927243307086614
20
0.7096501574803149
11
0.0947850393700787
21
0.7100984251968504
0
LINE
8
BLACK
6
CONTINUOUS
10
0.0947850393700787
20
0.7100984251968504
11
0.6279458661417323
21
0.7100984251968504
0
LINE
8
BLACK
6
CONTINUOUS
10
0.6279458661417323
20
0.7100984251968504
11
0.6300718503937007
21
0.7102123622047244
0
LINE
8
BLACK
6
CONTINUOUS
10
0.6300718503937007
20
0.7102123622047244
11
0.630073188976378
21
0.7102124409448819
0
LINE
8
BLACK
6
CONTINUOUS
10
0.630073188976378
20
0.7102124409448819
11
0.6311263385826772
21
0.7103256692913386
0
LINE
8
BLACK
6
CONTINUOUS
10
0.6311263385826772
20
0.7103256692913386
11
0.6311267716535433
21
0.7103257480314961
0
LINE
8
BLACK
6
CONTINUOUS
10
0.6311267716535433
20
0.7103257480314961
11
0.6332300393700787
21
0.7106665748031495
0
LINE
8
BLACK
6
CONTINUOUS
10
0.6332300393700787
20
0.7106665748031495
11
0.633230157480315
21
0.7106666141732283
0
LINE
8
BLACK
6
CONTINUOUS
10
0.633230157480315
20
0.7106666141732283
11
0.6332303543307086
21
0.710666653543307
0
LINE
8
BLACK
6
CONTINUOUS
10
0.6332303543307086
20
0.710666653543307
11
0.6385377559055118
21
0.7126462598425196
0
LINE
8
BLACK
6
CONTINUOUS
10
0.6385377559055118
20
0.7126462598425196
11
0.638537874015748
21
0.7126462992125984
0
LINE
8
BLACK
6
CONTINUOUS
10
0.638537874015748
20
0.7126462992125984
11
0.6402495275590551
21
0.7135809842519685
0
LINE
8
BLACK
6
CONTINUOUS
10
0.6402495275590551
20
0.7135809842519685
11
0.6409909842519685
21
0.7139858661417323
0
LINE
8
BLACK
6
CONTINUOUS
10
0.6409909842519685
20
0.7139858661417323
11
0.6455255118110236
21
0.7173804330708661
0
LINE
8
BLACK
6
CONTINUOUS
10
0.6455255118110236
20
0.7173804330708661
11
0.6455256692913386
21
0.7173805905511811
0
LINE
8
BLACK
6
CONTINUOUS
10
0.6455256692913386
20
0.7173805905511811
11
0.6455257874015747
21
0.7173806692913386
0
LINE
8
BLACK
6
CONTINUOUS
10
0.6455257874015747
20
0.7173806692913386
11
0.8967905118110236
21
0.9686454724409449
0
LINE
8
BLACK
6
CONTINUOUS
10
0.8967905118110236
20
0.9686454724409449
11
0.8992437401574803
21
0.9699850787401575
0
LINE
8
BLACK
6
CONTINUOUS
10
0.8992437401574803
20
0.9699850787401575
11
0.9002981889763779
21
0.9700984251968504
0
LINE
8
BLACK
6
CONTINUOUS
10
0.9002981889763779
20
0.9700984251968504
11
1.6650397244094488
21
0.9700984251968504
0
LINE
8
BLACK
6
CONTINUOUS
10
1.6650397244094488
20
0.9700984251968504
11
1.6692694881889762
21
0.9705531889763779
0
LINE
8
BLACK
6
CONTINUOUS
10
1.6692694881889762
20
0.9705531889763779
11
1.6692703543307086
21
0.9705533464566929
0
LINE
8
BLACK
6
CONTINUOUS
10
1.6692703543307086
20
0.9705533464566929
11
1.6713299212598425
21
0.9710013779527559
0
LINE
8
BLACK
6
CONTINUOUS
10
1.6713299212598425
20
0.9710013779527559
11
1.6713302362204725
21
0.9710014566929134
0
LINE
8
BLACK
6
CONTINUOUS
10
1.6713302362204725
20
0.9710014566929134
11
1.6713303543307085
21
0.9710014960629921
0
LINE
8
BLACK
6
CONTINUOUS
10
1.6713303543307085
20
0.9710014960629921
11
1.6713304724409448
21
0.9710015354330709
0
LINE
8
BLACK
6
CONTINUOUS
10
1.6713304724409448
20
0.9710015354330709
11
1.6713307480314961
21
0.9710016141732283
0
LINE
8
BLACK
6
CONTINUOUS
10
1.6713307480314961
20
0.9710016141732283
11
1.6753674803149605
21
0.9723451574803149
0
LINE
8
BLACK
6
CONTINUOUS
10
1.6753674803149605
20
0.9723451574803149
11
1.6753675196850393
21
0.9723451574803149
0
LINE
8
BLACK
6
CONTINUOUS
10
1.6753675196850393
20
0.9723451574803149
11
1.6801329133858267
21
0.975407716535433
0
LINE
8
BLACK
6
CONTINUOUS
10
1.6801329133858267
20
0.975407716535433
11
1.6801331496062992
21
0.9754079133858268
0
LINE
8
BLACK
6
CONTINUOUS
10
1.6801331496062992
20
0.9754079133858268
11
1.6821441338582677
21
0.9771504330708661
0
LINE
8
BLACK
6
CONTINUOUS
10
1.6821441338582677
20
0.9771504330708661
11
1.6822315354330708
21
0.977222125984252
0
LINE
8
BLACK
6
CONTINUOUS
10
1.6822315354330708
20
0.977222125984252
11
1.6851017716535432
21
0.98053468503937
0
LINE
8
BLACK
6
CONTINUOUS
10
1.6851017716535432
20
0.98053468503937
11
1.6859548031496063
21
0.9815191338582677
0
LINE
8
BLACK
6
CONTINUOUS
10
1.6859548031496063
20
0.9815191338582677
11
1.6883079527559055
21
0.986671811023622
0
LINE
8
BLACK
6
CONTINUOUS
10
1.6883079527559055
20
0.986671811023622
11
1.6890954330708661
21
0.9893537401574803
0
LINE
8
BLACK
6
CONTINUOUS
10
1.6890954330708661
20
0.9893537401574803
11
1.6899015748031496
21
0.9949606299212598
0
LINE
8
BLACK
6
CONTINUOUS
10
1.6899015748031496
20
0.9949606299212598
11
1.6899015748031496
21
1.1150001181102362
0
LINE
8
BLACK
6
CONTINUOUS
10
1.6899015748031496
20
1.1150001181102362
11
1.6899015748031496
21
1.4851377952755904
0
LINE
8
BLACK
6
CONTINUOUS
10
1.6899015748031496
20
1.4851377952755904
11
1.6906890551181102
21
1.4878197244094489
0
LINE
8
BLACK
6
CONTINUOUS
10
1.6906890551181102
20
1.4878197244094489
11
1.692801496062992
21
1.4896501574803149
0
LINE
8
BLACK
6
CONTINUOUS
10
1.692801496062992
20
1.4896501574803149
11
1.6948622047244095
21
1.4900984251968503
0
LINE
8
BLACK
6
CONTINUOUS
10
1.6948622047244095
20
1.4900984251968503
11
3.1150397244094488
21
1.4900984251968503
0
LINE
8
BLACK
6
CONTINUOUS
10
3.1150397244094488
20
1.4900984251968503
11
3.1192694881889764
21
1.4905531889763779
0
LINE
8
BLACK
6
CONTINUOUS
10
3.1192694881889764
20
1.4905531889763779
11
3.1192703543307085
21
1.4905533464566929
0
LINE
8
BLACK
6
CONTINUOUS
10
3.1192703543307085
20
1.4905533464566929
11
3.1213299212598424
21
1.4910013779527558
0
LINE
8
BLACK
6
CONTINUOUS
10
3.1213299212598424
20
1.4910013779527558
11
3.1213302362204725
21
1.4910014566929133
0
LINE
8
BLACK
6
CONTINUOUS
10
3.1213302362204725
20
1.4910014566929133
11
3.1213303543307087
21
1.491001496062992
0
LINE
8
BLACK
6
CONTINUOUS
10
3.1213303543307087
20
1.491001496062992
11
3.121330472440945
21
1.4910015354330708
0
LINE
8
BLACK
6
CONTINUOUS
10
3.121330472440945
20
1.4910015354330708
11
3.1213307480314958
21
1.4910016141732283
0
LINE
8
BLACK
6
CONTINUOUS
10
3.1213307480314958
20
1.4910016141732283
11
3.1253674803149605
21
1.4923451574803148
0
LINE
8
BLACK
6
CONTINUOUS
10
3.1253674803149605
20
1.4923451574803148
11
3.1253675196850392
21
1.4923451574803148
0
LINE
8
BLACK
6
CONTINUOUS
10
3.1253675196850392
20
1.4923451574803148
11
3.1301329133858267
21
1.4954077165354331
0
LINE
8
BLACK
6
CONTINUOUS
10
3.1301329133858267
20
1.4954077165354331
11
3.1301331496062992
21
1.4954079133858267
0
LINE
8
BLACK
6
CONTINUOUS
10
3.1301331496062992
20
1.4954079133858267
11
3.1321441338582678
21
1.497150433070866
0
LINE
8
BLACK
6
CONTINUOUS
10
3.1321441338582678
20
1.497150433070866
11
3.1322315354330708
21
1.497222125984252
0
LINE
8
BLACK
6
CONTINUOUS
10
3.1322315354330708
20
1.497222125984252
11
3.1351017716535434
21
1.5005346850393702
0
LINE
8
BLACK
6
CONTINUOUS
10
3.1351017716535434
20
1.5005346850393702
11
3.1359548031496063
21
1.5015191338582676
0
LINE
8
BLACK
6
CONTINUOUS
10
3.1359548031496063
20
1.5015191338582676
11
3.1383079527559055
21
1.5066718110236219
0
LINE
8
BLACK
6
CONTINUOUS
10
3.1383079527559055
20
1.5066718110236219
11
3.139095433070866
21
1.5093537401574804
0
LINE
8
BLACK
6
CONTINUOUS
10
3.139095433070866
20
1.5093537401574804
11
3.1399015748031496
21
1.5149606299212599
0
LINE
8
BLACK
6
CONTINUOUS
10
3.1399015748031496
20
1.5149606299212599
11
3.1399015748031496
21
1.6950393700787401
0
LINE
8
BLACK
6
CONTINUOUS
10
3.1399015748031496
20
1.6950393700787401
11
3.1394467716535432
21
1.6992696456692913
0
LINE
8
BLACK
6
CONTINUOUS
10
3.1394467716535432
20
1.6992696456692913
11
3.1389985039370076
21
1.7013303543307086
0
LINE
8
BLACK
6
CONTINUOUS
10
3.1389985039370076
20
1.7013303543307086
11
3.1376548425196851
21
1.7053674409448818
0
LINE
8
BLACK
6
CONTINUOUS
10
3.1376548425196851
20
1.7053674409448818
11
3.1376216535433068
21
1.7054190551181101
0
LINE
8
BLACK
6
CONTINUOUS
10
3.1376216535433068
20
1.7054190551181101
11
3.1372178740157479
21
1.7060473228346456
0
LINE
8
BLACK
6
CONTINUOUS
10
3.1372178740157479
20
1.7060473228346456
11
3.1345923622047245
21
1.7101327952755905
0
LINE
8
BLACK
6
CONTINUOUS
10
3.1345923622047245
20
1.7101327952755905
11
3.132848779527559
21
1.7121449606299213
0
LINE
8
BLACK
6
CONTINUOUS
10
3.132848779527559
20
1.7121449606299213
11
3.1327776377952756
21
1.7122316929133858
0
LINE
8
BLACK
6
CONTINUOUS
10
3.1327776377952756
20
1.7122316929133858
11
3.1314915748031495
21
1.7133459842519685
0
LINE
8
BLACK
6
CONTINUOUS
10
3.1314915748031495
20
1.7133459842519685
11
3.1284808661417323
21
1.7159548031496064
0
LINE
8
BLACK
6
CONTINUOUS
10
3.1284808661417323
20
1.7159548031496064
11
3.123328188976378
21
1.7183079527559055
0
LINE
8
BLACK
6
CONTINUOUS
10
3.123328188976378
20
1.7183079527559055
11
3.1206462598425198
21
1.7190954330708661
0
LINE
8
BLACK
6
CONTINUOUS
10
3.1206462598425198
20
1.7190954330708661
11
3.11503937007874
21
1.7199015748031496
0
LINE
8
BLACK
6
CONTINUOUS
10
3.11503937007874
20
1.7199015748031496
11
3.115039212598425
21
1.7199015748031496
0
LINE
8
BLACK
6
CONTINUOUS
10
3.115039212598425
20
1.7199015748031496
11
1.5758798031496062
21
1.7199015748031496
0
LINE
8
BLACK
6
CONTINUOUS
10
1.5758798031496062
20
1.7199015748031496
11
1.573197874015748
21
1.7206890551181102
0
LINE
8
BLACK
6
CONTINUOUS
10
1.573197874015748
20
1.7206890551181102
11
1.5713674409448819
21
1.722801496062992
0
LINE
8
BLACK
6
CONTINUOUS
10
1.5713674409448819
20
1.722801496062992
11
1.5709696456692912
21
1.7255681889763779
0
LINE
8
BLACK
6
CONTINUOUS
10
1.5709696456692912
20
1.7255681889763779
11
1.5721308267716536
21
1.7281107086614174
0
LINE
8
BLACK
6
CONTINUOUS
10
1.5721308267716536
20
1.7281107086614174
11
1.572372125984252
21
1.7283698818897637
0
LINE
8
BLACK
6
CONTINUOUS
10
1.572372125984252
20
1.7283698818897637
11
1.6874705511811023
21
1.843468307086614
0
LINE
8
BLACK
6
CONTINUOUS
10
1.6874705511811023
20
1.843468307086614
11
1.689923779527559
21
1.8448079133858268
0
LINE
8
BLACK
6
CONTINUOUS
10
1.689923779527559
20
1.8448079133858268
11
1.6909782283464567
21
1.8449212598425195
0
LINE
8
BLACK
6
CONTINUOUS
10
1.6909782283464567
20
1.8449212598425195
11
1.7109644488188975
21
1.8449212598425195
0
LINE
8
BLACK
6
CONTINUOUS
10
1.7109644488188975
20
1.8449212598425195
11
1.7162924409448819
21
1.8459811023622046
0
LINE
8
BLACK
6
CONTINUOUS
10
1.7162924409448819
20
1.8459811023622046
11
1.7162925590551181
21
1.8459811417322833
0
LINE
8
BLACK
6
CONTINUOUS
10
1.7162925590551181
20
1.8459811417322833
11
1.7181464960629922
21
1.8467490551181103
0
LINE
8
BLACK
6
CONTINUOUS
10
1.7181464960629922
20
1.8467490551181103
11
1.7213114566929133
21
1.8480600393700788
0
LINE
8
BLACK
6
CONTINUOUS
10
1.7213114566929133
20
1.8480600393700788
11
1.7258284645669291
21
1.8510781889763779
0
LINE
8
BLACK
6
CONTINUOUS
10
1.7258284645669291
20
1.8510781889763779
11
1.9514218110236221
21
2.0766715354330709
0
LINE
8
BLACK
6
CONTINUOUS
10
1.9514218110236221
20
2.0766715354330709
11
1.9544399606299212
21
2.0811885433070865
0
LINE
8
BLACK
6
CONTINUOUS
10
1.9544399606299212
20
2.0811885433070865
11
1.9565188976377952
21
2.0862075590551181
0
LINE
8
BLACK
6
CONTINUOUS
10
1.9565188976377952
20
2.0862075590551181
11
1.9565377559055117
21
2.0863024803149606
0
LINE
8
BLACK
6
CONTINUOUS
10
1.9565377559055117
20
2.0863024803149606
11
1.9565613385826772
21
2.0863475196850394
0
LINE
8
BLACK
6
CONTINUOUS
10
1.9565613385826772
20
2.0863475196850394
11
1.9565895669291338
21
2.0864405905511809
0
LINE
8
BLACK
6
CONTINUOUS
10
1.9565895669291338
20
2.0864405905511809
11
1.9566072047244094
21
2.0864351968503936
0
LINE
8
BLACK
6
CONTINUOUS
10
1.9566072047244094
20
2.0864351968503936
11
1.9578333464566928
21
2.0887791732283465
0
LINE
8
BLACK
6
CONTINUOUS
10
1.9578333464566928
20
2.0887791732283465
11
1.9602622834645669
21
2.0901623228346455
0
LINE
8
BLACK
6
CONTINUOUS
10
1.9602622834645669
20
2.0901623228346455
11
1.9614027559055118
21
2.0902952755905511
0
LINE
8
BLACK
6
CONTINUOUS
10
1.9614027559055118
20
2.0902952755905511
11
1.9618842913385826
21
2.0902952755905511
0
LINE
8
BLACK
6
CONTINUOUS
10
1.9618842913385826
20
2.0902952755905511
11
1.9618852755905511
21
2.0902953543307086
0
LINE
8
BLACK
6
CONTINUOUS
10
1.9618852755905511
20
2.0902953543307086
11
1.9642314960629921
21
2.0905475590551181
0
LINE
8
BLACK
6
CONTINUOUS
10
1.9642314960629921
20
2.0905475590551181
11
1.9642315354330708
21
2.0905475590551181
0
LINE
8
BLACK
6
CONTINUOUS
10
1.9642315354330708
20
2.0905475590551181
11
1.9695403937007874
21
2.092527598425197
0
LINE
8
BLACK
6
CONTINUOUS
10
1.9695403937007874
20
2.092527598425197
11
1.9695405118110236
21
2.0925276771653545
0
LINE
8
BLACK
6
CONTINUOUS
10
1.9695405118110236
20
2.0925276771653545
11
1.9695405905511811
21
2.0925277165354332
0
LINE
8
BLACK
6
CONTINUOUS
10
1.9695405905511811
20
2.0925277165354332
11
1.9721577165354329
21
2.0944868897637794
0
LINE
8
BLACK
6
CONTINUOUS
10
1.9721577165354329
20
2.0944868897637794
11
1.9740766141732282
21
2.0959233464566926
0
LINE
8
BLACK
6
CONTINUOUS
10
1.9740766141732282
20
2.0959233464566926
11
1.9760288188976378
21
2.0985311811023624
0
LINE
8
BLACK
6
CONTINUOUS
10
1.9760288188976378
20
2.0985311811023624
11
1.9774722834645668
21
2.1004594094488187
0
LINE
8
BLACK
6
CONTINUOUS
10
1.9774722834645668
20
2.1004594094488187
11
1.9774722834645668
21
2.1004594881889762
0
LINE
8
BLACK
6
CONTINUOUS
10
1.9774722834645668
20
2.1004594881889762
11
1.9774723622047243
21
2.1004595669291337
0
LINE
8
BLACK
6
CONTINUOUS
10
1.9774723622047243
20
2.1004595669291337
11
1.9787923622047243
21
2.1039987007874017
0
LINE
8
BLACK
6
CONTINUOUS
10
1.9787923622047243
20
2.1039987007874017
11
1.9794524015748032
21
2.1057683858267717
0
LINE
8
BLACK
6
CONTINUOUS
10
1.9794524015748032
20
2.1057683858267717
11
1.9797047244094488
21
2.1081152362204723
0
LINE
8
BLACK
6
CONTINUOUS
10
1.9797047244094488
20
2.1081152362204723
11
1.97970468503937
21
2.1718847244094488
0
LINE
8
BLACK
6
CONTINUOUS
10
1.97970468503937
20
2.1718847244094488
11
1.9794524015748032
21
2.1742316141732281
0
LINE
8
BLACK
6
CONTINUOUS
10
1.9794524015748032
20
2.1742316141732281
11
1.9774722834645668
21
2.1795405905511811
0
LINE
8
BLACK
6
CONTINUOUS
10
1.9774722834645668
20
2.1795405905511811
11
1.9740766141732282
21
2.1840766141732284
0
LINE
8
BLACK
6
CONTINUOUS
10
1.9740766141732282
20
2.1840766141732284
11
1.9714687401574802
21
2.1860288582677163
0
LINE
8
BLACK
6
CONTINUOUS
10
1.9714687401574802
20
2.1860288582677163
11
1.9697937007874016
21
2.1882664566929133
0
LINE
8
BLACK
6
CONTINUOUS
10
1.9697937007874016
20
2.1882664566929133
11
1.9695943307086614
21
2.1910544488188974
0
LINE
8
BLACK
6
CONTINUOUS
10
1.9695943307086614
20
2.1910544488188974
11
1.9709338976377953
21
2.1935076771653543
0
LINE
8
BLACK
6
CONTINUOUS
10
1.9709338976377953
20
2.1935076771653543
11
1.9714685826771654
21
2.1939709842519686
0
LINE
8
BLACK
6
CONTINUOUS
10
1.9714685826771654
20
2.1939709842519686
11
1.9740766141732282
21
2.1959233858267715
0
LINE
8
BLACK
6
CONTINUOUS
10
1.9740766141732282
20
2.1959233858267715
11
1.9774722834645668
21
2.2004594094488188
0
LINE
8
BLACK
6
CONTINUOUS
10
1.9774722834645668
20
2.2004594094488188
11
1.9774722834645668
21
2.2004594881889763
0
LINE
8
BLACK
6
CONTINUOUS
10
1.9774722834645668
20
2.2004594881889763
11
1.9774723622047243
21
2.2004595669291338
0
LINE
8
BLACK
6
CONTINUOUS
10
1.9774723622047243
20
2.2004595669291338
11
1.9789771653543307
21
2.204494212598425
0
LINE
8
BLACK
6
CONTINUOUS
10
1.9789771653543307
20
2.204494212598425
11
1.9794524015748032
21
2.2057683858267718
0
LINE
8
BLACK
6
CONTINUOUS
10
1.9794524015748032
20
2.2057683858267718
11
1.9797047244094488
21
2.2081152362204723
0
LINE
8
BLACK
6
CONTINUOUS
10
1.9797047244094488
20
2.2081152362204723
11
1.97970468503937
21
2.2718847244094489
0
LINE
8
BLACK
6
CONTINUOUS
10
1.97970468503937
20
2.2718847244094489
11
1.9797046456692913
21
2.2718849606299214
0
LINE
8
BLACK
6
CONTINUOUS
10
1.9797046456692913
20
2.2718849606299214
11
1.9794524015748032
21
2.2742316141732282
0
LINE
8
BLACK
6
CONTINUOUS
10
1.9794524015748032
20
2.2742316141732282
11
1.9774722834645668
21
2.2795405905511812
0
LINE
8
BLACK
6
CONTINUOUS
10
1.9774722834645668
20
2.2795405905511812
11
1.9740766141732282
21
2.2840766141732285
0
LINE
8
BLACK
6
CONTINUOUS
10
1.9740766141732282
20
2.2840766141732285
11
1.9695405905511811
21
2.2874722834645667
0
LINE
8
BLACK
6
CONTINUOUS
10
1.9695405905511811
20
2.2874722834645667
11
1.9642316141732283
21
2.289452401574803
0
LINE
8
BLACK
6
CONTINUOUS
10
1.9642316141732283
20
2.289452401574803
11
1.9618847637795276
21
2.2897047244094488
0
LINE
8
BLACK
6
CONTINUOUS
10
1.9618847637795276
20
2.2897047244094488
11
1.9614031889763779
21
2.2897046850393701
0
LINE
8
BLACK
6
CONTINUOUS
10
1.9614031889763779
20
2.2897046850393701
11
1.9587213779527559
21
2.2904920078740156
0
LINE
8
BLACK
6
CONTINUOUS
10
1.9587213779527559
20
2.2904920078740156
11
1.9568908267716536
21
2.2926042913385825
0
LINE
8
BLACK
6
CONTINUOUS
10
1.9568908267716536
20
2.2926042913385825
11
1.9565377559055117
21
2.2936974803149606
0
LINE
8
BLACK
6
CONTINUOUS
10
1.9565377559055117
20
2.2936974803149606
11
1.9565188976377952
21
2.2937924409448818
0
LINE
8
BLACK
6
CONTINUOUS
10
1.9565188976377952
20
2.2937924409448818
11
1.9564011811023621
21
2.2940766141732283
0
LINE
8
BLACK
6
CONTINUOUS
10
1.9564011811023621
20
2.2940766141732283
11
1.9563027952755905
21
2.2943140944881888
0
LINE
8
BLACK
6
CONTINUOUS
10
1.9563027952755905
20
2.2943140944881888
11
1.9554696456692913
21
2.2963255511811025
0
LINE
8
BLACK
6
CONTINUOUS
10
1.9554696456692913
20
2.2963255511811025
11
1.9549946062992125
21
2.2974723622047244
0
LINE
8
BLACK
6
CONTINUOUS
10
1.9549946062992125
20
2.2974723622047244
11
1.9544399606299212
21
2.2988114566929134
0
LINE
8
BLACK
6
CONTINUOUS
10
1.9544399606299212
20
2.2988114566929134
11
1.9514218110236221
21
2.3033284251968502
0
LINE
8
BLACK
6
CONTINUOUS
10
1.9514218110236221
20
2.3033284251968502
11
1.9475803937007874
21
2.3071698425196852
0
LINE
8
BLACK
6
CONTINUOUS
10
1.9475803937007874
20
2.3071698425196852
11
1.9358285039370078
21
2.3189217716535433
0
LINE
8
BLACK
6
CONTINUOUS
10
1.9358285039370078
20
2.3189217716535433
11
1.931311496062992
21
2.3219399212598426
0
LINE
8
BLACK
6
CONTINUOUS
10
1.931311496062992
20
2.3219399212598426
11
1.9262924803149606
21
2.3240188582677166
0
LINE
8
BLACK
6
CONTINUOUS
10
1.9262924803149606
20
2.3240188582677166
11
1.9209643700787402
21
2.3250787007874014
0
LINE
8
BLACK
6
CONTINUOUS
10
1.9209643700787402
20
2.3250787007874014
11
1.9209643307086615
21
2.3250787007874014
0
LINE
8
BLACK
6
CONTINUOUS
10
1.9209643307086615
20
2.3250787007874014
11
1.4602162598425197
21
2.3250787007874014
0
LINE
8
BLACK
6
CONTINUOUS
10
1.4602162598425197
20
2.3250787007874014
11
1.4547837007874016
21
2.3250787007874014
0
LINE
8
BLACK
6
CONTINUOUS
10
1.4547837007874016
20
2.3250787007874014
11
1.4494555511811023
21
2.3240188582677166
0
LINE
8
BLACK
6
CONTINUOUS
10
1.4494555511811023
20
2.3240188582677166
11
1.4444365354330708
21
2.3219399212598426
0
LINE
8
BLACK
6
CONTINUOUS
10
1.4444365354330708
20
2.3219399212598426
11
1.4399195275590551
21
2.3189217716535433
0
LINE
8
BLACK
6
CONTINUOUS
10
1.4399195275590551
20
2.3189217716535433
11
1.4399193307086613
21
2.3189215748031495
0
LINE
8
BLACK
6
CONTINUOUS
10
1.4399193307086613
20
2.3189215748031495
11
1.4394827952755904
21
2.3184850393700787
0
LINE
8
BLACK
6
CONTINUOUS
10
1.4394827952755904
20
2.3184850393700787
11
1.4370295669291338
21
2.3171454330708663
0
LINE
8
BLACK
6
CONTINUOUS
10
1.4370295669291338
20
2.3171454330708663
11
1.4364612992125985
21
2.3170559842519682
0
LINE
8
BLACK
6
CONTINUOUS
10
1.4364612992125985
20
2.3170559842519682
11
1.4351843307086614
21
2.3169301968503935
0
LINE
8
BLACK
6
CONTINUOUS
10
1.4351843307086614
20
2.3169301968503935
11
1.4327030708661417
21
2.3166858661417322
0
LINE
8
BLACK
6
CONTINUOUS
10
1.4327030708661417
20
2.3166858661417322
11
1.4327029921259842
21
2.3166858267716535
0
LINE
8
BLACK
6
CONTINUOUS
10
1.4327029921259842
20
2.3166858267716535
11
1.4327027559055119
21
2.3166858267716535
0
LINE
8
BLACK
6
CONTINUOUS
10
1.4327027559055119
20
2.3166858267716535
11
1.425685905511811
21
2.3145572834645667
0
LINE
8
BLACK
6
CONTINUOUS
10
1.425685905511811
20
2.3145572834645667
11
1.4192191732283463
21
2.3111007086614173
0
LINE
8
BLACK
6
CONTINUOUS
10
1.4192191732283463
20
2.3111007086614173
11
1.4192190944881888
21
2.3111006299212598
0
LINE
8
BLACK
6
CONTINUOUS
10
1.4192190944881888
20
2.3111006299212598
11
1.4192190551181103
21
2.3111006299212598
0
LINE
8
BLACK
6
CONTINUOUS
10
1.4192190551181103
20
2.3111006299212598
11
1.4174277952755905
21
2.3096305511811024
0
LINE
8
BLACK
6
CONTINUOUS
10
1.4174277952755905
20
2.3096305511811024
11
1.4135510236220472
21
2.3064489763779528
0
LINE
8
BLACK
6
CONTINUOUS
10
1.4135510236220472
20
2.3064489763779528
11
1.4109900393700787
21
2.3033284251968502
0
LINE
8
BLACK
6
CONTINUOUS
10
1.4109900393700787
20
2.3033284251968502
11
1.4088993307086615
21
2.3007809055118109
0
LINE
8
BLACK
6
CONTINUOUS
10
1.4088993307086615
20
2.3007809055118109
11
1.4088992913385827
21
2.3007808267716534
0
LINE
8
BLACK
6
CONTINUOUS
10
1.4088992913385827
20
2.3007808267716534
11
1.4054427165354331
21
2.2943140944881888
0
LINE
8
BLACK
6
CONTINUOUS
10
1.4054427165354331
20
2.2943140944881888
11
1.4033141732283465
21
2.2872972440944883
0
LINE
8
BLACK
6
CONTINUOUS
10
1.4033141732283465
20
2.2872972440944883
11
1.4033141338582678
21
2.2872970866141733
0
LINE
8
BLACK
6
CONTINUOUS
10
1.4033141338582678
20
2.2872970866141733
11
1.403314094488189
21
2.2872968897637795
0
LINE
8
BLACK
6
CONTINUOUS
10
1.403314094488189
20
2.2872968897637795
11
1.4025954724409448
21
2.2800001181102361
0
LINE
8
BLACK
6
CONTINUOUS
10
1.4025954724409448
20
2.2800001181102361
11
1.4025954724409448
21
2.2799998425196848
0
LINE
8
BLACK
6
CONTINUOUS
10
1.4025954724409448
20
2.2799998425196848
11
1.403314094488189
21
2.2727030708661418
0
LINE
8
BLACK
6
CONTINUOUS
10
1.403314094488189
20
2.2727030708661418
11
1.4033141338582678
21
2.2727028346456692
0
LINE
8
BLACK
6
CONTINUOUS
10
1.4033141338582678
20
2.2727028346456692
11
1.4033141732283465
21
2.2727027559055117
0
LINE
8
BLACK
6
CONTINUOUS
10
1.4033141732283465
20
2.2727027559055117
11
1.4048491732283463
21
2.2676425196850394
0
LINE
8
BLACK
6
CONTINUOUS
10
1.4048491732283463
20
2.2676425196850394
11
1.4054427165354331
21
2.2656859055118108
0
LINE
8
BLACK
6
CONTINUOUS
10
1.4054427165354331
20
2.2656859055118108
11
1.4088993307086615
21
2.2592190551181104
0
LINE
8
BLACK
6
CONTINUOUS
10
1.4088993307086615
20
2.2592190551181104
11
1.4135510236220472
21
2.2535510236220473
0
LINE
8
BLACK
6
CONTINUOUS
10
1.4135510236220472
20
2.2535510236220473
11
1.4192190551181103
21
2.2488993307086615
0
LINE
8
BLACK
6
CONTINUOUS
10
1.4192190551181103
20
2.2488993307086615
11
1.4250643307086615
21
2.2457749606299213
0
LINE
8
BLACK
6
CONTINUOUS
10
1.4250643307086615
20
2.2457749606299213
11
1.425685905511811
21
2.2454427165354329
0
LINE
8
BLACK
6
CONTINUOUS
10
1.425685905511811
20
2.2454427165354329
11
1.4327027559055119
21
2.2433141732283466
0
LINE
8
BLACK
6
CONTINUOUS
10
1.4327027559055119
20
2.2433141732283466
11
1.4327028346456692
21
2.2433141338582678
0
LINE
8
BLACK
6
CONTINUOUS
10
1.4327028346456692
20
2.2433141338582678
11
1.4327030708661417
21
2.2433140944881891
0
LINE
8
BLACK
6
CONTINUOUS
10
1.4327030708661417
20
2.2433140944881891
11
1.4399998818897637
21
2.2425954724409447
0
LINE
8
BLACK
6
CONTINUOUS
10
1.4399998818897637
20
2.2425954724409447
11
1.4399999999999999
21
2.2425954724409447
0
LINE
8
BLACK
6
CONTINUOUS
10
1.4399999999999999
20
2.2425954724409447
11
1.4400001181102362
21
2.2425954724409447
0
LINE
8
BLACK
6
CONTINUOUS
10
1.4400001181102362
20
2.2425954724409447
11
1.4472968897637795
21
2.2433140944881891
0
LINE
8
BLACK
6
CONTINUOUS
10
1.4472968897637795
20
2.2433140944881891
11
1.4472970866141732
21
2.2433141338582678
0
LINE
8
BLACK
6
CONTINUOUS
10
1.4472970866141732
20
2.2433141338582678
11
1.4472972440944882
21
2.2433141732283466
0
LINE
8
BLACK
6
CONTINUOUS
10
1.4472972440944882
20
2.2433141732283466
11
1.4543140944881889
21
2.2454427165354329
0
LINE
8
BLACK
6
CONTINUOUS
10
1.4543140944881889
20
2.2454427165354329
11
1.4607808267716536
21
2.2488992913385828
0
LINE
8
BLACK
6
CONTINUOUS
10
1.4607808267716536
20
2.2488992913385828
11
1.4607809055118111
21
2.2488993307086615
0
LINE
8
BLACK
6
CONTINUOUS
10
1.4607809055118111
20
2.2488993307086615
11
1.4644283070866142
21
2.251892716535433
0
LINE
8
BLACK
6
CONTINUOUS
10
1.4644283070866142
20
2.251892716535433
11
1.4664489763779527
21
2.2535510236220473
0
LINE
8
BLACK
6
CONTINUOUS
10
1.4664489763779527
20
2.2535510236220473
11
1.4711007086614174
21
2.2592191732283462
0
LINE
8
BLACK
6
CONTINUOUS
10
1.4711007086614174
20
2.2592191732283462
11
1.4711007874015747
21
2.2592193307086612
0
LINE
8
BLACK
6
CONTINUOUS
10
1.4711007874015747
20
2.2592193307086612
11
1.4712099999999999
21
2.259382755905512
0
LINE
8
BLACK
6
CONTINUOUS
10
1.4712099999999999
20
2.259382755905512
11
1.4733547637795275
21
2.2611751968503935
0
LINE
8
BLACK
6
CONTINUOUS
10
1.4733547637795275
20
2.2611751968503935
11
1.4761281102362205
21
2.2615235826771651
0
LINE
8
BLACK
6
CONTINUOUS
10
1.4761281102362205
20
2.2615235826771651
11
1.4786495669291337
21
2.2603172440944883
0
LINE
8
BLACK
6
CONTINUOUS
10
1.4786495669291337
20
2.2603172440944883
11
1.4801185039370079
21
2.257939212598425
0
LINE
8
BLACK
6
CONTINUOUS
10
1.4801185039370079
20
2.257939212598425
11
1.4802952755905512
21
2.2566268110236218
0
LINE
8
BLACK
6
CONTINUOUS
10
1.4802952755905512
20
2.2566268110236218
11
1.4802952755905512
21
2.2081155511811024
0
LINE
8
BLACK
6
CONTINUOUS
10
1.4802952755905512
20
2.2081155511811024
11
1.4802953543307087
21
2.2081147244094486
0
LINE
8
BLACK
6
CONTINUOUS
10
1.4802953543307087
20
2.2081147244094486
11
1.480547559055118
21
2.2057684645669289
0
LINE
8
BLACK
6
CONTINUOUS
10
1.480547559055118
20
2.2057684645669289
11
1.480547559055118
21
2.2057684251968501
0
LINE
8
BLACK
6
CONTINUOUS
10
1.480547559055118
20
2.2057684251968501
11
1.4825275984251969
21
2.2004595669291338
0
LINE
8
BLACK
6
CONTINUOUS
10
1.4825275984251969
20
2.2004595669291338
11
1.4825276771653544
21
2.2004594488188975
0
LINE
8
BLACK
6
CONTINUOUS
10
1.4825276771653544
20
2.2004594488188975
11
1.4859233070866142
21
2.1959234251968502
0
LINE
8
BLACK
6
CONTINUOUS
10
1.4859233070866142
20
2.1959234251968502
11
1.48593
21
2.1959184251968504
0
LINE
8
BLACK
6
CONTINUOUS
10
1.48593
20
2.1959184251968504
11
1.488531220472441
21
2.1939711023622048
0
LINE
8
BLACK
6
CONTINUOUS
10
1.488531220472441
20
2.1939711023622048
11
1.4902062598425196
21
2.1917335433070866
0
LINE
8
BLACK
6
CONTINUOUS
10
1.4902062598425196
20
2.1917335433070866
11
1.4904056299212598
21
2.1889455118110237
0
LINE
8
BLACK
6
CONTINUOUS
10
1.4904056299212598
20
2.1889455118110237
11
1.489066062992126
21
2.1864922834645668
0
LINE
8
BLACK
6
CONTINUOUS
10
1.489066062992126
20
2.1864922834645668
11
1.4885313779527558
21
2.1860289763779526
0
LINE
8
BLACK
6
CONTINUOUS
10
1.4885313779527558
20
2.1860289763779526
11
1.4859233858267715
21
2.1840766141732284
0
LINE
8
BLACK
6
CONTINUOUS
10
1.4859233858267715
20
2.1840766141732284
11
1.4859233464566928
21
2.1840765748031497
0
LINE
8
BLACK
6
CONTINUOUS
10
1.4859233464566928
20
2.1840765748031497
11
1.4859233070866142
21
2.1840765354330709
0
LINE
8
BLACK
6
CONTINUOUS
10
1.4859233070866142
20
2.1840765354330709
11
1.4844551574803149
21
2.18211531496063
0
LINE
8
BLACK
6
CONTINUOUS
10
1.4844551574803149
20
2.18211531496063
11
1.4839711811023621
21
2.1814687795275591
0
LINE
8
BLACK
6
CONTINUOUS
10
1.4839711811023621
20
2.1814687795275591
11
1.4825276771653544
21
2.1795405118110236
0
LINE
8
BLACK
6
CONTINUOUS
10
1.4825276771653544
20
2.1795405118110236
11
1.4825275984251969
21
2.1795403937007873
0
LINE
8
BLACK
6
CONTINUOUS
10
1.4825275984251969
20
2.1795403937007873
11
1.4805475984251968
21
2.1742316535433068
0
LINE
8
BLACK
6
CONTINUOUS
10
1.4805475984251968
20
2.1742316535433068
11
1.4802952755905512
21
2.1718849606299213
0
LINE
8
BLACK
6
CONTINUOUS
10
1.4802952755905512
20
2.1718849606299213
11
1.4802952755905512
21
2.1718847637795275
0
LINE
8
BLACK
6
CONTINUOUS
10
1.4802952755905512
20
2.1718847637795275
11
1.4802952755905512
21
2.1470775196850393
0
LINE
8
BLACK
6
CONTINUOUS
10
1.4802952755905512
20
2.1470775196850393
11
1.4802953149606299
21
2.1267912992125986
0
LINE
8
BLACK
6
CONTINUOUS
10
1.4802953149606299
20
2.1267912992125986
11
1.4795078346456692
21
2.1241093700787399
0
LINE
8
BLACK
6
CONTINUOUS
10
1.4795078346456692
20
2.1241093700787399
11
1.4773953937007873
21
2.1222789370078741
0
LINE
8
BLACK
6
CONTINUOUS
10
1.4773953937007873
20
2.1222789370078741
11
1.47533468503937
21
2.1218306692913385
0
LINE
8
BLACK
6
CONTINUOUS
10
1.47533468503937
20
2.1218306692913385
11
1.3828832677165355
21
2.1218306692913385
0
LINE
8
BLACK
6
CONTINUOUS
10
1.3828832677165355
20
2.1218306692913385
11
1.3802013385826772
21
2.122618149606299
0
LINE
8
BLACK
6
CONTINUOUS
10
1.3802013385826772
20
2.122618149606299
11
1.3793755905511811
21
2.1232836220472442
0
LINE
8
BLACK
6
CONTINUOUS
10
1.3793755905511811
20
2.1232836220472442
11
1.295063188976378
21
2.2075960236220471
0
LINE
8
BLACK
6
CONTINUOUS
10
1.295063188976378
20
2.2075960236220471
11
1.2937235826771654
21
2.210049251968504
0
LINE
8
BLACK
6
CONTINUOUS
10
1.2937235826771654
20
2.210049251968504
11
1.2936102362204724
21
2.2111037007874015
0
LINE
8
BLACK
6
CONTINUOUS
10
1.2936102362204724
20
2.2111037007874015
11
1.2936102362204724
21
2.2345222047244095
0
LINE
8
BLACK
6
CONTINUOUS
10
1.2936102362204724
20
2.2345222047244095
11
1.2936102362204724
21
2.2345224015748033
0
LINE
8
BLACK
6
CONTINUOUS
10
1.2936102362204724
20
2.2345224015748033
11
1.2926260236220473
21
2.2394702362204724
0
LINE
8
BLACK
6
CONTINUOUS
10
1.2926260236220473
20
2.2394702362204724
11
1.290695472440945
21
2.2441309842519686
0
LINE
8
BLACK
6
CONTINUOUS
10
1.290695472440945
20
2.2441309842519686
11
1.2878927559055118
21
2.2483255511811024
0
LINE
8
BLACK
6
CONTINUOUS
10
1.2878927559055118
20
2.2483255511811024
11
1.2843255511811023
21
2.2518927559055117
0
LINE
8
BLACK
6
CONTINUOUS
10
1.2843255511811023
20
2.2518927559055117
11
1.2587891338582677
21
2.277429094488189
0
LINE
8
BLACK
6
CONTINUOUS
10
1.2587891338582677
20
2.277429094488189
11
1.2574496456692914
21
2.2798822834645667
0
LINE
8
BLACK
6
CONTINUOUS
10
1.2574496456692914
20
2.2798822834645667
11
1.2573601574803148
21
2.2804505511811022
0
LINE
8
BLACK
6
CONTINUOUS
10
1.2573601574803148
20
2.2804505511811022
11
1.2566858661417322
21
2.2872968897637795
0
LINE
8
BLACK
6
CONTINUOUS
10
1.2566858661417322
20
2.2872968897637795
11
1.2566858267716534
21
2.2872968897637795
0
LINE
8
BLACK
6
CONTINUOUS
10
1.2566858267716534
20
2.2872968897637795
11
1.2566858267716534
21
2.2872972440944883
0
LINE
8
BLACK
6
CONTINUOUS
10
1.2566858267716534
20
2.2872972440944883
11
1.2545572834645669
21
2.2943140944881888
0
LINE
8
BLACK
6
CONTINUOUS
10
1.2545572834645669
20
2.2943140944881888
11
1.2511007086614172
21
2.3007808267716534
0
LINE
8
BLACK
6
CONTINUOUS
10
1.2511007086614172
20
2.3007808267716534
11
1.2464489763779527
21
2.3064489763779528
0
LINE
8
BLACK
6
CONTINUOUS
10
1.2464489763779527
20
2.3064489763779528
11
1.2407808267716536
21
2.3111007086614173
0
LINE
8
BLACK
6
CONTINUOUS
10
1.2407808267716536
20
2.3111007086614173
11
1.234314094488189
21
2.3145572834645667
0
LINE
8
BLACK
6
CONTINUOUS
10
1.234314094488189
20
2.3145572834645667
11
1.2272972440944883
21
2.3166858267716535
0
LINE
8
BLACK
6
CONTINUOUS
10
1.2272972440944883
20
2.3166858267716535
11
1.2272968897637795
21
2.3166858267716535
0
LINE
8
BLACK
6
CONTINUOUS
10
1.2272968897637795
20
2.3166858267716535
11
1.2272968897637795
21
2.3166858661417322
0
LINE
8
BLACK
6
CONTINUOUS
10
1.2272968897637795
20
2.3166858661417322
11
1.2200001181102362
21
2.3174045275590549
0
LINE
8
BLACK
6
CONTINUOUS
10
1.2200001181102362
20
2.3174045275590549
11
1.2199998818897637
21
2.3174045275590549
0
LINE
8
BLACK
6
CONTINUOUS
10
1.2199998818897637
20
2.3174045275590549
11
1.2127030708661417
21
2.3166858661417322
0
LINE
8
BLACK
6
CONTINUOUS
10
1.2127030708661417
20
2.3166858661417322
11
1.2127029921259842
21
2.3166858267716535
0
LINE
8
BLACK
6
CONTINUOUS
10
1.2127029921259842
20
2.3166858267716535
11
1.2127027559055117
21
2.3166858267716535
0
LINE
8
BLACK
6
CONTINUOUS
10
1.2127027559055117
20
2.3166858267716535
11
1.205685905511811
21
2.3145572834645667
0
LINE
8
BLACK
6
CONTINUOUS
10
1.205685905511811
20
2.3145572834645667
11
1.1992191732283464
21
2.3111007086614173
0
LINE
8
BLACK
6
CONTINUOUS
10
1.1992191732283464
20
2.3111007086614173
11
1.1992190944881889
21
2.3111006299212598
0
LINE
8
BLACK
6
CONTINUOUS
10
1.1992190944881889
20
2.3111006299212598
11
1.1992190551181101
21
2.3111006299212598
0
LINE
8
BLACK
6
CONTINUOUS
10
1.1992190551181101
20
2.3111006299212598
11
1.1974277952755905
21
2.3096305511811024
0
LINE
8
BLACK
6
CONTINUOUS
10
1.1974277952755905
20
2.3096305511811024
11
1.1935510236220472
21
2.3064489763779528
0
LINE
8
BLACK
6
CONTINUOUS
10
1.1935510236220472
20
2.3064489763779528
11
1.1909900393700787
21
2.3033284251968502
0
LINE
8
BLACK
6
CONTINUOUS
10
1.1909900393700787
20
2.3033284251968502
11
1.1888993307086615
21
2.3007809055118109
0
LINE
8
BLACK
6
CONTINUOUS
10
1.1888993307086615
20
2.3007809055118109
11
1.1888992913385827
21
2.3007808267716534
0
LINE
8
BLACK
6
CONTINUOUS
10
1.1888992913385827
20
2.3007808267716534
11
1.1854427165354331
21
2.2943140944881888
0
LINE
8
BLACK
6
CONTINUOUS
10
1.1854427165354331
20
2.2943140944881888
11
1.1833141732283465
21
2.2872972440944883
0
LINE
8
BLACK
6
CONTINUOUS
10
1.1833141732283465
20
2.2872972440944883
11
1.1833141338582678
21
2.2872970866141733
0
LINE
8
BLACK
6
CONTINUOUS
10
1.1833141338582678
20
2.2872970866141733
11
1.183314094488189
21
2.2872968897637795
0
LINE
8
BLACK
6
CONTINUOUS
10
1.183314094488189
20
2.2872968897637795
11
1.1825954724409449
21
2.2800001181102361
0
LINE
8
BLACK
6
CONTINUOUS
10
1.1825954724409449
20
2.2800001181102361
11
1.1825954724409449
21
2.2799998425196848
0
LINE
8
BLACK
6
CONTINUOUS
10
1.1825954724409449
20
2.2799998425196848
11
1.183314094488189
21
2.2727030708661418
0
LINE
8
BLACK
6
CONTINUOUS
10
1.183314094488189
20
2.2727030708661418
11
1.1833141338582678
21
2.2727028346456692
0
LINE
8
BLACK
6
CONTINUOUS
10
1.1833141338582678
20
2.2727028346456692
11
1.1833141732283465
21
2.2727027559055117
0
LINE
8
BLACK
6
CONTINUOUS
10
1.1833141732283465
20
2.2727027559055117
11
1.1848491732283464
21
2.2676425196850394
0
LINE
8
BLACK
6
CONTINUOUS
10
1.1848491732283464
20
2.2676425196850394
11
1.1854427165354331
21
2.2656859055118108
0
LINE
8
BLACK
6
CONTINUOUS
10
1.1854427165354331
20
2.2656859055118108
11
1.1888993307086615
21
2.2592190551181104
0
LINE
8
BLACK
6
CONTINUOUS
10
1.1888993307086615
20
2.2592190551181104
11
1.1935510236220472
21
2.2535510236220473
0
LINE
8
BLACK
6
CONTINUOUS
10
1.1935510236220472
20
2.2535510236220473
11
1.1992190551181101
21
2.2488993307086615
0
LINE
8
BLACK
6
CONTINUOUS
10
1.1992190551181101
20
2.2488993307086615
11
1.2050643307086615
21
2.2457749606299213
0
LINE
8
BLACK
6
CONTINUOUS
10
1.2050643307086615
20
2.2457749606299213
11
1.205685905511811
21
2.2454427165354329
0
LINE
8
BLACK
6
CONTINUOUS
10
1.205685905511811
20
2.2454427165354329
11
1.2127027559055117
21
2.2433141732283466
0
LINE
8
BLACK
6
CONTINUOUS
10
1.2127027559055117
20
2.2433141732283466
11
1.2127028346456692
21
2.2433141338582678
0
LINE
8
BLACK
6
CONTINUOUS
10
1.2127028346456692
20
2.2433141338582678
11
1.2127030708661417
21
2.2433140944881891
0
LINE
8
BLACK
6
CONTINUOUS
10
1.2127030708661417
20
2.2433140944881891
11
1.2195494094488188
21
2.2426398031496064
0
LINE
8
BLACK
6
CONTINUOUS
10
1.2195494094488188
20
2.2426398031496064
11
1.2221412204724409
21
2.2415932283464568
0
LINE
8
BLACK
6
CONTINUOUS
10
1.2221412204724409
20
2.2415932283464568
11
1.2225708661417323
21
2.2412107874015748
0
LINE
8
BLACK
6
CONTINUOUS
10
1.2225708661417323
20
2.2412107874015748
11
1.2409368503937008
21
2.2228447637795274
0
LINE
8
BLACK
6
CONTINUOUS
10
1.2409368503937008
20
2.2228447637795274
11
1.2422763779527559
21
2.2203916141732285
0
LINE
8
BLACK
6
CONTINUOUS
10
1.2422763779527559
20
2.2203916141732285
11
1.2423897637795276
21
2.2193371653543306
0
LINE
8
BLACK
6
CONTINUOUS
10
1.2423897637795276
20
2.2193371653543306
11
1.2423897637795276
21
2.1959184645669292
0
LINE
8
BLACK
6
CONTINUOUS
10
1.2423897637795276
20
2.1959184645669292
11
1.243064251968504
21
2.1925277165354329
0
LINE
8
BLACK
6
CONTINUOUS
10
1.243064251968504
20
2.1925277165354329
11
1.2433739763779528
21
2.1909706299212597
0
LINE
8
BLACK
6
CONTINUOUS
10
1.2433739763779528
20
2.1909706299212597
11
1.2433740157480315
21
2.1909705511811022
0
LINE
8
BLACK
6
CONTINUOUS
10
1.2433740157480315
20
2.1909705511811022
11
1.2433740551181103
21
2.1909703937007872
0
LINE
8
BLACK
6
CONTINUOUS
10
1.2433740551181103
20
2.1909703937007872
11
1.2453044881889763
21
2.1863099212598422
0
LINE
8
BLACK
6
CONTINUOUS
10
1.2453044881889763
20
2.1863099212598422
11
1.2481072047244095
21
2.1821152755905513
0
LINE
8
BLACK
6
CONTINUOUS
10
1.2481072047244095
20
2.1821152755905513
11
1.2481073228346455
21
2.1821151181102363
0
LINE
8
BLACK
6
CONTINUOUS
10
1.2481073228346455
20
2.1821151181102363
11
1.3304944094488189
21
2.0997281102362204
0
LINE
8
BLACK
6
CONTINUOUS
10
1.3304944094488189
20
2.0997281102362204
11
1.3318339763779528
21
2.0972748818897635
0
LINE
8
BLACK
6
CONTINUOUS
10
1.3318339763779528
20
2.0972748818897635
11
1.3316346062992126
21
2.0944868897637794
0
LINE
8
BLACK
6
CONTINUOUS
10
1.3316346062992126
20
2.0944868897637794
11
1.3304944094488189
21
2.0927127559055116
0
LINE
8
BLACK
6
CONTINUOUS
10
1.3304944094488189
20
2.0927127559055116
11
1.2361073228346457
21
1.9983257086614172
0
LINE
8
BLACK
6
CONTINUOUS
10
1.2361073228346457
20
1.9983257086614172
11
1.2361072047244095
21
1.9983255511811022
0
LINE
8
BLACK
6
CONTINUOUS
10
1.2361072047244095
20
1.9983255511811022
11
1.2333045275590551
21
1.9941309842519686
0
LINE
8
BLACK
6
CONTINUOUS
10
1.2333045275590551
20
1.9941309842519686
11
1.2325394094488189
21
1.992283779527559
0
LINE
8
BLACK
6
CONTINUOUS
10
1.2325394094488189
20
1.992283779527559
11
1.2313740157480315
21
1.9894703149606299
0
LINE
8
BLACK
6
CONTINUOUS
10
1.2313740157480315
20
1.9894703149606299
11
1.2313739763779528
21
1.9894702755905511
0
LINE
8
BLACK
6
CONTINUOUS
10
1.2313739763779528
20
1.9894702755905511
11
1.2303897637795276
21
1.9845223228346456
0
LINE
8
BLACK
6
CONTINUOUS
10
1.2303897637795276
20
1.9845223228346456
11
1.2303897637795276
21
1.8428932677165355
0
LINE
8
BLACK
6
CONTINUOUS
10
1.2303897637795276
20
1.8428932677165355
11
1.2296022834645668
21
1.840211338582677
0
LINE
8
BLACK
6
CONTINUOUS
10
1.2296022834645668
20
1.840211338582677
11
1.227489842519685
21
1.838380905511811
0
LINE
8
BLACK
6
CONTINUOUS
10
1.227489842519685
20
1.838380905511811
11
1.2249429133858267
21
1.8379565354330709
0
LINE
8
BLACK
6
CONTINUOUS
10
1.2249429133858267
20
1.8379565354330709
11
1.2241564566929133
21
1.8380339763779527
0
LINE
8
BLACK
6
CONTINUOUS
10
1.2241564566929133
20
1.8380339763779527
11
1.221737559055118
21
1.8382722440944881
0
LINE
8
BLACK
6
CONTINUOUS
10
1.221737559055118
20
1.8382722440944881
11
1.2217373228346455
21
1.8382722440944881
0
LINE
8
BLACK
6
CONTINUOUS
10
1.2217373228346455
20
1.8382722440944881
11
1.2144405118110235
21
1.8375535826771654
0
LINE
8
BLACK
6
CONTINUOUS
10
1.2144405118110235
20
1.8375535826771654
11
1.214440433070866
21
1.8375535433070866
0
LINE
8
BLACK
6
CONTINUOUS
10
1.214440433070866
20
1.8375535433070866
11
1.2144401968503937
21
1.8375535433070866
0
LINE
8
BLACK
6
CONTINUOUS
10
1.2144401968503937
20
1.8375535433070866
11
1.2074233464566928
21
1.8354249999999999
0
LINE
8
BLACK
6
CONTINUOUS
10
1.2074233464566928
20
1.8354249999999999
11
1.2009566141732284
21
1.8319684251968504
0
LINE
8
BLACK
6
CONTINUOUS
10
1.2009566141732284
20
1.8319684251968504
11
1.2009565354330709
21
1.8319683464566929
0
LINE
8
BLACK
6
CONTINUOUS
10
1.2009565354330709
20
1.8319683464566929
11
1.2009564960629922
21
1.8319683464566929
0
LINE
8
BLACK
6
CONTINUOUS
10
1.2009564960629922
20
1.8319683464566929
11
1.1991652362204723
21
1.8304982677165353
0
LINE
8
BLACK
6
CONTINUOUS
10
1.1991652362204723
20
1.8304982677165353
11
1.1952884645669291
21
1.8273166929133857
0
LINE
8
BLACK
6
CONTINUOUS
10
1.1952884645669291
20
1.8273166929133857
11
1.1926773228346457
21
1.8241350393700786
0
LINE
8
BLACK
6
CONTINUOUS
10
1.1926773228346457
20
1.8241350393700786
11
1.1906367716535433
21
1.8216486220472441
0
LINE
8
BLACK
6
CONTINUOUS
10
1.1906367716535433
20
1.8216486220472441
11
1.1906367322834646
21
1.8216485433070866
0
LINE
8
BLACK
6
CONTINUOUS
10
1.1906367322834646
20
1.8216485433070866
11
1.1871801574803149
21
1.815181811023622
0
LINE
8
BLACK
6
CONTINUOUS
10
1.1871801574803149
20
1.815181811023622
11
1.1850516141732284
21
1.8081649606299213
0
LINE
8
BLACK
6
CONTINUOUS
10
1.1850516141732284
20
1.8081649606299213
11
1.1850515748031496
21
1.8081648031496063
0
LINE
8
BLACK
6
CONTINUOUS
10
1.1850515748031496
20
1.8081648031496063
11
1.1850515354330708
21
1.8081646062992125
0
LINE
8
BLACK
6
CONTINUOUS
10
1.1850515354330708
20
1.8081646062992125
11
1.1843329133858267
21
1.8008678346456692
0
LINE
8
BLACK
6
CONTINUOUS
10
1.1843329133858267
20
1.8008678346456692
11
1.1843329133858267
21
1.800867559055118
0
LINE
8
BLACK
6
CONTINUOUS
10
1.1843329133858267
20
1.800867559055118
11
1.1850515354330708
21
1.7935707874015747
0
LINE
8
BLACK
6
CONTINUOUS
10
1.1850515354330708
20
1.7935707874015747
11
1.1850515748031496
21
1.7935705511811024
0
LINE
8
BLACK
6
CONTINUOUS
10
1.1850515748031496
20
1.7935705511811024
11
1.1850516141732284
21
1.7935704724409449
0
LINE
8
BLACK
6
CONTINUOUS
10
1.1850516141732284
20
1.7935704724409449
11
1.1866512204724409
21
1.7882972440944882
0
LINE
8
BLACK
6
CONTINUOUS
10
1.1866512204724409
20
1.7882972440944882
11
1.1871801574803149
21
1.786553622047244
0
LINE
8
BLACK
6
CONTINUOUS
10
1.1871801574803149
20
1.786553622047244
11
1.1906368503937008
21
1.7800866535433071
0
LINE
8
BLACK
6
CONTINUOUS
10
1.1906368503937008
20
1.7800866535433071
11
1.1950011811023622
21
1.7747687401574803
0
LINE
8
BLACK
6
CONTINUOUS
10
1.1950011811023622
20
1.7747687401574803
11
1.1960938582677165
21
1.7721960236220473
0
LINE
8
BLACK
6
CONTINUOUS
10
1.1960938582677165
20
1.7721960236220473
11
1.1961272047244094
21
1.7716217716535432
0
LINE
8
BLACK
6
CONTINUOUS
10
1.1961272047244094
20
1.7716217716535432
11
1.1961272047244094
21
1.671400275590551
0
LINE
8
BLACK
6
CONTINUOUS
10
1.1961272047244094
20
1.671400275590551
11
1.1953397244094488
21
1.6687183464566928
0
LINE
8
BLACK
6
CONTINUOUS
10
1.1953397244094488
20
1.6687183464566928
11
1.1946742519685039
21
1.6678925984251969
0
LINE
8
BLACK
6
CONTINUOUS
10
1.1946742519685039
20
1.6678925984251969
11
1.143844842519685
21
1.617063188976378
0
LINE
8
BLACK
6
CONTINUOUS
10
1.143844842519685
20
1.617063188976378
11
1.1413916141732283
21
1.6157235826771654
0
LINE
8
BLACK
6
CONTINUOUS
10
1.1413916141732283
20
1.6157235826771654
11
1.1403371653543306
21
1.6156102362204725
0
LINE
8
BLACK
6
CONTINUOUS
10
1.1403371653543306
20
1.6156102362204725
11
0.8273556299212598
21
1.6156102362204725
0
LINE
8
BLACK
6
CONTINUOUS
10
0.8273556299212598
20
1.6156102362204725
11
0.826387874015748
21
1.6157055511811023
0
LINE
8
BLACK
6
CONTINUOUS
10
0.826387874015748
20
1.6157055511811023
11
0.8258215354330708
21
1.6158181889763779
0
LINE
8
BLACK
6
CONTINUOUS
10
0.8258215354330708
20
1.6158181889763779
11
0.8223461023622047
21
1.6165095275590551
0
LINE
8
BLACK
6
CONTINUOUS
10
0.8223461023622047
20
1.6165095275590551
11
0.7872538976377953
21
1.6165095275590551
0
LINE
8
BLACK
6
CONTINUOUS
10
0.7872538976377953
20
1.6165095275590551
11
0.7838952755905512
21
1.6158414173228346
0
LINE
8
BLACK
6
CONTINUOUS
10
0.7838952755905512
20
1.6158414173228346
11
0.7832121259842519
21
1.6157055511811023
0
LINE
8
BLACK
6
CONTINUOUS
10
0.7832121259842519
20
1.6157055511811023
11
0.7822443700787401
21
1.6156102362204725
0
LINE
8
BLACK
6
CONTINUOUS
10
0.7822443700787401
20
1.6156102362204725
11
0.5845663779527559
21
1.6156102362204725
0
LINE
8
BLACK
6
CONTINUOUS
10
0.5845663779527559
20
1.6156102362204725
11
0.5818844488188977
21
1.6163977165354331
0
LINE
8
BLACK
6
CONTINUOUS
10
0.5818844488188977
20
1.6163977165354331
11
0.5800540157480315
21
1.6185101574803149
0
LINE
8
BLACK
6
CONTINUOUS
10
0.5800540157480315
20
1.6185101574803149
11
0.5796341732283464
21
1.6200407086614173
0
LINE
8
BLACK
6
CONTINUOUS
10
0.5796341732283464
20
1.6200407086614173
11
0.5795224803149606
21
1.6210798031496063
0
LINE
8
BLACK
6
CONTINUOUS
10
0.5795224803149606
20
1.6210798031496063
11
0.5794524015748032
21
1.6217316141732283
0
LINE
8
BLACK
6
CONTINUOUS
10
0.5794524015748032
20
1.6217316141732283
11
0.5774722834645669
21
1.6270405905511811
0
LINE
8
BLACK
6
CONTINUOUS
10
0.5774722834645669
20
1.6270405905511811
11
0.5740766141732283
21
1.6315766141732284
0
LINE
8
BLACK
6
CONTINUOUS
10
0.5740766141732283
20
1.6315766141732284
11
0.5695405905511811
21
1.6349722834645668
0
LINE
8
BLACK
6
CONTINUOUS
10
0.5695405905511811
20
1.6349722834645668
11
0.5642316141732283
21
1.6369524015748032
0
LINE
8
BLACK
6
CONTINUOUS
10
0.5642316141732283
20
1.6369524015748032
11
0.5618847637795276
21
1.6372047244094488
0
LINE
8
BLACK
6
CONTINUOUS
10
0.5618847637795276
20
1.6372047244094488
11
0.5231152755905512
21
1.63720468503937
0
LINE
8
BLACK
6
CONTINUOUS
10
0.5231152755905512
20
1.63720468503937
11
0.5207683858267717
21
1.6369524015748032
0
LINE
8
BLACK
6
CONTINUOUS
10
0.5207683858267717
20
1.6369524015748032
11
0.518521062992126
21
1.6361141732283464
0
LINE
8
BLACK
6
CONTINUOUS
10
0.518521062992126
20
1.6361141732283464
11
0.5154595669291339
21
1.6349723622047243
0
LINE
8
BLACK
6
CONTINUOUS
10
0.5154595669291339
20
1.6349723622047243
11
0.5154594881889764
21
1.6349722834645668
0
LINE
8
BLACK
6
CONTINUOUS
10
0.5154594881889764
20
1.6349722834645668
11
0.5154594094488189
21
1.6349722834645668
0
LINE
8
BLACK
6
CONTINUOUS
10
0.5154594094488189
20
1.6349722834645668
11
0.5145801968503937
21
1.6343140944881889
0
LINE
8
BLACK
6
CONTINUOUS
10
0.5145801968503937
20
1.6343140944881889
11
0.5109233464566929
21
1.6315766141732284
0
LINE
8
BLACK
6
CONTINUOUS
10
0.5109233464566929
20
1.6315766141732284
11
0.5075276771653543
21
1.6270405118110236
0
LINE
8
BLACK
6
CONTINUOUS
10
0.5075276771653543
20
1.6270405118110236
11
0.5075275984251968
21
1.6270403937007873
0
LINE
8
BLACK
6
CONTINUOUS
10
0.5075275984251968
20
1.6270403937007873
11
0.5055475984251968
21
1.6217316535433071
0
LINE
8
BLACK
6
CONTINUOUS
10
0.5055475984251968
20
1.6217316535433071
11
0.5052952755905512
21
1.6193849606299213
0
LINE
8
BLACK
6
CONTINUOUS
10
0.5052952755905512
20
1.6193849606299213
11
0.5052952755905512
21
1.5606155511811024
0
LINE
8
BLACK
6
CONTINUOUS
10
0.5052952755905512
20
1.5606155511811024
11
0.5052953543307086
21
1.5606147244094488
0
LINE
8
BLACK
6
CONTINUOUS
10
0.5052953543307086
20
1.5606147244094488
11
0.5055475590551181
21
1.5582684645669291
0
LINE
8
BLACK
6
CONTINUOUS
10
0.5055475590551181
20
1.5582684645669291
11
0.5055475590551181
21
1.5582684251968504
0
LINE
8
BLACK
6
CONTINUOUS
10
0.5055475590551181
20
1.5582684251968504
11
0.5075275984251968
21
1.5529595669291338
0
LINE
8
BLACK
6
CONTINUOUS
10
0.5075275984251968
20
1.5529595669291338
11
0.5075276771653543
21
1.5529594488188976
0
LINE
8
BLACK
6
CONTINUOUS
10
0.5075276771653543
20
1.5529594488188976
11
0.5109233464566929
21
1.5484233464566928
0
LINE
8
BLACK
6
CONTINUOUS
10
0.5109233464566929
20
1.5484233464566928
11
0.5154594488188976
21
1.5450276771653544
0
LINE
8
BLACK
6
CONTINUOUS
10
0.5154594488188976
20
1.5450276771653544
11
0.5154595669291339
21
1.5450275984251969
0
LINE
8
BLACK
6
CONTINUOUS
10
0.5154595669291339
20
1.5450275984251969
11
0.5207683464566929
21
1.5430475984251968
0
LINE
8
BLACK
6
CONTINUOUS
10
0.5207683464566929
20
1.5430475984251968
11
0.5207682283464566
21
1.5430475984251968
0
LINE
8
BLACK
6
CONTINUOUS
10
0.5207682283464566
20
1.5430475984251968
11
0.5231151968503936
21
1.5427952755905512
0
LINE
8
BLACK
6
CONTINUOUS
10
0.5231151968503936
20
1.5427952755905512
11
0.5231152362204724
21
1.5427952755905512
0
LINE
8
BLACK
6
CONTINUOUS
10
0.5231152362204724
20
1.5427952755905512
11
0.5618844094488189
21
1.5427952755905512
0
LINE
8
BLACK
6
CONTINUOUS
10
0.5618844094488189
20
1.5427952755905512
11
0.5618852362204724
21
1.5427953543307087
0
LINE
8
BLACK
6
CONTINUOUS
10
0.5618852362204724
20
1.5427953543307087
11
0.5642314960629922
21
1.543047559055118
0
LINE
8
BLACK
6
CONTINUOUS
10
0.5642314960629922
20
1.543047559055118
11
0.5642315354330708
21
1.543047559055118
0
LINE
8
BLACK
6
CONTINUOUS
10
0.5642315354330708
20
1.543047559055118
11
0.5695403937007874
21
1.5450275984251969
0
LINE
8
BLACK
6
CONTINUOUS
10
0.5695403937007874
20
1.5450275984251969
11
0.5695405118110236
21
1.5450276771653544
0
LINE
8
BLACK
6
CONTINUOUS
10
0.5695405118110236
20
1.5450276771653544
11
0.5695405905511811
21
1.5450277165354331
0
LINE
8
BLACK
6
CONTINUOUS
10
0.5695405905511811
20
1.5450277165354331
11
0.5721196850393701
21
1.5469584251968505
0
LINE
8
BLACK
6
CONTINUOUS
10
0.5721196850393701
20
1.5469584251968505
11
0.5740766141732283
21
1.5484233464566928
0
LINE
8
BLACK
6
CONTINUOUS
10
0.5740766141732283
20
1.5484233464566928
11
0.5757744488188976
21
1.5506913779527558
0
LINE
8
BLACK
6
CONTINUOUS
10
0.5757744488188976
20
1.5506913779527558
11
0.5774722834645669
21
1.5529594094488188
0
LINE
8
BLACK
6
CONTINUOUS
10
0.5774722834645669
20
1.5529594094488188
11
0.5774722834645669
21
1.5529594881889763
0
LINE
8
BLACK
6
CONTINUOUS
10
0.5774722834645669
20
1.5529594881889763
11
0.5774723622047244
21
1.5529595669291338
0
LINE
8
BLACK
6
CONTINUOUS
10
0.5774723622047244
20
1.5529595669291338
11
0.5794523622047244
21
1.5582683070866141
0
LINE
8
BLACK
6
CONTINUOUS
10
0.5794523622047244
20
1.5582683070866141
11
0.5794524015748032
21
1.5582683858267716
0
LINE
8
BLACK
6
CONTINUOUS
10
0.5794524015748032
20
1.5582683858267716
11
0.5796342125984252
21
1.5599594488188977
0
LINE
8
BLACK
6
CONTINUOUS
10
0.5796342125984252
20
1.5599594488188977
11
0.5807038976377953
21
1.562541811023622
0
LINE
8
BLACK
6
CONTINUOUS
10
0.5807038976377953
20
1.562541811023622
11
0.5829999212598425
21
1.5641359448818897
0
LINE
8
BLACK
6
CONTINUOUS
10
0.5829999212598425
20
1.5641359448818897
11
0.5845664173228347
21
1.5643897637795274
0
LINE
8
BLACK
6
CONTINUOUS
10
0.5845664173228347
20
1.5643897637795274
11
0.7913994094488189
21
1.5643897637795274
0
LINE
8
BLACK
6
CONTINUOUS
10
0.7913994094488189
20
1.5643897637795274
11
0.7954411811023622
21
1.5651937401574803
0
LINE
8
BLACK
6
CONTINUOUS
10
0.7954411811023622
20
1.5651937401574803
11
0.796408937007874
21
1.5652890551181102
0
LINE
8
BLACK
6
CONTINUOUS
10
0.796408937007874
20
1.5652890551181102
11
0.813191062992126
21
1.5652890551181102
0
LINE
8
BLACK
6
CONTINUOUS
10
0.813191062992126
20
1.5652890551181102
11
0.8141588188976377
21
1.5651937401574803
0
LINE
8
BLACK
6
CONTINUOUS
10
0.8141588188976377
20
1.5651937401574803
11
0.8182005511811024
21
1.5643897637795274
0
LINE
8
BLACK
6
CONTINUOUS
10
0.8182005511811024
20
1.5643897637795274
11
0.8182005905511811
21
1.5643897637795274
0
LINE
8
BLACK
6
CONTINUOUS
10
0.8182005905511811
20
1.5643897637795274
11
1.1555223228346456
21
1.5643897637795274
0
LINE
8
BLACK
6
CONTINUOUS
10
1.1555223228346456
20
1.5643897637795274
11
1.1555224015748031
21
1.5643897637795274
0
LINE
8
BLACK
6
CONTINUOUS
10
1.1555224015748031
20
1.5643897637795274
11
1.1588209448818898
21
1.5650459055118109
0
LINE
8
BLACK
6
CONTINUOUS
10
1.1588209448818898
20
1.5650459055118109
11
1.1604702755905512
21
1.5653739763779526
0
LINE
8
BLACK
6
CONTINUOUS
10
1.1604702755905512
20
1.5653739763779526
11
1.1604704724409449
21
1.5653740551181101
0
LINE
8
BLACK
6
CONTINUOUS
10
1.1604704724409449
20
1.5653740551181101
11
1.1651307480314961
21
1.5673044094488189
0
LINE
8
BLACK
6
CONTINUOUS
10
1.1651307480314961
20
1.5673044094488189
11
1.1651308267716536
21
1.5673044488188976
0
LINE
8
BLACK
6
CONTINUOUS
10
1.1651308267716536
20
1.5673044488188976
11
1.1651309842519684
21
1.5673045275590551
0
LINE
8
BLACK
6
CONTINUOUS
10
1.1651309842519684
20
1.5673045275590551
11
1.1653032283464566
21
1.5674196062992125
0
LINE
8
BLACK
6
CONTINUOUS
10
1.1653032283464566
20
1.5674196062992125
11
1.1679787007874016
21
1.5692072834645669
0
LINE
8
BLACK
6
CONTINUOUS
10
1.1679787007874016
20
1.5692072834645669
11
1.1693255118110235
21
1.5701071653543306
0
LINE
8
BLACK
6
CONTINUOUS
10
1.1693255118110235
20
1.5701071653543306
11
1.1825325196850394
21
1.5833141732283464
0
LINE
8
BLACK
6
CONTINUOUS
10
1.1825325196850394
20
1.5833141732283464
11
1.196468779527559
21
1.5972504330708661
0
LINE
8
BLACK
6
CONTINUOUS
10
1.196468779527559
20
1.5972504330708661
11
1.198921968503937
21
1.5985899606299212
0
LINE
8
BLACK
6
CONTINUOUS
10
1.198921968503937
20
1.5985899606299212
11
1.2017099606299213
21
1.598390590551181
0
LINE
8
BLACK
6
CONTINUOUS
10
1.2017099606299213
20
1.598390590551181
11
1.2038110236220472
21
1.5968897244094489
0
LINE
8
BLACK
6
CONTINUOUS
10
1.2038110236220472
20
1.5968897244094489
11
1.2065510236220471
21
1.5935510236220471
0
LINE
8
BLACK
6
CONTINUOUS
10
1.2065510236220471
20
1.5935510236220471
11
1.2122190551181102
21
1.5888993307086614
0
LINE
8
BLACK
6
CONTINUOUS
10
1.2122190551181102
20
1.5888993307086614
11
1.2186859055118109
21
1.585442716535433
0
LINE
8
BLACK
6
CONTINUOUS
10
1.2186859055118109
20
1.585442716535433
11
1.2257027559055118
21
1.5833141732283464
0
LINE
8
BLACK
6
CONTINUOUS
10
1.2257027559055118
20
1.5833141732283464
11
1.2257028346456693
21
1.5833141338582677
0
LINE
8
BLACK
6
CONTINUOUS
10
1.2257028346456693
20
1.5833141338582677
11
1.2257030708661416
21
1.5833140944881889
0
LINE
8
BLACK
6
CONTINUOUS
10
1.2257030708661416
20
1.5833140944881889
11
1.2329998818897638
21
1.5825954724409448
0
LINE
8
BLACK
6
CONTINUOUS
10
1.2329998818897638
20
1.5825954724409448
11
1.2329999999999999
21
1.5825954724409448
0
LINE
8
BLACK
6
CONTINUOUS
10
1.2329999999999999
20
1.5825954724409448
11
1.2330001181102361
21
1.5825954724409448
0
LINE
8
BLACK
6
CONTINUOUS
10
1.2330001181102361
20
1.5825954724409448
11
1.2402968897637796
21
1.5833140944881889
0
LINE
8
BLACK
6
CONTINUOUS
10
1.2402968897637796
20
1.5833140944881889
11
1.2402970866141731
21
1.5833141338582677
0
LINE
8
BLACK
6
CONTINUOUS
10
1.2402970866141731
20
1.5833141338582677
11
1.2402972440944882
21
1.5833141732283464
0
LINE
8
BLACK
6
CONTINUOUS
10
1.2402972440944882
20
1.5833141732283464
11
1.2473140944881889
21
1.585442716535433
0
LINE
8
BLACK
6
CONTINUOUS
10
1.2473140944881889
20
1.585442716535433
11
1.2537808267716535
21
1.5888992913385827
0
LINE
8
BLACK
6
CONTINUOUS
10
1.2537808267716535
20
1.5888992913385827
11
1.253780905511811
21
1.5888993307086614
0
LINE
8
BLACK
6
CONTINUOUS
10
1.253780905511811
20
1.5888993307086614
11
1.25702468503937
21
1.5915614566929133
0
LINE
8
BLACK
6
CONTINUOUS
10
1.25702468503937
20
1.5915614566929133
11
1.2594489763779528
21
1.5935510236220471
0
LINE
8
BLACK
6
CONTINUOUS
10
1.2594489763779528
20
1.5935510236220471
11
1.2641007086614173
21
1.5992191732283465
0
LINE
8
BLACK
6
CONTINUOUS
10
1.2641007086614173
20
1.5992191732283465
11
1.267557283464567
21
1.6056859055118109
0
LINE
8
BLACK
6
CONTINUOUS
10
1.267557283464567
20
1.6056859055118109
11
1.2696858267716535
21
1.6127027559055118
0
LINE
8
BLACK
6
CONTINUOUS
10
1.2696858267716535
20
1.6127027559055118
11
1.2699480314960629
21
1.6153649212598424
0
LINE
8
BLACK
6
CONTINUOUS
10
1.2699480314960629
20
1.6153649212598424
11
1.2703601574803149
21
1.6195493700787402
0
LINE
8
BLACK
6
CONTINUOUS
10
1.2703601574803149
20
1.6195493700787402
11
1.2714066929133858
21
1.6221411811023623
0
LINE
8
BLACK
6
CONTINUOUS
10
1.2714066929133858
20
1.6221411811023623
11
1.2717892125984251
21
1.6225708267716534
0
LINE
8
BLACK
6
CONTINUOUS
10
1.2717892125984251
20
1.6225708267716534
11
1.2758925196850393
21
1.6266741338582678
0
LINE
8
BLACK
6
CONTINUOUS
10
1.2758925196850393
20
1.6266741338582678
11
1.275892716535433
21
1.6266743700787401
0
LINE
8
BLACK
6
CONTINUOUS
10
1.275892716535433
20
1.6266743700787401
11
1.2758927952755905
21
1.6266744488188976
0
LINE
8
BLACK
6
CONTINUOUS
10
1.2758927952755905
20
1.6266744488188976
11
1.2786955118110237
21
1.6308690551181102
0
LINE
8
BLACK
6
CONTINUOUS
10
1.2786955118110237
20
1.6308690551181102
11
1.2801224803149607
21
1.6343140944881889
0
LINE
8
BLACK
6
CONTINUOUS
10
1.2801224803149607
20
1.6343140944881889
11
1.2806260236220472
21
1.6355297637795274
0
LINE
8
BLACK
6
CONTINUOUS
10
1.2806260236220472
20
1.6355297637795274
11
1.2816102362204724
21
1.6404775984251969
0
LINE
8
BLACK
6
CONTINUOUS
10
1.2816102362204724
20
1.6404775984251969
11
1.2816102362204724
21
1.7262001181102362
0
LINE
8
BLACK
6
CONTINUOUS
10
1.2816102362204724
20
1.7262001181102362
11
1.2816102362204724
21
1.9693371653543306
0
LINE
8
BLACK
6
CONTINUOUS
10
1.2816102362204724
20
1.9693371653543306
11
1.282397716535433
21
1.972019094488189
0
LINE
8
BLACK
6
CONTINUOUS
10
1.282397716535433
20
1.972019094488189
11
1.2830631889763779
21
1.9728448425196849
0
LINE
8
BLACK
6
CONTINUOUS
10
1.2830631889763779
20
1.9728448425196849
11
1.3793755905511811
21
2.0691572440944883
0
LINE
8
BLACK
6
CONTINUOUS
10
1.3793755905511811
20
2.0691572440944883
11
1.3818288188976378
21
2.0704968503937007
0
LINE
8
BLACK
6
CONTINUOUS
10
1.3818288188976378
20
2.0704968503937007
11
1.3828832677165355
21
2.0706101968503936
0
LINE
8
BLACK
6
CONTINUOUS
10
1.3828832677165355
20
2.0706101968503936
11
1.5476748031496064
21
2.0706101968503936
0
LINE
8
BLACK
6
CONTINUOUS
10
1.5476748031496064
20
2.0706101968503936
11
1.5503567322834646
21
2.069822716535433
0
LINE
8
BLACK
6
CONTINUOUS
10
1.5503567322834646
20
2.069822716535433
11
1.5521871653543307
21
2.0677102755905512
0
LINE
8
BLACK
6
CONTINUOUS
10
1.5521871653543307
20
2.0677102755905512
11
1.5526115748031495
21
2.0651635039370078
0
LINE
8
BLACK
6
CONTINUOUS
10
1.5526115748031495
20
2.0651635039370078
11
1.5525954724409448
21
2.0649999212598424
0
LINE
8
BLACK
6
CONTINUOUS
10
1.5525954724409448
20
2.0649999212598424
11
1.5525954724409448
21
2.0649998425196849
0
LINE
8
BLACK
6
CONTINUOUS
10
1.5525954724409448
20
2.0649998425196849
11
1.5533140944881889
21
2.0577030708661419
0
LINE
8
BLACK
6
CONTINUOUS
10
1.5533140944881889
20
2.0577030708661419
11
1.555442716535433
21
2.050685905511811
0
LINE
8
BLACK
6
CONTINUOUS
10
1.555442716535433
20
2.050685905511811
11
1.5588993307086614
21
2.0442190551181101
0
LINE
8
BLACK
6
CONTINUOUS
10
1.5588993307086614
20
2.0442190551181101
11
1.5635510236220471
21
2.038551023622047
0
LINE
8
BLACK
6
CONTINUOUS
10
1.5635510236220471
20
2.038551023622047
11
1.5692190551181102
21
2.0338993307086612
0
LINE
8
BLACK
6
CONTINUOUS
10
1.5692190551181102
20
2.0338993307086612
11
1.5750765354330709
21
2.0307684251968503
0
LINE
8
BLACK
6
CONTINUOUS
10
1.5750765354330709
20
2.0307684251968503
11
1.5756859055118111
21
2.0304427165354331
0
LINE
8
BLACK
6
CONTINUOUS
10
1.5756859055118111
20
2.0304427165354331
11
1.5827027559055118
21
2.0283141732283463
0
LINE
8
BLACK
6
CONTINUOUS
10
1.5827027559055118
20
2.0283141732283463
11
1.5827028346456693
21
2.0283141338582675
0
LINE
8
BLACK
6
CONTINUOUS
10
1.5827028346456693
20
2.0283141338582675
11
1.5827030708661416
21
2.0283140944881888
0
LINE
8
BLACK
6
CONTINUOUS
10
1.5827030708661416
20
2.0283140944881888
11
1.5899998818897638
21
2.0275954724409448
0
LINE
8
BLACK
6
CONTINUOUS
10
1.5899998818897638
20
2.0275954724409448
11
1.5899999999999999
21
2.0275954724409448
0
LINE
8
BLACK
6
CONTINUOUS
10
1.5899999999999999
20
2.0275954724409448
11
1.5900001181102361
21
2.0275954724409448
0
LINE
8
BLACK
6
CONTINUOUS
10
1.5900001181102361
20
2.0275954724409448
11
1.5972968897637796
21
2.0283140944881888
0
LINE
8
BLACK
6
CONTINUOUS
10
1.5972968897637796
20
2.0283140944881888
11
1.5972970866141731
21
2.0283141338582675
0
LINE
8
BLACK
6
CONTINUOUS
10
1.5972970866141731
20
2.0283141338582675
11
1.5972972440944881
21
2.0283141732283463
0
LINE
8
BLACK
6
CONTINUOUS
10
1.5972972440944881
20
2.0283141732283463
11
1.6043140944881888
21
2.0304427165354331
0
LINE
8
BLACK
6
CONTINUOUS
10
1.6043140944881888
20
2.0304427165354331
11
1.6107808267716535
21
2.0338992913385825
0
LINE
8
BLACK
6
CONTINUOUS
10
1.6107808267716535
20
2.0338992913385825
11
1.6137003543307087
21
2.0362952755905512
0
LINE
8
BLACK
6
CONTINUOUS
10
1.6137003543307087
20
2.0362952755905512
11
1.6162730708661417
21
2.0373879133858268
0
LINE
8
BLACK
6
CONTINUOUS
10
1.6162730708661417
20
2.0373879133858268
11
1.6168473228346456
21
2.0374212598425196
0
LINE
8
BLACK
6
CONTINUOUS
10
1.6168473228346456
20
2.0374212598425196
11
1.7034644488188977
21
2.0374212598425196
0
LINE
8
BLACK
6
CONTINUOUS
10
1.7034644488188977
20
2.0374212598425196
11
1.7087924409448818
21
2.0384811023622045
0
LINE
8
BLACK
6
CONTINUOUS
10
1.7087924409448818
20
2.0384811023622045
11
1.7087925590551181
21
2.0384811417322832
0
LINE
8
BLACK
6
CONTINUOUS
10
1.7087925590551181
20
2.0384811417322832
11
1.7106464960629921
21
2.0392490551181104
0
LINE
8
BLACK
6
CONTINUOUS
10
1.7106464960629921
20
2.0392490551181104
11
1.7138114566929132
21
2.0405600393700789
0
LINE
8
BLACK
6
CONTINUOUS
10
1.7138114566929132
20
2.0405600393700789
11
1.718328464566929
21
2.0435781889763778
0
LINE
8
BLACK
6
CONTINUOUS
10
1.718328464566929
20
2.0435781889763778
11
1.7514218110236219
21
2.0766715354330709
0
LINE
8
BLACK
6
CONTINUOUS
10
1.7514218110236219
20
2.0766715354330709
11
1.7544399606299212
21
2.0811885433070865
0
LINE
8
BLACK
6
CONTINUOUS
10
1.7544399606299212
20
2.0811885433070865
11
1.7565188976377952
21
2.0862075590551181
0
LINE
8
BLACK
6
CONTINUOUS
10
1.7565188976377952
20
2.0862075590551181
11
1.7565377559055118
21
2.0863024803149606
0
LINE
8
BLACK
6
CONTINUOUS
10
1.7565377559055118
20
2.0863024803149606
11
1.756561338582677
21
2.0863475196850394
0
LINE
8
BLACK
6
CONTINUOUS
10
1.756561338582677
20
2.0863475196850394
11
1.7565895669291338
21
2.0864405905511809
0
LINE
8
BLACK
6
CONTINUOUS
10
1.7565895669291338
20
2.0864405905511809
11
1.7566072047244095
21
2.0864351968503936
0
LINE
8
BLACK
6
CONTINUOUS
10
1.7566072047244095
20
2.0864351968503936
11
1.7578333464566929
21
2.0887791732283465
0
LINE
8
BLACK
6
CONTINUOUS
10
1.7578333464566929
20
2.0887791732283465
11
1.7602622834645669
21
2.0901623228346455
0
LINE
8
BLACK
6
CONTINUOUS
10
1.7602622834645669
20
2.0901623228346455
11
1.7614027559055119
21
2.0902952755905511
0
LINE
8
BLACK
6
CONTINUOUS
10
1.7614027559055119
20
2.0902952755905511
11
1.7618842913385826
21
2.0902952755905511
0
LINE
8
BLACK
6
CONTINUOUS
10
1.7618842913385826
20
2.0902952755905511
11
1.7618852755905512
21
2.0902953543307086
0
LINE
8
BLACK
6
CONTINUOUS
10
1.7618852755905512
20
2.0902953543307086
11
1.7642314960629921
21
2.0905475590551181
0
LINE
8
BLACK
6
CONTINUOUS
10
1.7642314960629921
20
2.0905475590551181
11
1.7642315354330709
21
2.0905475590551181
0
LINE
8
BLACK
6
CONTINUOUS
10
1.7642315354330709
20
2.0905475590551181
11
1.7695403937007874
21
2.092527598425197
0
LINE
8
BLACK
6
CONTINUOUS
10
1.7695403937007874
20
2.092527598425197
11
1.7695405118110237
21
2.0925276771653545
0
LINE
8
BLACK
6
CONTINUOUS
10
1.7695405118110237
20
2.0925276771653545
11
1.769540590551181
21
2.0925277165354332
0
LINE
8
BLACK
6
CONTINUOUS
10
1.769540590551181
20
2.0925277165354332
11
1.772157716535433
21
2.0944868897637794
0
LINE
8
BLACK
6
CONTINUOUS
10
1.772157716535433
20
2.0944868897637794
11
1.7740765354330708
21
2.0959233070866143
0
LINE
8
BLACK
6
CONTINUOUS
10
1.7740765354330708
20
2.0959233070866143
11
1.7740765354330708
21
2.0959233464566926
0
LINE
8
BLACK
6
CONTINUOUS
10
1.7740765354330708
20
2.0959233464566926
11
1.7740766141732283
21
2.0959233858267714
0
LINE
8
BLACK
6
CONTINUOUS
10
1.7740766141732283
20
2.0959233858267714
11
1.7760288582677164
21
2.0985312204724411
0
LINE
8
BLACK
6
CONTINUOUS
10
1.7760288582677164
20
2.0985312204724411
11
1.7782664566929134
21
2.1002062598425195
0
LINE
8
BLACK
6
CONTINUOUS
10
1.7782664566929134
20
2.1002062598425195
11
1.7810544881889763
21
2.1004056299212599
0
LINE
8
BLACK
6
CONTINUOUS
10
1.7810544881889763
20
2.1004056299212599
11
1.7835077165354329
21
2.0990660629921258
0
LINE
8
BLACK
6
CONTINUOUS
10
1.7835077165354329
20
2.0990660629921258
11
1.7839711417322834
21
2.0985312204724411
0
LINE
8
BLACK
6
CONTINUOUS
10
1.7839711417322834
20
2.0985312204724411
11
1.7861359842519684
21
2.0956394094488187
0
LINE
8
BLACK
6
CONTINUOUS
10
1.7861359842519684
20
2.0956394094488187
11
1.7860519291338581
21
2.0955764566929131
0
LINE
8
BLACK
6
CONTINUOUS
10
1.7860519291338581
20
2.0955764566929131
11
1.7871285433070865
21
2.0936032283464567
0
LINE
8
BLACK
6
CONTINUOUS
10
1.7871285433070865
20
2.0936032283464567
11
1.786928188976378
21
2.0908152755905509
0
LINE
8
BLACK
6
CONTINUOUS
10
1.786928188976378
20
2.0908152755905509
11
1.7857885826771653
21
2.0890427559055116
0
LINE
8
BLACK
6
CONTINUOUS
10
1.7857885826771653
20
2.0890427559055116
11
1.3196740157480316
21
1.6229282283464566
0
LINE
8
BLACK
6
CONTINUOUS
10
1.3196740157480316
20
1.6229282283464566
11
1.3172207874015747
21
1.621588622047244
0
LINE
8
BLACK
6
CONTINUOUS
10
1.3172207874015747
20
1.621588622047244
11
1.3156801968503937
21
1.6214991732283464
0
LINE
8
BLACK
6
CONTINUOUS
10
1.3156801968503937
20
1.6214991732283464
11
1.3139588582677164
21
1.6216687401574803
0
LINE
8
BLACK
6
CONTINUOUS
10
1.3139588582677164
20
1.6216687401574803
11
1.3139587795275591
21
1.6216687007874016
0
LINE
8
BLACK
6
CONTINUOUS
10
1.3139587795275591
20
1.6216687007874016
11
1.3139587795275591
21
1.6216687401574803
0
LINE
8
BLACK
6
CONTINUOUS
10
1.3139587795275591
20
1.6216687401574803
11
1.3139587401574804
21
1.6216687401574803
0
LINE
8
BLACK
6
CONTINUOUS
10
1.3139587401574804
20
1.6216687401574803
11
1.3066619291338581
21
1.6209500787401574
0
LINE
8
BLACK
6
CONTINUOUS
10
1.3066619291338581
20
1.6209500787401574
11
1.3066618503937009
21
1.6209500393700786
0
LINE
8
BLACK
6
CONTINUOUS
10
1.3066618503937009
20
1.6209500393700786
11
1.3066616141732283
21
1.6209500393700786
0
LINE
8
BLACK
6
CONTINUOUS
10
1.3066616141732283
20
1.6209500393700786
11
1.2996447637795274
21
1.6188214960629921
0
LINE
8
BLACK
6
CONTINUOUS
10
1.2996447637795274
20
1.6188214960629921
11
1.293178031496063
21
1.6153649212598424
0
LINE
8
BLACK
6
CONTINUOUS
10
1.293178031496063
20
1.6153649212598424
11
1.2931779527559055
21
1.6153648425196849
0
LINE
8
BLACK
6
CONTINUOUS
10
1.2931779527559055
20
1.6153648425196849
11
1.2931779133858268
21
1.6153648425196849
0
LINE
8
BLACK
6
CONTINUOUS
10
1.2931779133858268
20
1.6153648425196849
11
1.291386653543307
21
1.6138947637795276
0
LINE
8
BLACK
6
CONTINUOUS
10
1.291386653543307
20
1.6138947637795276
11
1.2875098818897637
21
1.6107131889763779
0
LINE
8
BLACK
6
CONTINUOUS
10
1.2875098818897637
20
1.6107131889763779
11
1.2859135826771653
21
1.6087680708661416
0
LINE
8
BLACK
6
CONTINUOUS
10
1.2859135826771653
20
1.6087680708661416
11
1.2828581889763779
21
1.6050451181102361
0
LINE
8
BLACK
6
CONTINUOUS
10
1.2828581889763779
20
1.6050451181102361
11
1.2828581496062992
21
1.6050450393700788
0
LINE
8
BLACK
6
CONTINUOUS
10
1.2828581496062992
20
1.6050450393700788
11
1.2794015748031495
21
1.5985783070866142
0
LINE
8
BLACK
6
CONTINUOUS
10
1.2794015748031495
20
1.5985783070866142
11
1.277273031496063
21
1.5915614566929133
0
LINE
8
BLACK
6
CONTINUOUS
10
1.277273031496063
20
1.5915614566929133
11
1.2772729921259842
21
1.5915612992125985
0
LINE
8
BLACK
6
CONTINUOUS
10
1.2772729921259842
20
1.5915612992125985
11
1.2772729527559055
21
1.5915611023622047
0
LINE
8
BLACK
6
CONTINUOUS
10
1.2772729527559055
20
1.5915611023622047
11
1.2765543307086613
21
1.5842643307086615
0
LINE
8
BLACK
6
CONTINUOUS
10
1.2765543307086613
20
1.5842643307086615
11
1.2765543307086613
21
1.5842640551181102
0
LINE
8
BLACK
6
CONTINUOUS
10
1.2765543307086613
20
1.5842640551181102
11
1.2772729527559055
21
1.5769672834645669
0
LINE
8
BLACK
6
CONTINUOUS
10
1.2772729527559055
20
1.5769672834645669
11
1.2794015748031495
21
1.5699501181102362
0
LINE
8
BLACK
6
CONTINUOUS
10
1.2794015748031495
20
1.5699501181102362
11
1.2828581889763779
21
1.5634832677165353
0
LINE
8
BLACK
6
CONTINUOUS
10
1.2828581889763779
20
1.5634832677165353
11
1.2875098818897637
21
1.5578152362204725
0
LINE
8
BLACK
6
CONTINUOUS
10
1.2875098818897637
20
1.5578152362204725
11
1.2931779133858268
21
1.5531635433070865
0
LINE
8
BLACK
6
CONTINUOUS
10
1.2931779133858268
20
1.5531635433070865
11
1.2965688976377951
21
1.5513509842519684
0
LINE
8
BLACK
6
CONTINUOUS
10
1.2965688976377951
20
1.5513509842519684
11
1.299256968503937
21
1.5499141732283463
0
LINE
8
BLACK
6
CONTINUOUS
10
1.299256968503937
20
1.5499141732283463
11
1.3012509448818896
21
1.5479554724409448
0
LINE
8
BLACK
6
CONTINUOUS
10
1.3012509448818896
20
1.5479554724409448
11
1.3018694094488188
21
1.5452296456692913
0
LINE
8
BLACK
6
CONTINUOUS
10
1.3018694094488188
20
1.5452296456692913
11
1.3009160236220472
21
1.5426021259842519
0
LINE
8
BLACK
6
CONTINUOUS
10
1.3009160236220472
20
1.5426021259842519
11
1.2986934251968503
21
1.5409071653543307
0
LINE
8
BLACK
6
CONTINUOUS
10
1.2986934251968503
20
1.5409071653543307
11
1.2969184645669292
21
1.5405787401574802
0
LINE
8
BLACK
6
CONTINUOUS
10
1.2969184645669292
20
1.5405787401574802
11
0.9638473228346457
21
1.5405787401574802
0
LINE
8
BLACK
6
CONTINUOUS
10
0.9638473228346457
20
1.5405787401574802
11
0.9611653937007874
21
1.541366220472441
0
LINE
8
BLACK
6
CONTINUOUS
10
0.9611653937007874
20
1.541366220472441
11
0.9607003543307087
21
1.5417047244094488
0
LINE
8
BLACK
6
CONTINUOUS
10
0.9607003543307087
20
1.5417047244094488
11
0.9593714960629921
21
1.5427952755905512
0
LINE
8
BLACK
6
CONTINUOUS
10
0.9593714960629921
20
1.5427952755905512
11
0.9577808267716535
21
1.5441007086614174
0
LINE
8
BLACK
6
CONTINUOUS
10
0.9577808267716535
20
1.5441007086614174
11
0.9513140944881889
21
1.547557283464567
0
LINE
8
BLACK
6
CONTINUOUS
10
0.9513140944881889
20
1.547557283464567
11
0.9442972440944881
21
1.5496858267716536
0
LINE
8
BLACK
6
CONTINUOUS
10
0.9442972440944881
20
1.5496858267716536
11
0.9442968897637795
21
1.5496858267716536
0
LINE
8
BLACK
6
CONTINUOUS
10
0.9442968897637795
20
1.5496858267716536
11
0.9442968897637795
21
1.5496858661417323
0
LINE
8
BLACK
6
CONTINUOUS
10
0.9442968897637795
20
1.5496858661417323
11
0.9370001181102362
21
1.550404527559055
0
LINE
8
BLACK
6
CONTINUOUS
10
0.9370001181102362
20
1.550404527559055
11
0.9369998818897638
21
1.550404527559055
0
LINE
8
BLACK
6
CONTINUOUS
10
0.9369998818897638
20
1.550404527559055
11
0.9297030708661417
21
1.5496858661417323
0
LINE
8
BLACK
6
CONTINUOUS
10
0.9297030708661417
20
1.5496858661417323
11
0.9297029921259843
21
1.5496858267716536
0
LINE
8
BLACK
6
CONTINUOUS
10
0.9297029921259843
20
1.5496858267716536
11
0.9297027559055118
21
1.5496858267716536
0
LINE
8
BLACK
6
CONTINUOUS
10
0.9297027559055118
20
1.5496858267716536
11
0.922685905511811
21
1.547557283464567
0
LINE
8
BLACK
6
CONTINUOUS
10
0.922685905511811
20
1.547557283464567
11
0.9162191732283465
21
1.5441007086614174
0
LINE
8
BLACK
6
CONTINUOUS
10
0.9162191732283465
20
1.5441007086614174
11
0.9162190944881889
21
1.5441006299212598
0
LINE
8
BLACK
6
CONTINUOUS
10
0.9162190944881889
20
1.5441006299212598
11
0.9162190551181102
21
1.5441006299212598
0
LINE
8
BLACK
6
CONTINUOUS
10
0.9162190551181102
20
1.5441006299212598
11
0.9149359448818898
21
1.5430475984251968
0
LINE
8
BLACK
6
CONTINUOUS
10
0.9149359448818898
20
1.5430475984251968
11
0.9105510236220472
21
1.5394489763779526
0
LINE
8
BLACK
6
CONTINUOUS
10
0.9105510236220472
20
1.5394489763779526
11
0.9079398818897637
21
1.5362673228346457
0
LINE
8
BLACK
6
CONTINUOUS
10
0.9079398818897637
20
1.5362673228346457
11
0.9058993307086614
21
1.533780905511811
0
LINE
8
BLACK
6
CONTINUOUS
10
0.9058993307086614
20
1.533780905511811
11
0.9058992913385826
21
1.5337808267716535
0
LINE
8
BLACK
6
CONTINUOUS
10
0.9058992913385826
20
1.5337808267716535
11
0.9024427165354331
21
1.5273140944881889
0
LINE
8
BLACK
6
CONTINUOUS
10
0.9024427165354331
20
1.5273140944881889
11
0.9003141732283464
21
1.5202972440944882
0
LINE
8
BLACK
6
CONTINUOUS
10
0.9003141732283464
20
1.5202972440944882
11
0.9003141338582678
21
1.5202970866141732
0
LINE
8
BLACK
6
CONTINUOUS
10
0.9003141338582678
20
1.5202970866141732
11
0.900314094488189
21
1.5202968897637794
0
LINE
8
BLACK
6
CONTINUOUS
10
0.900314094488189
20
1.5202968897637794
11
0.8995954724409448
21
1.5130001181102362
0
LINE
8
BLACK
6
CONTINUOUS
10
0.8995954724409448
20
1.5130001181102362
11
0.8995954724409448
21
1.5129998425196851
0
LINE
8
BLACK
6
CONTINUOUS
10
0.8995954724409448
20
1.5129998425196851
11
0.900314094488189
21
1.5057030708661416
0
LINE
8
BLACK
6
CONTINUOUS
10
0.900314094488189
20
1.5057030708661416
11
0.9003141338582678
21
1.5057028346456693
0
LINE
8
BLACK
6
CONTINUOUS
10
0.9003141338582678
20
1.5057028346456693
11
0.9003141732283464
21
1.5057027559055118
0
LINE
8
BLACK
6
CONTINUOUS
10
0.9003141732283464
20
1.5057027559055118
11
0.9014057086614173
21
1.5021044881889762
0
LINE
8
BLACK
6
CONTINUOUS
10
0.9014057086614173
20
1.5021044881889762
11
0.9024427165354331
21
1.4986859055118109
0
LINE
8
BLACK
6
CONTINUOUS
10
0.9024427165354331
20
1.4986859055118109
11
0.9058993307086614
21
1.4922190551181103
0
LINE
8
BLACK
6
CONTINUOUS
10
0.9058993307086614
20
1.4922190551181103
11
0.9105510236220472
21
1.4865510236220472
0
LINE
8
BLACK
6
CONTINUOUS
10
0.9105510236220472
20
1.4865510236220472
11
0.9162190551181102
21
1.4818993307086614
0
LINE
8
BLACK
6
CONTINUOUS
10
0.9162190551181102
20
1.4818993307086614
11
0.922685905511811
21
1.478442716535433
0
LINE
8
BLACK
6
CONTINUOUS
10
0.922685905511811
20
1.478442716535433
11
0.9297027559055118
21
1.4763141732283465
0
LINE
8
BLACK
6
CONTINUOUS
10
0.9297027559055118
20
1.4763141732283465
11
0.9297028346456693
21
1.4763141338582677
0
LINE
8
BLACK
6
CONTINUOUS
10
0.9297028346456693
20
1.4763141338582677
11
0.9297030708661417
21
1.476314094488189
0
LINE
8
BLACK
6
CONTINUOUS
10
0.9297030708661417
20
1.476314094488189
11
0.9369998818897638
21
1.4755954724409448
0
LINE
8
BLACK
6
CONTINUOUS
10
0.9369998818897638
20
1.4755954724409448
11
0.9369999999999999
21
1.4755954724409448
0
LINE
8
BLACK
6
CONTINUOUS
10
0.9369999999999999
20
1.4755954724409448
11
0.9370001181102362
21
1.4755954724409448
0
LINE
8
BLACK
6
CONTINUOUS
10
0.9370001181102362
20
1.4755954724409448
11
0.9442968897637795
21
1.476314094488189
0
LINE
8
BLACK
6
CONTINUOUS
10
0.9442968897637795
20
1.476314094488189
11
0.9442970866141732
21
1.4763141338582677
0
LINE
8
BLACK
6
CONTINUOUS
10
0.9442970866141732
20
1.4763141338582677
11
0.9442972440944881
21
1.4763141732283465
0
LINE
8
BLACK
6
CONTINUOUS
10
0.9442972440944881
20
1.4763141732283465
11
0.9513140944881889
21
1.478442716535433
0
LINE
8
BLACK
6
CONTINUOUS
10
0.9513140944881889
20
1.478442716535433
11
0.9577808267716535
21
1.4818992913385827
0
LINE
8
BLACK
6
CONTINUOUS
10
0.9577808267716535
20
1.4818992913385827
11
0.9607003543307087
21
1.4842952755905512
0
LINE
8
BLACK
6
CONTINUOUS
10
0.9607003543307087
20
1.4842952755905512
11
0.9632730708661417
21
1.4853879133858268
0
LINE
8
BLACK
6
CONTINUOUS
10
0.9632730708661417
20
1.4853879133858268
11
0.9638473228346457
21
1.4854212598425196
0
LINE
8
BLACK
6
CONTINUOUS
10
0.9638473228346457
20
1.4854212598425196
11
1.3174085433070866
21
1.4854212598425196
0
LINE
8
BLACK
6
CONTINUOUS
10
1.3174085433070866
20
1.4854212598425196
11
1.3200904724409448
21
1.484633779527559
0
LINE
8
BLACK
6
CONTINUOUS
10
1.3200904724409448
20
1.484633779527559
11
1.3219209055118111
21
1.4825213385826772
0
LINE
8
BLACK
6
CONTINUOUS
10
1.3219209055118111
20
1.4825213385826772
11
1.3223452755905512
21
1.4809468503937007
0
LINE
8
BLACK
6
CONTINUOUS
10
1.3223452755905512
20
1.4809468503937007
11
1.3230013779527559
21
1.4742849212598426
0
LINE
8
BLACK
6
CONTINUOUS
10
1.3230013779527559
20
1.4742849212598426
11
1.3251299999999999
21
1.4672677559055118
0
LINE
8
BLACK
6
CONTINUOUS
10
1.3251299999999999
20
1.4672677559055118
11
1.3285866141732283
21
1.4608009448818897
0
LINE
8
BLACK
6
CONTINUOUS
10
1.3285866141732283
20
1.4608009448818897
11
1.3309825590551181
21
1.457881496062992
0
LINE
8
BLACK
6
CONTINUOUS
10
1.3309825590551181
20
1.457881496062992
11
1.3320751968503937
21
1.455308779527559
0
LINE
8
BLACK
6
CONTINUOUS
10
1.3320751968503937
20
1.455308779527559
11
1.3321085433070865
21
1.4547345275590551
0
LINE
8
BLACK
6
CONTINUOUS
10
1.3321085433070865
20
1.4547345275590551
11
1.3321085433070865
21
1.4540888188976377
0
LINE
8
BLACK
6
CONTINUOUS
10
1.3321085433070865
20
1.4540888188976377
11
1.3331683858267716
21
1.4487608267716534
0
LINE
8
BLACK
6
CONTINUOUS
10
1.3331683858267716
20
1.4487608267716534
11
1.3331684251968503
21
1.4487607086614174
0
LINE
8
BLACK
6
CONTINUOUS
10
1.3331684251968503
20
1.4487607086614174
11
1.3352473228346455
21
1.4437418503937007
0
LINE
8
BLACK
6
CONTINUOUS
10
1.3352473228346455
20
1.4437418503937007
11
1.3382654330708661
21
1.4392248818897637
0
LINE
8
BLACK
6
CONTINUOUS
10
1.3382654330708661
20
1.4392248818897637
11
1.3382656299212599
21
1.4392246456692912
0
LINE
8
BLACK
6
CONTINUOUS
10
1.3382656299212599
20
1.4392246456692912
11
1.425968307086614
21
1.3515220078740158
0
LINE
8
BLACK
6
CONTINUOUS
10
1.425968307086614
20
1.3515220078740158
11
1.4273079133858266
21
1.3490687795275591
0
LINE
8
BLACK
6
CONTINUOUS
10
1.4273079133858266
20
1.3490687795275591
11
1.4274212598425196
21
1.3480143307086614
0
LINE
8
BLACK
6
CONTINUOUS
10
1.4274212598425196
20
1.3480143307086614
11
1.4274212598425196
21
1.2598
0
LINE
8
BLACK
6
CONTINUOUS
10
1.4274212598425196
20
1.2598
11
1.426633779527559
21
1.2571180708661418
0
LINE
8
BLACK
6
CONTINUOUS
10
1.426633779527559
20
1.2571180708661418
11
1.4262954330708661
21
1.2566532677165354
0
LINE
8
BLACK
6
CONTINUOUS
10
1.4262954330708661
20
1.2566532677165354
11
1.4247035433070865
21
1.2547135826771654
0
LINE
8
BLACK
6
CONTINUOUS
10
1.4247035433070865
20
1.2547135826771654
11
1.4238992125984251
21
1.2537335039370079
0
LINE
8
BLACK
6
CONTINUOUS
10
1.4238992125984251
20
1.2537335039370079
11
1.420442716535433
21
1.2472668897637795
0
LINE
8
BLACK
6
CONTINUOUS
10
1.420442716535433
20
1.2472668897637795
11
1.420442716535433
21
1.2472668503937008
0
LINE
8
BLACK
6
CONTINUOUS
10
1.420442716535433
20
1.2472668503937008
11
1.4183141732283464
21
1.2402500000000001
0
LINE
8
BLACK
6
CONTINUOUS
10
1.4183141732283464
20
1.2402500000000001
11
1.4183141338582677
21
1.2402498425196851
0
LINE
8
BLACK
6
CONTINUOUS
10
1.4183141338582677
20
1.2402498425196851
11
1.4183140944881889
21
1.2402496456692913
0
LINE
8
BLACK
6
CONTINUOUS
10
1.4183140944881889
20
1.2402496456692913
11
1.4175954724409447
21
1.232952874015748
0
LINE
8
BLACK
6
CONTINUOUS
10
1.4175954724409447
20
1.232952874015748
11
1.4175954724409447
21
1.2329525984251968
0
LINE
8
BLACK
6
CONTINUOUS
10
1.4175954724409447
20
1.2329525984251968
11
1.4183140944881889
21
1.2256558267716535
0
LINE
8
BLACK
6
CONTINUOUS
10
1.4183140944881889
20
1.2256558267716535
11
1.420442716535433
21
1.2186385826771653
0
LINE
8
BLACK
6
CONTINUOUS
10
1.420442716535433
20
1.2186385826771653
11
1.423883937007874
21
1.2122006299212598
0
LINE
8
BLACK
6
CONTINUOUS
10
1.423883937007874
20
1.2122006299212598
11
1.4244537007874016
21
1.2094641732283464
0
LINE
8
BLACK
6
CONTINUOUS
10
1.4244537007874016
20
1.2094641732283464
11
1.4234535433070865
21
1.2068540944881889
0
LINE
8
BLACK
6
CONTINUOUS
10
1.4234535433070865
20
1.2068540944881889
11
1.4212010629921259
21
1.2051990551181102
0
LINE
8
BLACK
6
CONTINUOUS
10
1.4212010629921259
20
1.2051990551181102
11
1.4195090551181102
21
1.2049015748031495
0
LINE
8
BLACK
6
CONTINUOUS
10
1.4195090551181102
20
1.2049015748031495
11
0.8620543307086614
21
1.2049015748031495
0
LINE
8
BLACK
6
CONTINUOUS
10
0.8620543307086614
20
1.2049015748031495
11
0.8620541338582677
21
1.2049015354330708
0
LINE
8
BLACK
6
CONTINUOUS
10
0.8620541338582677
20
1.2049015354330708
11
0.8599276771653543
21
1.2047875984251968
0
LINE
8
BLACK
6
CONTINUOUS
10
0.8599276771653543
20
1.2047875984251968
11
0.8599271259842519
21
1.2047875196850393
0
LINE
8
BLACK
6
CONTINUOUS
10
0.8599271259842519
20
1.2047875196850393
11
0.8599267716535433
21
1.2047875196850393
0
LINE
8
BLACK
6
CONTINUOUS
10
0.8599267716535433
20
1.2047875196850393
11
0.8590177952755905
21
1.2046897637795275
0
LINE
8
BLACK
6
CONTINUOUS
10
0.8590177952755905
20
1.2046897637795275
11
0.8588732283464566
21
1.2046742519685039
0
LINE
8
BLACK
6
CONTINUOUS
10
0.8588732283464566
20
1.2046742519685039
11
0.8567696456692914
21
1.204333346456693
0
LINE
8
BLACK
6
CONTINUOUS
10
0.8567696456692914
20
1.204333346456693
11
0.8514622440944881
21
1.2023537401574802
0
LINE
8
BLACK
6
CONTINUOUS
10
0.8514622440944881
20
1.2023537401574802
11
0.8490090157480314
21
1.2010141338582676
0
LINE
8
BLACK
6
CONTINUOUS
10
0.8490090157480314
20
1.2010141338582676
11
0.8444744881889764
21
1.1976195669291338
0
LINE
8
BLACK
6
CONTINUOUS
10
0.8444744881889764
20
1.1976195669291338
11
0.8444742913385826
21
1.1976193700787401
0
LINE
8
BLACK
6
CONTINUOUS
10
0.8444742913385826
20
1.1976193700787401
11
0.8444741732283464
21
1.1976192913385826
0
LINE
8
BLACK
6
CONTINUOUS
10
0.8444741732283464
20
1.1976192913385826
11
0.5832094881889763
21
0.9363545275590551
0
LINE
8
BLACK
6
CONTINUOUS
10
0.5832094881889763
20
0.9363545275590551
11
0.5807562598425197
21
0.9350149212598425
0
LINE
8
BLACK
6
CONTINUOUS
10
0.5807562598425197
20
0.9350149212598425
11
0.5797018110236221
21
0.9349015748031496
0
LINE
8
BLACK
6
CONTINUOUS
10
0.5797018110236221
20
0.9349015748031496
11
0.0948277952755905
21
0.9349015748031496
0
LINE
8
BLACK
6
CONTINUOUS
10
0.0948277952755905
20
0.9349015748031496
11
0.0948277952755905
21
0.9349598818897638
0
LINE
8
BLACK
6
CONTINUOUS
10
0.0948277952755905
20
0.9349598818897638
11
0.0923334645669291
21
0.9355474015748031
0
LINE
8
BLACK
6
CONTINUOUS
10
0.0923334645669291
20
0.9355474015748031
11
0.0903911417322835
21
0.9375574015748032
0
LINE
8
BLACK
6
CONTINUOUS
10
0.0903911417322835
20
0.9375574015748032
11
0.0898244094488189
21
0.9398598818897638
0
LINE
8
BLACK
6
CONTINUOUS
10
0.0898244094488189
20
0.9398598818897638
11
0.0898244094488189
21
1.3001264173228346
0
LINE
8
BLACK
6
CONTINUOUS
10
0.0898244094488189
20
1.3001264173228346
11
0.0906118897637795
21
1.3028083464566929
0
LINE
8
BLACK
6
CONTINUOUS
10
0.0906118897637795
20
1.3028083464566929
11
0.0912773622047244
21
1.303634094488189
0
LINE
8
BLACK
6
CONTINUOUS
10
0.0912773622047244
20
1.303634094488189
11
0.1376433858267717
21
1.3500001181102361
0
LINE
8
BLACK
6
CONTINUOUS
10
0.1376433858267717
20
1.3500001181102361
11
0.2017485433070866
21
1.4141052755905512
0
LINE
8
BLACK
6
CONTINUOUS
10
0.2017485433070866
20
1.4141052755905512
11
0.2017487401574803
21
1.4141054724409448
0
LINE
8
BLACK
6
CONTINUOUS
10
0.2017487401574803
20
1.4141054724409448
11
0.2058224803149606
21
1.4202022834645669
0
LINE
8
BLACK
6
CONTINUOUS
10
0.2058224803149606
20
1.4202022834645669
11
0.2086285433070866
21
1.4269766929133858
0
LINE
8
BLACK
6
CONTINUOUS
10
0.2086285433070866
20
1.4269766929133858
11
0.2100590551181102
21
1.4341683464566928
0
LINE
8
BLACK
6
CONTINUOUS
10
0.2100590551181102
20
1.4341683464566928
11
0.2100590551181102
21
1.4415009448818896
0
LINE
8
BLACK
6
CONTINUOUS
10
0.2100590551181102
20
1.4415009448818896
11
0.2100590551181102
21
1.491515748031496
0
LINE
8
BLACK
6
CONTINUOUS
10
0.2100590551181102
20
1.491515748031496
11
0.2108465354330709
21
1.4941976771653542
0
LINE
8
BLACK
6
CONTINUOUS
10
0.2108465354330709
20
1.4941976771653542
11
0.2129589763779527
21
1.4960281102362205
0
LINE
8
BLACK
6
CONTINUOUS
10
0.2129589763779527
20
1.4960281102362205
11
0.2150196850393701
21
1.4964763779527559
0
LINE
8
BLACK
6
CONTINUOUS
10
0.2150196850393701
20
1.4964763779527559
11
0.2509592125984252
21
1.4964763779527559
0
LINE
8
BLACK
6
CONTINUOUS
10
0.2509592125984252
20
1.4964763779527559
11
0.2509600393700787
21
1.4964764566929134
0
LINE
8
BLACK
6
CONTINUOUS
10
0.2509600393700787
20
1.4964764566929134
11
0.2533062992125984
21
1.4967286614173227
0
LINE
8
BLACK
6
CONTINUOUS
10
0.2533062992125984
20
1.4967286614173227
11
0.2533063385826771
21
1.4967286614173227
0
LINE
8
BLACK
6
CONTINUOUS
10
0.2533063385826771
20
1.4967286614173227
11
0.2586151968503937
21
1.4987087007874016
0
LINE
8
BLACK
6
CONTINUOUS
10
0.2586151968503937
20
1.4987087007874016
11
0.2586153149606299
21
1.4987087795275591
0
LINE
8
BLACK
6
CONTINUOUS
10
0.2586153149606299
20
1.4987087795275591
11
0.2586153937007874
21
1.4987088188976379
0
LINE
8
BLACK
6
CONTINUOUS
10
0.2586153937007874
20
1.4987088188976379
11
0.2601216929133858
21
1.4998364173228347
0
LINE
8
BLACK
6
CONTINUOUS
10
0.2601216929133858
20
1.4998364173228347
11
0.2631514173228346
21
1.5021044488188977
0
LINE
8
BLACK
6
CONTINUOUS
10
0.2631514173228346
20
1.5021044488188977
11
0.2658453149606299
21
1.5057030708661416
0
LINE
8
BLACK
6
CONTINUOUS
10
0.2658453149606299
20
1.5057030708661416
11
0.2665470866141732
21
1.5066405118110235
0
LINE
8
BLACK
6
CONTINUOUS
10
0.2665470866141732
20
1.5066405118110235
11
0.2665470866141732
21
1.506640590551181
0
LINE
8
BLACK
6
CONTINUOUS
10
0.2665470866141732
20
1.506640590551181
11
0.2665471653543307
21
1.5066406692913386
0
LINE
8
BLACK
6
CONTINUOUS
10
0.2665471653543307
20
1.5066406692913386
11
0.2685271653543307
21
1.5119494094488188
0
LINE
8
BLACK
6
CONTINUOUS
10
0.2685271653543307
20
1.5119494094488188
11
0.2685272047244094
21
1.5119494881889763
0
LINE
8
BLACK
6
CONTINUOUS
10
0.2685272047244094
20
1.5119494881889763
11
0.2687795275590551
21
1.5142963385826771
0
LINE
8
BLACK
6
CONTINUOUS
10
0.2687795275590551
20
1.5142963385826771
11
0.2687794881889763
21
1.6755461417322834
0
LINE
8
BLACK
6
CONTINUOUS
10
0.2687794881889763
20
1.6755461417322834
11
0.2685272047244094
21
1.6778930314960629
0
LINE
8
BLACK
6
CONTINUOUS
10
0.2685272047244094
20
1.6778930314960629
11
0.2665470866141732
21
1.6832020078740157
0
LINE
8
BLACK
6
CONTINUOUS
10
0.2665470866141732
20
1.6832020078740157
11
0.2631514173228346
21
1.6877380314960631
0
LINE
8
BLACK
6
CONTINUOUS
10
0.2631514173228346
20
1.6877380314960631
11
0.2586153937007874
21
1.6911337007874014
0
LINE
8
BLACK
6
CONTINUOUS
10
0.2586153937007874
20
1.6911337007874014
11
0.2533064173228347
21
1.6931138188976378
0
LINE
8
BLACK
6
CONTINUOUS
10
0.2533064173228347
20
1.6931138188976378
11
0.2509595669291338
21
1.6933661417322834
0
LINE
8
BLACK
6
CONTINUOUS
10
0.2509595669291338
20
1.6933661417322834
11
0.0897097637795276
21
1.6933661023622046
0
LINE
8
BLACK
6
CONTINUOUS
10
0.0897097637795276
20
1.6933661023622046
11
0.087362874015748
21
1.6931138188976378
0
LINE
8
BLACK
6
CONTINUOUS
10
0.087362874015748
20
1.6931138188976378
11
0.0851155511811024
21
1.692275590551181
0
LINE
8
BLACK
6
CONTINUOUS
10
0.0851155511811024
20
1.692275590551181
11
0.0820540551181102
21
1.6911337795275589
0
LINE
8
BLACK
6
CONTINUOUS
10
0.0820540551181102
20
1.6911337795275589
11
0.0820539763779528
21
1.6911337007874014
0
LINE
8
BLACK
6
CONTINUOUS
10
0.0820539763779528
20
1.6911337007874014
11
0.0820538976377953
21
1.6911337007874014
0
LINE
8
BLACK
6
CONTINUOUS
10
0.0820538976377953
20
1.6911337007874014
11
0.0798903937007874
21
1.689514094488189
0
LINE
8
BLACK
6
CONTINUOUS
10
0.0798903937007874
20
1.689514094488189
11
0.0775178346456693
21
1.6877380314960631
0
LINE
8
BLACK
6
CONTINUOUS
10
0.0775178346456693
20
1.6877380314960631
11
0.0741221653543307
21
1.6832019291338582
0
LINE
8
BLACK
6
CONTINUOUS
10
0.0741221653543307
20
1.6832019291338582
11
0.0741220866141732
21
1.683201811023622
0
LINE
8
BLACK
6
CONTINUOUS
10
0.0741220866141732
20
1.683201811023622
11
0.0721420866141732
21
1.6778930708661417
0
LINE
8
BLACK
6
CONTINUOUS
10
0.0721420866141732
20
1.6778930708661417
11
0.0718897637795276
21
1.675546377952756
0
LINE
8
BLACK
6
CONTINUOUS
10
0.0718897637795276
20
1.675546377952756
11
0.0718897637795276
21
1.5142966535433071
0
LINE
8
BLACK
6
CONTINUOUS
10
0.0718897637795276
20
1.5142966535433071
11
0.071889842519685
21
1.5142958267716535
0
LINE
8
BLACK
6
CONTINUOUS
10
0.071889842519685
20
1.5142958267716535
11
0.0721420472440945
21
1.5119495669291338
0
LINE
8
BLACK
6
CONTINUOUS
10
0.0721420472440945
20
1.5119495669291338
11
0.0721420472440945
21
1.5119495275590551
0
LINE
8
BLACK
6
CONTINUOUS
10
0.0721420472440945
20
1.5119495275590551
11
0.0741220866141732
21
1.5066406692913386
0
LINE
8
BLACK
6
CONTINUOUS
10
0.0741220866141732
20
1.5066406692913386
11
0.0741221653543307
21
1.5066405511811023
0
LINE
8
BLACK
6
CONTINUOUS
10
0.0741221653543307
20
1.5066405511811023
11
0.0775178346456693
21
1.5021044488188977
0
LINE
8
BLACK
6
CONTINUOUS
10
0.0775178346456693
20
1.5021044488188977
11
0.082053937007874
21
1.4987087795275591
0
LINE
8
BLACK
6
CONTINUOUS
10
0.082053937007874
20
1.4987087795275591
11
0.0820540551181102
21
1.4987087007874016
0
LINE
8
BLACK
6
CONTINUOUS
10
0.0820540551181102
20
1.4987087007874016
11
0.0873628346456693
21
1.4967287007874015
0
LINE
8
BLACK
6
CONTINUOUS
10
0.0873628346456693
20
1.4967287007874015
11
0.0873627165354331
21
1.4967287007874015
0
LINE
8
BLACK
6
CONTINUOUS
10
0.0873627165354331
20
1.4967287007874015
11
0.0897094881889764
21
1.4964763779527559
0
LINE
8
BLACK
6
CONTINUOUS
10
0.0897094881889764
20
1.4964763779527559
11
0.0897097244094488
21
1.4964763779527559
0
LINE
8
BLACK
6
CONTINUOUS
10
0.0897097244094488
20
1.4964763779527559
11
0.1306496062992126
21
1.4964763779527559
0
LINE
8
BLACK
6
CONTINUOUS
10
0.1306496062992126
20
1.4964763779527559
11
0.1333315354330709
21
1.4956888976377953
0
LINE
8
BLACK
6
CONTINUOUS
10
0.1333315354330709
20
1.4956888976377953
11
0.135161968503937
21
1.4935764566929133
0
LINE
8
BLACK
6
CONTINUOUS
10
0.135161968503937
20
1.4935764566929133
11
0.1356102362204724
21
1.491515748031496
0
LINE
8
BLACK
6
CONTINUOUS
10
0.1356102362204724
20
1.491515748031496
11
0.1356102362204724
21
1.4553082283464567
0
LINE
8
BLACK
6
CONTINUOUS
10
0.1356102362204724
20
1.4553082283464567
11
0.1348227559055118
21
1.4526262992125984
0
LINE
8
BLACK
6
CONTINUOUS
10
0.1348227559055118
20
1.4526262992125984
11
0.1341572834645669
21
1.4518005511811023
0
LINE
8
BLACK
6
CONTINUOUS
10
0.1341572834645669
20
1.4518005511811023
11
0.0958944881889764
21
1.4135377559055118
0
LINE
8
BLACK
6
CONTINUOUS
10
0.0958944881889764
20
1.4135377559055118
11
0.1
21
1.4135433070866141
0
LINE
8
BLACK
6
CONTINUOUS
10
0.1
20
1.4135433070866141
11
0.1006912598425197
21
1.4134752362204723
0
LINE
8
BLACK
6
CONTINUOUS
10
0.1006912598425197
20
1.4134752362204723
11
0.1019685433070866
21
1.4129461417322835
0
LINE
8
BLACK
6
CONTINUOUS
10
0.1019685433070866
20
1.4129461417322835
11
0.1029461417322835
21
1.4119685433070865
0
LINE
8
BLACK
6
CONTINUOUS
10
0.1029461417322835
20
1.4119685433070865
11
0.1034752362204724
21
1.4106912598425196
0
LINE
8
BLACK
6
CONTINUOUS
10
0.1034752362204724
20
1.4106912598425196
11
0.1034752362204724
21
1.4093087401574802
0
LINE
8
BLACK
6
CONTINUOUS
10
0.1034752362204724
20
1.4093087401574802
11
0.1029461417322835
21
1.4080314566929133
0
LINE
8
BLACK
6
CONTINUOUS
10
0.1029461417322835
20
1.4080314566929133
11
0.1019685433070866
21
1.4070538582677166
0
LINE
8
BLACK
6
CONTINUOUS
10
0.1019685433070866
20
1.4070538582677166
11
0.1006912598425197
21
1.4065247637795275
0
LINE
8
BLACK
6
CONTINUOUS
10
0.1006912598425197
20
1.4065247637795275
11
0.0888655905511811
21
1.4065088582677165
0
LINE
8
BLACK
6
CONTINUOUS
10
0.0888655905511811
20
1.4065088582677165
11
0.0288708267716535
21
1.346514094488189
0
LINE
8
BLACK
6
CONTINUOUS
10
0.0288708267716535
20
1.346514094488189
11
0.023685905511811
21
1.3413291732283463
0
LINE
8
BLACK
6
CONTINUOUS
10
0.023685905511811
20
1.3413291732283463
11
0.0196121653543307
21
1.3352323622047244
0
LINE
8
BLACK
6
CONTINUOUS
10
0.0196121653543307
20
1.3352323622047244
11
0.019612125984252
21
1.3352322440944882
0
LINE
8
BLACK
6
CONTINUOUS
10
0.019612125984252
20
1.3352322440944882
11
0.0194986220472441
21
1.3350624015748032
0
LINE
8
BLACK
6
CONTINUOUS
10
0.0194986220472441
20
1.3350624015748032
11
0.0173538582677165
21
1.3332699606299212
0
LINE
8
BLACK
6
CONTINUOUS
10
0.0173538582677165
20
1.3332699606299212
11
0.0145805118110236
21
1.3329216141732283
0
LINE
8
BLACK
6
CONTINUOUS
10
0.0145805118110236
20
1.3329216141732283
11
0.012059094488189
21
1.3341279527559056
0
LINE
8
BLACK
6
CONTINUOUS
10
0.012059094488189
20
1.3341279527559056
11
0.010590157480315
21
1.3365059842519684
0
LINE
8
BLACK
6
CONTINUOUS
10
0.010590157480315
20
1.3365059842519684
11
0.0104133858267717
21
1.3378183858267716
0
LINE
8
BLACK
6
CONTINUOUS
10
0.0104133858267717
20
1.3378183858267716
11
0.0104133858267717
21
1.7810001181102362
0
LINE
8
BLACK
6
CONTINUOUS
10
0.0104133858267717
20
1.7810001181102362
11
0.0104133858267717
21
2.200000118110236
0
LINE
8
BLACK
6
CONTINUOUS
10
0.0104133858267717
20
2.200000118110236
11
0.0104133858267717
21
2.3846259842519686
0
LINE
8
BLACK
6
CONTINUOUS
10
0.0104133858267717
20
2.3846259842519686
11
0.0112008661417323
21
2.3873079133858268
0
LINE
8
BLACK
6
CONTINUOUS
10
0.0112008661417323
20
2.3873079133858268
11
0.0133133070866142
21
2.3891383464566927
0
LINE
8
BLACK
6
CONTINUOUS
10
0.0133133070866142
20
2.3891383464566927
11
0.0153740157480315
21
2.3895866141732283
0
LINE
8
BLACK
6
CONTINUOUS
10
0.0153740157480315
20
2.3895866141732283
11
3.1846259842519684
21
2.3895866141732283
0
LINE
8
BLACK
6
CONTINUOUS
10
3.1846259842519684
20
2.3895866141732283
11
3.1873079133858266
21
2.3887991338582677
0
LINE
8
BLACK
6
CONTINUOUS
10
1.5709646062992126
20
0.28
11
1.5800000000000001
21
0.28
0
LINE
8
BLACK
6
CONTINUOUS
10
1.5800000000000001
20
0.28
11
1.5800000000000001
21
0.22
0
LINE
8
BLACK
6
CONTINUOUS
10
1.5800000000000001
20
0.22
11
1.5709646062992126
21
0.22
0
LINE
8
BLACK
6
CONTINUOUS
10
1.5709646062992126
20
0.22
11
1.5709646062992126
21
0.18
0
LINE
8
BLACK
6
CONTINUOUS
10
1.5709646062992126
20
0.18
11
1.5800000000000001
21
0.18
0
LINE
8
BLACK
6
CONTINUOUS
10
1.5800000000000001
20
0.18
11
1.5800000000000001
21
0.12
0
LINE
8
BLACK
6
CONTINUOUS
10
1.5800000000000001
20
0.12
11
1.5709646062992126
21
0.12
0
LINE
8
BLACK
6
CONTINUOUS
10
1.5709646062992126
20
0.12
11
1.5709646062992126
21
0.1194155118110236
0
LINE
8
BLACK
6
CONTINUOUS
10
1.5709646062992126
20
0.1194155118110236
11
1.572175748031496
21
0.113326811023622
0
LINE
8
BLACK
6
CONTINUOUS
10
1.572175748031496
20
0.113326811023622
11
1.5721758267716535
21
0.1133266141732283
0
LINE
8
BLACK
6
CONTINUOUS
10
1.5721758267716535
20
0.1133266141732283
11
1.5745514566929133
21
0.1075912992125984
0
LINE
8
BLACK
6
CONTINUOUS
10
1.5745514566929133
20
0.1075912992125984
11
1.5780003543307086
21
0.1024296850393701
0
LINE
8
BLACK
6
CONTINUOUS
10
1.5780003543307086
20
0.1024296850393701
11
1.5780003937007874
21
0.1024296062992126
0
LINE
8
BLACK
6
CONTINUOUS
10
1.5780003937007874
20
0.1024296062992126
11
1.5890004724409448
21
0.0914295275590551
0
LINE
8
BLACK
6
CONTINUOUS
10
1.5890004724409448
20
0.0914295275590551
11
1.5936911417322834
21
0.0867388188976378
0
LINE
8
BLACK
6
CONTINUOUS
10
1.5936911417322834
20
0.0867388188976378
11
1.594930433070866
21
0.0846711417322835
0
LINE
8
BLACK
6
CONTINUOUS
10
1.594930433070866
20
0.0846711417322835
11
1.5964426771653544
21
0.0796859842519685
0
LINE
8
BLACK
6
CONTINUOUS
10
1.5964426771653544
20
0.0796859842519685
11
1.5998993307086613
21
0.0732190551181102
0
LINE
8
BLACK
6
CONTINUOUS
10
1.5998993307086613
20
0.0732190551181102
11
1.6045510236220473
21
0.0675510236220472
0
LINE
8
BLACK
6
CONTINUOUS
10
1.6045510236220473
20
0.0675510236220472
11
1.6102190551181101
21
0.0628993307086614
0
LINE
8
BLACK
6
CONTINUOUS
10
1.6102190551181101
20
0.0628993307086614
11
1.616685905511811
21
0.0594427165354331
0
LINE
8
BLACK
6
CONTINUOUS
10
1.616685905511811
20
0.0594427165354331
11
1.6237027559055117
21
0.0573141732283465
0
LINE
8
BLACK
6
CONTINUOUS
10
1.6237027559055117
20
0.0573141732283465
11
1.6237028346456692
21
0.0573141338582677
0
LINE
8
BLACK
6
CONTINUOUS
10
1.6237028346456692
20
0.0573141338582677
11
1.6237030708661417
21
0.057314094488189
0
LINE
8
BLACK
6
CONTINUOUS
10
1.6237030708661417
20
0.057314094488189
11
1.6309998818897637
21
0.0565954724409449
0
LINE
8
BLACK
6
CONTINUOUS
10
1.6309998818897637
20
0.0565954724409449
11
1.631
21
0.0565954724409449
0
LINE
8
BLACK
6
CONTINUOUS
10
1.631
20
0.0565954724409449
11
1.6310001181102363
21
0.0565954724409449
0
LINE
8
BLACK
6
CONTINUOUS
10
1.6310001181102363
20
0.0565954724409449
11
1.6382968897637795
21
0.057314094488189
0
LINE
8
BLACK
6
CONTINUOUS
10
1.6382968897637795
20
0.057314094488189
11
1.6382970866141733
21
0.0573141338582677
0
LINE
8
BLACK
6
CONTINUOUS
10
1.6382970866141733
20
0.0573141338582677
11
1.6382972440944881
21
0.0573141732283465
0
LINE
8
BLACK
6
CONTINUOUS
10
1.6382972440944881
20
0.0573141732283465
11
1.645314094488189
21
0.0594427165354331
0
LINE
8
BLACK
6
CONTINUOUS
10
1.645314094488189
20
0.0594427165354331
11
1.6517808267716536
21
0.0628992913385827
0
LINE
8
BLACK
6
CONTINUOUS
10
1.6517808267716536
20
0.0628992913385827
11
1.6517809055118109
21
0.0628993307086614
0
LINE
8
BLACK
6
CONTINUOUS
10
1.6517809055118109
20
0.0628993307086614
11
1.6542673228346456
21
0.0649398818897638
0
LINE
8
BLACK
6
CONTINUOUS
10
1.6542673228346456
20
0.0649398818897638
11
1.6574489763779527
21
0.0675510236220472
0
LINE
8
BLACK
6
CONTINUOUS
10
1.6574489763779527
20
0.0675510236220472
11
1.6621007086614172
21
0.0732191732283465
0
LINE
8
BLACK
6
CONTINUOUS
10
1.6621007086614172
20
0.0732191732283465
11
1.6655572834645669
21
0.079685905511811
0
LINE
8
BLACK
6
CONTINUOUS
10
1.6655572834645669
20
0.079685905511811
11
1.6676858267716534
21
0.0867027559055118
0
LINE
8
BLACK
6
CONTINUOUS
10
1.6676858267716534
20
0.0867027559055118
11
1.6678624803149606
21
0.0884963779527559
0
LINE
8
BLACK
6
CONTINUOUS
10
1.6678624803149606
20
0.0884963779527559
11
1.6684045275590551
21
0.093999842519685
0
LINE
8
BLACK
6
CONTINUOUS
10
1.6684045275590551
20
0.093999842519685
11
1.6684045275590551
21
0.0940001181102362
0
LINE
8
BLACK
6
CONTINUOUS
10
1.6684045275590551
20
0.0940001181102362
11
1.6676858661417322
21
0.1012968897637795
0
LINE
8
BLACK
6
CONTINUOUS
10
1.6676858661417322
20
0.1012968897637795
11
1.6676858267716534
21
0.1012968897637795
0
LINE
8
BLACK
6
CONTINUOUS
10
1.6676858267716534
20
0.1012968897637795
11
1.6676858267716534
21
0.1012972440944882
0
LINE
8
BLACK
6
CONTINUOUS
10
1.6676858267716534
20
0.1012972440944882
11
1.6655572834645669
21
0.108314094488189
0
LINE
8
BLACK
6
CONTINUOUS
10
1.6655572834645669
20
0.108314094488189
11
1.6621007086614172
21
0.1147808267716535
0
LINE
8
BLACK
6
CONTINUOUS
10
1.6621007086614172
20
0.1147808267716535
11
1.6574489763779527
21
0.1204489763779528
0
LINE
8
BLACK
6
CONTINUOUS
10
1.6574489763779527
20
0.1204489763779528
11
1.6517808267716536
21
0.1251007086614173
0
LINE
8
BLACK
6
CONTINUOUS
10
1.6517808267716536
20
0.1251007086614173
11
1.645314094488189
21
0.1285572834645669
0
LINE
8
BLACK
6
CONTINUOUS
10
1.645314094488189
20
0.1285572834645669
11
1.640328779527559
21
0.1300695275590551
0
LINE
8
BLACK
6
CONTINUOUS
10
1.640328779527559
20
0.1300695275590551
11
1.6382611023622047
21
0.1313088976377953
0
LINE
8
BLACK
6
CONTINUOUS
10
1.6382611023622047
20
0.1313088976377953
11
1.6354490551181102
21
0.1341209448818897
0
LINE
8
BLACK
6
CONTINUOUS
10
1.6354490551181102
20
0.1341209448818897
11
1.6341094488188976
21
0.1365741732283464
0
LINE
8
BLACK
6
CONTINUOUS
10
1.6341094488188976
20
0.1365741732283464
11
1.6339961023622047
21
0.1376286220472441
0
LINE
8
BLACK
6
CONTINUOUS
10
1.6339961023622047
20
0.1376286220472441
11
1.6339961023622047
21
0.1663022834645669
0
LINE
8
BLACK
6
CONTINUOUS
10
1.6339961023622047
20
0.1663022834645669
11
1.6339961023622047
21
0.2000001181102362
0
LINE
8
BLACK
6
CONTINUOUS
10
1.6339961023622047
20
0.2000001181102362
11
1.6339961023622047
21
0.4022994488188976
0
LINE
8
BLACK
6
CONTINUOUS
10
1.6339961023622047
20
0.4022994488188976
11
1.6347835826771653
21
0.4049813779527559
0
LINE
8
BLACK
6
CONTINUOUS
10
1.6347835826771653
20
0.4049813779527559
11
1.6366182677165353
21
0.4066743307086614
0
LINE
8
BLACK
6
CONTINUOUS
10
1.6366182677165353
20
0.4066743307086614
11
1.640780905511811
21
0.4088993307086614
0
LINE
8
BLACK
6
CONTINUOUS
10
1.640780905511811
20
0.4088993307086614
11
1.6432673228346457
21
0.4109398818897638
0
LINE
8
BLACK
6
CONTINUOUS
10
1.6432673228346457
20
0.4109398818897638
11
1.6464489763779526
21
0.4135510236220472
0
LINE
8
BLACK
6
CONTINUOUS
10
1.6464489763779526
20
0.4135510236220472
11
1.6511007086614173
21
0.4192191732283465
0
LINE
8
BLACK
6
CONTINUOUS
10
1.6511007086614173
20
0.4192191732283465
11
1.654557283464567
21
0.425685905511811
0
LINE
8
BLACK
6
CONTINUOUS
10
1.654557283464567
20
0.425685905511811
11
1.6566858267716535
21
0.4327027559055118
0
LINE
8
BLACK
6
CONTINUOUS
10
1.6566858267716535
20
0.4327027559055118
11
1.6567584251968503
21
0.4334398031496063
0
LINE
8
BLACK
6
CONTINUOUS
10
1.6567584251968503
20
0.4334398031496063
11
1.657404527559055
21
0.439999842519685
0
LINE
8
BLACK
6
CONTINUOUS
10
1.657404527559055
20
0.439999842519685
11
1.657404527559055
21
0.4400001181102362
0
LINE
8
BLACK
6
CONTINUOUS
10
1.657404527559055
20
0.4400001181102362
11
1.6566858661417323
21
0.4472968897637795
0
LINE
8
BLACK
6
CONTINUOUS
10
1.6566858661417323
20
0.4472968897637795
11
1.6566858267716535
21
0.4472968897637795
0
LINE
8
BLACK
6
CONTINUOUS
10
1.6566858267716535
20
0.4472968897637795
11
1.6566858267716535
21
0.4472972440944882
0
LINE
8
BLACK
6
CONTINUOUS
10
1.6566858267716535
20
0.4472972440944882
11
1.654557283464567
21
0.454314094488189
0
LINE
8
BLACK
6
CONTINUOUS
10
1.654557283464567
20
0.454314094488189
11
1.6511007086614173
21
0.4607808267716536
0
LINE
8
BLACK
6
CONTINUOUS
10
1.6511007086614173
20
0.4607808267716536
11
1.6464489763779526
21
0.4664489763779527
0
LINE
8
BLACK
6
CONTINUOUS
10
1.6464489763779526
20
0.4664489763779527
11
1.6407808267716535
21
0.4711007086614173
0
LINE
8
BLACK
6
CONTINUOUS
10
1.6407808267716535
20
0.4711007086614173
11
1.6343140944881889
21
0.4745572834645669
0
LINE
8
BLACK
6
CONTINUOUS
10
1.6343140944881889
20
0.4745572834645669
11
1.6272972440944882
21
0.4766858267716536
0
LINE
8
BLACK
6
CONTINUOUS
10
1.6272972440944882
20
0.4766858267716536
11
1.6272968897637794
21
0.4766858267716536
0
LINE
8
BLACK
6
CONTINUOUS
10
1.6272968897637794
20
0.4766858267716536
11
1.6272968897637794
21
0.4766858661417323
0
LINE
8
BLACK
6
CONTINUOUS
10
1.6272968897637794
20
0.4766858661417323
11
1.6200001181102361
21
0.4774045275590551
0
LINE
8
BLACK
6
CONTINUOUS
10
1.6200001181102361
20
0.4774045275590551
11
1.6199998818897638
21
0.4774045275590551
0
LINE
8
BLACK
6
CONTINUOUS
10
1.6199998818897638
20
0.4774045275590551
11
1.6127030708661416
21
0.4766858661417323
0
LINE
8
BLACK
6
CONTINUOUS
10
1.6127030708661416
20
0.4766858661417323
11
1.6127029921259841
21
0.4766858267716536
0
LINE
8
BLACK
6
CONTINUOUS
10
1.6127029921259841
20
0.4766858267716536
11
1.6127027559055118
21
0.4766858267716536
0
LINE
8
BLACK
6
CONTINUOUS
10
1.6127027559055118
20
0.4766858267716536
11
1.6056859055118109
21
0.4745572834645669
0
LINE
8
BLACK
6
CONTINUOUS
10
1.6056859055118109
20
0.4745572834645669
11
1.5992191732283465
21
0.4711007086614173
0
LINE
8
BLACK
6
CONTINUOUS
10
1.5992191732283465
20
0.4711007086614173
11
1.599219094488189
21
0.4711006299212598
0
LINE
8
BLACK
6
CONTINUOUS
10
1.599219094488189
20
0.4711006299212598
11
1.5992190551181102
21
0.4711006299212598
0
LINE
8
BLACK
6
CONTINUOUS
10
1.5992190551181102
20
0.4711006299212598
11
1.5974277952755904
21
0.4696305511811024
0
LINE
8
BLACK
6
CONTINUOUS
10
1.5974277952755904
20
0.4696305511811024
11
1.5935510236220471
21
0.4664489763779527
0
LINE
8
BLACK
6
CONTINUOUS
10
1.5935510236220471
20
0.4664489763779527
11
1.5909398818897638
21
0.4632673228346457
0
LINE
8
BLACK
6
CONTINUOUS
10
1.5909398818897638
20
0.4632673228346457
11
1.5888993307086614
21
0.460780905511811
0
LINE
8
BLACK
6
CONTINUOUS
10
1.5888993307086614
20
0.460780905511811
11
1.5888992913385827
21
0.4607808267716536
0
LINE
8
BLACK
6
CONTINUOUS
10
1.5888992913385827
20
0.4607808267716536
11
1.585442716535433
21
0.454314094488189
0
LINE
8
BLACK
6
CONTINUOUS
10
1.585442716535433
20
0.454314094488189
11
1.5839303543307086
21
0.4493286614173228
0
LINE
8
BLACK
6
CONTINUOUS
10
1.5839303543307086
20
0.4493286614173228
11
1.582691062992126
21
0.447261062992126
0
LINE
8
BLACK
6
CONTINUOUS
10
1.582691062992126
20
0.447261062992126
11
1.5823902362204725
21
0.4469602362204724
0
LINE
8
BLACK
6
CONTINUOUS
10
1.5823902362204725
20
0.4469602362204724
11
1.5780004724409449
21
0.4425704724409449
0
LINE
8
BLACK
6
CONTINUOUS
10
1.5780004724409449
20
0.4425704724409449
11
1.5780003543307086
21
0.4425702755905512
0
LINE
8
BLACK
6
CONTINUOUS
10
1.5780003543307086
20
0.4425702755905512
11
1.5745514566929133
21
0.4374086614173228
0
LINE
8
BLACK
6
CONTINUOUS
10
1.5745514566929133
20
0.4374086614173228
11
1.5721758267716535
21
0.4316733464566929
0
LINE
8
BLACK
6
CONTINUOUS
10
1.5721758267716535
20
0.4316733464566929
11
1.572175748031496
21
0.4316731496062992
0
LINE
8
BLACK
6
CONTINUOUS
10
1.572175748031496
20
0.4316731496062992
11
1.5709646062992126
21
0.4255844488188976
0
LINE
8
BLACK
6
CONTINUOUS
10
1.5709646062992126
20
0.4255844488188976
11
1.5709646062992126
21
0.28
0
LINE
8
BLACK
6
CONTINUOUS
10
0.0423100393700787
20
0.199999842519685
11
0.0430693700787402
21
0.184543779527559
0
LINE
8
BLACK
6
CONTINUOUS
10
0.0430693700787402
20
0.184543779527559
11
0.0430694094488189
21
0.1845432283464567
0
LINE
8
BLACK
6
CONTINUOUS
10
0.0430694094488189
20
0.1845432283464567
11
0.0446396062992126
21
0.1739579133858268
0
LINE
8
BLACK
6
CONTINUOUS
10
0.0446396062992126
20
0.1739579133858268
11
0.04534
21
0.1692362204724409
0
LINE
8
BLACK
6
CONTINUOUS
10
0.04534
20
0.1692362204724409
11
0.0472200393700787
21
0.1617306299212598
0
LINE
8
BLACK
6
CONTINUOUS
10
0.0472200393700787
20
0.1617306299212598
11
0.049100157480315
21
0.1542248031496063
0
LINE
8
BLACK
6
CONTINUOUS
10
0.049100157480315
20
0.1542248031496063
11
0.0543134251968504
21
0.1396547244094488
0
LINE
8
BLACK
6
CONTINUOUS
10
0.0543134251968504
20
0.1396547244094488
11
0.056518937007874
21
0.1349915748031496
0
LINE
8
BLACK
6
CONTINUOUS
10
0.056518937007874
20
0.1349915748031496
11
0.0588468897637795
21
0.1300695275590551
0
LINE
8
BLACK
6
CONTINUOUS
10
0.0588468897637795
20
0.1300695275590551
11
0.0609299606299213
21
0.1256653149606299
0
LINE
8
BLACK
6
CONTINUOUS
10
0.0609299606299213
20
0.1256653149606299
11
0.0688856692913386
21
0.112391968503937
0
LINE
8
BLACK
6
CONTINUOUS
10
0.0688856692913386
20
0.112391968503937
11
0.0781037007874016
21
0.099962874015748
0
LINE
8
BLACK
6
CONTINUOUS
10
0.0781037007874016
20
0.099962874015748
11
0.0884963779527559
21
0.0884963779527559
0
LINE
8
BLACK
6
CONTINUOUS
10
0.0884963779527559
20
0.0884963779527559
11
0.099962874015748
21
0.0781037007874016
0
LINE
8
BLACK
6
CONTINUOUS
10
0.099962874015748
20
0.0781037007874016
11
0.112391968503937
21
0.0688856692913386
0
LINE
8
BLACK
6
CONTINUOUS
10
0.112391968503937
20
0.0688856692913386
11
0.1256653149606299
21
0.0609299606299213
0
LINE
8
BLACK
6
CONTINUOUS
10
0.1256653149606299
20
0.0609299606299213
11
0.1396547244094488
21
0.0543134251968504
0
LINE
8
BLACK
6
CONTINUOUS
10
0.1396547244094488
20
0.0543134251968504
11
0.1542248031496063
21
0.049100157480315
0
LINE
8
BLACK
6
CONTINUOUS
10
0.1542248031496063
20
0.049100157480315
11
0.1617306299212598
21
0.0472200393700787
0
LINE
8
BLACK
6
CONTINUOUS
10
0.1617306299212598
20
0.0472200393700787
11
0.1692362204724409
21
0.04534
0
LINE
8
BLACK
6
CONTINUOUS
10
0.1692362204724409
20
0.04534
11
0.1692363779527559
21
0.0453399606299213
0
LINE
8
BLACK
6
CONTINUOUS
10
0.1692363779527559
20
0.0453399606299213
11
0.1692364566929134
21
0.0453399606299213
0
LINE
8
BLACK
6
CONTINUOUS
10
0.1692364566929134
20
0.0453399606299213
11
0.1845432283464567
21
0.0430694094488189
0
LINE
8
BLACK
6
CONTINUOUS
10
0.1845432283464567
20
0.0430694094488189
11
0.1845435433070866
21
0.0430693700787402
0
LINE
8
BLACK
6
CONTINUOUS
10
0.1845435433070866
20
0.0430693700787402
11
0.1845436614173228
21
0.0430693700787402
0
LINE
8
BLACK
6
CONTINUOUS
10
0.1845436614173228
20
0.0430693700787402
11
0.1911677952755906
21
0.042743937007874
0
LINE
8
BLACK
6
CONTINUOUS
10
0.1911677952755906
20
0.042743937007874
11
0.199999842519685
21
0.0423100393700787
0
LINE
8
BLACK
6
CONTINUOUS
10
0.199999842519685
20
0.0423100393700787
11
0.2
21
0.0423100393700787
0
LINE
8
BLACK
6
CONTINUOUS
10
0.2
20
0.0423100393700787
11
0.200000157480315
21
0.0423100393700787
0
LINE
8
BLACK
6
CONTINUOUS
10
0.200000157480315
20
0.0423100393700787
11
0.2077281496062992
21
0.0426896850393701
0
LINE
8
BLACK
6
CONTINUOUS
10
0.2077281496062992
20
0.0426896850393701
11
0.2154563385826772
21
0.0430693700787402
0
LINE
8
BLACK
6
CONTINUOUS
10
0.2154563385826772
20
0.0430693700787402
11
0.2154564566929134
21
0.0430693700787402
0
LINE
8
BLACK
6
CONTINUOUS
10
0.2154564566929134
20
0.0430693700787402
11
0.2154567322834646
21
0.0430694094488189
0
LINE
8
BLACK
6
CONTINUOUS
10
0.2154567322834646
20
0.0430694094488189
11
0.2307635039370079
21
0.0453399606299213
0
LINE
8
BLACK
6
CONTINUOUS
10
0.2307635039370079
20
0.0453399606299213
11
0.2307637795275591
21
0.04534
0
LINE
8
BLACK
6
CONTINUOUS
10
0.2307637795275591
20
0.04534
11
0.2420076771653543
21
0.0481564566929134
0
LINE
8
BLACK
6
CONTINUOUS
10
0.2420076771653543
20
0.0481564566929134
11
0.2457751574803149
21
0.049100157480315
0
LINE
8
BLACK
6
CONTINUOUS
10
0.2457751574803149
20
0.049100157480315
11
0.2603452362204725
21
0.0543134251968504
0
LINE
8
BLACK
6
CONTINUOUS
10
0.2603452362204725
20
0.0543134251968504
11
0.2603453543307087
21
0.0543134645669291
0
LINE
8
BLACK
6
CONTINUOUS
10
0.2603453543307087
20
0.0543134645669291
11
0.2743345275590551
21
0.0609298818897638
0
LINE
8
BLACK
6
CONTINUOUS
10
0.2743345275590551
20
0.0609298818897638
11
0.2853812598425197
21
0.0675510236220472
0
LINE
8
BLACK
6
CONTINUOUS
10
0.2853812598425197
20
0.0675510236220472
11
0.2876079921259843
21
0.0688856692913386
0
LINE
8
BLACK
6
CONTINUOUS
10
0.2876079921259843
20
0.0688856692913386
11
0.3000370866141732
21
0.0781037007874016
0
LINE
8
BLACK
6
CONTINUOUS
10
0.3000370866141732
20
0.0781037007874016
11
0.3009872834645669
21
0.0789649212598425
0
LINE
8
BLACK
6
CONTINUOUS
10
0.3009872834645669
20
0.0789649212598425
11
0.3115036220472441
21
0.0884963779527559
0
LINE
8
BLACK
6
CONTINUOUS
10
0.3115036220472441
20
0.0884963779527559
11
0.3218959842519685
21
0.0999625590551181
0
LINE
8
BLACK
6
CONTINUOUS
10
0.3218959842519685
20
0.0999625590551181
11
0.3218960236220472
21
0.0999625984251968
0
LINE
8
BLACK
6
CONTINUOUS
10
0.3218960236220472
20
0.0999625984251968
11
0.3218962598425197
21
0.099962874015748
0
LINE
8
BLACK
6
CONTINUOUS
10
0.3218962598425197
20
0.099962874015748
11
0.3311142913385827
21
0.112391968503937
0
LINE
8
BLACK
6
CONTINUOUS
10
0.3311142913385827
20
0.112391968503937
11
0.3325461023622047
21
0.1147808267716535
0
LINE
8
BLACK
6
CONTINUOUS
10
0.3325461023622047
20
0.1147808267716535
11
0.3390701181102362
21
0.1256654724409449
0
LINE
8
BLACK
6
CONTINUOUS
10
0.3390701181102362
20
0.1256654724409449
11
0.3456865354330709
21
0.1396546456692913
0
LINE
8
BLACK
6
CONTINUOUS
10
0.3456865354330709
20
0.1396546456692913
11
0.3508998818897638
21
0.1542250393700787
0
LINE
8
BLACK
6
CONTINUOUS
10
0.3508998818897638
20
0.1542250393700787
11
0.35466
21
0.1692362204724409
0
LINE
8
BLACK
6
CONTINUOUS
10
0.35466
20
0.1692362204724409
11
0.3569306299212598
21
0.1845436614173228
0
LINE
8
BLACK
6
CONTINUOUS
10
0.3569306299212598
20
0.1845436614173228
11
0.3576630708661417
21
0.1994524015748032
0
LINE
8
BLACK
6
CONTINUOUS
10
0.3576630708661417
20
0.1994524015748032
11
0.3576899606299213
21
0.199999842519685
0
LINE
8
BLACK
6
CONTINUOUS
10
0.3576899606299213
20
0.199999842519685
11
0.3576899606299213
21
0.2000001181102362
0
LINE
8
BLACK
6
CONTINUOUS
10
0.3576899606299213
20
0.2000001181102362
11
0.3575176377952756
21
0.2035076771653543
0
LINE
8
BLACK
6
CONTINUOUS
10
0.3575176377952756
20
0.2035076771653543
11
0.3569306299212598
21
0.2154563385826772
0
LINE
8
BLACK
6
CONTINUOUS
10
0.3569306299212598
20
0.2154563385826772
11
0.35466
21
0.2307637795275591
0
LINE
8
BLACK
6
CONTINUOUS
10
0.35466
20
0.2307637795275591
11
0.3508998818897638
21
0.2457749606299212
0
LINE
8
BLACK
6
CONTINUOUS
10
0.3508998818897638
20
0.2457749606299212
11
0.3456865354330709
21
0.2603453543307087
0
LINE
8
BLACK
6
CONTINUOUS
10
0.3456865354330709
20
0.2603453543307087
11
0.3390701181102362
21
0.2743345275590551
0
LINE
8
BLACK
6
CONTINUOUS
10
0.3390701181102362
20
0.2743345275590551
11
0.3311144094488189
21
0.2876078346456693
0
LINE
8
BLACK
6
CONTINUOUS
10
0.3311144094488189
20
0.2876078346456693
11
0.3221428346456693
21
0.2997046062992126
0
LINE
8
BLACK
6
CONTINUOUS
10
0.3221428346456693
20
0.2997046062992126
11
0.3218962598425197
21
0.3000370866141732
0
LINE
8
BLACK
6
CONTINUOUS
10
0.3218962598425197
20
0.3000370866141732
11
0.3218961811023622
21
0.300037125984252
0
LINE
8
BLACK
6
CONTINUOUS
10
0.3218961811023622
20
0.300037125984252
11
0.3218959842519685
21
0.3000374409448819
0
LINE
8
BLACK
6
CONTINUOUS
10
0.3218959842519685
20
0.3000374409448819
11
0.3115036220472441
21
0.3115036220472441
0
LINE
8
BLACK
6
CONTINUOUS
10
0.3115036220472441
20
0.3115036220472441
11
0.3000374409448819
21
0.3218959842519685
0
LINE
8
BLACK
6
CONTINUOUS
10
0.3000374409448819
20
0.3218959842519685
11
0.2876078346456693
21
0.3311144094488189
0
LINE
8
BLACK
6
CONTINUOUS
10
0.2876078346456693
20
0.3311144094488189
11
0.2743345275590551
21
0.3390701181102362
0
LINE
8
BLACK
6
CONTINUOUS
10
0.2743345275590551
20
0.3390701181102362
11
0.2603453543307087
21
0.3456865354330709
0
LINE
8
BLACK
6
CONTINUOUS
10
0.2603453543307087
20
0.3456865354330709
11
0.2457749606299212
21
0.3508998818897638
0
LINE
8
BLACK
6
CONTINUOUS
10
0.2457749606299212
20
0.3508998818897638
11
0.2307637795275591
21
0.35466
0
LINE
8
BLACK
6
CONTINUOUS
10
0.2307637795275591
20
0.35466
11
0.2154563385826772
21
0.3569306299212598
0
LINE
8
BLACK
6
CONTINUOUS
10
0.2154563385826772
20
0.3569306299212598
11
0.2021804724409449
21
0.3575828346456693
0
LINE
8
BLACK
6
CONTINUOUS
10
0.2021804724409449
20
0.3575828346456693
11
0.200000157480315
21
0.3576899606299213
0
LINE
8
BLACK
6
CONTINUOUS
10
0.200000157480315
20
0.3576899606299213
11
0.199999842519685
21
0.3576899606299213
0
LINE
8
BLACK
6
CONTINUOUS
10
0.199999842519685
20
0.3576899606299213
11
0.1977397637795276
21
0.3575788976377953
0
LINE
8
BLACK
6
CONTINUOUS
10
0.1977397637795276
20
0.3575788976377953
11
0.1845436614173228
21
0.3569306299212598
0
LINE
8
BLACK
6
CONTINUOUS
10
0.1845436614173228
20
0.3569306299212598
11
0.1692362204724409
21
0.35466
0
LINE
8
BLACK
6
CONTINUOUS
10
0.1692362204724409
20
0.35466
11
0.1542250393700787
21
0.3508998818897638
0
LINE
8
BLACK
6
CONTINUOUS
10
0.1542250393700787
20
0.3508998818897638
11
0.1396546456692913
21
0.3456865354330709
0
LINE
8
BLACK
6
CONTINUOUS
10
0.1396546456692913
20
0.3456865354330709
11
0.1256654724409449
21
0.3390701181102362
0
LINE
8
BLACK
6
CONTINUOUS
10
0.1256654724409449
20
0.3390701181102362
11
0.1123921653543307
21
0.3311144094488189
0
LINE
8
BLACK
6
CONTINUOUS
10
0.1123921653543307
20
0.3311144094488189
11
0.112391968503937
21
0.3311142913385827
0
LINE
8
BLACK
6
CONTINUOUS
10
0.112391968503937
20
0.3311142913385827
11
0.099962874015748
21
0.3218962598425197
0
LINE
8
BLACK
6
CONTINUOUS
10
0.099962874015748
20
0.3218962598425197
11
0.0999625984251968
21
0.3218960236220472
0
LINE
8
BLACK
6
CONTINUOUS
10
0.0999625984251968
20
0.3218960236220472
11
0.0999625590551181
21
0.3218959842519685
0
LINE
8
BLACK
6
CONTINUOUS
10
0.0999625590551181
20
0.3218959842519685
11
0.0884963779527559
21
0.3115036220472441
0
LINE
8
BLACK
6
CONTINUOUS
10
0.0884963779527559
20
0.3115036220472441
11
0.0781040157480315
21
0.3000374409448819
0
LINE
8
BLACK
6
CONTINUOUS
10
0.0781040157480315
20
0.3000374409448819
11
0.0781037007874016
21
0.3000370866141732
0
LINE
8
BLACK
6
CONTINUOUS
10
0.0781037007874016
20
0.3000370866141732
11
0.0688856692913386
21
0.2876079921259843
0
LINE
8
BLACK
6
CONTINUOUS
10
0.0688856692913386
20
0.2876079921259843
11
0.0636094488188976
21
0.2788050787401575
0
LINE
8
BLACK
6
CONTINUOUS
10
0.0636094488188976
20
0.2788050787401575
11
0.0609298818897638
21
0.2743345275590551
0
LINE
8
BLACK
6
CONTINUOUS
10
0.0609298818897638
20
0.2743345275590551
11
0.0570078346456693
21
0.2660420866141732
0
LINE
8
BLACK
6
CONTINUOUS
10
0.0570078346456693
20
0.2660420866141732
11
0.0543134251968504
21
0.2603452362204725
0
LINE
8
BLACK
6
CONTINUOUS
10
0.0543134251968504
20
0.2603452362204725
11
0.049100157480315
21
0.2457751574803149
0
LINE
8
BLACK
6
CONTINUOUS
10
0.049100157480315
20
0.2457751574803149
11
0.0491001181102362
21
0.2457749606299212
0
LINE
8
BLACK
6
CONTINUOUS
10
0.0491001181102362
20
0.2457749606299212
11
0.04534
21
0.2307637795275591
0
LINE
8
BLACK
6
CONTINUOUS
10
0.04534
20
0.2307637795275591
11
0.0453399606299213
21
0.2307635039370079
0
LINE
8
BLACK
6
CONTINUOUS
10
0.0453399606299213
20
0.2307635039370079
11
0.0430694094488189
21
0.2154567322834646
0
LINE
8
BLACK
6
CONTINUOUS
10
0.0430694094488189
20
0.2154567322834646
11
0.0430693700787402
21
0.2154561811023622
0
LINE
8
BLACK
6
CONTINUOUS
10
0.0430693700787402
20
0.2154561811023622
11
0.0423100393700787
21
0.2000001181102362
0
LINE
8
BLACK
6
CONTINUOUS
10
0.0423100393700787
20
0.2000001181102362
11
0.0423100393700787
21
0.199999842519685
0
LINE
8
BLACK
6
CONTINUOUS
10
2.8423100393700786
20
0.199999842519685
11
2.8430693700787399
21
0.184543779527559
0
LINE
8
BLACK
6
CONTINUOUS
10
2.8430693700787399
20
0.184543779527559
11
2.8430694094488187
21
0.1845432283464567
0
LINE
8
BLACK
6
CONTINUOUS
10
2.8430694094488187
20
0.1845432283464567
11
2.8446396062992125
21
0.1739579133858268
0
LINE
8
BLACK
6
CONTINUOUS
10
2.8446396062992125
20
0.1739579133858268
11
2.8453399999999998
21
0.1692362204724409
0
LINE
8
BLACK
6
CONTINUOUS
10
2.8453399999999998
20
0.1692362204724409
11
2.8472200393700788
21
0.1617306299212598
0
LINE
8
BLACK
6
CONTINUOUS
10
2.8472200393700788
20
0.1617306299212598
11
2.849100157480315
21
0.1542248031496063
0
LINE
8
BLACK
6
CONTINUOUS
10
2.849100157480315
20
0.1542248031496063
11
2.8543134251968505
21
0.1396547244094488
0
LINE
8
BLACK
6
CONTINUOUS
10
2.8543134251968505
20
0.1396547244094488
11
2.8565189370078738
21
0.1349915748031496
0
LINE
8
BLACK
6
CONTINUOUS
10
2.8565189370078738
20
0.1349915748031496
11
2.8588468897637793
21
0.1300695275590551
0
LINE
8
BLACK
6
CONTINUOUS
10
2.8588468897637793
20
0.1300695275590551
11
2.860929960629921
21
0.1256653149606299
0
LINE
8
BLACK
6
CONTINUOUS
10
2.860929960629921
20
0.1256653149606299
11
2.8688856692913385
21
0.112391968503937
0
LINE
8
BLACK
6
CONTINUOUS
10
2.8688856692913385
20
0.112391968503937
11
2.8781037007874013
21
0.099962874015748
0
LINE
8
BLACK
6
CONTINUOUS
10
2.8781037007874013
20
0.099962874015748
11
2.8884963779527557
21
0.0884963779527559
0
LINE
8
BLACK
6
CONTINUOUS
10
2.8884963779527557
20
0.0884963779527559
11
2.8999628740157481
21
0.0781037007874016
0
LINE
8
BLACK
6
CONTINUOUS
10
2.8999628740157481
20
0.0781037007874016
11
2.912391968503937
21
0.0688856692913386
0
LINE
8
BLACK
6
CONTINUOUS
10
2.912391968503937
20
0.0688856692913386
11
2.92566531496063
21
0.0609299606299213
0
LINE
8
BLACK
6
CONTINUOUS
10
2.92566531496063
20
0.0609299606299213
11
2.9396547244094489
21
0.0543134251968504
0
LINE
8
BLACK
6
CONTINUOUS
10
2.9396547244094489
20
0.0543134251968504
11
2.9542248031496063
21
0.049100157480315
0
LINE
8
BLACK
6
CONTINUOUS
10
2.9542248031496063
20
0.049100157480315
11
2.9617306299212598
21
0.0472200393700787
0
LINE
8
BLACK
6
CONTINUOUS
10
2.9617306299212598
20
0.0472200393700787
11
2.9692362204724407
21
0.04534
0
LINE
8
BLACK
6
CONTINUOUS
10
2.9692362204724407
20
0.04534
11
2.9692363779527557
21
0.0453399606299213
0
LINE
8
BLACK
6
CONTINUOUS
10
2.9692363779527557
20
0.0453399606299213
11
2.9692364566929133
21
0.0453399606299213
0
LINE
8
BLACK
6
CONTINUOUS
10
2.9692364566929133
20
0.0453399606299213
11
2.9845432283464568
21
0.0430694094488189
0
LINE
8
BLACK
6
CONTINUOUS
10
2.9845432283464568
20
0.0430694094488189
11
2.9845435433070864
21
0.0430693700787402
0
LINE
8
BLACK
6
CONTINUOUS
10
2.9845435433070864
20
0.0430693700787402
11
2.9845436614173226
21
0.0430693700787402
0
LINE
8
BLACK
6
CONTINUOUS
10
2.9845436614173226
20
0.0430693700787402
11
2.9911677952755906
21
0.042743937007874
0
LINE
8
BLACK
6
CONTINUOUS
10
2.9911677952755906
20
0.042743937007874
11
2.999999842519685
21
0.0423100393700787
0
LINE
8
BLACK
6
CONTINUOUS
10
2.999999842519685
20
0.0423100393700787
11
3.
21
0.0423100393700787
0
LINE
8
BLACK
6
CONTINUOUS
10
3.
20
0.0423100393700787
11
3.000000157480315
21
0.0423100393700787
0
LINE
8
BLACK
6
CONTINUOUS
10
3.000000157480315
20
0.0423100393700787
11
3.0077281496062991
21
0.0426896850393701
0
LINE
8
BLACK
6
CONTINUOUS
10
3.0077281496062991
20
0.0426896850393701
11
3.0154563385826769
21
0.0430693700787402
0
LINE
8
BLACK
6
CONTINUOUS
10
3.0154563385826769
20
0.0430693700787402
11
3.0154564566929132
21
0.0430693700787402
0
LINE
8
BLACK
6
CONTINUOUS
10
3.0154564566929132
20
0.0430693700787402
11
3.0154567322834644
21
0.0430694094488189
0
LINE
8
BLACK
6
CONTINUOUS
10
3.0154567322834644
20
0.0430694094488189
11
3.030763503937008
21
0.0453399606299213
0
LINE
8
BLACK
6
CONTINUOUS
10
3.030763503937008
20
0.0453399606299213
11
3.0307637795275588
21
0.04534
0
LINE
8
BLACK
6
CONTINUOUS
10
3.0307637795275588
20
0.04534
11
3.0420076771653544
21
0.0481564566929134
0
LINE
8
BLACK
6
CONTINUOUS
10
3.0420076771653544
20
0.0481564566929134
11
3.0457751574803149
21
0.049100157480315
0
LINE
8
BLACK
6
CONTINUOUS
10
3.0457751574803149
20
0.049100157480315
11
3.0603452362204724
21
0.0543134251968504
0
LINE
8
BLACK
6
CONTINUOUS
10
3.0603452362204724
20
0.0543134251968504
11
3.0603453543307086
21
0.0543134645669291
0
LINE
8
BLACK
6
CONTINUOUS
10
3.0603453543307086
20
0.0543134645669291
11
3.074334527559055
21
0.0609298818897638
0
LINE
8
BLACK
6
CONTINUOUS
10
3.074334527559055
20
0.0609298818897638
11
3.0853812598425194
21
0.0675510236220472
0
LINE
8
BLACK
6
CONTINUOUS
10
3.0853812598425194
20
0.0675510236220472
11
3.0876079921259842
21
0.0688856692913386
0
LINE
8
BLACK
6
CONTINUOUS
10
3.0876079921259842
20
0.0688856692913386
11
3.1000370866141731
21
0.0781037007874016
0
LINE
8
BLACK
6
CONTINUOUS
10
3.1000370866141731
20
0.0781037007874016
11
3.1009872834645669
21
0.0789649212598425
0
LINE
8
BLACK
6
CONTINUOUS
10
3.1009872834645669
20
0.0789649212598425
11
3.1115036220472438
21
0.0884963779527559
0
LINE
8
BLACK
6
CONTINUOUS
10
3.1115036220472438
20
0.0884963779527559
11
3.1218959842519682
21
0.0999625590551181
0
LINE
8
BLACK
6
CONTINUOUS
10
3.1218959842519682
20
0.0999625590551181
11
3.121896023622047
21
0.0999625984251968
0
LINE
8
BLACK
6
CONTINUOUS
10
3.121896023622047
20
0.0999625984251968
11
3.1218962598425195
21
0.099962874015748
0
LINE
8
BLACK
6
CONTINUOUS
10
3.1218962598425195
20
0.099962874015748
11
3.1311142913385828
21
0.112391968503937
0
LINE
8
BLACK
6
CONTINUOUS
10
3.1311142913385828
20
0.112391968503937
11
3.1325461023622045
21
0.1147808267716535
0
LINE
8
BLACK
6
CONTINUOUS
10
3.1325461023622045
20
0.1147808267716535
11
3.1390701181102361
21
0.1256654724409449
0
LINE
8
BLACK
6
CONTINUOUS
10
3.1390701181102361
20
0.1256654724409449
11
3.1456865354330708
21
0.1396546456692913
0
LINE
8
BLACK
6
CONTINUOUS
10
3.1456865354330708
20
0.1396546456692913
11
3.1508998818897638
21
0.1542250393700787
0
LINE
8
BLACK
6
CONTINUOUS
10
3.1508998818897638
20
0.1542250393700787
11
3.1546599999999998
21
0.1692362204724409
0
LINE
8
BLACK
6
CONTINUOUS
10
3.1546599999999998
20
0.1692362204724409
11
3.1569306299212596
21
0.1845436614173228
0
LINE
8
BLACK
6
CONTINUOUS
10
3.1569306299212596
20
0.1845436614173228
11
3.1576630708661417
21
0.1994524015748032
0
LINE
8
BLACK
6
CONTINUOUS
10
3.1576630708661417
20
0.1994524015748032
11
3.1576899606299214
21
0.199999842519685
0
LINE
8
BLACK
6
CONTINUOUS
10
3.1576899606299214
20
0.199999842519685
11
3.1576899606299214
21
0.2000001181102362
0
LINE
8
BLACK
6
CONTINUOUS
10
3.1576899606299214
20
0.2000001181102362
11
3.1575176377952756
21
0.2035076771653543
0
LINE
8
BLACK
6
CONTINUOUS
10
3.1575176377952756
20
0.2035076771653543
11
3.1569306299212596
21
0.2154563385826772
0
LINE
8
BLACK
6
CONTINUOUS
10
3.1569306299212596
20
0.2154563385826772
11
3.1546599999999998
21
0.2307637795275591
0
LINE
8
BLACK
6
CONTINUOUS
10
3.1546599999999998
20
0.2307637795275591
11
3.1508998818897638
21
0.2457749606299212
0
LINE
8
BLACK
6
CONTINUOUS
10
3.1508998818897638
20
0.2457749606299212
11
3.1456865354330708
21
0.2603453543307087
0
LINE
8
BLACK
6
CONTINUOUS
10
3.1456865354330708
20
0.2603453543307087
11
3.1390701181102361
21
0.2743345275590551
0
LINE
8
BLACK
6
CONTINUOUS
10
3.1390701181102361
20
0.2743345275590551
11
3.131114409448819
21
0.2876078346456693
0
LINE
8
BLACK
6
CONTINUOUS
10
3.131114409448819
20
0.2876078346456693
11
3.1221428346456692
21
0.2997046062992126
0
LINE
8
BLACK
6
CONTINUOUS
10
3.1221428346456692
20
0.2997046062992126
11
3.1218962598425195
21
0.3000370866141732
0
LINE
8
BLACK
6
CONTINUOUS
10
3.1218962598425195
20
0.3000370866141732
11
3.121896181102362
21
0.300037125984252
0
LINE
8
BLACK
6
CONTINUOUS
10
3.121896181102362
20
0.300037125984252
11
3.1218959842519682
21
0.3000374409448819
0
LINE
8
BLACK
6
CONTINUOUS
10
3.1218959842519682
20
0.3000374409448819
11
3.1115036220472438
21
0.3115036220472441
0
LINE
8
BLACK
6
CONTINUOUS
10
3.1115036220472438
20
0.3115036220472441
11
3.1000374409448819
21
0.3218959842519685
0
LINE
8
BLACK
6
CONTINUOUS
10
3.1000374409448819
20
0.3218959842519685
11
3.0876078346456692
21
0.3311144094488189
0
LINE
8
BLACK
6
CONTINUOUS
10
3.0876078346456692
20
0.3311144094488189
11
3.074334527559055
21
0.3390701181102362
0
LINE
8
BLACK
6
CONTINUOUS
10
3.074334527559055
20
0.3390701181102362
11
3.0603453543307086
21
0.3456865354330709
0
LINE
8
BLACK
6
CONTINUOUS
10
3.0603453543307086
20
0.3456865354330709
11
3.0457749606299211
21
0.3508998818897638
0
LINE
8
BLACK
6
CONTINUOUS
10
3.0457749606299211
20
0.3508998818897638
11
3.0307637795275588
21
0.35466
0
LINE
8
BLACK
6
CONTINUOUS
10
3.0307637795275588
20
0.35466
11
3.0154563385826769
21
0.3569306299212598
0
LINE
8
BLACK
6
CONTINUOUS
10
3.0154563385826769
20
0.3569306299212598
11
3.0021804724409447
21
0.3575828346456693
0
LINE
8
BLACK
6
CONTINUOUS
10
3.0021804724409447
20
0.3575828346456693
11
3.000000157480315
21
0.3576899606299213
0
LINE
8
BLACK
6
CONTINUOUS
10
3.000000157480315
20
0.3576899606299213
11
2.999999842519685
21
0.3576899606299213
0
LINE
8
BLACK
6
CONTINUOUS
10
2.999999842519685
20
0.3576899606299213
11
2.9977397637795273
21
0.3575788976377953
0
LINE
8
BLACK
6
CONTINUOUS
10
2.9977397637795273
20
0.3575788976377953
11
2.9845436614173226
21
0.3569306299212598
0
LINE
8
BLACK
6
CONTINUOUS
10
2.9845436614173226
20
0.3569306299212598
11
2.9692362204724407
21
0.35466
0
LINE
8
BLACK
6
CONTINUOUS
10
2.9692362204724407
20
0.35466
11
2.9542250393700789
21
0.3508998818897638
0
LINE
8
BLACK
6
CONTINUOUS
10
2.9542250393700789
20
0.3508998818897638
11
2.9396546456692914
21
0.3456865354330709
0
LINE
8
BLACK
6
CONTINUOUS
10
2.9396546456692914
20
0.3456865354330709
11
2.925665472440945
21
0.3390701181102362
0
LINE
8
BLACK
6
CONTINUOUS
10
2.925665472440945
20
0.3390701181102362
11
2.9123921653543308
21
0.3311144094488189
0
LINE
8
BLACK
6
CONTINUOUS
10
2.9123921653543308
20
0.3311144094488189
11
2.912391968503937
21
0.3311142913385827
0
LINE
8
BLACK
6
CONTINUOUS
10
2.912391968503937
20
0.3311142913385827
11
2.8999628740157481
21
0.3218962598425197
0
LINE
8
BLACK
6
CONTINUOUS
10
2.8999628740157481
20
0.3218962598425197
11
2.8999625984251969
21
0.3218960236220472
0
LINE
8
BLACK
6
CONTINUOUS
10
2.8999625984251969
20
0.3218960236220472
11
2.8999625590551181
21
0.3218959842519685
0
LINE
8
BLACK
6
CONTINUOUS
10
2.8999625590551181
20
0.3218959842519685
11
2.8884963779527557
21
0.3115036220472441
0
LINE
8
BLACK
6
CONTINUOUS
10
2.8884963779527557
20
0.3115036220472441
11
2.8781040157480313
21
0.3000374409448819
0
LINE
8
BLACK
6
CONTINUOUS
10
2.8781040157480313
20
0.3000374409448819
11
2.8781037007874013
21
0.3000370866141732
0
LINE
8
BLACK
6
CONTINUOUS
10
2.8781037007874013
20
0.3000370866141732
11
2.8688856692913385
21
0.2876079921259843
0
LINE
8
BLACK
6
CONTINUOUS
10
2.8688856692913385
20
0.2876079921259843
11
2.8636094488188975
21
0.2788050787401575
0
LINE
8
BLACK
6
CONTINUOUS
10
2.8636094488188975
20
0.2788050787401575
11
2.8609298818897635
21
0.2743345275590551
0
LINE
8
BLACK
6
CONTINUOUS
10
2.8609298818897635
20
0.2743345275590551
11
2.8570078346456693
21
0.2660420866141732
0
LINE
8
BLACK
6
CONTINUOUS
10
2.8570078346456693
20
0.2660420866141732
11
2.8543134251968505
21
0.2603452362204725
0
LINE
8
BLACK
6
CONTINUOUS
10
2.8543134251968505
20
0.2603452362204725
11
2.849100157480315
21
0.2457751574803149
0
LINE
8
BLACK
6
CONTINUOUS
10
2.849100157480315
20
0.2457751574803149
11
2.8491001181102362
21
0.2457749606299212
0
LINE
8
BLACK
6
CONTINUOUS
10
2.8491001181102362
20
0.2457749606299212
11
2.8453399999999998
21
0.2307637795275591
0
LINE
8
BLACK
6
CONTINUOUS
10
2.8453399999999998
20
0.2307637795275591
11
2.845339960629921
21
0.2307635039370079
0
LINE
8
BLACK
6
CONTINUOUS
10
2.845339960629921
20
0.2307635039370079
11
2.8430694094488187
21
0.2154567322834646
0
LINE
8
BLACK
6
CONTINUOUS
10
2.8430694094488187
20
0.2154567322834646
11
2.8430693700787399
21
0.2154561811023622
0
LINE
8
BLACK
6
CONTINUOUS
10
2.8430693700787399
20
0.2154561811023622
11
2.8423100393700786
21
0.2000001181102362
0
LINE
8
BLACK
6
CONTINUOUS
10
2.8423100393700786
20
0.2000001181102362
11
2.8423100393700786
21
0.199999842519685
0
LINE
8
BLACK
6
CONTINUOUS
10
2.468279527559055
20
0.096532874015748
11
2.4682796062992125
21
0.0965320472440945
0
LINE
8
BLACK
6
CONTINUOUS
10
2.4682796062992125
20
0.0965320472440945
11
2.4685318110236221
21
0.0941857874015748
0
LINE
8
BLACK
6
CONTINUOUS
10
2.4685318110236221
20
0.0941857874015748
11
2.4685318110236221
21
0.0941857480314961
0
LINE
8
BLACK
6
CONTINUOUS
10
2.4685318110236221
20
0.0941857480314961
11
2.4705118503937009
21
0.0888768897637795
0
LINE
8
BLACK
6
CONTINUOUS
10
2.4705118503937009
20
0.0888768897637795
11
2.4705119291338584
21
0.0888767716535433
0
LINE
8
BLACK
6
CONTINUOUS
10
2.4705119291338584
20
0.0888767716535433
11
2.4739075984251966
21
0.0843406692913386
0
LINE
8
BLACK
6
CONTINUOUS
10
2.4739075984251966
20
0.0843406692913386
11
2.4784437007874014
21
0.080945
0
LINE
8
BLACK
6
CONTINUOUS
10
2.4784437007874014
20
0.080945
11
2.4784438188976377
21
0.0809449212598425
0
LINE
8
BLACK
6
CONTINUOUS
10
2.4784438188976377
20
0.0809449212598425
11
2.4837525984251969
21
0.0789649212598425
0
LINE
8
BLACK
6
CONTINUOUS
10
2.4837525984251969
20
0.0789649212598425
11
2.4837524803149607
21
0.0789649212598425
0
LINE
8
BLACK
6
CONTINUOUS
10
2.4837524803149607
20
0.0789649212598425
11
2.4860994488188974
21
0.0787125984251968
0
LINE
8
BLACK
6
CONTINUOUS
10
2.4860994488188974
20
0.0787125984251968
11
2.4860994881889762
21
0.0787125984251968
0
LINE
8
BLACK
6
CONTINUOUS
10
2.4860994881889762
20
0.0787125984251968
11
2.5558686614173229
21
0.0787125984251968
0
LINE
8
BLACK
6
CONTINUOUS
10
2.5558686614173229
20
0.0787125984251968
11
2.5558694881889763
21
0.0787126771653543
0
LINE
8
BLACK
6
CONTINUOUS
10
2.5558694881889763
20
0.0787126771653543
11
2.558215748031496
21
0.0789648818897638
0
LINE
8
BLACK
6
CONTINUOUS
10
2.558215748031496
20
0.0789648818897638
11
2.5582157874015747
21
0.0789648818897638
0
LINE
8
BLACK
6
CONTINUOUS
10
2.5582157874015747
20
0.0789648818897638
11
2.5635246456692915
21
0.0809449212598425
0
LINE
8
BLACK
6
CONTINUOUS
10
2.5635246456692915
20
0.0809449212598425
11
2.5635247637795273
21
0.080945
0
LINE
8
BLACK
6
CONTINUOUS
10
2.5635247637795273
20
0.080945
11
2.5635248425196848
21
0.0809450393700787
0
LINE
8
BLACK
6
CONTINUOUS
10
2.5635248425196848
20
0.0809450393700787
11
2.5650311417322835
21
0.0820726377952756
0
LINE
8
BLACK
6
CONTINUOUS
10
2.5650311417322835
20
0.0820726377952756
11
2.5680608661417321
21
0.0843406692913386
0
LINE
8
BLACK
6
CONTINUOUS
10
2.5680608661417321
20
0.0843406692913386
11
2.5698561023622046
21
0.0867388188976378
0
LINE
8
BLACK
6
CONTINUOUS
10
2.5698561023622046
20
0.0867388188976378
11
2.5714565354330707
21
0.0888767322834646
0
LINE
8
BLACK
6
CONTINUOUS
10
2.5714565354330707
20
0.0888767322834646
11
2.5714565354330707
21
0.088876811023622
0
LINE
8
BLACK
6
CONTINUOUS
10
2.5714565354330707
20
0.088876811023622
11
2.5714566141732282
21
0.0888768897637795
0
LINE
8
BLACK
6
CONTINUOUS
10
2.5714566141732282
20
0.0888768897637795
11
2.5733673228346454
21
0.093999842519685
0
LINE
8
BLACK
6
CONTINUOUS
10
2.5733673228346454
20
0.093999842519685
11
2.5734366535433071
21
0.0941857086614173
0
LINE
8
BLACK
6
CONTINUOUS
10
2.5734366535433071
20
0.0941857086614173
11
2.5736889763779529
21
0.0965325590551181
0
LINE
8
BLACK
6
CONTINUOUS
10
2.5736889763779529
20
0.0965325590551181
11
2.5736889370078742
21
0.1663020472440945
0
LINE
8
BLACK
6
CONTINUOUS
10
2.5736889370078742
20
0.1663020472440945
11
2.5736888976377954
21
0.1663022834645669
0
LINE
8
BLACK
6
CONTINUOUS
10
2.5736888976377954
20
0.1663022834645669
11
2.5734366535433071
21
0.168648937007874
0
LINE
8
BLACK
6
CONTINUOUS
10
2.5734366535433071
20
0.168648937007874
11
2.5714565354330707
21
0.1739579133858268
0
LINE
8
BLACK
6
CONTINUOUS
10
2.5714565354330707
20
0.1739579133858268
11
2.5680608661417321
21
0.178493937007874
0
LINE
8
BLACK
6
CONTINUOUS
10
2.5680608661417321
20
0.178493937007874
11
2.5635248425196848
21
0.1818896062992126
0
LINE
8
BLACK
6
CONTINUOUS
10
2.5635248425196848
20
0.1818896062992126
11
2.5582158661417322
21
0.1838697244094488
0
LINE
8
BLACK
6
CONTINUOUS
10
2.5582158661417322
20
0.1838697244094488
11
2.5558690157480313
21
0.1841220472440945
0
LINE
8
BLACK
6
CONTINUOUS
10
2.5558690157480313
20
0.1841220472440945
11
2.4860995275590549
21
0.1841220078740158
0
LINE
8
BLACK
6
CONTINUOUS
10
2.4860995275590549
20
0.1841220078740158
11
2.4837526377952757
21
0.1838697244094488
0
LINE
8
BLACK
6
CONTINUOUS
10
2.4837526377952757
20
0.1838697244094488
11
2.4815053149606299
21
0.1830314960629921
0
LINE
8
BLACK
6
CONTINUOUS
10
2.4815053149606299
20
0.1830314960629921
11
2.4784438188976377
21
0.1818896850393701
0
LINE
8
BLACK
6
CONTINUOUS
10
2.4784438188976377
20
0.1818896850393701
11
2.4784437401574801
21
0.1818896062992126
0
LINE
8
BLACK
6
CONTINUOUS
10
2.4784437401574801
20
0.1818896062992126
11
2.4784436614173226
21
0.1818896062992126
0
LINE
8
BLACK
6
CONTINUOUS
10
2.4784436614173226
20
0.1818896062992126
11
2.4761756299212596
21
0.1801917716535433
0
LINE
8
BLACK
6
CONTINUOUS
10
2.4761756299212596
20
0.1801917716535433
11
2.4739075984251966
21
0.178493937007874
0
LINE
8
BLACK
6
CONTINUOUS
10
2.4739075984251966
20
0.178493937007874
11
2.4705119291338584
21
0.1739578346456693
0
LINE
8
BLACK
6
CONTINUOUS
10
2.4705119291338584
20
0.1739578346456693
11
2.4705118503937009
21
0.1739577165354331
0
LINE
8
BLACK
6
CONTINUOUS
10
2.4705118503937009
20
0.1739577165354331
11
2.4685318503937008
21
0.1686489763779528
0
LINE
8
BLACK
6
CONTINUOUS
10
2.4685318503937008
20
0.1686489763779528
11
2.468279527559055
21
0.1663022834645669
0
LINE
8
BLACK
6
CONTINUOUS
10
2.468279527559055
20
0.1663022834645669
11
2.468279527559055
21
0.096532874015748
0
LINE
8
BLACK
6
CONTINUOUS
10
2.7163110236220471
20
0.096532874015748
11
2.7163111023622046
21
0.0965320472440945
0
LINE
8
BLACK
6
CONTINUOUS
10
2.7163111023622046
20
0.0965320472440945
11
2.7165633070866142
21
0.0941857874015748
0
LINE
8
BLACK
6
CONTINUOUS
10
2.7165633070866142
20
0.0941857874015748
11
2.7165633070866142
21
0.0941857480314961
0
LINE
8
BLACK
6
CONTINUOUS
10
2.7165633070866142
20
0.0941857480314961
11
2.718543346456693
21
0.0888768897637795
0
LINE
8
BLACK
6
CONTINUOUS
10
2.718543346456693
20
0.0888768897637795
11
2.7185434251968505
21
0.0888767716535433
0
LINE
8
BLACK
6
CONTINUOUS
10
2.7185434251968505
20
0.0888767716535433
11
2.7219390944881887
21
0.0843406692913386
0
LINE
8
BLACK
6
CONTINUOUS
10
2.7219390944881887
20
0.0843406692913386
11
2.7264751968503935
21
0.080945
0
LINE
8
BLACK
6
CONTINUOUS
10
2.7264751968503935
20
0.080945
11
2.7264753149606298
21
0.0809449212598425
0
LINE
8
BLACK
6
CONTINUOUS
10
2.7264753149606298
20
0.0809449212598425
11
2.731784094488189
21
0.0789649212598425
0
LINE
8
BLACK
6
CONTINUOUS
10
2.731784094488189
20
0.0789649212598425
11
2.7317839763779528
21
0.0789649212598425
0
LINE
8
BLACK
6
CONTINUOUS
10
2.7317839763779528
20
0.0789649212598425
11
2.7341309448818896
21
0.0787125984251968
0
LINE
8
BLACK
6
CONTINUOUS
10
2.7341309448818896
20
0.0787125984251968
11
2.7341309842519683
21
0.0787125984251968
0
LINE
8
BLACK
6
CONTINUOUS
10
2.7341309842519683
20
0.0787125984251968
11
2.8039001574803151
21
0.0787125984251968
0
LINE
8
BLACK
6
CONTINUOUS
10
2.8039001574803151
20
0.0787125984251968
11
2.8039009842519684
21
0.0787126771653543
0
LINE
8
BLACK
6
CONTINUOUS
10
2.8039009842519684
20
0.0787126771653543
11
2.8062472440944881
21
0.0789648818897638
0
LINE
8
BLACK
6
CONTINUOUS
10
2.8062472440944881
20
0.0789648818897638
11
2.8062472834645669
21
0.0789648818897638
0
LINE
8
BLACK
6
CONTINUOUS
10
2.8062472834645669
20
0.0789648818897638
11
2.8115561417322832
21
0.0809449212598425
0
LINE
8
BLACK
6
CONTINUOUS
10
2.8115561417322832
20
0.0809449212598425
11
2.8115562598425194
21
0.080945
0
LINE
8
BLACK
6
CONTINUOUS
10
2.8115562598425194
20
0.080945
11
2.811556338582677
21
0.0809450393700787
0
LINE
8
BLACK
6
CONTINUOUS
10
2.811556338582677
20
0.0809450393700787
11
2.8130626377952757
21
0.0820726377952756
0
LINE
8
BLACK
6
CONTINUOUS
10
2.8130626377952757
20
0.0820726377952756
11
2.8160923622047243
21
0.0843406692913386
0
LINE
8
BLACK
6
CONTINUOUS
10
2.8160923622047243
20
0.0843406692913386
11
2.8178875984251968
21
0.0867388188976378
0
LINE
8
BLACK
6
CONTINUOUS
10
2.8178875984251968
20
0.0867388188976378
11
2.8194880314960629
21
0.0888767322834646
0
LINE
8
BLACK
6
CONTINUOUS
10
2.8194880314960629
20
0.0888767322834646
11
2.8194880314960629
21
0.088876811023622
0
LINE
8
BLACK
6
CONTINUOUS
10
2.8194880314960629
20
0.088876811023622
11
2.8194881102362204
21
0.0888768897637795
0
LINE
8
BLACK
6
CONTINUOUS
10
2.8194881102362204
20
0.0888768897637795
11
2.8213988188976376
21
0.093999842519685
0
LINE
8
BLACK
6
CONTINUOUS
10
2.8213988188976376
20
0.093999842519685
11
2.8214681496062992
21
0.0941857086614173
0
LINE
8
BLACK
6
CONTINUOUS
10
2.8214681496062992
20
0.0941857086614173
11
2.821720472440945
21
0.0965325590551181
0
LINE
8
BLACK
6
CONTINUOUS
10
2.821720472440945
20
0.0965325590551181
11
2.8217204330708663
21
0.1663020472440945
0
LINE
8
BLACK
6
CONTINUOUS
10
2.8217204330708663
20
0.1663020472440945
11
2.8214681496062992
21
0.168648937007874
0
LINE
8
BLACK
6
CONTINUOUS
10
2.8214681496062992
20
0.168648937007874
11
2.8194880314960629
21
0.1739579133858268
0
LINE
8
BLACK
6
CONTINUOUS
10
2.8194880314960629
20
0.1739579133858268
11
2.8160923622047243
21
0.178493937007874
0
LINE
8
BLACK
6
CONTINUOUS
10
2.8160923622047243
20
0.178493937007874
11
2.811556338582677
21
0.1818896062992126
0
LINE
8
BLACK
6
CONTINUOUS
10
2.811556338582677
20
0.1818896062992126
11
2.8062473622047244
21
0.1838697244094488
0
LINE
8
BLACK
6
CONTINUOUS
10
2.8062473622047244
20
0.1838697244094488
11
2.8039005118110234
21
0.1841220472440945
0
LINE
8
BLACK
6
CONTINUOUS
10
2.8039005118110234
20
0.1841220472440945
11
2.7341310236220471
21
0.1841220078740158
0
LINE
8
BLACK
6
CONTINUOUS
10
2.7341310236220471
20
0.1841220078740158
11
2.7317841338582678
21
0.1838697244094488
0
LINE
8
BLACK
6
CONTINUOUS
10
2.7317841338582678
20
0.1838697244094488
11
2.729536811023622
21
0.1830314960629921
0
LINE
8
BLACK
6
CONTINUOUS
10
2.729536811023622
20
0.1830314960629921
11
2.7264753149606298
21
0.1818896850393701
0
LINE
8
BLACK
6
CONTINUOUS
10
2.7264753149606298
20
0.1818896850393701
11
2.7264752362204723
21
0.1818896062992126
0
LINE
8
BLACK
6
CONTINUOUS
10
2.7264752362204723
20
0.1818896062992126
11
2.7264751574803148
21
0.1818896062992126
0
LINE
8
BLACK
6
CONTINUOUS
10
2.7264751574803148
20
0.1818896062992126
11
2.7242071259842517
21
0.1801917716535433
0
LINE
8
BLACK
6
CONTINUOUS
10
2.7242071259842517
20
0.1801917716535433
11
2.7219390944881887
21
0.178493937007874
0
LINE
8
BLACK
6
CONTINUOUS
10
2.7219390944881887
20
0.178493937007874
11
2.7185434251968505
21
0.1739578346456693
0
LINE
8
BLACK
6
CONTINUOUS
10
2.7185434251968505
20
0.1739578346456693
11
2.718543346456693
21
0.1739577165354331
0
LINE
8
BLACK
6
CONTINUOUS
10
2.718543346456693
20
0.1739577165354331
11
2.716563346456693
21
0.1686489763779528
0
LINE
8
BLACK
6
CONTINUOUS
10
2.716563346456693
20
0.1686489763779528
11
2.7163110236220471
21
0.1663022834645669
0
LINE
8
BLACK
6
CONTINUOUS
10
2.7163110236220471
20
0.1663022834645669
11
2.7163110236220471
21
0.096532874015748
0
LINE
8
BLACK
6
CONTINUOUS
10
1.3002952755905512
20
0.2181155511811023
11
1.3002953543307085
21
0.2181147244094488
0
LINE
8
BLACK
6
CONTINUOUS
10
1.3002953543307085
20
0.2181147244094488
11
1.3005475590551181
21
0.2157684645669291
0
LINE
8
BLACK
6
CONTINUOUS
10
1.3005475590551181
20
0.2157684645669291
11
1.3005475590551181
21
0.2157684251968504
0
LINE
8
BLACK
6
CONTINUOUS
10
1.3005475590551181
20
0.2157684251968504
11
1.3025275984251967
21
0.2104595669291338
0
LINE
8
BLACK
6
CONTINUOUS
10
1.3025275984251967
20
0.2104595669291338
11
1.3025276771653542
21
0.2104594488188976
0
LINE
8
BLACK
6
CONTINUOUS
10
1.3025276771653542
20
0.2104594488188976
11
1.3059233070866141
21
0.2059234251968504
0
LINE
8
BLACK
6
CONTINUOUS
10
1.3059233070866141
20
0.2059234251968504
11
1.3071677559055117
21
0.204991811023622
0
LINE
8
BLACK
6
CONTINUOUS
10
1.3071677559055117
20
0.204991811023622
11
1.3085312204724409
21
0.2039711023622047
0
LINE
8
BLACK
6
CONTINUOUS
10
1.3085312204724409
20
0.2039711023622047
11
1.3102062598425197
21
0.2017335433070866
0
LINE
8
BLACK
6
CONTINUOUS
10
1.3102062598425197
20
0.2017335433070866
11
1.3104056299212599
21
0.1989455118110236
0
LINE
8
BLACK
6
CONTINUOUS
10
1.3104056299212599
20
0.1989455118110236
11
1.309066062992126
21
0.1964922834645669
0
LINE
8
BLACK
6
CONTINUOUS
10
1.309066062992126
20
0.1964922834645669
11
1.3085313779527559
21
0.1960289763779527
0
LINE
8
BLACK
6
CONTINUOUS
10
1.3085313779527559
20
0.1960289763779527
11
1.3059233858267716
21
0.1940766141732283
0
LINE
8
BLACK
6
CONTINUOUS
10
1.3059233858267716
20
0.1940766141732283
11
1.3059233464566928
21
0.1940765748031496
0
LINE
8
BLACK
6
CONTINUOUS
10
1.3059233464566928
20
0.1940765748031496
11
1.3059233070866141
21
0.1940765354330709
0
LINE
8
BLACK
6
CONTINUOUS
10
1.3059233070866141
20
0.1940765354330709
11
1.3042159842519685
21
0.1917958267716535
0
LINE
8
BLACK
6
CONTINUOUS
10
1.3042159842519685
20
0.1917958267716535
11
1.3039711811023622
21
0.1914687795275591
0
LINE
8
BLACK
6
CONTINUOUS
10
1.3039711811023622
20
0.1914687795275591
11
1.3025276771653542
21
0.1895405118110236
0
LINE
8
BLACK
6
CONTINUOUS
10
1.3025276771653542
20
0.1895405118110236
11
1.3025275984251967
21
0.1895403937007874
0
LINE
8
BLACK
6
CONTINUOUS
10
1.3025275984251967
20
0.1895403937007874
11
1.3005475984251968
21
0.1842316535433071
0
LINE
8
BLACK
6
CONTINUOUS
10
1.3005475984251968
20
0.1842316535433071
11
1.3002952755905512
21
0.1818849606299213
0
LINE
8
BLACK
6
CONTINUOUS
10
1.3002952755905512
20
0.1818849606299213
11
1.3002952755905512
21
0.1181155511811024
0
LINE
8
BLACK
6
CONTINUOUS
10
1.3002952755905512
20
0.1181155511811024
11
1.3002953543307085
21
0.1181147244094488
0
LINE
8
BLACK
6
CONTINUOUS
10
1.3002953543307085
20
0.1181147244094488
11
1.3005475590551181
21
0.1157684645669291
0
LINE
8
BLACK
6
CONTINUOUS
10
1.3005475590551181
20
0.1157684645669291
11
1.3005475590551181
21
0.1157684251968504
0
LINE
8
BLACK
6
CONTINUOUS
10
1.3005475590551181
20
0.1157684251968504
11
1.3025275984251967
21
0.1104595669291339
0
LINE
8
BLACK
6
CONTINUOUS
10
1.3025275984251967
20
0.1104595669291339
11
1.3025276771653542
21
0.1104594488188976
0
LINE
8
BLACK
6
CONTINUOUS
10
1.3025276771653542
20
0.1104594488188976
11
1.3059233464566928
21
0.1059233464566929
0
LINE
8
BLACK
6
CONTINUOUS
10
1.3059233464566928
20
0.1059233464566929
11
1.3104594488188976
21
0.1025276771653543
0
LINE
8
BLACK
6
CONTINUOUS
10
1.3104594488188976
20
0.1025276771653543
11
1.3104595669291339
21
0.1025275984251968
0
LINE
8
BLACK
6
CONTINUOUS
10
1.3104595669291339
20
0.1025275984251968
11
1.3157683464566929
21
0.1005475984251969
0
LINE
8
BLACK
6
CONTINUOUS
10
1.3157683464566929
20
0.1005475984251969
11
1.3157682283464567
21
0.1005475984251969
0
LINE
8
BLACK
6
CONTINUOUS
10
1.3157682283464567
20
0.1005475984251969
11
1.3181151968503937
21
0.1002952755905512
0
LINE
8
BLACK
6
CONTINUOUS
10
1.3181151968503937
20
0.1002952755905512
11
1.3181152362204724
21
0.1002952755905512
0
LINE
8
BLACK
6
CONTINUOUS
10
1.3181152362204724
20
0.1002952755905512
11
1.381884409448819
21
0.1002952755905512
0
LINE
8
BLACK
6
CONTINUOUS
10
1.381884409448819
20
0.1002952755905512
11
1.3818852362204723
21
0.1002953543307087
0
LINE
8
BLACK
6
CONTINUOUS
10
1.3818852362204723
20
0.1002953543307087
11
1.384231496062992
21
0.1005475590551181
0
LINE
8
BLACK
6
CONTINUOUS
10
1.384231496062992
20
0.1005475590551181
11
1.3842315354330708
21
0.1005475590551181
0
LINE
8
BLACK
6
CONTINUOUS
10
1.3842315354330708
20
0.1005475590551181
11
1.3895403937007873
21
0.1025275984251968
0
LINE
8
BLACK
6
CONTINUOUS
10
1.3895403937007873
20
0.1025275984251968
11
1.3895405118110236
21
0.1025276771653543
0
LINE
8
BLACK
6
CONTINUOUS
10
1.3895405118110236
20
0.1025276771653543
11
1.3895405905511811
21
0.1025277165354331
0
LINE
8
BLACK
6
CONTINUOUS
10
1.3895405905511811
20
0.1025277165354331
11
1.3917958267716535
21
0.1042159842519685
0
LINE
8
BLACK
6
CONTINUOUS
10
1.3917958267716535
20
0.1042159842519685
11
1.3940765354330709
21
0.1059233070866142
0
LINE
8
BLACK
6
CONTINUOUS
10
1.3940765354330709
20
0.1059233070866142
11
1.3940765354330709
21
0.1059233464566929
0
LINE
8
BLACK
6
CONTINUOUS
10
1.3940765354330709
20
0.1059233464566929
11
1.3940766141732284
21
0.1059233858267716
0
LINE
8
BLACK
6
CONTINUOUS
10
1.3940766141732284
20
0.1059233858267716
11
1.3960288582677165
21
0.1085312204724409
0
LINE
8
BLACK
6
CONTINUOUS
10
1.3960288582677165
20
0.1085312204724409
11
1.3982664566929133
21
0.1102062598425197
0
LINE
8
BLACK
6
CONTINUOUS
10
1.3982664566929133
20
0.1102062598425197
11
1.4010544881889764
21
0.1104056299212598
0
LINE
8
BLACK
6
CONTINUOUS
10
1.4010544881889764
20
0.1104056299212598
11
1.403507716535433
21
0.109066062992126
0
LINE
8
BLACK
6
CONTINUOUS
10
1.403507716535433
20
0.109066062992126
11
1.4039709842519685
21
0.1085313779527559
0
LINE
8
BLACK
6
CONTINUOUS
10
1.4039709842519685
20
0.1085313779527559
11
1.4041337007874015
21
0.108314094488189
0
LINE
8
BLACK
6
CONTINUOUS
10
1.4041337007874015
20
0.108314094488189
11
1.4059234251968504
21
0.1059233070866142
0
LINE
8
BLACK
6
CONTINUOUS
10
1.4059234251968504
20
0.1059233070866142
11
1.4104594488188975
21
0.1025276771653543
0
LINE
8
BLACK
6
CONTINUOUS
10
1.4104594488188975
20
0.1025276771653543
11
1.4104595669291338
21
0.1025275984251968
0
LINE
8
BLACK
6
CONTINUOUS
10
1.4104595669291338
20
0.1025275984251968
11
1.4157683464566928
21
0.1005475984251969
0
LINE
8
BLACK
6
CONTINUOUS
10
1.4157683464566928
20
0.1005475984251969
11
1.4157682283464568
21
0.1005475984251969
0
LINE
8
BLACK
6
CONTINUOUS
10
1.4157682283464568
20
0.1005475984251969
11
1.4181151968503938
21
0.1002952755905512
0
LINE
8
BLACK
6
CONTINUOUS
10
1.4181151968503938
20
0.1002952755905512
11
1.4181152362204723
21
0.1002952755905512
0
LINE
8
BLACK
6
CONTINUOUS
10
1.4181152362204723
20
0.1002952755905512
11
1.4818844094488188
21
0.1002952755905512
0
LINE
8
BLACK
6
CONTINUOUS
10
1.4818844094488188
20
0.1002952755905512
11
1.4818852362204724
21
0.1002953543307087
0
LINE
8
BLACK
6
CONTINUOUS
10
1.4818852362204724
20
0.1002953543307087
11
1.4842314960629921
21
0.1005475590551181
0
LINE
8
BLACK
6
CONTINUOUS
10
1.4842314960629921
20
0.1005475590551181
11
1.4842315354330708
21
0.1005475590551181
0
LINE
8
BLACK
6
CONTINUOUS
10
1.4842315354330708
20
0.1005475590551181
11
1.4895403937007874
21
0.1025275984251968
0
LINE
8
BLACK
6
CONTINUOUS
10
1.4895403937007874
20
0.1025275984251968
11
1.4895405118110236
21
0.1025276771653543
0
LINE
8
BLACK
6
CONTINUOUS
10
1.4895405118110236
20
0.1025276771653543
11
1.4895405905511812
21
0.1025277165354331
0
LINE
8
BLACK
6
CONTINUOUS
10
1.4895405905511812
20
0.1025277165354331
11
1.4910468897637794
21
0.1036553149606299
0
LINE
8
BLACK
6
CONTINUOUS
10
1.4910468897637794
20
0.1036553149606299
11
1.4940766141732282
21
0.1059233464566929
0
LINE
8
BLACK
6
CONTINUOUS
10
1.4940766141732282
20
0.1059233464566929
11
1.4958662992125984
21
0.108314094488189
0
LINE
8
BLACK
6
CONTINUOUS
10
1.4958662992125984
20
0.108314094488189
11
1.4974722834645668
21
0.1104594094488189
0
LINE
8
BLACK
6
CONTINUOUS
10
1.4974722834645668
20
0.1104594094488189
11
1.4974722834645668
21
0.1104594881889764
0
LINE
8
BLACK
6
CONTINUOUS
10
1.4974722834645668
20
0.1104594881889764
11
1.4974723622047243
21
0.1104595669291339
0
LINE
8
BLACK
6
CONTINUOUS
10
1.4974723622047243
20
0.1104595669291339
11
1.4994523622047244
21
0.1157683070866142
0
LINE
8
BLACK
6
CONTINUOUS
10
1.4994523622047244
20
0.1157683070866142
11
1.4994524015748032
21
0.1157683858267717
0
LINE
8
BLACK
6
CONTINUOUS
10
1.4994524015748032
20
0.1157683858267717
11
1.4997047244094488
21
0.1181152362204724
0
LINE
8
BLACK
6
CONTINUOUS
10
1.4997047244094488
20
0.1181152362204724
11
1.49970468503937
21
0.1818847244094488
0
LINE
8
BLACK
6
CONTINUOUS
10
1.49970468503937
20
0.1818847244094488
11
1.4994524015748032
21
0.1842316141732283
0
LINE
8
BLACK
6
CONTINUOUS
10
1.4994524015748032
20
0.1842316141732283
11
1.4974722834645668
21
0.1895405905511811
0
LINE
8
BLACK
6
CONTINUOUS
10
1.4974722834645668
20
0.1895405905511811
11
1.4940766141732282
21
0.1940766141732283
0
LINE
8
BLACK
6
CONTINUOUS
10
1.4940766141732282
20
0.1940766141732283
11
1.4914687401574802
21
0.1960288582677165
0
LINE
8
BLACK
6
CONTINUOUS
10
1.4914687401574802
20
0.1960288582677165
11
1.4897937007874016
21
0.1982664566929134
0
LINE
8
BLACK
6
CONTINUOUS
10
1.4897937007874016
20
0.1982664566929134
11
1.4895943307086614
21
0.2010544488188976
0
LINE
8
BLACK
6
CONTINUOUS
10
1.4895943307086614
20
0.2010544488188976
11
1.4909338976377953
21
0.2035076771653543
0
LINE
8
BLACK
6
CONTINUOUS
10
1.4909338976377953
20
0.2035076771653543
11
1.4914685826771654
21
0.2039709842519685
0
LINE
8
BLACK
6
CONTINUOUS
10
1.4914685826771654
20
0.2039709842519685
11
1.4940766141732282
21
0.2059233858267716
0
LINE
8
BLACK
6
CONTINUOUS
10
1.4940766141732282
20
0.2059233858267716
11
1.4974722834645668
21
0.2104594094488189
0
LINE
8
BLACK
6
CONTINUOUS
10
1.4974722834645668
20
0.2104594094488189
11
1.4974722834645668
21
0.2104594881889764
0
LINE
8
BLACK
6
CONTINUOUS
10
1.4974722834645668
20
0.2104594881889764
11
1.4974723622047243
21
0.2104595669291338
0
LINE
8
BLACK
6
CONTINUOUS
10
1.4974723622047243
20
0.2104595669291338
11
1.4993360236220472
21
0.2154563385826772
0
LINE
8
BLACK
6
CONTINUOUS
10
1.4993360236220472
20
0.2154563385826772
11
1.4994524015748032
21
0.2157683858267717
0
LINE
8
BLACK
6
CONTINUOUS
10
1.4994524015748032
20
0.2157683858267717
11
1.4997047244094488
21
0.2181152362204724
0
LINE
8
BLACK
6
CONTINUOUS
10
1.4997047244094488
20
0.2181152362204724
11
1.49970468503937
21
0.2818847244094488
0
LINE
8
BLACK
6
CONTINUOUS
10
1.49970468503937
20
0.2818847244094488
11
1.4994524015748032
21
0.2842316141732283
0
LINE
8
BLACK
6
CONTINUOUS
10
1.4994524015748032
20
0.2842316141732283
11
1.4974722834645668
21
0.2895405905511811
0
LINE
8
BLACK
6
CONTINUOUS
10
1.4974722834645668
20
0.2895405905511811
11
1.4940766141732282
21
0.2940766141732283
0
LINE
8
BLACK
6
CONTINUOUS
10
1.4940766141732282
20
0.2940766141732283
11
1.4895405905511812
21
0.2974722834645669
0
LINE
8
BLACK
6
CONTINUOUS
10
1.4895405905511812
20
0.2974722834645669
11
1.4842316141732284
21
0.2994524015748031
0
LINE
8
BLACK
6
CONTINUOUS
10
1.4842316141732284
20
0.2994524015748031
11
1.4818847637795276
21
0.2997047244094488
0
LINE
8
BLACK
6
CONTINUOUS
10
1.4818847637795276
20
0.2997047244094488
11
1.4181152755905511
21
0.2997046850393701
0
LINE
8
BLACK
6
CONTINUOUS
10
1.4181152755905511
20
0.2997046850393701
11
1.4157683858267716
21
0.2994524015748031
0
LINE
8
BLACK
6
CONTINUOUS
10
1.4157683858267716
20
0.2994524015748031
11
1.413521062992126
21
0.2986141732283464
0
LINE
8
BLACK
6
CONTINUOUS
10
1.413521062992126
20
0.2986141732283464
11
1.4104595669291338
21
0.2974723622047244
0
LINE
8
BLACK
6
CONTINUOUS
10
1.4104595669291338
20
0.2974723622047244
11
1.4104594881889763
21
0.2974722834645669
0
LINE
8
BLACK
6
CONTINUOUS
10
1.4104594881889763
20
0.2974722834645669
11
1.4104594094488188
21
0.2974722834645669
0
LINE
8
BLACK
6
CONTINUOUS
10
1.4104594094488188
20
0.2974722834645669
11
1.4059233858267717
21
0.2940766141732283
0
LINE
8
BLACK
6
CONTINUOUS
10
1.4059233858267717
20
0.2940766141732283
11
1.4039711023622048
21
0.2914687401574803
0
LINE
8
BLACK
6
CONTINUOUS
10
1.4039711023622048
20
0.2914687401574803
11
1.4017335433070865
21
0.2897937007874016
0
LINE
8
BLACK
6
CONTINUOUS
10
1.4017335433070865
20
0.2897937007874016
11
1.3989455511811024
21
0.2895943307086614
0
LINE
8
BLACK
6
CONTINUOUS
10
1.3989455511811024
20
0.2895943307086614
11
1.3964923228346455
21
0.2909338976377953
0
LINE
8
BLACK
6
CONTINUOUS
10
1.3964923228346455
20
0.2909338976377953
11
1.3960289763779528
21
0.2914685826771654
0
LINE
8
BLACK
6
CONTINUOUS
10
1.3960289763779528
20
0.2914685826771654
11
1.3940766141732284
21
0.2940766141732283
0
LINE
8
BLACK
6
CONTINUOUS
10
1.3940766141732284
20
0.2940766141732283
11
1.3895405905511811
21
0.2974722834645669
0
LINE
8
BLACK
6
CONTINUOUS
10
1.3895405905511811
20
0.2974722834645669
11
1.3842316141732283
21
0.2994524015748031
0
LINE
8
BLACK
6
CONTINUOUS
10
1.3842316141732283
20
0.2994524015748031
11
1.3818847637795275
21
0.2997047244094488
0
LINE
8
BLACK
6
CONTINUOUS
10
1.3818847637795275
20
0.2997047244094488
11
1.3181152755905512
21
0.2997046850393701
0
LINE
8
BLACK
6
CONTINUOUS
10
1.3181152755905512
20
0.2997046850393701
11
1.3157683858267717
21
0.2994524015748031
0
LINE
8
BLACK
6
CONTINUOUS
10
1.3157683858267717
20
0.2994524015748031
11
1.3135210629921259
21
0.2986141732283464
0
LINE
8
BLACK
6
CONTINUOUS
10
1.3135210629921259
20
0.2986141732283464
11
1.3104595669291339
21
0.2974723622047244
0
LINE
8
BLACK
6
CONTINUOUS
10
1.3104595669291339
20
0.2974723622047244
11
1.3104594881889764
21
0.2974722834645669
0
LINE
8
BLACK
6
CONTINUOUS
10
1.3104594881889764
20
0.2974722834645669
11
1.3104594094488189
21
0.2974722834645669
0
LINE
8
BLACK
6
CONTINUOUS
10
1.3104594094488189
20
0.2974722834645669
11
1.3081913779527559
21
0.2957744488188976
0
LINE
8
BLACK
6
CONTINUOUS
10
1.3081913779527559
20
0.2957744488188976
11
1.3059233464566928
21
0.2940766141732283
0
LINE
8
BLACK
6
CONTINUOUS
10
1.3059233464566928
20
0.2940766141732283
11
1.3025276771653542
21
0.2895405118110236
0
LINE
8
BLACK
6
CONTINUOUS
10
1.3025276771653542
20
0.2895405118110236
11
1.3025275984251967
21
0.2895403937007874
0
LINE
8
BLACK
6
CONTINUOUS
10
1.3025275984251967
20
0.2895403937007874
11
1.3005475984251968
21
0.2842316535433071
0
LINE
8
BLACK
6
CONTINUOUS
10
1.3005475984251968
20
0.2842316535433071
11
1.3002952755905512
21
0.2818849606299212
0
LINE
8
BLACK
6
CONTINUOUS
10
1.3002952755905512
20
0.2818849606299212
11
1.3002952755905512
21
0.2181155511811023
0
LINE
8
BLACK
6
CONTINUOUS
10
0.4934448818897638
20
0.2331155511811024
11
0.4934449606299213
21
0.2331147244094488
0
LINE
8
BLACK
6
CONTINUOUS
10
0.4934449606299213
20
0.2331147244094488
11
0.4936971653543307
21
0.2307684645669291
0
LINE
8
BLACK
6
CONTINUOUS
10
0.4936971653543307
20
0.2307684645669291
11
0.4936971653543307
21
0.2307684251968504
0
LINE
8
BLACK
6
CONTINUOUS
10
0.4936971653543307
20
0.2307684251968504
11
0.4956772047244095
21
0.2254595669291339
0
LINE
8
BLACK
6
CONTINUOUS
10
0.4956772047244095
20
0.2254595669291339
11
0.4956772834645669
21
0.2254594488188976
0
LINE
8
BLACK
6
CONTINUOUS
10
0.4956772834645669
20
0.2254594488188976
11
0.4990729527559055
21
0.2209233464566929
0
LINE
8
BLACK
6
CONTINUOUS
10
0.4990729527559055
20
0.2209233464566929
11
0.5036090551181103
21
0.2175276771653543
0
LINE
8
BLACK
6
CONTINUOUS
10
0.5036090551181103
20
0.2175276771653543
11
0.5036091732283464
21
0.2175275984251968
0
LINE
8
BLACK
6
CONTINUOUS
10
0.5036091732283464
20
0.2175275984251968
11
0.5089179527559055
21
0.2155475984251969
0
LINE
8
BLACK
6
CONTINUOUS
10
0.5089179527559055
20
0.2155475984251969
11
0.5089178346456693
21
0.2155475984251969
0
LINE
8
BLACK
6
CONTINUOUS
10
0.5089178346456693
20
0.2155475984251969
11
0.5112648031496063
21
0.2152952755905512
0
LINE
8
BLACK
6
CONTINUOUS
10
0.5112648031496063
20
0.2152952755905512
11
0.5112648425196851
21
0.2152952755905512
0
LINE
8
BLACK
6
CONTINUOUS
10
0.5112648425196851
20
0.2152952755905512
11
0.6650340157480314
21
0.2152952755905512
0
LINE
8
BLACK
6
CONTINUOUS
10
0.6650340157480314
20
0.2152952755905512
11
0.665034842519685
21
0.2152953543307086
0
LINE
8
BLACK
6
CONTINUOUS
10
0.665034842519685
20
0.2152953543307086
11
0.6673811023622047
21
0.2155475590551181
0
LINE
8
BLACK
6
CONTINUOUS
10
0.6673811023622047
20
0.2155475590551181
11
0.6673811417322835
21
0.2155475590551181
0
LINE
8
BLACK
6
CONTINUOUS
10
0.6673811417322835
20
0.2155475590551181
11
0.67269
21
0.2175275984251968
0
LINE
8
BLACK
6
CONTINUOUS
10
0.67269
20
0.2175275984251968
11
0.6726901181102362
21
0.2175276771653543
0
LINE
8
BLACK
6
CONTINUOUS
10
0.6726901181102362
20
0.2175276771653543
11
0.6726901968503937
21
0.2175277165354331
0
LINE
8
BLACK
6
CONTINUOUS
10
0.6726901968503937
20
0.2175277165354331
11
0.6741964960629921
21
0.2186553149606299
0
LINE
8
BLACK
6
CONTINUOUS
10
0.6741964960629921
20
0.2186553149606299
11
0.677226220472441
21
0.2209233464566929
0
LINE
8
BLACK
6
CONTINUOUS
10
0.677226220472441
20
0.2209233464566929
11
0.6789240551181103
21
0.2231913779527559
0
LINE
8
BLACK
6
CONTINUOUS
10
0.6789240551181103
20
0.2231913779527559
11
0.6806218897637795
21
0.2254594094488189
0
LINE
8
BLACK
6
CONTINUOUS
10
0.6806218897637795
20
0.2254594094488189
11
0.680621968503937
21
0.2254595669291339
0
LINE
8
BLACK
6
CONTINUOUS
10
0.680621968503937
20
0.2254595669291339
11
0.6819269291338582
21
0.2289583858267716
0
LINE
8
BLACK
6
CONTINUOUS
10
0.6819269291338582
20
0.2289583858267716
11
0.683601968503937
21
0.2311960236220472
0
LINE
8
BLACK
6
CONTINUOUS
10
0.683601968503937
20
0.2311960236220472
11
0.6862208661417323
21
0.2321728346456693
0
LINE
8
BLACK
6
CONTINUOUS
10
0.6862208661417323
20
0.2321728346456693
11
0.6889521653543307
21
0.2315787007874016
0
LINE
8
BLACK
6
CONTINUOUS
10
0.6889521653543307
20
0.2315787007874016
11
0.690928622047244
21
0.2296022440944882
0
LINE
8
BLACK
6
CONTINUOUS
10
0.690928622047244
20
0.2296022440944882
11
0.6912226771653543
21
0.2289583858267716
0
LINE
8
BLACK
6
CONTINUOUS
10
0.6912226771653543
20
0.2289583858267716
11
0.6925276377952756
21
0.2254594881889764
0
LINE
8
BLACK
6
CONTINUOUS
10
0.6925276377952756
20
0.2254594881889764
11
0.6925276771653543
21
0.2254594488188976
0
LINE
8
BLACK
6
CONTINUOUS
10
0.6925276771653543
20
0.2254594488188976
11
0.6959233464566928
21
0.2209233464566929
0
LINE
8
BLACK
6
CONTINUOUS
10
0.6959233464566928
20
0.2209233464566929
11
0.7004594488188977
21
0.2175276771653543
0
LINE
8
BLACK
6
CONTINUOUS
10
0.7004594488188977
20
0.2175276771653543
11
0.7004595669291338
21
0.2175275984251968
0
LINE
8
BLACK
6
CONTINUOUS
10
0.7004595669291338
20
0.2175275984251968
11
0.705768346456693
21
0.2155475984251969
0
LINE
8
BLACK
6
CONTINUOUS
10
0.705768346456693
20
0.2155475984251969
11
0.7057682283464567
21
0.2155475984251969
0
LINE
8
BLACK
6
CONTINUOUS
10
0.7057682283464567
20
0.2155475984251969
11
0.7081151968503937
21
0.2152952755905512
0
LINE
8
BLACK
6
CONTINUOUS
10
0.7081151968503937
20
0.2152952755905512
11
0.7081152362204725
21
0.2152952755905512
0
LINE
8
BLACK
6
CONTINUOUS
10
0.7081152362204725
20
0.2152952755905512
11
0.8618844094488188
21
0.2152952755905512
0
LINE
8
BLACK
6
CONTINUOUS
10
0.8618844094488188
20
0.2152952755905512
11
0.8618852362204724
21
0.2152953543307086
0
LINE
8
BLACK
6
CONTINUOUS
10
0.8618852362204724
20
0.2152953543307086
11
0.8642314960629921
21
0.2155475590551181
0
LINE
8
BLACK
6
CONTINUOUS
10
0.8642314960629921
20
0.2155475590551181
11
0.8642315354330709
21
0.2155475590551181
0
LINE
8
BLACK
6
CONTINUOUS
10
0.8642315354330709
20
0.2155475590551181
11
0.8695403937007874
21
0.2175275984251968
0
LINE
8
BLACK
6
CONTINUOUS
10
0.8695403937007874
20
0.2175275984251968
11
0.8695405118110237
21
0.2175276771653543
0
LINE
8
BLACK
6
CONTINUOUS
10
0.8695405118110237
20
0.2175276771653543
11
0.869540590551181
21
0.2175277165354331
0
LINE
8
BLACK
6
CONTINUOUS
10
0.869540590551181
20
0.2175277165354331
11
0.8710468897637795
21
0.2186553149606299
0
LINE
8
BLACK
6
CONTINUOUS
10
0.8710468897637795
20
0.2186553149606299
11
0.8740766141732284
21
0.2209233464566929
0
LINE
8
BLACK
6
CONTINUOUS
10
0.8740766141732284
20
0.2209233464566929
11
0.8757744488188977
21
0.2231913779527559
0
LINE
8
BLACK
6
CONTINUOUS
10
0.8757744488188977
20
0.2231913779527559
11
0.877472283464567
21
0.2254594094488189
0
LINE
8
BLACK
6
CONTINUOUS
10
0.877472283464567
20
0.2254594094488189
11
0.877472283464567
21
0.2254594881889764
0
LINE
8
BLACK
6
CONTINUOUS
10
0.877472283464567
20
0.2254594881889764
11
0.8774723622047244
21
0.2254595669291339
0
LINE
8
BLACK
6
CONTINUOUS
10
0.8774723622047244
20
0.2254595669291339
11
0.8790174409448819
21
0.2296022440944882
0
LINE
8
BLACK
6
CONTINUOUS
10
0.8790174409448819
20
0.2296022440944882
11
0.8794524015748031
21
0.2307683858267716
0
LINE
8
BLACK
6
CONTINUOUS
10
0.8794524015748031
20
0.2307683858267716
11
0.8797047244094488
21
0.2331152362204724
0
LINE
8
BLACK
6
CONTINUOUS
10
0.8797047244094488
20
0.2331152362204724
11
0.8797047244094488
21
0.2818849606299212
0
LINE
8
BLACK
6
CONTINUOUS
10
0.8797047244094488
20
0.2818849606299212
11
0.87970468503937
21
0.3868847244094488
0
LINE
8
BLACK
6
CONTINUOUS
10
0.87970468503937
20
0.3868847244094488
11
0.8794524015748031
21
0.3892316141732283
0
LINE
8
BLACK
6
CONTINUOUS
10
0.8794524015748031
20
0.3892316141732283
11
0.877472283464567
21
0.3945405905511811
0
LINE
8
BLACK
6
CONTINUOUS
10
0.877472283464567
20
0.3945405905511811
11
0.8740766141732284
21
0.3990766141732283
0
LINE
8
BLACK
6
CONTINUOUS
10
0.8740766141732284
20
0.3990766141732283
11
0.869540590551181
21
0.4024722834645669
0
LINE
8
BLACK
6
CONTINUOUS
10
0.869540590551181
20
0.4024722834645669
11
0.8642316141732284
21
0.4044524015748032
0
LINE
8
BLACK
6
CONTINUOUS
10
0.8642316141732284
20
0.4044524015748032
11
0.8618847637795275
21
0.4047047244094488
0
LINE
8
BLACK
6
CONTINUOUS
10
0.8618847637795275
20
0.4047047244094488
11
0.7081152755905512
21
0.4047046850393701
0
LINE
8
BLACK
6
CONTINUOUS
10
0.7081152755905512
20
0.4047046850393701
11
0.7057683858267716
21
0.4044524015748032
0
LINE
8
BLACK
6
CONTINUOUS
10
0.7057683858267716
20
0.4044524015748032
11
0.7037517322834645
21
0.4037002362204724
0
LINE
8
BLACK
6
CONTINUOUS
10
0.7037517322834645
20
0.4037002362204724
11
0.7004595669291338
21
0.4024723622047244
0
LINE
8
BLACK
6
CONTINUOUS
10
0.7004595669291338
20
0.4024723622047244
11
0.7004594881889764
21
0.4024722834645669
0
LINE
8
BLACK
6
CONTINUOUS
10
0.7004594881889764
20
0.4024722834645669
11
0.7004594094488189
21
0.4024722834645669
0
LINE
8
BLACK
6
CONTINUOUS
10
0.7004594094488189
20
0.4024722834645669
11
0.6981999212598425
21
0.4007808267716536
0
LINE
8
BLACK
6
CONTINUOUS
10
0.6981999212598425
20
0.4007808267716536
11
0.6959233464566928
21
0.3990766141732283
0
LINE
8
BLACK
6
CONTINUOUS
10
0.6959233464566928
20
0.3990766141732283
11
0.6925276771653543
21
0.3945405118110236
0
LINE
8
BLACK
6
CONTINUOUS
10
0.6925276771653543
20
0.3945405118110236
11
0.6925275984251968
21
0.3945403937007874
0
LINE
8
BLACK
6
CONTINUOUS
10
0.6925275984251968
20
0.3945403937007874
11
0.6912226771653543
21
0.3910416141732284
0
LINE
8
BLACK
6
CONTINUOUS
10
0.6912226771653543
20
0.3910416141732284
11
0.6895476377952756
21
0.3888039763779527
0
LINE
8
BLACK
6
CONTINUOUS
10
0.6895476377952756
20
0.3888039763779527
11
0.6869287401574803
21
0.387827125984252
0
LINE
8
BLACK
6
CONTINUOUS
10
0.6869287401574803
20
0.387827125984252
11
0.6841974803149606
21
0.3884212598425197
0
LINE
8
BLACK
6
CONTINUOUS
10
0.6841974803149606
20
0.3884212598425197
11
0.6822209842519685
21
0.390397716535433
0
LINE
8
BLACK
6
CONTINUOUS
10
0.6822209842519685
20
0.390397716535433
11
0.6819269291338582
21
0.3910416141732284
0
LINE
8
BLACK
6
CONTINUOUS
10
0.6819269291338582
20
0.3910416141732284
11
0.680621968503937
21
0.3945403937007874
0
LINE
8
BLACK
6
CONTINUOUS
10
0.680621968503937
20
0.3945403937007874
11
0.6806219291338582
21
0.3945403937007874
0
LINE
8
BLACK
6
CONTINUOUS
10
0.6806219291338582
20
0.3945403937007874
11
0.6806218897637795
21
0.3945405905511811
0
LINE
8
BLACK
6
CONTINUOUS
10
0.6806218897637795
20
0.3945405905511811
11
0.677226220472441
21
0.3990766141732283
0
LINE
8
BLACK
6
CONTINUOUS
10
0.677226220472441
20
0.3990766141732283
11
0.6726901968503937
21
0.4024722834645669
0
LINE
8
BLACK
6
CONTINUOUS
10
0.6726901968503937
20
0.4024722834645669
11
0.667381220472441
21
0.4044524015748032
0
LINE
8
BLACK
6
CONTINUOUS
10
0.667381220472441
20
0.4044524015748032
11
0.6650343700787401
21
0.4047047244094488
0
LINE
8
BLACK
6
CONTINUOUS
10
0.6650343700787401
20
0.4047047244094488
11
0.5112648818897638
21
0.4047046850393701
0
LINE
8
BLACK
6
CONTINUOUS
10
0.5112648818897638
20
0.4047046850393701
11
0.5089179921259842
21
0.4044524015748032
0
LINE
8
BLACK
6
CONTINUOUS
10
0.5089179921259842
20
0.4044524015748032
11
0.5069013385826772
21
0.4037002362204724
0
LINE
8
BLACK
6
CONTINUOUS
10
0.5069013385826772
20
0.4037002362204724
11
0.5036091732283464
21
0.4024723622047244
0
LINE
8
BLACK
6
CONTINUOUS
10
0.5036091732283464
20
0.4024723622047244
11
0.5036090944881889
21
0.4024722834645669
0
LINE
8
BLACK
6
CONTINUOUS
10
0.5036090944881889
20
0.4024722834645669
11
0.5036090157480315
21
0.4024722834645669
0
LINE
8
BLACK
6
CONTINUOUS
10
0.5036090157480315
20
0.4024722834645669
11
0.5013495275590552
21
0.4007808267716536
0
LINE
8
BLACK
6
CONTINUOUS
10
0.5013495275590552
20
0.4007808267716536
11
0.4990729527559055
21
0.3990766141732283
0
LINE
8
BLACK
6
CONTINUOUS
10
0.4990729527559055
20
0.3990766141732283
11
0.4956772834645669
21
0.3945405118110236
0
LINE
8
BLACK
6
CONTINUOUS
10
0.4956772834645669
20
0.3945405118110236
11
0.4956772047244095
21
0.3945403937007874
0
LINE
8
BLACK
6
CONTINUOUS
10
0.4956772047244095
20
0.3945403937007874
11
0.4936972047244094
21
0.3892316535433071
0
LINE
8
BLACK
6
CONTINUOUS
10
0.4936972047244094
20
0.3892316535433071
11
0.4934448818897638
21
0.3868849606299212
0
LINE
8
BLACK
6
CONTINUOUS
10
0.4934448818897638
20
0.3868849606299212
11
0.4934448818897638
21
0.2331155511811024
0
LINE
8
BLACK
6
CONTINUOUS
10
2.0602030708661419
20
0.9891858661417322
11
2.0602029921259843
21
0.9891858267716536
0
LINE
8
BLACK
6
CONTINUOUS
10
2.0602029921259843
20
0.9891858267716536
11
2.0602027559055118
21
0.9891858267716536
0
LINE
8
BLACK
6
CONTINUOUS
10
2.0602027559055118
20
0.9891858267716536
11
2.0531859055118109
21
0.9870572834645669
0
LINE
8
BLACK
6
CONTINUOUS
10
2.0531859055118109
20
0.9870572834645669
11
2.0467191732283463
21
0.9836007086614174
0
LINE
8
BLACK
6
CONTINUOUS
10
2.0467191732283463
20
0.9836007086614174
11
2.0467190944881888
21
0.9836006299212599
0
LINE
8
BLACK
6
CONTINUOUS
10
2.0467190944881888
20
0.9836006299212599
11
2.04671905511811
21
0.9836006299212599
0
LINE
8
BLACK
6
CONTINUOUS
10
2.04671905511811
20
0.9836006299212599
11
2.0449277952755907
21
0.9821305511811024
0
LINE
8
BLACK
6
CONTINUOUS
10
2.0449277952755907
20
0.9821305511811024
11
2.0410510236220474
21
0.9789489763779528
0
LINE
8
BLACK
6
CONTINUOUS
10
2.0410510236220474
20
0.9789489763779528
11
2.0395750000000001
21
0.9771504330708661
0
LINE
8
BLACK
6
CONTINUOUS
10
2.0395750000000001
20
0.9771504330708661
11
2.0363993307086612
21
0.973280905511811
0
LINE
8
BLACK
6
CONTINUOUS
10
2.0363993307086612
20
0.973280905511811
11
2.0363992913385824
21
0.9732808267716535
0
LINE
8
BLACK
6
CONTINUOUS
10
2.0363992913385824
20
0.9732808267716535
11
2.032942716535433
21
0.966814094488189
0
LINE
8
BLACK
6
CONTINUOUS
10
2.032942716535433
20
0.966814094488189
11
2.0308141732283462
21
0.9597972440944882
0
LINE
8
BLACK
6
CONTINUOUS
10
2.0308141732283462
20
0.9597972440944882
11
2.0308141338582675
21
0.9597970866141732
0
LINE
8
BLACK
6
CONTINUOUS
10
2.0308141338582675
20
0.9597970866141732
11
2.0308140944881887
21
0.9597968897637795
0
LINE
8
BLACK
6
CONTINUOUS
10
2.0308140944881887
20
0.9597968897637795
11
2.0300954724409448
21
0.9525001181102362
0
LINE
8
BLACK
6
CONTINUOUS
10
2.0300954724409448
20
0.9525001181102362
11
2.0300954724409448
21
0.952499842519685
0
LINE
8
BLACK
6
CONTINUOUS
10
2.0300954724409448
20
0.952499842519685
11
2.0308140944881887
21
0.9452030708661417
0
LINE
8
BLACK
6
CONTINUOUS
10
2.0308140944881887
20
0.9452030708661417
11
2.032942716535433
21
0.938185905511811
0
LINE
8
BLACK
6
CONTINUOUS
10
2.032942716535433
20
0.938185905511811
11
2.0363993307086612
21
0.9317190944881889
0
LINE
8
BLACK
6
CONTINUOUS
10
2.0363993307086612
20
0.9317190944881889
11
2.0387952755905512
21
0.9287996456692913
0
LINE
8
BLACK
6
CONTINUOUS
10
2.0387952755905512
20
0.9287996456692913
11
2.0398879133858268
21
0.9262269291338583
0
LINE
8
BLACK
6
CONTINUOUS
10
2.0398879133858268
20
0.9262269291338583
11
2.0399212598425196
21
0.9256526771653543
0
LINE
8
BLACK
6
CONTINUOUS
10
2.0399212598425196
20
0.9256526771653543
11
2.0399212598425196
21
0.6409782283464567
0
LINE
8
BLACK
6
CONTINUOUS
10
2.0399212598425196
20
0.6409782283464567
11
2.039133779527559
21
0.6382962992125985
0
LINE
8
BLACK
6
CONTINUOUS
10
2.039133779527559
20
0.6382962992125985
11
2.0384683070866143
21
0.6374705511811023
0
LINE
8
BLACK
6
CONTINUOUS
10
2.0384683070866143
20
0.6374705511811023
11
1.9900294488188977
21
0.5890316929133859
0
LINE
8
BLACK
6
CONTINUOUS
10
1.9900294488188977
20
0.5890316929133859
11
1.987576220472441
21
0.5876920866141733
0
LINE
8
BLACK
6
CONTINUOUS
10
1.987576220472441
20
0.5876920866141733
11
1.9865217716535433
21
0.5875787401574804
0
LINE
8
BLACK
6
CONTINUOUS
10
1.9865217716535433
20
0.5875787401574804
11
1.8943473228346457
21
0.5875787401574804
0
LINE
8
BLACK
6
CONTINUOUS
10
1.8943473228346457
20
0.5875787401574804
11
1.8916653937007875
21
0.5883662204724409
0
LINE
8
BLACK
6
CONTINUOUS
10
1.8916653937007875
20
0.5883662204724409
11
1.8912003543307085
21
0.5887047244094488
0
LINE
8
BLACK
6
CONTINUOUS
10
1.8912003543307085
20
0.5887047244094488
11
1.890787716535433
21
0.5890433070866141
0
LINE
8
BLACK
6
CONTINUOUS
10
1.890787716535433
20
0.5890433070866141
11
1.8882808267716535
21
0.5911007086614173
0
LINE
8
BLACK
6
CONTINUOUS
10
1.8882808267716535
20
0.5911007086614173
11
1.8818140944881889
21
0.5945572834645669
0
LINE
8
BLACK
6
CONTINUOUS
10
1.8818140944881889
20
0.5945572834645669
11
1.8747972440944882
21
0.5966858267716535
0
LINE
8
BLACK
6
CONTINUOUS
10
1.8747972440944882
20
0.5966858267716535
11
1.8747968897637795
21
0.5966858267716535
0
LINE
8
BLACK
6
CONTINUOUS
10
1.8747968897637795
20
0.5966858267716535
11
1.8747968897637795
21
0.5966858661417322
0
LINE
8
BLACK
6
CONTINUOUS
10
1.8747968897637795
20
0.5966858661417322
11
1.8675001181102362
21
0.5974045275590552
0
LINE
8
BLACK
6
CONTINUOUS
10
1.8675001181102362
20
0.5974045275590552
11
1.8674998818897637
21
0.5974045275590552
0
LINE
8
BLACK
6
CONTINUOUS
10
1.8674998818897637
20
0.5974045275590552
11
1.8602030708661417
21
0.5966858661417322
0
LINE
8
BLACK
6
CONTINUOUS
10
1.8602030708661417
20
0.5966858661417322
11
1.8602029921259842
21
0.5966858267716535
0
LINE
8
BLACK
6
CONTINUOUS
10
1.8602029921259842
20
0.5966858267716535
11
1.8602027559055119
21
0.5966858267716535
0
LINE
8
BLACK
6
CONTINUOUS
10
1.8602027559055119
20
0.5966858267716535
11
1.8531859055118109
21
0.5945572834645669
0
LINE
8
BLACK
6
CONTINUOUS
10
1.8531859055118109
20
0.5945572834645669
11
1.8467191732283463
21
0.5911007086614173
0
LINE
8
BLACK
6
CONTINUOUS
10
1.8467191732283463
20
0.5911007086614173
11
1.8467190944881888
21
0.5911006299212598
0
LINE
8
BLACK
6
CONTINUOUS
10
1.8467190944881888
20
0.5911006299212598
11
1.8467190551181103
21
0.5911006299212598
0
LINE
8
BLACK
6
CONTINUOUS
10
1.8467190551181103
20
0.5911006299212598
11
1.8449277952755905
21
0.5896305511811023
0
LINE
8
BLACK
6
CONTINUOUS
10
1.8449277952755905
20
0.5896305511811023
11
1.8410510236220472
21
0.5864489763779528
0
LINE
8
BLACK
6
CONTINUOUS
10
1.8410510236220472
20
0.5864489763779528
11
1.8384398818897638
21
0.5832673228346457
0
LINE
8
BLACK
6
CONTINUOUS
10
1.8384398818897638
20
0.5832673228346457
11
1.8363993307086615
21
0.5807809055118111
0
LINE
8
BLACK
6
CONTINUOUS
10
1.8363993307086615
20
0.5807809055118111
11
1.8363992913385827
21
0.5807808267716535
0
LINE
8
BLACK
6
CONTINUOUS
10
1.8363992913385827
20
0.5807808267716535
11
1.8329427165354331
21
0.5743140944881889
0
LINE
8
BLACK
6
CONTINUOUS
10
1.8329427165354331
20
0.5743140944881889
11
1.8308141732283465
21
0.5672972440944882
0
LINE
8
BLACK
6
CONTINUOUS
10
1.8308141732283465
20
0.5672972440944882
11
1.8308141338582677
21
0.5672970866141732
0
LINE
8
BLACK
6
CONTINUOUS
10
1.8308141338582677
20
0.5672970866141732
11
1.830814094488189
21
0.5672968897637796
0
LINE
8
BLACK
6
CONTINUOUS
10
1.830814094488189
20
0.5672968897637796
11
1.8300954724409448
21
0.5600001181102362
0
LINE
8
BLACK
6
CONTINUOUS
10
1.8300954724409448
20
0.5600001181102362
11
1.8300954724409448
21
0.559999842519685
0
LINE
8
BLACK
6
CONTINUOUS
10
1.8300954724409448
20
0.559999842519685
11
1.830814094488189
21
0.5527030708661417
0
LINE
8
BLACK
6
CONTINUOUS
10
1.830814094488189
20
0.5527030708661417
11
1.8308141338582677
21
0.5527028346456693
0
LINE
8
BLACK
6
CONTINUOUS
10
1.8308141338582677
20
0.5527028346456693
11
1.8308141732283465
21
0.5527027559055118
0
LINE
8
BLACK
6
CONTINUOUS
10
1.8308141732283465
20
0.5527027559055118
11
1.8319634645669292
21
0.548914094488189
0
LINE
8
BLACK
6
CONTINUOUS
10
1.8319634645669292
20
0.548914094488189
11
1.8329427165354331
21
0.5456859055118111
0
LINE
8
BLACK
6
CONTINUOUS
10
1.8329427165354331
20
0.5456859055118111
11
1.8363993307086615
21
0.5392190551181102
0
LINE
8
BLACK
6
CONTINUOUS
10
1.8363993307086615
20
0.5392190551181102
11
1.8410510236220472
21
0.5335510236220472
0
LINE
8
BLACK
6
CONTINUOUS
10
1.8410510236220472
20
0.5335510236220472
11
1.8467190551181103
21
0.5288993307086614
0
LINE
8
BLACK
6
CONTINUOUS
10
1.8467190551181103
20
0.5288993307086614
11
1.8526835039370078
21
0.5257112598425197
0
LINE
8
BLACK
6
CONTINUOUS
10
1.8526835039370078
20
0.5257112598425197
11
1.8531859055118109
21
0.5254427165354331
0
LINE
8
BLACK
6
CONTINUOUS
10
1.8531859055118109
20
0.5254427165354331
11
1.8602027559055119
21
0.5233141732283464
0
LINE
8
BLACK
6
CONTINUOUS
10
1.8602027559055119
20
0.5233141732283464
11
1.8602028346456692
21
0.5233141338582677
0
LINE
8
BLACK
6
CONTINUOUS
10
1.8602028346456692
20
0.5233141338582677
11
1.8602030708661417
21
0.523314094488189
0
LINE
8
BLACK
6
CONTINUOUS
10
1.8602030708661417
20
0.523314094488189
11
1.8674998818897637
21
0.5225954724409448
0
LINE
8
BLACK
6
CONTINUOUS
10
1.8674998818897637
20
0.5225954724409448
11
1.8674999999999999
21
0.5225954724409448
0
LINE
8
BLACK
6
CONTINUOUS
10
1.8674999999999999
20
0.5225954724409448
11
1.8675001181102362
21
0.5225954724409448
0
LINE
8
BLACK
6
CONTINUOUS
10
1.8675001181102362
20
0.5225954724409448
11
1.8747968897637795
21
0.523314094488189
0
LINE
8
BLACK
6
CONTINUOUS
10
1.8747968897637795
20
0.523314094488189
11
1.8747970866141732
21
0.5233141338582677
0
LINE
8
BLACK
6
CONTINUOUS
10
1.8747970866141732
20
0.5233141338582677
11
1.8747972440944882
21
0.5233141732283464
0
LINE
8
BLACK
6
CONTINUOUS
10
1.8747972440944882
20
0.5233141732283464
11
1.8818140944881889
21
0.5254427165354331
0
LINE
8
BLACK
6
CONTINUOUS
10
1.8818140944881889
20
0.5254427165354331
11
1.8882808267716535
21
0.5288992913385827
0
LINE
8
BLACK
6
CONTINUOUS
10
1.8882808267716535
20
0.5288992913385827
11
1.8912003543307085
21
0.5312952755905511
0
LINE
8
BLACK
6
CONTINUOUS
10
1.8912003543307085
20
0.5312952755905511
11
1.8937730708661418
21
0.5323879133858268
0
LINE
8
BLACK
6
CONTINUOUS
10
1.8937730708661418
20
0.5323879133858268
11
1.8943473228346457
21
0.5324212598425196
0
LINE
8
BLACK
6
CONTINUOUS
10
1.8943473228346457
20
0.5324212598425196
11
2.0027164173228345
21
0.5324212598425196
0
LINE
8
BLACK
6
CONTINUOUS
10
2.0027164173228345
20
0.5324212598425196
11
2.0080444094488188
21
0.5334811023622047
0
LINE
8
BLACK
6
CONTINUOUS
10
2.0080444094488188
20
0.5334811023622047
11
2.008044527559055
21
0.5334811417322834
0
LINE
8
BLACK
6
CONTINUOUS
10
2.008044527559055
20
0.5334811417322834
11
2.0100554330708662
21
0.534314094488189
0
LINE
8
BLACK
6
CONTINUOUS
10
2.0100554330708662
20
0.534314094488189
11
2.0130634251968504
21
0.5355600393700787
0
LINE
8
BLACK
6
CONTINUOUS
10
2.0130634251968504
20
0.5355600393700787
11
2.017580433070866
21
0.538578188976378
0
LINE
8
BLACK
6
CONTINUOUS
10
2.017580433070866
20
0.538578188976378
11
2.0889218110236221
21
0.6099195669291338
0
LINE
8
BLACK
6
CONTINUOUS
10
2.0889218110236221
20
0.6099195669291338
11
2.0919399606299214
21
0.6144365748031496
0
LINE
8
BLACK
6
CONTINUOUS
10
2.0919399606299214
20
0.6144365748031496
11
2.0940188976377954
21
0.6194555511811023
0
LINE
8
BLACK
6
CONTINUOUS
10
2.0940188976377954
20
0.6194555511811023
11
2.0940188976377954
21
0.619455590551181
0
LINE
8
BLACK
6
CONTINUOUS
10
2.0940188976377954
20
0.619455590551181
11
2.0940189763779529
21
0.6194557874015748
0
LINE
8
BLACK
6
CONTINUOUS
10
2.0940189763779529
20
0.6194557874015748
11
2.0944153937007872
21
0.6214488582677166
0
LINE
8
BLACK
6
CONTINUOUS
10
2.0944153937007872
20
0.6214488582677166
11
2.0944153937007872
21
0.621448937007874
0
LINE
8
BLACK
6
CONTINUOUS
10
2.0944153937007872
20
0.621448937007874
11
2.0948685039370076
21
0.6237269291338583
0
LINE
8
BLACK
6
CONTINUOUS
10
2.0948685039370076
20
0.6237269291338583
11
2.0950787401574802
21
0.6247837401574803
0
LINE
8
BLACK
6
CONTINUOUS
10
2.0950787401574802
20
0.6247837401574803
11
2.0950787401574802
21
0.6500001181102362
0
LINE
8
BLACK
6
CONTINUOUS
10
2.0950787401574802
20
0.6500001181102362
11
2.0950787401574802
21
0.9256526771653543
0
LINE
8
BLACK
6
CONTINUOUS
10
2.0950787401574802
20
0.9256526771653543
11
2.0958662204724408
21
0.9283346062992126
0
LINE
8
BLACK
6
CONTINUOUS
10
2.0958662204724408
20
0.9283346062992126
11
2.0962047244094486
21
0.9287996456692913
0
LINE
8
BLACK
6
CONTINUOUS
10
2.0962047244094486
20
0.9287996456692913
11
2.0986006299212598
21
0.9317190944881889
0
LINE
8
BLACK
6
CONTINUOUS
10
2.0986006299212598
20
0.9317190944881889
11
2.0986007086614173
21
0.9317191732283464
0
LINE
8
BLACK
6
CONTINUOUS
10
2.0986007086614173
20
0.9317191732283464
11
2.1020572834645668
21
0.938185905511811
0
LINE
8
BLACK
6
CONTINUOUS
10
2.1020572834645668
20
0.938185905511811
11
2.1041858267716536
21
0.9452027559055118
0
LINE
8
BLACK
6
CONTINUOUS
10
2.1041858267716536
20
0.9452027559055118
11
2.104904527559055
21
0.9525
0
LINE
8
BLACK
6
CONTINUOUS
10
2.104904527559055
20
0.9525
11
2.1041858267716536
21
0.9597972440944882
0
LINE
8
BLACK
6
CONTINUOUS
10
2.1041858267716536
20
0.9597972440944882
11
2.1020572834645668
21
0.966814094488189
0
LINE
8
BLACK
6
CONTINUOUS
10
2.1020572834645668
20
0.966814094488189
11
2.0986007086614173
21
0.9732808267716535
0
LINE
8
BLACK
6
CONTINUOUS
10
2.0986007086614173
20
0.9732808267716535
11
2.0939489763779529
21
0.9789489763779528
0
LINE
8
BLACK
6
CONTINUOUS
10
2.0939489763779529
20
0.9789489763779528
11
2.0882808267716535
21
0.9836007086614174
0
LINE
8
BLACK
6
CONTINUOUS
10
2.0882808267716535
20
0.9836007086614174
11
2.0818140944881889
21
0.9870572834645669
0
LINE
8
BLACK
6
CONTINUOUS
10
2.0818140944881889
20
0.9870572834645669
11
2.074797244094488
21
0.9891858267716536
0
LINE
8
BLACK
6
CONTINUOUS
10
2.074797244094488
20
0.9891858267716536
11
2.0747968897637796
21
0.9891858267716536
0
LINE
8
BLACK
6
CONTINUOUS
10
2.0747968897637796
20
0.9891858267716536
11
2.0747968897637796
21
0.9891858661417322
0
LINE
8
BLACK
6
CONTINUOUS
10
2.0747968897637796
20
0.9891858661417322
11
2.0675001181102362
21
0.9899045275590551
0
LINE
8
BLACK
6
CONTINUOUS
10
2.0675001181102362
20
0.9899045275590551
11
2.0674998818897636
21
0.9899045275590551
0
LINE
8
BLACK
6
CONTINUOUS
10
2.0674998818897636
20
0.9899045275590551
11
2.0602030708661419
21
0.9891858661417322
0
LINE
8
BLACK
6
CONTINUOUS
10
2.7341310236220471
20
0.3612873622047244
11
2.7317841338582678
21
0.3610350787401574
0
LINE
8
BLACK
6
CONTINUOUS
10
2.7317841338582678
20
0.3610350787401574
11
2.729536811023622
21
0.3601968503937008
0
LINE
8
BLACK
6
CONTINUOUS
10
2.729536811023622
20
0.3601968503937008
11
2.7264753149606298
21
0.3590550393700787
0
LINE
8
BLACK
6
CONTINUOUS
10
2.7264753149606298
20
0.3590550393700787
11
2.7264752362204723
21
0.3590549606299213
0
LINE
8
BLACK
6
CONTINUOUS
10
2.7264752362204723
20
0.3590549606299213
11
2.7264751574803148
21
0.3590549606299213
0
LINE
8
BLACK
6
CONTINUOUS
10
2.7264751574803148
20
0.3590549606299213
11
2.7246517716535434
21
0.3576899606299213
0
LINE
8
BLACK
6
CONTINUOUS
10
2.7246517716535434
20
0.3576899606299213
11
2.7219390944881887
21
0.3556592913385827
0
LINE
8
BLACK
6
CONTINUOUS
10
2.7219390944881887
20
0.3556592913385827
11
2.7185434251968505
21
0.351123188976378
0
LINE
8
BLACK
6
CONTINUOUS
10
2.7185434251968505
20
0.351123188976378
11
2.718543346456693
21
0.3511230708661418
0
LINE
8
BLACK
6
CONTINUOUS
10
2.718543346456693
20
0.3511230708661418
11
2.716563346456693
21
0.3458143307086614
0
LINE
8
BLACK
6
CONTINUOUS
10
2.716563346456693
20
0.3458143307086614
11
2.7163110236220471
21
0.3434676377952756
0
LINE
8
BLACK
6
CONTINUOUS
10
2.7163110236220471
20
0.3434676377952756
11
2.7163110236220471
21
0.2736982283464567
0
LINE
8
BLACK
6
CONTINUOUS
10
2.7163110236220471
20
0.2736982283464567
11
2.7163111023622046
21
0.2736974015748032
0
LINE
8
BLACK
6
CONTINUOUS
10
2.7163111023622046
20
0.2736974015748032
11
2.7165633070866142
21
0.2713511417322835
0
LINE
8
BLACK
6
CONTINUOUS
10
2.7165633070866142
20
0.2713511417322835
11
2.7165633070866142
21
0.2713511023622047
0
LINE
8
BLACK
6
CONTINUOUS
10
2.7165633070866142
20
0.2713511023622047
11
2.718543346456693
21
0.2660422440944882
0
LINE
8
BLACK
6
CONTINUOUS
10
2.718543346456693
20
0.2660422440944882
11
2.7185434251968505
21
0.266042125984252
0
LINE
8
BLACK
6
CONTINUOUS
10
2.7185434251968505
20
0.266042125984252
11
2.7219390944881887
21
0.2615060236220472
0
LINE
8
BLACK
6
CONTINUOUS
10
2.7219390944881887
20
0.2615060236220472
11
2.7264751968503935
21
0.2581103543307087
0
LINE
8
BLACK
6
CONTINUOUS
10
2.7264751968503935
20
0.2581103543307087
11
2.7264753149606298
21
0.2581102755905512
0
LINE
8
BLACK
6
CONTINUOUS
10
2.7264753149606298
20
0.2581102755905512
11
2.731784094488189
21
0.2561302755905512
0
LINE
8
BLACK
6
CONTINUOUS
10
2.731784094488189
20
0.2561302755905512
11
2.7317839763779528
21
0.2561302755905512
0
LINE
8
BLACK
6
CONTINUOUS
10
2.7317839763779528
20
0.2561302755905512
11
2.7341309448818896
21
0.2558779527559055
0
LINE
8
BLACK
6
CONTINUOUS
10
2.7341309448818896
20
0.2558779527559055
11
2.7341309842519683
21
0.2558779527559055
0
LINE
8
BLACK
6
CONTINUOUS
10
2.7341309842519683
20
0.2558779527559055
11
2.8039001574803151
21
0.2558779527559055
0
LINE
8
BLACK
6
CONTINUOUS
10
2.8039001574803151
20
0.2558779527559055
11
2.8039009842519684
21
0.255878031496063
0
LINE
8
BLACK
6
CONTINUOUS
10
2.8039009842519684
20
0.255878031496063
11
2.8062472440944881
21
0.2561302362204724
0
LINE
8
BLACK
6
CONTINUOUS
10
2.8062472440944881
20
0.2561302362204724
11
2.8062472834645669
21
0.2561302362204724
0
LINE
8
BLACK
6
CONTINUOUS
10
2.8062472834645669
20
0.2561302362204724
11
2.8115561417322832
21
0.2581102755905512
0
LINE
8
BLACK
6
CONTINUOUS
10
2.8115561417322832
20
0.2581102755905512
11
2.8115562598425194
21
0.2581103543307087
0
LINE
8
BLACK
6
CONTINUOUS
10
2.8115562598425194
20
0.2581103543307087
11
2.811556338582677
21
0.2581103937007874
0
LINE
8
BLACK
6
CONTINUOUS
10
2.811556338582677
20
0.2581103937007874
11
2.8130626377952757
21
0.2592379921259843
0
LINE
8
BLACK
6
CONTINUOUS
10
2.8130626377952757
20
0.2592379921259843
11
2.8160923622047243
21
0.2615060236220472
0
LINE
8
BLACK
6
CONTINUOUS
10
2.8160923622047243
20
0.2615060236220472
11
2.8177901968503938
21
0.2637740551181103
0
LINE
8
BLACK
6
CONTINUOUS
10
2.8177901968503938
20
0.2637740551181103
11
2.8194880314960629
21
0.2660420866141732
0
LINE
8
BLACK
6
CONTINUOUS
10
2.8194880314960629
20
0.2660420866141732
11
2.8194880314960629
21
0.2660421653543307
0
LINE
8
BLACK
6
CONTINUOUS
10
2.8194880314960629
20
0.2660421653543307
11
2.8194881102362204
21
0.2660422440944882
0
LINE
8
BLACK
6
CONTINUOUS
10
2.8194881102362204
20
0.2660422440944882
11
2.8214681102362205
21
0.2713509842519685
0
LINE
8
BLACK
6
CONTINUOUS
10
2.8214681102362205
20
0.2713509842519685
11
2.8214681496062992
21
0.271351062992126
0
LINE
8
BLACK
6
CONTINUOUS
10
2.8214681496062992
20
0.271351062992126
11
2.821720472440945
21
0.2736979133858268
0
LINE
8
BLACK
6
CONTINUOUS
10
2.821720472440945
20
0.2736979133858268
11
2.8217204330708663
21
0.3434674015748032
0
LINE
8
BLACK
6
CONTINUOUS
10
2.8217204330708663
20
0.3434674015748032
11
2.8214681496062992
21
0.3458142913385827
0
LINE
8
BLACK
6
CONTINUOUS
10
2.8214681496062992
20
0.3458142913385827
11
2.8194880314960629
21
0.3511232677165354
0
LINE
8
BLACK
6
CONTINUOUS
10
2.8194880314960629
20
0.3511232677165354
11
2.8160923622047243
21
0.3556592913385827
0
LINE
8
BLACK
6
CONTINUOUS
10
2.8160923622047243
20
0.3556592913385827
11
2.811556338582677
21
0.3590549606299213
0
LINE
8
BLACK
6
CONTINUOUS
10
2.811556338582677
20
0.3590549606299213
11
2.8062473622047244
21
0.3610350787401574
0
LINE
8
BLACK
6
CONTINUOUS
10
2.8062473622047244
20
0.3610350787401574
11
2.8039005118110234
21
0.3612874015748032
0
LINE
8
BLACK
6
CONTINUOUS
10
2.8039005118110234
20
0.3612874015748032
11
2.7341310236220471
21
0.3612873622047244
0
LINE
8
BLACK
6
CONTINUOUS
10
2.468279527559055
20
0.2736982283464567
11
2.4682796062992125
21
0.2736974015748032
0
LINE
8
BLACK
6
CONTINUOUS
10
2.4682796062992125
20
0.2736974015748032
11
2.4685318110236221
21
0.2713511417322835
0
LINE
8
BLACK
6
CONTINUOUS
10
2.4685318110236221
20
0.2713511417322835
11
2.4685318110236221
21
0.2713511023622047
0
LINE
8
BLACK
6
CONTINUOUS
10
2.4685318110236221
20
0.2713511023622047
11
2.4705118503937009
21
0.2660422440944882
0
LINE
8
BLACK
6
CONTINUOUS
10
2.4705118503937009
20
0.2660422440944882
11
2.4705119291338584
21
0.266042125984252
0
LINE
8
BLACK
6
CONTINUOUS
10
2.4705119291338584
20
0.266042125984252
11
2.4739075984251966
21
0.2615060236220472
0
LINE
8
BLACK
6
CONTINUOUS
10
2.4739075984251966
20
0.2615060236220472
11
2.4784437007874014
21
0.2581103543307087
0
LINE
8
BLACK
6
CONTINUOUS
10
2.4784437007874014
20
0.2581103543307087
11
2.4784438188976377
21
0.2581102755905512
0
LINE
8
BLACK
6
CONTINUOUS
10
2.4784438188976377
20
0.2581102755905512
11
2.4837525984251969
21
0.2561302755905512
0
LINE
8
BLACK
6
CONTINUOUS
10
2.4837525984251969
20
0.2561302755905512
11
2.4837524803149607
21
0.2561302755905512
0
LINE
8
BLACK
6
CONTINUOUS
10
2.4837524803149607
20
0.2561302755905512
11
2.4860994488188974
21
0.2558779527559055
0
LINE
8
BLACK
6
CONTINUOUS
10
2.4860994488188974
20
0.2558779527559055
11
2.4860994881889762
21
0.2558779527559055
0
LINE
8
BLACK
6
CONTINUOUS
10
2.4860994881889762
20
0.2558779527559055
11
2.5558686614173229
21
0.2558779527559055
0
LINE
8
BLACK
6
CONTINUOUS
10
2.5558686614173229
20
0.2558779527559055
11
2.5558694881889763
21
0.255878031496063
0
LINE
8
BLACK
6
CONTINUOUS
10
2.5558694881889763
20
0.255878031496063
11
2.558215748031496
21
0.2561302362204724
0
LINE
8
BLACK
6
CONTINUOUS
10
2.558215748031496
20
0.2561302362204724
11
2.5582157874015747
21
0.2561302362204724
0
LINE
8
BLACK
6
CONTINUOUS
10
2.5582157874015747
20
0.2561302362204724
11
2.5635246456692915
21
0.2581102755905512
0
LINE
8
BLACK
6
CONTINUOUS
10
2.5635246456692915
20
0.2581102755905512
11
2.5635247637795273
21
0.2581103543307087
0
LINE
8
BLACK
6
CONTINUOUS
10
2.5635247637795273
20
0.2581103543307087
11
2.5635248425196848
21
0.2581103937007874
0
LINE
8
BLACK
6
CONTINUOUS
10
2.5635248425196848
20
0.2581103937007874
11
2.5650311417322835
21
0.2592379921259843
0
LINE
8
BLACK
6
CONTINUOUS
10
2.5650311417322835
20
0.2592379921259843
11
2.5680608661417321
21
0.2615060236220472
0
LINE
8
BLACK
6
CONTINUOUS
10
2.5680608661417321
20
0.2615060236220472
11
2.5697587007874017
21
0.2637740551181103
0
LINE
8
BLACK
6
CONTINUOUS
10
2.5697587007874017
20
0.2637740551181103
11
2.5714565354330707
21
0.2660420866141732
0
LINE
8
BLACK
6
CONTINUOUS
10
2.5714565354330707
20
0.2660420866141732
11
2.5714565354330707
21
0.2660421653543307
0
LINE
8
BLACK
6
CONTINUOUS
10
2.5714565354330707
20
0.2660421653543307
11
2.5714566141732282
21
0.2660422440944882
0
LINE
8
BLACK
6
CONTINUOUS
10
2.5714566141732282
20
0.2660422440944882
11
2.5734366141732283
21
0.2713509842519685
0
LINE
8
BLACK
6
CONTINUOUS
10
2.5734366141732283
20
0.2713509842519685
11
2.5734366535433071
21
0.271351062992126
0
LINE
8
BLACK
6
CONTINUOUS
10
2.5734366535433071
20
0.271351062992126
11
2.5736889763779529
21
0.2736979133858268
0
LINE
8
BLACK
6
CONTINUOUS
10
2.5736889763779529
20
0.2736979133858268
11
2.5736889370078742
21
0.3434674015748032
0
LINE
8
BLACK
6
CONTINUOUS
10
2.5736889370078742
20
0.3434674015748032
11
2.5736888976377954
21
0.3434676377952756
0
LINE
8
BLACK
6
CONTINUOUS
10
2.5736888976377954
20
0.3434676377952756
11
2.5734366535433071
21
0.3458142913385827
0
LINE
8
BLACK
6
CONTINUOUS
10
2.5734366535433071
20
0.3458142913385827
11
2.5714565354330707
21
0.3511232677165354
0
LINE
8
BLACK
6
CONTINUOUS
10
2.5714565354330707
20
0.3511232677165354
11
2.5680608661417321
21
0.3556592913385827
0
LINE
8
BLACK
6
CONTINUOUS
10
2.5680608661417321
20
0.3556592913385827
11
2.5635248425196848
21
0.3590549606299213
0
LINE
8
BLACK
6
CONTINUOUS
10
2.5635248425196848
20
0.3590549606299213
11
2.5582158661417322
21
0.3610350787401574
0
LINE
8
BLACK
6
CONTINUOUS
10
2.5582158661417322
20
0.3610350787401574
11
2.5558690157480313
21
0.3612874015748032
0
LINE
8
BLACK
6
CONTINUOUS
10
2.5558690157480313
20
0.3612874015748032
11
2.4860995275590549
21
0.3612873622047244
0
LINE
8
BLACK
6
CONTINUOUS
10
2.4860995275590549
20
0.3612873622047244
11
2.4837526377952757
21
0.3610350787401574
0
LINE
8
BLACK
6
CONTINUOUS
10
2.4837526377952757
20
0.3610350787401574
11
2.4815053149606299
21
0.3601968503937008
0
LINE
8
BLACK
6
CONTINUOUS
10
2.4815053149606299
20
0.3601968503937008
11
2.4784438188976377
21
0.3590550393700787
0
LINE
8
BLACK
6
CONTINUOUS
10
2.4784438188976377
20
0.3590550393700787
11
2.4784437401574801
21
0.3590549606299213
0
LINE
8
BLACK
6
CONTINUOUS
10
2.4784437401574801
20
0.3590549606299213
11
2.4784436614173226
21
0.3590549606299213
0
LINE
8
BLACK
6
CONTINUOUS
10
2.4784436614173226
20
0.3590549606299213
11
2.4766202755905513
21
0.3576899606299213
0
LINE
8
BLACK
6
CONTINUOUS
10
2.4766202755905513
20
0.3576899606299213
11
2.4739075984251966
21
0.3556592913385827
0
LINE
8
BLACK
6
CONTINUOUS
10
2.4739075984251966
20
0.3556592913385827
11
2.4705119291338584
21
0.351123188976378
0
LINE
8
BLACK
6
CONTINUOUS
10
2.4705119291338584
20
0.351123188976378
11
2.4705118503937009
21
0.3511230708661418
0
LINE
8
BLACK
6
CONTINUOUS
10
2.4705118503937009
20
0.3511230708661418
11
2.4685318503937008
21
0.3458143307086614
0
LINE
8
BLACK
6
CONTINUOUS
10
2.4685318503937008
20
0.3458143307086614
11
2.468279527559055
21
0.3434676377952756
0
LINE
8
BLACK
6
CONTINUOUS
10
2.468279527559055
20
0.3434676377952756
11
2.468279527559055
21
0.2736982283464567
0
LINE
8
BLACK
6
CONTINUOUS
10
2.1625954724409446
20
0.649999842519685
11
2.163314094488189
21
0.6427030708661418
0
LINE
8
BLACK
6
CONTINUOUS
10
2.163314094488189
20
0.6427030708661418
11
2.1633141338582678
21
0.6427028346456692
0
LINE
8
BLACK
6
CONTINUOUS
10
2.1633141338582678
20
0.6427028346456692
11
2.1633141732283465
21
0.6427027559055118
0
LINE
8
BLACK
6
CONTINUOUS
10
2.1633141732283465
20
0.6427027559055118
11
2.164901338582677
21
0.6374705511811023
0
LINE
8
BLACK
6
CONTINUOUS
10
2.164901338582677
20
0.6374705511811023
11
2.1654427165354329
21
0.635685905511811
0
LINE
8
BLACK
6
CONTINUOUS
10
2.1654427165354329
20
0.635685905511811
11
2.1688993307086615
21
0.6292190944881889
0
LINE
8
BLACK
6
CONTINUOUS
10
2.1688993307086615
20
0.6292190944881889
11
2.171295275590551
21
0.6262996456692913
0
LINE
8
BLACK
6
CONTINUOUS
10
2.171295275590551
20
0.6262996456692913
11
2.1723879133858266
21
0.6237269291338583
0
LINE
8
BLACK
6
CONTINUOUS
10
2.1723879133858266
20
0.6237269291338583
11
2.1724212598425194
21
0.6231526771653543
0
LINE
8
BLACK
6
CONTINUOUS
10
2.1724212598425194
20
0.6231526771653543
11
2.1724212598425194
21
0.4918472440944882
0
LINE
8
BLACK
6
CONTINUOUS
10
2.1724212598425194
20
0.4918472440944882
11
2.1716337795275589
21
0.4891653149606299
0
LINE
8
BLACK
6
CONTINUOUS
10
2.1716337795275589
20
0.4891653149606299
11
2.171295433070866
21
0.4887005118110236
0
LINE
8
BLACK
6
CONTINUOUS
10
2.171295433070866
20
0.4887005118110236
11
2.1697035433070866
21
0.4867608267716536
0
LINE
8
BLACK
6
CONTINUOUS
10
2.1697035433070866
20
0.4867608267716536
11
2.1688992125984252
21
0.4857807480314961
0
LINE
8
BLACK
6
CONTINUOUS
10
2.1688992125984252
20
0.4857807480314961
11
2.1654427165354329
21
0.4793141338582677
0
LINE
8
BLACK
6
CONTINUOUS
10
2.1654427165354329
20
0.4793141338582677
11
2.1654427165354329
21
0.479314094488189
0
LINE
8
BLACK
6
CONTINUOUS
10
2.1654427165354329
20
0.479314094488189
11
2.1633141732283465
21
0.4722972440944882
0
LINE
8
BLACK
6
CONTINUOUS
10
2.1633141732283465
20
0.4722972440944882
11
2.1633141338582678
21
0.4722970866141732
0
LINE
8
BLACK
6
CONTINUOUS
10
2.1633141338582678
20
0.4722970866141732
11
2.163314094488189
21
0.4722968897637795
0
LINE
8
BLACK
6
CONTINUOUS
10
2.163314094488189
20
0.4722968897637795
11
2.1625954724409446
21
0.4650001181102362
0
LINE
8
BLACK
6
CONTINUOUS
10
2.1625954724409446
20
0.4650001181102362
11
2.1625954724409446
21
0.464999842519685
0
LINE
8
BLACK
6
CONTINUOUS
10
2.1625954724409446
20
0.464999842519685
11
2.163314094488189
21
0.4577030708661417
0
LINE
8
BLACK
6
CONTINUOUS
10
2.163314094488189
20
0.4577030708661417
11
2.1633141338582678
21
0.4577028346456693
0
LINE
8
BLACK
6
CONTINUOUS
10
2.1633141338582678
20
0.4577028346456693
11
2.1633141732283465
21
0.4577027559055118
0
LINE
8
BLACK
6
CONTINUOUS
10
2.1633141732283465
20
0.4577027559055118
11
2.1643421653543307
21
0.4543139763779527
0
LINE
8
BLACK
6
CONTINUOUS
10
2.1643421653543307
20
0.4543139763779527
11
2.1654427165354329
21
0.450685905511811
0
LINE
8
BLACK
6
CONTINUOUS
10
2.1654427165354329
20
0.450685905511811
11
2.1688993307086615
21
0.4442190551181102
0
LINE
8
BLACK
6
CONTINUOUS
10
2.1688993307086615
20
0.4442190551181102
11
2.1735510236220472
21
0.4385510236220472
0
LINE
8
BLACK
6
CONTINUOUS
10
2.1735510236220472
20
0.4385510236220472
11
2.1792190551181103
21
0.4338993307086614
0
LINE
8
BLACK
6
CONTINUOUS
10
2.1792190551181103
20
0.4338993307086614
11
2.1833835826771653
21
0.4316733464566929
0
LINE
8
BLACK
6
CONTINUOUS
10
2.1833835826771653
20
0.4316733464566929
11
2.1856859055118112
21
0.430442716535433
0
LINE
8
BLACK
6
CONTINUOUS
10
2.1856859055118112
20
0.430442716535433
11
2.1927027559055117
21
0.4283141732283465
0
LINE
8
BLACK
6
CONTINUOUS
10
2.1927027559055117
20
0.4283141732283465
11
2.1927028346456692
21
0.4283141338582677
0
LINE
8
BLACK
6
CONTINUOUS
10
2.1927028346456692
20
0.4283141338582677
11
2.1927030708661417
21
0.428314094488189
0
LINE
8
BLACK
6
CONTINUOUS
10
2.1927030708661417
20
0.428314094488189
11
2.1999998818897639
21
0.4275954724409449
0
LINE
8
BLACK
6
CONTINUOUS
10
2.1999998818897639
20
0.4275954724409449
11
2.1999999999999997
21
0.4275954724409449
0
LINE
8
BLACK
6
CONTINUOUS
10
2.1999999999999997
20
0.4275954724409449
11
2.200000118110236
21
0.4275954724409449
0
LINE
8
BLACK
6
CONTINUOUS
10
2.200000118110236
20
0.4275954724409449
11
2.2072968897637795
21
0.428314094488189
0
LINE
8
BLACK
6
CONTINUOUS
10
2.2072968897637795
20
0.428314094488189
11
2.2072970866141732
21
0.4283141338582677
0
LINE
8
BLACK
6
CONTINUOUS
10
2.2072970866141732
20
0.4283141338582677
11
2.2072972440944882
21
0.4283141732283465
0
LINE
8
BLACK
6
CONTINUOUS
10
2.2072972440944882
20
0.4283141732283465
11
2.2127469291338584
21
0.4299673228346457
0
LINE
8
BLACK
6
CONTINUOUS
10
2.2127469291338584
20
0.4299673228346457
11
2.2143141338582675
21
0.430442716535433
0
LINE
8
BLACK
6
CONTINUOUS
10
2.2143141338582675
20
0.430442716535433
11
2.2176222047244094
21
0.4322109448818898
0
LINE
8
BLACK
6
CONTINUOUS
10
2.2176222047244094
20
0.4322109448818898
11
2.2203586614173227
21
0.4327807086614173
0
LINE
8
BLACK
6
CONTINUOUS
10
2.2203586614173227
20
0.4327807086614173
11
2.2229687401574805
21
0.4317805511811024
0
LINE
8
BLACK
6
CONTINUOUS
10
2.2229687401574805
20
0.4317805511811024
11
2.2246237795275592
21
0.4295280708661417
0
LINE
8
BLACK
6
CONTINUOUS
10
2.2246237795275592
20
0.4295280708661417
11
2.2249212598425196
21
0.427836062992126
0
LINE
8
BLACK
6
CONTINUOUS
10
2.2249212598425196
20
0.427836062992126
11
2.2249212598425196
21
0.4068472440944882
0
LINE
8
BLACK
6
CONTINUOUS
10
2.2249212598425196
20
0.4068472440944882
11
2.2241337795275591
21
0.4041653149606299
0
LINE
8
BLACK
6
CONTINUOUS
10
2.2241337795275591
20
0.4041653149606299
11
2.2237954330708662
21
0.4037005118110236
0
LINE
8
BLACK
6
CONTINUOUS
10
2.2237954330708662
20
0.4037005118110236
11
2.2227875196850393
21
0.4024723622047244
0
LINE
8
BLACK
6
CONTINUOUS
10
2.2227875196850393
20
0.4024723622047244
11
2.221399212598425
21
0.400780748031496
0
LINE
8
BLACK
6
CONTINUOUS
10
2.221399212598425
20
0.400780748031496
11
2.2179427165354331
21
0.3943141338582677
0
LINE
8
BLACK
6
CONTINUOUS
10
2.2179427165354331
20
0.3943141338582677
11
2.2179427165354331
21
0.394314094488189
0
LINE
8
BLACK
6
CONTINUOUS
10
2.2179427165354331
20
0.394314094488189
11
2.2158141732283463
21
0.3872972440944882
0
LINE
8
BLACK
6
CONTINUOUS
10
2.2158141732283463
20
0.3872972440944882
11
2.2158141338582675
21
0.3872970866141732
0
LINE
8
BLACK
6
CONTINUOUS
10
2.2158141338582675
20
0.3872970866141732
11
2.2158140944881888
21
0.3872968897637795
0
LINE
8
BLACK
6
CONTINUOUS
10
2.2158140944881888
20
0.3872968897637795
11
2.2150954724409448
21
0.3800001181102362
0
LINE
8
BLACK
6
CONTINUOUS
10
2.2150954724409448
20
0.3800001181102362
11
2.2150954724409448
21
0.379999842519685
0
LINE
8
BLACK
6
CONTINUOUS
10
2.2150954724409448
20
0.379999842519685
11
2.2158140944881888
21
0.3727030708661417
0
LINE
8
BLACK
6
CONTINUOUS
10
2.2158140944881888
20
0.3727030708661417
11
2.2179427165354331
21
0.365685905511811
0
LINE
8
BLACK
6
CONTINUOUS
10
2.2179427165354331
20
0.365685905511811
11
2.2213993307086612
21
0.3592190551181103
0
LINE
8
BLACK
6
CONTINUOUS
10
2.2213993307086612
20
0.3592190551181103
11
2.226051023622047
21
0.3535510236220472
0
LINE
8
BLACK
6
CONTINUOUS
10
2.226051023622047
20
0.3535510236220472
11
2.2317190551181101
21
0.3488993307086614
0
LINE
8
BLACK
6
CONTINUOUS
10
2.2317190551181101
20
0.3488993307086614
11
2.2377297637795275
21
0.3456865354330709
0
LINE
8
BLACK
6
CONTINUOUS
10
2.2377297637795275
20
0.3456865354330709
11
2.238185905511811
21
0.3454427165354331
0
LINE
8
BLACK
6
CONTINUOUS
10
2.238185905511811
20
0.3454427165354331
11
2.2452027559055119
21
0.3433141732283465
0
LINE
8
BLACK
6
CONTINUOUS
10
2.2452027559055119
20
0.3433141732283465
11
2.2452028346456694
21
0.3433141338582677
0
LINE
8
BLACK
6
CONTINUOUS
10
2.2452028346456694
20
0.3433141338582677
11
2.2452030708661415
21
0.3433140944881889
0
LINE
8
BLACK
6
CONTINUOUS
10
2.2452030708661415
20
0.3433140944881889
11
2.2524998818897637
21
0.3425954724409448
0
LINE
8
BLACK
6
CONTINUOUS
10
2.2524998818897637
20
0.3425954724409448
11
2.2524999999999999
21
0.3425954724409448
0
LINE
8
BLACK
6
CONTINUOUS
10
2.2524999999999999
20
0.3425954724409448
11
2.2525001181102362
21
0.3425954724409448
0
LINE
8
BLACK
6
CONTINUOUS
10
2.2525001181102362
20
0.3425954724409448
11
2.2597968897637797
21
0.3433140944881889
0
LINE
8
BLACK
6
CONTINUOUS
10
2.2597968897637797
20
0.3433140944881889
11
2.259797086614173
21
0.3433141338582677
0
LINE
8
BLACK
6
CONTINUOUS
10
2.259797086614173
20
0.3433141338582677
11
2.259797244094488
21
0.3433141732283465
0
LINE
8
BLACK
6
CONTINUOUS
10
2.259797244094488
20
0.3433141732283465
11
2.2603031496062993
21
0.3434676377952756
0
LINE
8
BLACK
6
CONTINUOUS
10
2.2603031496062993
20
0.3434676377952756
11
2.2668140944881889
21
0.3454427165354331
0
LINE
8
BLACK
6
CONTINUOUS
10
2.2668140944881889
20
0.3454427165354331
11
2.2732808267716536
21
0.3488992913385827
0
LINE
8
BLACK
6
CONTINUOUS
10
2.2732808267716536
20
0.3488992913385827
11
2.2732809055118111
21
0.3488993307086614
0
LINE
8
BLACK
6
CONTINUOUS
10
2.2732809055118111
20
0.3488993307086614
11
2.275990748031496
21
0.3511232677165354
0
LINE
8
BLACK
6
CONTINUOUS
10
2.275990748031496
20
0.3511232677165354
11
2.2789489763779529
21
0.3535510236220472
0
LINE
8
BLACK
6
CONTINUOUS
10
2.2789489763779529
20
0.3535510236220472
11
2.2836007086614174
21
0.3592191732283465
0
LINE
8
BLACK
6
CONTINUOUS
10
2.2836007086614174
20
0.3592191732283465
11
2.2870572834645668
21
0.365685905511811
0
LINE
8
BLACK
6
CONTINUOUS
10
2.2870572834645668
20
0.365685905511811
11
2.2891858267716536
21
0.3727027559055118
0
LINE
8
BLACK
6
CONTINUOUS
10
2.2891858267716536
20
0.3727027559055118
11
2.289904527559055
21
0.38
0
LINE
8
BLACK
6
CONTINUOUS
10
2.289904527559055
20
0.38
11
2.2892264173228347
21
0.3868849606299212
0
LINE
8
BLACK
6
CONTINUOUS
10
2.2892264173228347
20
0.3868849606299212
11
2.2891858661417324
21
0.3872968897637795
0
LINE
8
BLACK
6
CONTINUOUS
10
2.2891858661417324
20
0.3872968897637795
11
2.2891858267716536
21
0.3872968897637795
0
LINE
8
BLACK
6
CONTINUOUS
10
2.2891858267716536
20
0.3872968897637795
11
2.2891858267716536
21
0.3872972440944882
0
LINE
8
BLACK
6
CONTINUOUS
10
2.2891858267716536
20
0.3872972440944882
11
2.2870572834645668
21
0.394314094488189
0
LINE
8
BLACK
6
CONTINUOUS
10
2.2870572834645668
20
0.394314094488189
11
2.2836007086614174
21
0.4007808267716536
0
LINE
8
BLACK
6
CONTINUOUS
10
2.2836007086614174
20
0.4007808267716536
11
2.2812047244094487
21
0.4037002755905512
0
LINE
8
BLACK
6
CONTINUOUS
10
2.2812047244094487
20
0.4037002755905512
11
2.2801120866141731
21
0.4062729133858268
0
LINE
8
BLACK
6
CONTINUOUS
10
2.2801120866141731
20
0.4062729133858268
11
2.2800787401574802
21
0.4068472440944882
0
LINE
8
BLACK
6
CONTINUOUS
10
2.2800787401574802
20
0.4068472440944882
11
2.2800787401574802
21
0.4254549606299213
0
LINE
8
BLACK
6
CONTINUOUS
10
2.2800787401574802
20
0.4254549606299213
11
2.2808662204724408
21
0.4281368897637795
0
LINE
8
BLACK
6
CONTINUOUS
10
2.2808662204724408
20
0.4281368897637795
11
2.2829786614173226
21
0.4299673228346457
0
LINE
8
BLACK
6
CONTINUOUS
10
2.2829786614173226
20
0.4299673228346457
11
2.2857453543307087
21
0.4303651181102362
0
LINE
8
BLACK
6
CONTINUOUS
10
2.2857453543307087
20
0.4303651181102362
11
2.2864793307086613
21
0.4302020078740157
0
LINE
8
BLACK
6
CONTINUOUS
10
2.2864793307086613
20
0.4302020078740157
11
2.2927029921259843
21
0.428314094488189
0
LINE
8
BLACK
6
CONTINUOUS
10
2.2927029921259843
20
0.428314094488189
11
2.2999998818897636
21
0.4275954724409449
0
LINE
8
BLACK
6
CONTINUOUS
10
2.2999998818897636
20
0.4275954724409449
11
2.2999999999999998
21
0.4275954724409449
0
LINE
8
BLACK
6
CONTINUOUS
10
2.2999999999999998
20
0.4275954724409449
11
2.3000001181102361
21
0.4275954724409449
0
LINE
8
BLACK
6
CONTINUOUS
10
2.3000001181102361
20
0.4275954724409449
11
2.3072968897637796
21
0.428314094488189
0
LINE
8
BLACK
6
CONTINUOUS
10
2.3072968897637796
20
0.428314094488189
11
2.3072970866141733
21
0.4283141338582677
0
LINE
8
BLACK
6
CONTINUOUS
10
2.3072970866141733
20
0.4283141338582677
11
2.3072972440944883
21
0.4283141732283465
0
LINE
8
BLACK
6
CONTINUOUS
10
2.3072972440944883
20
0.4283141732283465
11
2.3143140944881888
21
0.430442716535433
0
LINE
8
BLACK
6
CONTINUOUS
10
2.3143140944881888
20
0.430442716535433
11
2.3207808267716534
21
0.4338992913385827
0
LINE
8
BLACK
6
CONTINUOUS
10
2.3207808267716534
20
0.4338992913385827
11
2.3207809055118109
21
0.4338993307086614
0
LINE
8
BLACK
6
CONTINUOUS
10
2.3207809055118109
20
0.4338993307086614
11
2.3232673228346457
21
0.4359398818897638
0
LINE
8
BLACK
6
CONTINUOUS
10
2.3232673228346457
20
0.4359398818897638
11
2.3264489763779528
21
0.4385510236220472
0
LINE
8
BLACK
6
CONTINUOUS
10
2.3264489763779528
20
0.4385510236220472
11
2.3311007086614173
21
0.4442191732283464
0
LINE
8
BLACK
6
CONTINUOUS
10
2.3311007086614173
20
0.4442191732283464
11
2.3345572834645667
21
0.450685905511811
0
LINE
8
BLACK
6
CONTINUOUS
10
2.3345572834645667
20
0.450685905511811
11
2.3366858267716535
21
0.4577027559055118
0
LINE
8
BLACK
6
CONTINUOUS
10
2.3366858267716535
20
0.4577027559055118
11
2.3369889763779526
21
0.4607808267716536
0
LINE
8
BLACK
6
CONTINUOUS
10
2.3369889763779526
20
0.4607808267716536
11
2.3374045275590549
21
0.464999842519685
0
LINE
8
BLACK
6
CONTINUOUS
10
2.3374045275590549
20
0.464999842519685
11
2.3374045275590549
21
0.4650001181102362
0
LINE
8
BLACK
6
CONTINUOUS
10
2.3374045275590549
20
0.4650001181102362
11
2.3366858661417322
21
0.4722968897637795
0
LINE
8
BLACK
6
CONTINUOUS
10
2.3366858661417322
20
0.4722968897637795
11
2.3366858267716535
21
0.4722968897637795
0
LINE
8
BLACK
6
CONTINUOUS
10
2.3366858267716535
20
0.4722968897637795
11
2.3366858267716535
21
0.4722972440944882
0
LINE
8
BLACK
6
CONTINUOUS
10
2.3366858267716535
20
0.4722972440944882
11
2.3345572834645667
21
0.479314094488189
0
LINE
8
BLACK
6
CONTINUOUS
10
2.3345572834645667
20
0.479314094488189
11
2.3311007086614173
21
0.4857808267716535
0
LINE
8
BLACK
6
CONTINUOUS
10
2.3311007086614173
20
0.4857808267716535
11
2.328704724409449
21
0.4887002755905512
0
LINE
8
BLACK
6
CONTINUOUS
10
2.328704724409449
20
0.4887002755905512
11
2.327612086614173
21
0.4912729133858267
0
LINE
8
BLACK
6
CONTINUOUS
10
2.327612086614173
20
0.4912729133858267
11
2.3275787401574801
21
0.4918472440944882
0
LINE
8
BLACK
6
CONTINUOUS
10
2.3275787401574801
20
0.4918472440944882
11
2.3275787401574801
21
0.5681526771653543
0
LINE
8
BLACK
6
CONTINUOUS
10
2.3275787401574801
20
0.5681526771653543
11
2.3283662204724407
21
0.5708346062992126
0
LINE
8
BLACK
6
CONTINUOUS
10
2.3283662204724407
20
0.5708346062992126
11
2.328704724409449
21
0.5712996456692914
0
LINE
8
BLACK
6
CONTINUOUS
10
2.328704724409449
20
0.5712996456692914
11
2.3311006299212598
21
0.574219094488189
0
LINE
8
BLACK
6
CONTINUOUS
10
2.3311006299212598
20
0.574219094488189
11
2.3311007086614173
21
0.5742191732283465
0
LINE
8
BLACK
6
CONTINUOUS
10
2.3311007086614173
20
0.5742191732283465
11
2.3345572834645667
21
0.580685905511811
0
LINE
8
BLACK
6
CONTINUOUS
10
2.3345572834645667
20
0.580685905511811
11
2.3366858267716535
21
0.5877027559055118
0
LINE
8
BLACK
6
CONTINUOUS
10
2.3366858267716535
20
0.5877027559055118
11
2.3368167322834643
21
0.5890316929133859
0
LINE
8
BLACK
6
CONTINUOUS
10
2.3368167322834643
20
0.5890316929133859
11
2.3374045275590549
21
0.5949998425196851
0
LINE
8
BLACK
6
CONTINUOUS
10
2.3374045275590549
20
0.5949998425196851
11
2.3374045275590549
21
0.5950001181102362
0
LINE
8
BLACK
6
CONTINUOUS
10
2.3374045275590549
20
0.5950001181102362
11
2.3366858661417322
21
0.6022968897637795
0
LINE
8
BLACK
6
CONTINUOUS
10
2.3366858661417322
20
0.6022968897637795
11
2.3366858267716535
21
0.6022968897637795
0
LINE
8
BLACK
6
CONTINUOUS
10
2.3366858267716535
20
0.6022968897637795
11
2.3366858267716535
21
0.6022972440944881
0
LINE
8
BLACK
6
CONTINUOUS
10
2.3366858267716535
20
0.6022972440944881
11
2.3345572834645667
21
0.609314094488189
0
LINE
8
BLACK
6
CONTINUOUS
10
2.3345572834645667
20
0.609314094488189
11
2.3311007086614173
21
0.6157808267716536
0
LINE
8
BLACK
6
CONTINUOUS
10
2.3311007086614173
20
0.6157808267716536
11
2.3264489763779528
21
0.6214489763779527
0
LINE
8
BLACK
6
CONTINUOUS
10
2.3264489763779528
20
0.6214489763779527
11
2.3207808267716534
21
0.6261007086614173
0
LINE
8
BLACK
6
CONTINUOUS
10
2.3207808267716534
20
0.6261007086614173
11
2.3143140944881888
21
0.629557283464567
0
LINE
8
BLACK
6
CONTINUOUS
10
2.3143140944881888
20
0.629557283464567
11
2.3072972440944883
21
0.6316858267716535
0
LINE
8
BLACK
6
CONTINUOUS
10
2.3072972440944883
20
0.6316858267716535
11
2.3072968897637796
21
0.6316858267716535
0
LINE
8
BLACK
6
CONTINUOUS
10
2.3072968897637796
20
0.6316858267716535
11
2.3072968897637796
21
0.6316858661417323
0
LINE
8
BLACK
6
CONTINUOUS
10
2.3072968897637796
20
0.6316858661417323
11
2.3000001181102361
21
0.6324045275590551
0
LINE
8
BLACK
6
CONTINUOUS
10
2.3000001181102361
20
0.6324045275590551
11
2.2999998818897636
21
0.6324045275590551
0
LINE
8
BLACK
6
CONTINUOUS
10
2.2999998818897636
20
0.6324045275590551
11
2.292702874015748
21
0.6316858661417323
0
LINE
8
BLACK
6
CONTINUOUS
10
2.292702874015748
20
0.6316858661417323
11
2.2880007480314961
21
0.6302594881889764
0
LINE
8
BLACK
6
CONTINUOUS
10
2.2880007480314961
20
0.6302594881889764
11
2.2852057086614175
21
0.6302345275590551
0
LINE
8
BLACK
6
CONTINUOUS
10
2.2852057086614175
20
0.6302345275590551
11
2.2828409055118111
21
0.6317246456692913
0
LINE
8
BLACK
6
CONTINUOUS
10
2.2828409055118111
20
0.6317246456692913
11
2.2816570866141732
21
0.6342567322834646
0
LINE
8
BLACK
6
CONTINUOUS
10
2.2816570866141732
20
0.6342567322834646
11
2.2820301968503935
21
0.6370268503937008
0
LINE
8
BLACK
6
CONTINUOUS
10
2.2820301968503935
20
0.6370268503937008
11
2.2827261417322835
21
0.6381534645669291
0
LINE
8
BLACK
6
CONTINUOUS
10
2.2827261417322835
20
0.6381534645669291
11
2.2836005511811024
21
0.639218937007874
0
LINE
8
BLACK
6
CONTINUOUS
10
2.2836005511811024
20
0.639218937007874
11
2.2836005905511811
21
0.6392190551181102
0
LINE
8
BLACK
6
CONTINUOUS
10
2.2836005905511811
20
0.6392190551181102
11
2.2836007086614174
21
0.6392191732283464
0
LINE
8
BLACK
6
CONTINUOUS
10
2.2836007086614174
20
0.6392191732283464
11
2.2870572834645668
21
0.645685905511811
0
LINE
8
BLACK
6
CONTINUOUS
10
2.2870572834645668
20
0.645685905511811
11
2.2891858267716536
21
0.6527027559055117
0
LINE
8
BLACK
6
CONTINUOUS
10
2.2891858267716536
20
0.6527027559055117
11
2.289904527559055
21
0.66
0
LINE
8
BLACK
6
CONTINUOUS
10
2.289904527559055
20
0.66
11
2.2891858267716536
21
0.6672972440944882
0
LINE
8
BLACK
6
CONTINUOUS
10
2.2891858267716536
20
0.6672972440944882
11
2.2870572834645668
21
0.6743140944881889
0
LINE
8
BLACK
6
CONTINUOUS
10
2.2870572834645668
20
0.6743140944881889
11
2.2836007086614174
21
0.6807808267716535
0
LINE
8
BLACK
6
CONTINUOUS
10
2.2836007086614174
20
0.6807808267716535
11
2.2789489763779529
21
0.6864489763779528
0
LINE
8
BLACK
6
CONTINUOUS
10
2.2789489763779529
20
0.6864489763779528
11
2.2732808267716536
21
0.6911007086614173
0
LINE
8
BLACK
6
CONTINUOUS
10
2.2732808267716536
20
0.6911007086614173
11
2.2668140944881889
21
0.6945572834645669
0
LINE
8
BLACK
6
CONTINUOUS
10
2.2668140944881889
20
0.6945572834645669
11
2.259797244094488
21
0.6966858267716536
0
LINE
8
BLACK
6
CONTINUOUS
10
2.259797244094488
20
0.6966858267716536
11
2.2597968897637797
21
0.6966858267716536
0
LINE
8
BLACK
6
CONTINUOUS
10
2.2597968897637797
20
0.6966858267716536
11
2.2597968897637797
21
0.6966858661417322
0
LINE
8
BLACK
6
CONTINUOUS
10
2.2597968897637797
20
0.6966858661417322
11
2.2525001181102362
21
0.6974045275590551
0
LINE
8
BLACK
6
CONTINUOUS
10
2.2525001181102362
20
0.6974045275590551
11
2.2524998818897637
21
0.6974045275590551
0
LINE
8
BLACK
6
CONTINUOUS
10
2.2524998818897637
20
0.6974045275590551
11
2.2452030708661415
21
0.6966858661417322
0
LINE
8
BLACK
6
CONTINUOUS
10
2.2452030708661415
20
0.6966858661417322
11
2.2452029921259844
21
0.6966858267716536
0
LINE
8
BLACK
6
CONTINUOUS
10
2.2452029921259844
20
0.6966858267716536
11
2.2452027559055119
21
0.6966858267716536
0
LINE
8
BLACK
6
CONTINUOUS
10
2.2452027559055119
20
0.6966858267716536
11
2.238185905511811
21
0.6945572834645669
0
LINE
8
BLACK
6
CONTINUOUS
10
2.238185905511811
20
0.6945572834645669
11
2.2317191732283463
21
0.6911007086614173
0
LINE
8
BLACK
6
CONTINUOUS
10
2.2317191732283463
20
0.6911007086614173
11
2.2317190944881888
21
0.6911006299212599
0
LINE
8
BLACK
6
CONTINUOUS
10
2.2317190944881888
20
0.6911006299212599
11
2.2317190551181101
21
0.6911006299212599
0
LINE
8
BLACK
6
CONTINUOUS
10
2.2317190551181101
20
0.6911006299212599
11
2.2299277952755907
21
0.6896305511811024
0
LINE
8
BLACK
6
CONTINUOUS
10
2.2299277952755907
20
0.6896305511811024
11
2.226051023622047
21
0.6864489763779528
0
LINE
8
BLACK
6
CONTINUOUS
10
2.226051023622047
20
0.6864489763779528
11
2.2239757874015749
21
0.6839202755905511
0
LINE
8
BLACK
6
CONTINUOUS
10
2.2239757874015749
20
0.6839202755905511
11
2.2216657480314961
21
0.682346811023622
0
LINE
8
BLACK
6
CONTINUOUS
10
2.2216657480314961
20
0.682346811023622
11
2.2188716141732283
21
0.682271968503937
0
LINE
8
BLACK
6
CONTINUOUS
10
2.2188716141732283
20
0.682271968503937
11
2.2178030314960631
21
0.6826923622047244
0
LINE
8
BLACK
6
CONTINUOUS
10
2.2178030314960631
20
0.6826923622047244
11
2.2143140944881887
21
0.6845572834645669
0
LINE
8
BLACK
6
CONTINUOUS
10
2.2143140944881887
20
0.6845572834645669
11
2.2072972440944882
21
0.6866858267716536
0
LINE
8
BLACK
6
CONTINUOUS
10
2.2072972440944882
20
0.6866858267716536
11
2.2072968897637795
21
0.6866858267716536
0
LINE
8
BLACK
6
CONTINUOUS
10
2.2072968897637795
20
0.6866858267716536
11
2.2072968897637795
21
0.6866858661417322
0
LINE
8
BLACK
6
CONTINUOUS
10
2.2072968897637795
20
0.6866858661417322
11
2.200000118110236
21
0.6874045275590551
0
LINE
8
BLACK
6
CONTINUOUS
10
2.200000118110236
20
0.6874045275590551
11
2.1999998818897639
21
0.6874045275590551
0
LINE
8
BLACK
6
CONTINUOUS
10
2.1999998818897639
20
0.6874045275590551
11
2.1927030708661417
21
0.6866858661417322
0
LINE
8
BLACK
6
CONTINUOUS
10
2.1927030708661417
20
0.6866858661417322
11
2.1927029921259842
21
0.6866858267716536
0
LINE
8
BLACK
6
CONTINUOUS
10
2.1927029921259842
20
0.6866858267716536
11
2.1927027559055117
21
0.6866858267716536
0
LINE
8
BLACK
6
CONTINUOUS
10
2.1927027559055117
20
0.6866858267716536
11
2.1856859055118112
21
0.6845572834645669
0
LINE
8
BLACK
6
CONTINUOUS
10
2.1856859055118112
20
0.6845572834645669
11
2.1792191732283466
21
0.6811007086614173
0
LINE
8
BLACK
6
CONTINUOUS
10
2.1792191732283466
20
0.6811007086614173
11
2.1792190944881891
21
0.6811006299212599
0
LINE
8
BLACK
6
CONTINUOUS
10
2.1792190944881891
20
0.6811006299212599
11
2.1792190551181103
21
0.6811006299212599
0
LINE
8
BLACK
6
CONTINUOUS
10
2.1792190551181103
20
0.6811006299212599
11
2.1774277952755905
21
0.6796305511811024
0
LINE
8
BLACK
6
CONTINUOUS
10
2.1774277952755905
20
0.6796305511811024
11
2.1735510236220472
21
0.6764489763779528
0
LINE
8
BLACK
6
CONTINUOUS
10
2.1735510236220472
20
0.6764489763779528
11
2.1717989763779526
21
0.6743140944881889
0
LINE
8
BLACK
6
CONTINUOUS
10
2.1717989763779526
20
0.6743140944881889
11
2.1688993307086615
21
0.670780905511811
0
LINE
8
BLACK
6
CONTINUOUS
10
2.1688993307086615
20
0.670780905511811
11
2.1688992913385827
21
0.6707808267716535
0
LINE
8
BLACK
6
CONTINUOUS
10
2.1688992913385827
20
0.6707808267716535
11
2.1654427165354329
21
0.664314094488189
0
LINE
8
BLACK
6
CONTINUOUS
10
2.1654427165354329
20
0.664314094488189
11
2.1633141732283465
21
0.6572972440944882
0
LINE
8
BLACK
6
CONTINUOUS
10
2.1633141732283465
20
0.6572972440944882
11
2.1633141338582678
21
0.6572970866141732
0
LINE
8
BLACK
6
CONTINUOUS
10
2.1633141338582678
20
0.6572970866141732
11
2.163314094488189
21
0.6572968897637795
0
LINE
8
BLACK
6
CONTINUOUS
10
2.163314094488189
20
0.6572968897637795
11
2.1625954724409446
21
0.6500001181102362
0
LINE
8
BLACK
6
CONTINUOUS
10
2.1625954724409446
20
0.6500001181102362
11
2.1625954724409446
21
0.649999842519685
0
LINE
8
BLACK
6
CONTINUOUS
10
2.0852030708661418
20
1.4166858661417323
11
2.0852029921259843
21
1.4166858267716536
0
LINE
8
BLACK
6
CONTINUOUS
10
2.0852029921259843
20
1.4166858267716536
11
2.0852027559055117
21
1.4166858267716536
0
LINE
8
BLACK
6
CONTINUOUS
10
2.0852027559055117
20
1.4166858267716536
11
2.0781859055118108
21
1.414557283464567
0
LINE
8
BLACK
6
CONTINUOUS
10
2.0781859055118108
20
1.414557283464567
11
2.0717191732283462
21
1.4111007086614173
0
LINE
8
BLACK
6
CONTINUOUS
10
2.0717191732283462
20
1.4111007086614173
11
2.0717190944881891
21
1.4111006299212598
0
LINE
8
BLACK
6
CONTINUOUS
10
2.0717190944881891
20
1.4111006299212598
11
2.0717190551181104
21
1.4111006299212598
0
LINE
8
BLACK
6
CONTINUOUS
10
2.0717190551181104
20
1.4111006299212598
11
2.0699277952755906
21
1.4096305511811023
0
LINE
8
BLACK
6
CONTINUOUS
10
2.0699277952755906
20
1.4096305511811023
11
2.0660510236220473
21
1.4064489763779526
0
LINE
8
BLACK
6
CONTINUOUS
10
2.0660510236220473
20
1.4064489763779526
11
2.0646077952755904
21
1.4046903937007873
0
LINE
8
BLACK
6
CONTINUOUS
10
2.0646077952755904
20
1.4046903937007873
11
2.0613993307086615
21
1.400780905511811
0
LINE
8
BLACK
6
CONTINUOUS
10
2.0613993307086615
20
1.400780905511811
11
2.0613992913385828
21
1.4007808267716535
0
LINE
8
BLACK
6
CONTINUOUS
10
2.0613992913385828
20
1.4007808267716535
11
2.0579427165354329
21
1.3943140944881889
0
LINE
8
BLACK
6
CONTINUOUS
10
2.0579427165354329
20
1.3943140944881889
11
2.0558141732283466
21
1.3872972440944882
0
LINE
8
BLACK
6
CONTINUOUS
10
2.0558141732283466
20
1.3872972440944882
11
2.0558141338582678
21
1.3872970472440944
0
LINE
8
BLACK
6
CONTINUOUS
10
2.0558141338582678
20
1.3872970472440944
11
2.0557876377952757
21
1.3872096456692913
0
LINE
8
BLACK
6
CONTINUOUS
10
2.0557876377952757
20
1.3872096456692913
11
2.0542555511811025
21
1.384871811023622
0
LINE
8
BLACK
6
CONTINUOUS
10
2.0542555511811025
20
1.384871811023622
11
2.0517027165354329
21
1.3837333858267715
0
LINE
8
BLACK
6
CONTINUOUS
10
2.0517027165354329
20
1.3837333858267715
11
2.04893968503937
21
1.3841558661417324
0
LINE
8
BLACK
6
CONTINUOUS
10
2.04893968503937
20
1.3841558661417324
11
2.0478940944881887
21
1.3848146456692914
0
LINE
8
BLACK
6
CONTINUOUS
10
2.0478940944881887
20
1.3848146456692914
11
2.0432808267716536
21
1.3886007086614174
0
LINE
8
BLACK
6
CONTINUOUS
10
2.0432808267716536
20
1.3886007086614174
11
2.036814094488189
21
1.3920572834645668
0
LINE
8
BLACK
6
CONTINUOUS
10
2.036814094488189
20
1.3920572834645668
11
2.029797244094488
21
1.3941858267716536
0
LINE
8
BLACK
6
CONTINUOUS
10
2.029797244094488
20
1.3941858267716536
11
2.0297968897637797
21
1.3941858267716536
0
LINE
8
BLACK
6
CONTINUOUS
10
2.0297968897637797
20
1.3941858267716536
11
2.0297968897637797
21
1.3941858661417323
0
LINE
8
BLACK
6
CONTINUOUS
10
2.0297968897637797
20
1.3941858661417323
11
2.0225001181102362
21
1.394904527559055
0
LINE
8
BLACK
6
CONTINUOUS
10
2.0225001181102362
20
1.394904527559055
11
2.0224998818897637
21
1.394904527559055
0
LINE
8
BLACK
6
CONTINUOUS
10
2.0224998818897637
20
1.394904527559055
11
2.0152030708661415
21
1.3941858661417323
0
LINE
8
BLACK
6
CONTINUOUS
10
2.0152030708661415
20
1.3941858661417323
11
2.0152029921259844
21
1.3941858267716536
0
LINE
8
BLACK
6
CONTINUOUS
10
2.0152029921259844
20
1.3941858267716536
11
2.0152027559055119
21
1.3941858267716536
0
LINE
8
BLACK
6
CONTINUOUS
10
2.0152027559055119
20
1.3941858267716536
11
2.008185905511811
21
1.3920572834645668
0
LINE
8
BLACK
6
CONTINUOUS
10
2.008185905511811
20
1.3920572834645668
11
2.0017191732283464
21
1.3886007086614174
0
LINE
8
BLACK
6
CONTINUOUS
10
2.0017191732283464
20
1.3886007086614174
11
2.0017191338582676
21
1.3886006692913386
0
LINE
8
BLACK
6
CONTINUOUS
10
2.0017191338582676
20
1.3886006692913386
11
2.0017190551181101
21
1.3886006299212599
0
LINE
8
BLACK
6
CONTINUOUS
10
2.0017190551181101
20
1.3886006299212599
11
2.0010633858267717
21
1.3880625196850394
0
LINE
8
BLACK
6
CONTINUOUS
10
2.0010633858267717
20
1.3880625196850394
11
1.9960510236220472
21
1.3839489763779527
0
LINE
8
BLACK
6
CONTINUOUS
10
1.9960510236220472
20
1.3839489763779527
11
1.9937135039370077
21
1.3811007086614173
0
LINE
8
BLACK
6
CONTINUOUS
10
1.9937135039370077
20
1.3811007086614173
11
1.9913993307086613
21
1.378280905511811
0
LINE
8
BLACK
6
CONTINUOUS
10
1.9913993307086613
20
1.378280905511811
11
1.9913992913385827
21
1.3782808267716535
0
LINE
8
BLACK
6
CONTINUOUS
10
1.9913992913385827
20
1.3782808267716535
11
1.9879427165354331
21
1.3718140944881889
0
LINE
8
BLACK
6
CONTINUOUS
10
1.9879427165354331
20
1.3718140944881889
11
1.9858141732283463
21
1.3647972440944882
0
LINE
8
BLACK
6
CONTINUOUS
10
1.9858141732283463
20
1.3647972440944882
11
1.9858141338582678
21
1.3647970866141732
0
LINE
8
BLACK
6
CONTINUOUS
10
1.9858141338582678
20
1.3647970866141732
11
1.985814094488189
21
1.3647968897637794
0
LINE
8
BLACK
6
CONTINUOUS
10
1.985814094488189
20
1.3647968897637794
11
1.9850954724409449
21
1.3575001181102362
0
LINE
8
BLACK
6
CONTINUOUS
10
1.9850954724409449
20
1.3575001181102362
11
1.9850954724409449
21
1.3574998425196849
0
LINE
8
BLACK
6
CONTINUOUS
10
1.9850954724409449
20
1.3574998425196849
11
1.985814094488189
21
1.3502030708661417
0
LINE
8
BLACK
6
CONTINUOUS
10
1.985814094488189
20
1.3502030708661417
11
1.9858141338582678
21
1.3502028346456694
0
LINE
8
BLACK
6
CONTINUOUS
10
1.9858141338582678
20
1.3502028346456694
11
1.9858141732283463
21
1.3502027559055119
0
LINE
8
BLACK
6
CONTINUOUS
10
1.9858141732283463
20
1.3502027559055119
11
1.9869331102362204
21
1.346514094488189
0
LINE
8
BLACK
6
CONTINUOUS
10
1.9869331102362204
20
1.346514094488189
11
1.9879427165354331
21
1.3431859055118109
0
LINE
8
BLACK
6
CONTINUOUS
10
1.9879427165354331
20
1.3431859055118109
11
1.9913993307086613
21
1.336719094488189
0
LINE
8
BLACK
6
CONTINUOUS
10
1.9913993307086613
20
1.336719094488189
11
1.993795275590551
21
1.3337996456692913
0
LINE
8
BLACK
6
CONTINUOUS
10
1.993795275590551
20
1.3337996456692913
11
1.9948879133858268
21
1.3312269291338583
0
LINE
8
BLACK
6
CONTINUOUS
10
1.9948879133858268
20
1.3312269291338583
11
1.9949212598425197
21
1.3306526771653544
0
LINE
8
BLACK
6
CONTINUOUS
10
1.9949212598425197
20
1.3306526771653544
11
1.9949212598425197
21
1.2234781889763779
0
LINE
8
BLACK
6
CONTINUOUS
10
1.9949212598425197
20
1.2234781889763779
11
1.9941337795275591
21
1.2207962598425197
0
LINE
8
BLACK
6
CONTINUOUS
10
1.9941337795275591
20
1.2207962598425197
11
1.9934683070866142
21
1.2199705118110236
0
LINE
8
BLACK
6
CONTINUOUS
10
1.9934683070866142
20
1.2199705118110236
11
1.9596187401574803
21
1.1861209842519684
0
LINE
8
BLACK
6
CONTINUOUS
10
1.9596187401574803
20
1.1861209842519684
11
1.9269827952755905
21
1.1534850393700786
0
LINE
8
BLACK
6
CONTINUOUS
10
1.9269827952755905
20
1.1534850393700786
11
1.9245295669291338
21
1.152145433070866
0
LINE
8
BLACK
6
CONTINUOUS
10
1.9245295669291338
20
1.152145433070866
11
1.9239612992125983
21
1.1520559842519684
0
LINE
8
BLACK
6
CONTINUOUS
10
1.9239612992125983
20
1.1520559842519684
11
1.9226843307086614
21
1.1519301968503937
0
LINE
8
BLACK
6
CONTINUOUS
10
1.9226843307086614
20
1.1519301968503937
11
1.9202030708661417
21
1.1516858661417322
0
LINE
8
BLACK
6
CONTINUOUS
10
1.9202030708661417
20
1.1516858661417322
11
1.9202029921259842
21
1.1516858267716534
0
LINE
8
BLACK
6
CONTINUOUS
10
1.9202029921259842
20
1.1516858267716534
11
1.9202027559055117
21
1.1516858267716534
0
LINE
8
BLACK
6
CONTINUOUS
10
1.9202027559055117
20
1.1516858267716534
11
1.913185905511811
21
1.1495572834645669
0
LINE
8
BLACK
6
CONTINUOUS
10
1.913185905511811
20
1.1495572834645669
11
1.9067191732283464
21
1.1461007086614172
0
LINE
8
BLACK
6
CONTINUOUS
10
1.9067191732283464
20
1.1461007086614172
11
1.9067190944881889
21
1.1461006299212597
0
LINE
8
BLACK
6
CONTINUOUS
10
1.9067190944881889
20
1.1461006299212597
11
1.9067190551181101
21
1.1461006299212597
0
LINE
8
BLACK
6
CONTINUOUS
10
1.9067190551181101
20
1.1461006299212597
11
1.9049277952755905
21
1.1446305511811024
0
LINE
8
BLACK
6
CONTINUOUS
10
1.9049277952755905
20
1.1446305511811024
11
1.9010510236220473
21
1.1414489763779527
0
LINE
8
BLACK
6
CONTINUOUS
10
1.9010510236220473
20
1.1414489763779527
11
1.8984398818897636
21
1.1382673228346456
0
LINE
8
BLACK
6
CONTINUOUS
10
1.8984398818897636
20
1.1382673228346456
11
1.8963993307086613
21
1.1357809055118111
0
LINE
8
BLACK
6
CONTINUOUS
10
1.8963993307086613
20
1.1357809055118111
11
1.8963992913385825
21
1.1357808267716536
0
LINE
8
BLACK
6
CONTINUOUS
10
1.8963992913385825
20
1.1357808267716536
11
1.8929427165354331
21
1.129314094488189
0
LINE
8
BLACK
6
CONTINUOUS
10
1.8929427165354331
20
1.129314094488189
11
1.8908141732283463
21
1.1222972440944881
0
LINE
8
BLACK
6
CONTINUOUS
10
1.8908141732283463
20
1.1222972440944881
11
1.8908141338582676
21
1.1222970866141733
0
LINE
8
BLACK
6
CONTINUOUS
10
1.8908141338582676
20
1.1222970866141733
11
1.8908140944881888
21
1.1222968897637795
0
LINE
8
BLACK
6
CONTINUOUS
10
1.8908140944881888
20
1.1222968897637795
11
1.8900954724409449
21
1.1150001181102362
0
LINE
8
BLACK
6
CONTINUOUS
10
1.8900954724409449
20
1.1150001181102362
11
1.8900954724409449
21
1.114999842519685
0
LINE
8
BLACK
6
CONTINUOUS
10
1.8900954724409449
20
1.114999842519685
11
1.8908140944881888
21
1.1077030708661417
0
LINE
8
BLACK
6
CONTINUOUS
10
1.8908140944881888
20
1.1077030708661417
11
1.8908141338582676
21
1.1077028346456692
0
LINE
8
BLACK
6
CONTINUOUS
10
1.8908141338582676
20
1.1077028346456692
11
1.8908141732283463
21
1.1077027559055117
0
LINE
8
BLACK
6
CONTINUOUS
10
1.8908141732283463
20
1.1077027559055117
11
1.8928168897637794
21
1.1011007086614173
0
LINE
8
BLACK
6
CONTINUOUS
10
1.8928168897637794
20
1.1011007086614173
11
1.8929427165354331
21
1.100685905511811
0
LINE
8
BLACK
6
CONTINUOUS
10
1.8929427165354331
20
1.100685905511811
11
1.8963993307086613
21
1.0942190551181101
0
LINE
8
BLACK
6
CONTINUOUS
10
1.8963993307086613
20
1.0942190551181101
11
1.9010510236220473
21
1.0885510236220473
0
LINE
8
BLACK
6
CONTINUOUS
10
1.9010510236220473
20
1.0885510236220473
11
1.9067190551181101
21
1.0838993307086613
0
LINE
8
BLACK
6
CONTINUOUS
10
1.9067190551181101
20
1.0838993307086613
11
1.9124303543307086
21
1.0808465748031495
0
LINE
8
BLACK
6
CONTINUOUS
10
1.9124303543307086
20
1.0808465748031495
11
1.913185905511811
21
1.0804427165354331
0
LINE
8
BLACK
6
CONTINUOUS
10
1.913185905511811
20
1.0804427165354331
11
1.9202027559055117
21
1.0783141732283463
0
LINE
8
BLACK
6
CONTINUOUS
10
1.9202027559055117
20
1.0783141732283463
11
1.9202028346456692
21
1.0783141338582678
0
LINE
8
BLACK
6
CONTINUOUS
10
1.9202028346456692
20
1.0783141338582678
11
1.9202030708661417
21
1.078314094488189
0
LINE
8
BLACK
6
CONTINUOUS
10
1.9202030708661417
20
1.078314094488189
11
1.9274998818897637
21
1.0775954724409449
0
LINE
8
BLACK
6
CONTINUOUS
10
1.9274998818897637
20
1.0775954724409449
11
1.9275
21
1.0775954724409449
0
LINE
8
BLACK
6
CONTINUOUS
10
1.9275
20
1.0775954724409449
11
1.9275001181102362
21
1.0775954724409449
0
LINE
8
BLACK
6
CONTINUOUS
10
1.9275001181102362
20
1.0775954724409449
11
1.9347968897637795
21
1.078314094488189
0
LINE
8
BLACK
6
CONTINUOUS
10
1.9347968897637795
20
1.078314094488189
11
1.9347970866141733
21
1.0783141338582678
0
LINE
8
BLACK
6
CONTINUOUS
10
1.9347970866141733
20
1.0783141338582678
11
1.9347972440944881
21
1.0783141732283463
0
LINE
8
BLACK
6
CONTINUOUS
10
1.9347972440944881
20
1.0783141732283463
11
1.941814094488189
21
1.0804427165354331
0
LINE
8
BLACK
6
CONTINUOUS
10
1.941814094488189
20
1.0804427165354331
11
1.9482808267716536
21
1.0838992913385828
0
LINE
8
BLACK
6
CONTINUOUS
10
1.9482808267716536
20
1.0838992913385828
11
1.9482809055118109
21
1.0838993307086613
0
LINE
8
BLACK
6
CONTINUOUS
10
1.9482809055118109
20
1.0838993307086613
11
1.9507673228346456
21
1.0859398818897636
0
LINE
8
BLACK
6
CONTINUOUS
10
1.9507673228346456
20
1.0859398818897636
11
1.9539489763779527
21
1.0885510236220473
0
LINE
8
BLACK
6
CONTINUOUS
10
1.9539489763779527
20
1.0885510236220473
11
1.9586007086614172
21
1.0942191732283464
0
LINE
8
BLACK
6
CONTINUOUS
10
1.9586007086614172
20
1.0942191732283464
11
1.9620572834645669
21
1.100685905511811
0
LINE
8
BLACK
6
CONTINUOUS
10
1.9620572834645669
20
1.100685905511811
11
1.9641858267716534
21
1.1077027559055117
0
LINE
8
BLACK
6
CONTINUOUS
10
1.9641858267716534
20
1.1077027559055117
11
1.9645559842519684
21
1.1114612598425198
0
LINE
8
BLACK
6
CONTINUOUS
10
1.9645559842519684
20
1.1114612598425198
11
1.9656024803149605
21
1.1140531102362206
0
LINE
8
BLACK
6
CONTINUOUS
10
1.9656024803149605
20
1.1140531102362206
11
1.9659850393700786
21
1.1144827952755905
0
LINE
8
BLACK
6
CONTINUOUS
10
1.9659850393700786
20
1.1144827952755905
11
2.0439216535433071
21
1.1924194488188977
0
LINE
8
BLACK
6
CONTINUOUS
10
2.0439216535433071
20
1.1924194488188977
11
2.0439217716535434
21
1.1924195669291338
0
LINE
8
BLACK
6
CONTINUOUS
10
2.0439217716535434
20
1.1924195669291338
11
2.0469399212598423
21
1.1969365354330708
0
LINE
8
BLACK
6
CONTINUOUS
10
2.0469399212598423
20
1.1969365354330708
11
2.046939960629921
21
1.1969365748031495
0
LINE
8
BLACK
6
CONTINUOUS
10
2.046939960629921
20
1.1969365748031495
11
2.0490188976377954
21
1.2019555905511812
0
LINE
8
BLACK
6
CONTINUOUS
10
2.0490188976377954
20
1.2019555905511812
11
2.0500787401574803
21
1.2072837401574803
0
LINE
8
BLACK
6
CONTINUOUS
10
2.0500787401574803
20
1.2072837401574803
11
2.0500787401574803
21
1.3306526771653544
0
LINE
8
BLACK
6
CONTINUOUS
10
2.0500787401574803
20
1.3306526771653544
11
2.0508662204724408
21
1.3333346062992126
0
LINE
8
BLACK
6
CONTINUOUS
10
2.0508662204724408
20
1.3333346062992126
11
2.0512047244094487
21
1.3337996456692913
0
LINE
8
BLACK
6
CONTINUOUS
10
2.0512047244094487
20
1.3337996456692913
11
2.0536006299212599
21
1.336719094488189
0
LINE
8
BLACK
6
CONTINUOUS
10
2.0536006299212599
20
1.336719094488189
11
2.0536007086614174
21
1.3367191732283463
0
LINE
8
BLACK
6
CONTINUOUS
10
2.0536007086614174
20
1.3367191732283463
11
2.0570572834645668
21
1.3431859055118109
0
LINE
8
BLACK
6
CONTINUOUS
10
2.0570572834645668
20
1.3431859055118109
11
2.0591858267716536
21
1.3502027559055119
0
LINE
8
BLACK
6
CONTINUOUS
10
2.0591858267716536
20
1.3502027559055119
11
2.0591858661417324
21
1.3502030708661417
0
LINE
8
BLACK
6
CONTINUOUS
10
2.0591858661417324
20
1.3502030708661417
11
2.0592123228346457
21
1.3502902755905513
0
LINE
8
BLACK
6
CONTINUOUS
10
2.0592123228346457
20
1.3502902755905513
11
2.060744409448819
21
1.3526281496062993
0
LINE
8
BLACK
6
CONTINUOUS
10
2.060744409448819
20
1.3526281496062993
11
2.0632972047244094
21
1.3537665354330708
0
LINE
8
BLACK
6
CONTINUOUS
10
2.0632972047244094
20
1.3537665354330708
11
2.0660602362204723
21
1.3533440944881889
0
LINE
8
BLACK
6
CONTINUOUS
10
2.0660602362204723
20
1.3533440944881889
11
2.0671063779527556
21
1.3526849212598424
0
LINE
8
BLACK
6
CONTINUOUS
10
2.0671063779527556
20
1.3526849212598424
11
2.0717191338582674
21
1.3488992913385827
0
LINE
8
BLACK
6
CONTINUOUS
10
2.0717191338582674
20
1.3488992913385827
11
2.0747794881889763
21
1.347263464566929
0
LINE
8
BLACK
6
CONTINUOUS
10
2.0747794881889763
20
1.347263464566929
11
2.0767734645669291
21
1.34530468503937
0
LINE
8
BLACK
6
CONTINUOUS
10
2.0767734645669291
20
1.34530468503937
11
2.0774016141732283
21
1.342888622047244
0
LINE
8
BLACK
6
CONTINUOUS
10
2.0774016141732283
20
1.342888622047244
11
2.0774016141732283
21
1.2989029133858268
0
LINE
8
BLACK
6
CONTINUOUS
10
2.0774016141732283
20
1.2989029133858268
11
2.0789901968503934
21
1.2984364566929134
0
LINE
8
BLACK
6
CONTINUOUS
10
2.0789901968503934
20
1.2984364566929134
11
2.0831851968503936
21
1.2957405118110237
0
LINE
8
BLACK
6
CONTINUOUS
10
2.0831851968503936
20
1.2957405118110237
11
2.086450748031496
21
1.2919718503937008
0
LINE
8
BLACK
6
CONTINUOUS
10
2.086450748031496
20
1.2919718503937008
11
2.0885222440944879
21
1.2874358661417322
0
LINE
8
BLACK
6
CONTINUOUS
10
2.0885222440944879
20
1.2874358661417322
11
2.0892319291338581
21
1.2825
0
LINE
8
BLACK
6
CONTINUOUS
10
2.0892319291338581
20
1.2825
11
2.0885222440944879
21
1.2775641338582677
0
LINE
8
BLACK
6
CONTINUOUS
10
2.0885222440944879
20
1.2775641338582677
11
2.086450748031496
21
1.2730281496062992
0
LINE
8
BLACK
6
CONTINUOUS
10
2.086450748031496
20
1.2730281496062992
11
2.0831851968503936
21
1.2692594881889763
0
LINE
8
BLACK
6
CONTINUOUS
10
2.0831851968503936
20
1.2692594881889763
11
2.0789901968503934
21
1.2665635433070865
0
LINE
8
BLACK
6
CONTINUOUS
10
2.0789901968503934
20
1.2665635433070865
11
2.0774016141732283
21
1.2660970472440944
0
LINE
8
BLACK
6
CONTINUOUS
10
2.0774016141732283
20
1.2660970472440944
11
2.0774016141732283
21
1.1888029133858267
0
LINE
8
BLACK
6
CONTINUOUS
10
2.0774016141732283
20
1.1888029133858267
11
2.0766141338582678
21
1.1861209842519684
0
LINE
8
BLACK
6
CONTINUOUS
10
2.0766141338582678
20
1.1861209842519684
11
2.0759486614173226
21
1.1852952362204725
0
LINE
8
BLACK
6
CONTINUOUS
10
2.0759486614173226
20
1.1852952362204725
11
1.9849098818897637
21
1.0942564566929134
0
LINE
8
BLACK
6
CONTINUOUS
10
1.9849098818897637
20
1.0942564566929134
11
1.9805201181102361
21
1.0898666929133858
0
LINE
8
BLACK
6
CONTINUOUS
10
1.9805201181102361
20
1.0898666929133858
11
1.9802842913385825
21
1.0895137401574804
0
LINE
8
BLACK
6
CONTINUOUS
10
1.9802842913385825
20
1.0895137401574804
11
1.9770711023622047
21
1.0847048818897638
0
LINE
8
BLACK
6
CONTINUOUS
10
1.9770711023622047
20
1.0847048818897638
11
1.9746954724409449
21
1.0789695669291339
0
LINE
8
BLACK
6
CONTINUOUS
10
1.9746954724409449
20
1.0789695669291339
11
1.9746953937007874
21
1.0789693700787402
0
LINE
8
BLACK
6
CONTINUOUS
10
1.9746953937007874
20
1.0789693700787402
11
1.9734842519685039
21
1.0728806692913386
0
LINE
8
BLACK
6
CONTINUOUS
10
1.9734842519685039
20
1.0728806692913386
11
1.9734842519685039
21
1.0662469291338583
0
LINE
8
BLACK
6
CONTINUOUS
10
1.9734842519685039
20
1.0662469291338583
11
1.9728985039370077
21
1.063908464566929
0
LINE
8
BLACK
6
CONTINUOUS
10
1.9728985039370077
20
1.063908464566929
11
1.9704426771653543
21
1.0593140157480314
0
LINE
8
BLACK
6
CONTINUOUS
10
1.9704426771653543
20
1.0593140157480314
11
1.9704426377952755
21
1.0593138582677164
0
LINE
8
BLACK
6
CONTINUOUS
10
1.9704426377952755
20
1.0593138582677164
11
1.9683140944881889
21
1.0522969685039369
0
LINE
8
BLACK
6
CONTINUOUS
10
1.9683140944881889
20
1.0522969685039369
11
1.9675954724409448
21
1.0450001181102362
0
LINE
8
BLACK
6
CONTINUOUS
10
1.9675954724409448
20
1.0450001181102362
11
1.9675954724409448
21
1.0449998425196849
0
LINE
8
BLACK
6
CONTINUOUS
10
1.9675954724409448
20
1.0449998425196849
11
1.9683140944881889
21
1.0377030708661417
0
LINE
8
BLACK
6
CONTINUOUS
10
1.9683140944881889
20
1.0377030708661417
11
1.9683141338582677
21
1.0377028346456694
0
LINE
8
BLACK
6
CONTINUOUS
10
1.9683141338582677
20
1.0377028346456694
11
1.9683141732283465
21
1.0377027559055119
0
LINE
8
BLACK
6
CONTINUOUS
10
1.9683141732283465
20
1.0377027559055119
11
1.9700752362204723
21
1.0318973622047243
0
LINE
8
BLACK
6
CONTINUOUS
10
1.9700752362204723
20
1.0318973622047243
11
1.970442716535433
21
1.0306859055118109
0
LINE
8
BLACK
6
CONTINUOUS
10
1.970442716535433
20
1.0306859055118109
11
1.9738993307086614
21
1.0242190551181103
0
LINE
8
BLACK
6
CONTINUOUS
10
1.9738993307086614
20
1.0242190551181103
11
1.9785510236220472
21
1.0185510236220472
0
LINE
8
BLACK
6
CONTINUOUS
10
1.9785510236220472
20
1.0185510236220472
11
1.9842190551181103
21
1.0138993307086615
0
LINE
8
BLACK
6
CONTINUOUS
10
1.9842190551181103
20
1.0138993307086615
11
1.9906859055118109
21
1.010442716535433
0
LINE
8
BLACK
6
CONTINUOUS
10
1.9906859055118109
20
1.010442716535433
11
1.9977027559055118
21
1.0083141732283465
0
LINE
8
BLACK
6
CONTINUOUS
10
1.9977027559055118
20
1.0083141732283465
11
1.9977028346456693
21
1.0083141338582677
0
LINE
8
BLACK
6
CONTINUOUS
10
1.9977028346456693
20
1.0083141338582677
11
1.9977030708661416
21
1.008314094488189
0
LINE
8
BLACK
6
CONTINUOUS
10
1.9977030708661416
20
1.008314094488189
11
2.0049998818897636
21
1.0075954724409448
0
LINE
8
BLACK
6
CONTINUOUS
10
2.0049998818897636
20
1.0075954724409448
11
2.0049999999999999
21
1.0075954724409448
0
LINE
8
BLACK
6
CONTINUOUS
10
2.0049999999999999
20
1.0075954724409448
11
2.0050001181102362
21
1.0075954724409448
0
LINE
8
BLACK
6
CONTINUOUS
10
2.0050001181102362
20
1.0075954724409448
11
2.0122968897637796
21
1.008314094488189
0
LINE
8
BLACK
6
CONTINUOUS
10
2.0122968897637796
20
1.008314094488189
11
2.0122970866141734
21
1.0083141338582677
0
LINE
8
BLACK
6
CONTINUOUS
10
2.0122970866141734
20
1.0083141338582677
11
2.012297244094488
21
1.0083141732283465
0
LINE
8
BLACK
6
CONTINUOUS
10
2.012297244094488
20
1.0083141732283465
11
2.0193140944881889
21
1.010442716535433
0
LINE
8
BLACK
6
CONTINUOUS
10
2.0193140944881889
20
1.010442716535433
11
2.0257808267716535
21
1.0138992913385827
0
LINE
8
BLACK
6
CONTINUOUS
10
2.0257808267716535
20
1.0138992913385827
11
2.025780905511811
21
1.0138993307086615
0
LINE
8
BLACK
6
CONTINUOUS
10
2.025780905511811
20
1.0138993307086615
11
2.0282673228346457
21
1.0159398818897638
0
LINE
8
BLACK
6
CONTINUOUS
10
2.0282673228346457
20
1.0159398818897638
11
2.0314489763779529
21
1.0185510236220472
0
LINE
8
BLACK
6
CONTINUOUS
10
2.0314489763779529
20
1.0185510236220472
11
2.0346305511811025
21
1.0224277952755905
0
LINE
8
BLACK
6
CONTINUOUS
10
2.0346305511811025
20
1.0224277952755905
11
2.0361006299212598
21
1.0242190551181103
0
LINE
8
BLACK
6
CONTINUOUS
10
2.0361006299212598
20
1.0242190551181103
11
2.0381431889763779
21
1.0280403543307086
0
LINE
8
BLACK
6
CONTINUOUS
10
2.0381431889763779
20
1.0280403543307086
11
2.0395572834645668
21
1.0306859055118109
0
LINE
8
BLACK
6
CONTINUOUS
10
2.0395572834645668
20
1.0306859055118109
11
2.040248149606299
21
1.0329634251968505
0
LINE
8
BLACK
6
CONTINUOUS
10
2.040248149606299
20
1.0329634251968505
11
2.0417801968503935
21
1.0353011811023622
0
LINE
8
BLACK
6
CONTINUOUS
10
2.0417801968503935
20
1.0353011811023622
11
2.0443329921259843
21
1.0364396062992125
0
LINE
8
BLACK
6
CONTINUOUS
10
2.0443329921259843
20
1.0364396062992125
11
2.0470960236220472
21
1.0360171653543306
0
LINE
8
BLACK
6
CONTINUOUS
10
2.0470960236220472
20
1.0360171653543306
11
2.0473335039370077
21
1.0358983070866141
0
LINE
8
BLACK
6
CONTINUOUS
10
2.0473335039370077
20
1.0358983070866141
11
2.0481857874015748
21
1.0354427559055117
0
LINE
8
BLACK
6
CONTINUOUS
10
2.0481857874015748
20
1.0354427559055117
11
2.0481858661417323
21
1.035442716535433
0
LINE
8
BLACK
6
CONTINUOUS
10
2.0481858661417323
20
1.035442716535433
11
2.048185905511811
21
1.035442716535433
0
LINE
8
BLACK
6
CONTINUOUS
10
2.048185905511811
20
1.035442716535433
11
2.0507459055118109
21
1.0346661417322836
0
LINE
8
BLACK
6
CONTINUOUS
10
2.0507459055118109
20
1.0346661417322836
11
2.0552030314960628
21
1.0333140944881889
0
LINE
8
BLACK
6
CONTINUOUS
10
2.0552030314960628
20
1.0333140944881889
11
2.0589613779527558
21
1.0329439370078739
0
LINE
8
BLACK
6
CONTINUOUS
10
2.0589613779527558
20
1.0329439370078739
11
2.0615531889763781
21
1.0318973622047243
0
LINE
8
BLACK
6
CONTINUOUS
10
2.0615531889763781
20
1.0318973622047243
11
2.0619827165354332
21
1.031515
0
LINE
8
BLACK
6
CONTINUOUS
10
2.0619827165354332
20
1.031515
11
2.0624391732283462
21
1.0310585433070867
0
LINE
8
BLACK
6
CONTINUOUS
10
2.0624391732283462
20
1.0310585433070867
11
2.0669562598425197
21
1.0280403543307086
0
LINE
8
BLACK
6
CONTINUOUS
10
2.0669562598425197
20
1.0280403543307086
11
2.0719750787401576
21
1.0259614960629921
0
LINE
8
BLACK
6
CONTINUOUS
10
2.0719750787401576
20
1.0259614960629921
11
2.0719751968503934
21
1.0259614566929134
0
LINE
8
BLACK
6
CONTINUOUS
10
2.0719751968503934
20
1.0259614566929134
11
2.0773031889763778
21
1.0249016141732283
0
LINE
8
BLACK
6
CONTINUOUS
10
2.0773031889763778
20
1.0249016141732283
11
2.0773033464566928
21
1.0249016141732283
0
LINE
8
BLACK
6
CONTINUOUS
10
2.0773033464566928
20
1.0249016141732283
11
2.0773033858267715
21
1.0249016141732283
0
LINE
8
BLACK
6
CONTINUOUS
10
2.0773033858267715
20
1.0249016141732283
11
2.5065414173228344
21
1.0249016141732283
0
LINE
8
BLACK
6
CONTINUOUS
10
2.5065414173228344
20
1.0249016141732283
11
2.5092233464566926
21
1.0241141338582678
0
LINE
8
BLACK
6
CONTINUOUS
10
2.5092233464566926
20
1.0241141338582678
11
2.5100490944881888
21
1.0234486614173228
0
LINE
8
BLACK
6
CONTINUOUS
10
2.5100490944881888
20
1.0234486614173228
11
2.6478247244094488
21
0.8856729921259843
0
LINE
8
BLACK
6
CONTINUOUS
10
2.6478247244094488
20
0.8856729921259843
11
2.6491643307086612
21
0.8832197637795275
0
LINE
8
BLACK
6
CONTINUOUS
10
2.6491643307086612
20
0.8832197637795275
11
2.6489649212598425
21
0.8804317322834645
0
LINE
8
BLACK
6
CONTINUOUS
10
2.6489649212598425
20
0.8804317322834645
11
2.6472898425196849
21
0.8781941338582677
0
LINE
8
BLACK
6
CONTINUOUS
10
2.6472898425196849
20
0.8781941338582677
11
2.6446709448818897
21
0.8772173228346456
0
LINE
8
BLACK
6
CONTINUOUS
10
2.6446709448818897
20
0.8772173228346456
11
2.6443170472440944
21
0.8772046850393701
0
LINE
8
BLACK
6
CONTINUOUS
10
2.6443170472440944
20
0.8772046850393701
11
2.6381152755905513
21
0.8772046850393701
0
LINE
8
BLACK
6
CONTINUOUS
10
2.6381152755905513
20
0.8772046850393701
11
2.6357683858267715
21
0.8769524015748031
0
LINE
8
BLACK
6
CONTINUOUS
10
2.6357683858267715
20
0.8769524015748031
11
2.6335210629921257
21
0.8761141732283464
0
LINE
8
BLACK
6
CONTINUOUS
10
2.6335210629921257
20
0.8761141732283464
11
2.630459566929134
21
0.8749723622047244
0
LINE
8
BLACK
6
CONTINUOUS
10
2.630459566929134
20
0.8749723622047244
11
2.6304594881889765
21
0.8749722834645669
0
LINE
8
BLACK
6
CONTINUOUS
10
2.6304594881889765
20
0.8749722834645669
11
2.630459409448819
21
0.8749722834645669
0
LINE
8
BLACK
6
CONTINUOUS
10
2.630459409448819
20
0.8749722834645669
11
2.6281913779527559
21
0.8732744488188976
0
LINE
8
BLACK
6
CONTINUOUS
10
2.6281913779527559
20
0.8732744488188976
11
2.6259233464566929
21
0.8715766141732283
0
LINE
8
BLACK
6
CONTINUOUS
10
2.6259233464566929
20
0.8715766141732283
11
2.6239814173228346
21
0.8689824803149606
0
LINE
8
BLACK
6
CONTINUOUS
10
2.6239814173228346
20
0.8689824803149606
11
2.622527716535433
21
0.8670405905511811
0
LINE
8
BLACK
6
CONTINUOUS
10
2.622527716535433
20
0.8670405905511811
11
2.622527716535433
21
0.8670405511811023
0
LINE
8
BLACK
6
CONTINUOUS
10
2.622527716535433
20
0.8670405511811023
11
2.6225276771653543
21
0.8670405511811023
0
LINE
8
BLACK
6
CONTINUOUS
10
2.6225276771653543
20
0.8670405511811023
11
2.6219105511811023
21
0.8653859448818897
0
LINE
8
BLACK
6
CONTINUOUS
10
2.6219105511811023
20
0.8653859448818897
11
2.6202354724409447
21
0.8631483464566929
0
LINE
8
BLACK
6
CONTINUOUS
10
2.6202354724409447
20
0.8631483464566929
11
2.6177489370078741
21
0.8621828346456692
0
LINE
8
BLACK
6
CONTINUOUS
10
2.6177489370078741
20
0.8621828346456692
11
2.6127030708661416
21
0.8616858661417323
0
LINE
8
BLACK
6
CONTINUOUS
10
2.6127030708661416
20
0.8616858661417323
11
2.6127029921259841
21
0.8616858267716535
0
LINE
8
BLACK
6
CONTINUOUS
10
2.6127029921259841
20
0.8616858267716535
11
2.6127027559055116
21
0.8616858267716535
0
LINE
8
BLACK
6
CONTINUOUS
10
2.6127027559055116
20
0.8616858267716535
11
2.6056859055118111
21
0.8595572834645669
0
LINE
8
BLACK
6
CONTINUOUS
10
2.6056859055118111
20
0.8595572834645669
11
2.5992191732283465
21
0.8561007086614173
0
LINE
8
BLACK
6
CONTINUOUS
10
2.5992191732283465
20
0.8561007086614173
11
2.599219094488189
21
0.8561006299212598
0
LINE
8
BLACK
6
CONTINUOUS
10
2.599219094488189
20
0.8561006299212598
11
2.5992190551181102
21
0.8561006299212598
0
LINE
8
BLACK
6
CONTINUOUS
10
2.5992190551181102
20
0.8561006299212598
11
2.5974277952755904
21
0.8546305511811023
0
LINE
8
BLACK
6
CONTINUOUS
10
2.5974277952755904
20
0.8546305511811023
11
2.5935510236220471
21
0.8514489763779527
0
LINE
8
BLACK
6
CONTINUOUS
10
2.5935510236220471
20
0.8514489763779527
11
2.5909398818897635
21
0.8482673228346457
0
LINE
8
BLACK
6
CONTINUOUS
10
2.5909398818897635
20
0.8482673228346457
11
2.5888993307086614
21
0.845780905511811
0
LINE
8
BLACK
6
CONTINUOUS
10
2.5888993307086614
20
0.845780905511811
11
2.5888992913385827
21
0.8457808267716536
0
LINE
8
BLACK
6
CONTINUOUS
10
2.5888992913385827
20
0.8457808267716536
11
2.5854427165354332
21
0.8393140944881889
0
LINE
8
BLACK
6
CONTINUOUS
10
2.5854427165354332
20
0.8393140944881889
11
2.5833141732283464
21
0.8322972440944881
0
LINE
8
BLACK
6
CONTINUOUS
10
2.5833141732283464
20
0.8322972440944881
11
2.5833141338582677
21
0.8322970866141732
0
LINE
8
BLACK
6
CONTINUOUS
10
2.5833141338582677
20
0.8322970866141732
11
2.5833140944881889
21
0.8322968897637795
0
LINE
8
BLACK
6
CONTINUOUS
10
2.5833140944881889
20
0.8322968897637795
11
2.582595472440945
21
0.8250001181102362
0
LINE
8
BLACK
6
CONTINUOUS
10
2.582595472440945
20
0.8250001181102362
11
2.582595472440945
21
0.8249998425196851
0
LINE
8
BLACK
6
CONTINUOUS
10
2.582595472440945
20
0.8249998425196851
11
2.5833140944881889
21
0.8177030708661417
0
LINE
8
BLACK
6
CONTINUOUS
10
2.5833140944881889
20
0.8177030708661417
11
2.5854427165354332
21
0.810685905511811
0
LINE
8
BLACK
6
CONTINUOUS
10
2.5854427165354332
20
0.810685905511811
11
2.5888993307086614
21
0.8042190551181102
0
LINE
8
BLACK
6
CONTINUOUS
10
2.5888993307086614
20
0.8042190551181102
11
2.5935510236220471
21
0.7985510236220472
0
LINE
8
BLACK
6
CONTINUOUS
10
2.5935510236220471
20
0.7985510236220472
11
2.5992190551181102
21
0.7938993307086614
0
LINE
8
BLACK
6
CONTINUOUS
10
2.5992190551181102
20
0.7938993307086614
11
2.6046973622047243
21
0.7909711023622047
0
LINE
8
BLACK
6
CONTINUOUS
10
2.6046973622047243
20
0.7909711023622047
11
2.6056859055118111
21
0.7904427165354331
0
LINE
8
BLACK
6
CONTINUOUS
10
2.6056859055118111
20
0.7904427165354331
11
2.6127027559055116
21
0.7883141732283464
0
LINE
8
BLACK
6
CONTINUOUS
10
2.6127027559055116
20
0.7883141732283464
11
2.6127028346456691
21
0.7883141338582677
0
LINE
8
BLACK
6
CONTINUOUS
10
2.6127028346456691
20
0.7883141338582677
11
2.6127030708661416
21
0.788314094488189
0
LINE
8
BLACK
6
CONTINUOUS
10
2.6127030708661416
20
0.788314094488189
11
2.6199998818897638
21
0.7875954724409449
0
LINE
8
BLACK
6
CONTINUOUS
10
2.6199998818897638
20
0.7875954724409449
11
2.6200000000000001
21
0.7875954724409449
0
LINE
8
BLACK
6
CONTINUOUS
10
2.6200000000000001
20
0.7875954724409449
11
2.6200001181102364
21
0.7875954724409449
0
LINE
8
BLACK
6
CONTINUOUS
10
2.6200001181102364
20
0.7875954724409449
11
2.6242950393700788
21
0.7880184645669291
0
LINE
8
BLACK
6
CONTINUOUS
10
2.6242950393700788
20
0.7880184645669291
11
2.6270412598425197
21
0.7874976377952756
0
LINE
8
BLACK
6
CONTINUOUS
10
2.6270412598425197
20
0.7874976377952756
11
2.62775405511811
21
0.7870529133858267
0
LINE
8
BLACK
6
CONTINUOUS
10
2.62775405511811
20
0.7870529133858267
11
2.630459409448819
21
0.7850276771653543
0
LINE
8
BLACK
6
CONTINUOUS
10
2.630459409448819
20
0.7850276771653543
11
2.6357683464566928
21
0.7830475984251968
0
LINE
8
BLACK
6
CONTINUOUS
10
2.6357683464566928
20
0.7830475984251968
11
2.6357682283464565
21
0.7830475984251968
0
LINE
8
BLACK
6
CONTINUOUS
10
2.6357682283464565
20
0.7830475984251968
11
2.6381151968503938
21
0.7827952755905512
0
LINE
8
BLACK
6
CONTINUOUS
10
2.6381151968503938
20
0.7827952755905512
11
2.6381152362204725
21
0.7827952755905512
0
LINE
8
BLACK
6
CONTINUOUS
10
2.6381152362204725
20
0.7827952755905512
11
2.6768844094488187
21
0.7827952755905512
0
LINE
8
BLACK
6
CONTINUOUS
10
2.6768844094488187
20
0.7827952755905512
11
2.6768852362204725
21
0.7827953543307087
0
LINE
8
BLACK
6
CONTINUOUS
10
2.6768852362204725
20
0.7827953543307087
11
2.6792314960629922
21
0.7830475590551181
0
LINE
8
BLACK
6
CONTINUOUS
10
2.6792314960629922
20
0.7830475590551181
11
2.6792315354330709
21
0.7830475590551181
0
LINE
8
BLACK
6
CONTINUOUS
10
2.6792315354330709
20
0.7830475590551181
11
2.6845403937007872
21
0.7850275984251969
0
LINE
8
BLACK
6
CONTINUOUS
10
2.6845403937007872
20
0.7850275984251969
11
2.6845405118110235
21
0.7850276771653543
0
LINE
8
BLACK
6
CONTINUOUS
10
2.6845405118110235
20
0.7850276771653543
11
2.684540590551181
21
0.785027716535433
0
LINE
8
BLACK
6
CONTINUOUS
10
2.684540590551181
20
0.785027716535433
11
2.6846120078740157
21
0.7850811811023621
0
LINE
8
BLACK
6
CONTINUOUS
10
2.6846120078740157
20
0.7850811811023621
11
2.6847581889763781
21
0.7851905905511811
0
LINE
8
BLACK
6
CONTINUOUS
10
2.6847581889763781
20
0.7851905905511811
11
2.6873770866141733
21
0.7861673622047244
0
LINE
8
BLACK
6
CONTINUOUS
10
2.6873770866141733
20
0.7861673622047244
11
2.6901083464566931
21
0.785573188976378
0
LINE
8
BLACK
6
CONTINUOUS
10
2.6901083464566931
20
0.785573188976378
11
2.6920847637795275
21
0.7835966929133859
0
LINE
8
BLACK
6
CONTINUOUS
10
2.6920847637795275
20
0.7835966929133859
11
2.6926788976377951
21
0.7808653937007873
0
LINE
8
BLACK
6
CONTINUOUS
10
2.6926788976377951
20
0.7808653937007873
11
2.6926676771653542
21
0.7807333070866141
0
LINE
8
BLACK
6
CONTINUOUS
10
2.6926676771653542
20
0.7807333070866141
11
2.6925954724409449
21
0.7799999212598425
0
LINE
8
BLACK
6
CONTINUOUS
10
2.6925954724409449
20
0.7799999212598425
11
2.6925954724409449
21
0.779999842519685
0
LINE
8
BLACK
6
CONTINUOUS
10
2.6925954724409449
20
0.779999842519685
11
2.6933140944881888
21
0.7727030708661418
0
LINE
8
BLACK
6
CONTINUOUS
10
2.6933140944881888
20
0.7727030708661418
11
2.6954427165354331
21
0.765685905511811
0
LINE
8
BLACK
6
CONTINUOUS
10
2.6954427165354331
20
0.765685905511811
11
2.6988993307086613
21
0.7592190551181102
0
LINE
8
BLACK
6
CONTINUOUS
10
2.6988993307086613
20
0.7592190551181102
11
2.703551023622047
21
0.7535510236220472
0
LINE
8
BLACK
6
CONTINUOUS
10
2.703551023622047
20
0.7535510236220472
11
2.7092190551181101
21
0.7488993307086614
0
LINE
8
BLACK
6
CONTINUOUS
10
2.7092190551181101
20
0.7488993307086614
11
2.715685905511811
21
0.745442716535433
0
LINE
8
BLACK
6
CONTINUOUS
10
2.715685905511811
20
0.745442716535433
11
2.7227027559055119
21
0.7433141732283465
0
LINE
8
BLACK
6
CONTINUOUS
10
2.7227027559055119
20
0.7433141732283465
11
2.7227028346456694
21
0.7433141338582677
0
LINE
8
BLACK
6
CONTINUOUS
10
2.7227028346456694
20
0.7433141338582677
11
2.7227030708661415
21
0.743314094488189
0
LINE
8
BLACK
6
CONTINUOUS
10
2.7227030708661415
20
0.743314094488189
11
2.7299998818897637
21
0.7425954724409448
0
LINE
8
BLACK
6
CONTINUOUS
10
2.7299998818897637
20
0.7425954724409448
11
2.73
21
0.7425954724409448
0
LINE
8
BLACK
6
CONTINUOUS
10
2.73
20
0.7425954724409448
11
2.7300001181102362
21
0.7425954724409448
0
LINE
8
BLACK
6
CONTINUOUS
10
2.7300001181102362
20
0.7425954724409448
11
2.7372968897637793
21
0.743314094488189
0
LINE
8
BLACK
6
CONTINUOUS
10
2.7372968897637793
20
0.743314094488189
11
2.737297086614173
21
0.7433141338582677
0
LINE
8
BLACK
6
CONTINUOUS
10
2.737297086614173
20
0.7433141338582677
11
2.737297244094488
21
0.7433141732283465
0
LINE
8
BLACK
6
CONTINUOUS
10
2.737297244094488
20
0.7433141732283465
11
2.744314094488189
21
0.745442716535433
0
LINE
8
BLACK
6
CONTINUOUS
10
2.744314094488189
20
0.745442716535433
11
2.7507808267716536
21
0.7488992913385827
0
LINE
8
BLACK
6
CONTINUOUS
10
2.7507808267716536
20
0.7488992913385827
11
2.7507809055118111
21
0.7488993307086614
0
LINE
8
BLACK
6
CONTINUOUS
10
2.7507809055118111
20
0.7488993307086614
11
2.7546892913385825
21
0.7521068897637795
0
LINE
8
BLACK
6
CONTINUOUS
10
2.7546892913385825
20
0.7521068897637795
11
2.7564489763779525
21
0.7535510236220472
0
LINE
8
BLACK
6
CONTINUOUS
10
2.7564489763779525
20
0.7535510236220472
11
2.7611007086614174
21
0.7592191732283464
0
LINE
8
BLACK
6
CONTINUOUS
10
2.7611007086614174
20
0.7592191732283464
11
2.7645572834645669
21
0.765685905511811
0
LINE
8
BLACK
6
CONTINUOUS
10
2.7645572834645669
20
0.765685905511811
11
2.7666858267716536
21
0.7727027559055117
0
LINE
8
BLACK
6
CONTINUOUS
10
2.7666858267716536
20
0.7727027559055117
11
2.7674045275590551
21
0.78
0
LINE
8
BLACK
6
CONTINUOUS
10
2.7674045275590551
20
0.78
11
2.7673192913385827
21
0.7808653937007873
0
LINE
8
BLACK
6
CONTINUOUS
10
2.7673192913385827
20
0.7808653937007873
11
2.7666858661417324
21
0.787296968503937
0
LINE
8
BLACK
6
CONTINUOUS
10
2.7666858661417324
20
0.787296968503937
11
2.7666858267716536
21
0.7872972440944882
0
LINE
8
BLACK
6
CONTINUOUS
10
2.7666858267716536
20
0.7872972440944882
11
2.7665953543307085
21
0.7875954724409449
0
LINE
8
BLACK
6
CONTINUOUS
10
2.7665953543307085
20
0.7875954724409449
11
2.7664191732283463
21
0.7881761023622047
0
LINE
8
BLACK
6
CONTINUOUS
10
2.7664191732283463
20
0.7881761023622047
11
2.7663941732283464
21
0.7909711023622047
0
LINE
8
BLACK
6
CONTINUOUS
10
2.7663941732283464
20
0.7909711023622047
11
2.7671950000000001
21
0.7925890157480315
0
LINE
8
BLACK
6
CONTINUOUS
10
2.7671950000000001
20
0.7925890157480315
11
2.7674722440944883
21
0.7929593700787402
0
LINE
8
BLACK
6
CONTINUOUS
10
2.7674722440944883
20
0.7929593700787402
11
2.7674722834645671
21
0.7929594094488189
0
LINE
8
BLACK
6
CONTINUOUS
10
2.7674722834645671
20
0.7929594094488189
11
2.769452401574803
21
0.7982683858267716
0
LINE
8
BLACK
6
CONTINUOUS
10
2.769452401574803
20
0.7982683858267716
11
2.7697047244094488
21
0.8006152362204724
0
LINE
8
BLACK
6
CONTINUOUS
10
2.7697047244094488
20
0.8006152362204724
11
2.7697046850393701
21
0.8593847244094488
0
LINE
8
BLACK
6
CONTINUOUS
10
2.7697046850393701
20
0.8593847244094488
11
2.769452401574803
21
0.8617316141732283
0
LINE
8
BLACK
6
CONTINUOUS
10
2.769452401574803
20
0.8617316141732283
11
2.7674722834645671
21
0.8670405905511811
0
LINE
8
BLACK
6
CONTINUOUS
10
2.7674722834645671
20
0.8670405905511811
11
2.7640766141732285
21
0.8715766141732283
0
LINE
8
BLACK
6
CONTINUOUS
10
2.7640766141732285
20
0.8715766141732283
11
2.7595405905511812
21
0.8749722834645669
0
LINE
8
BLACK
6
CONTINUOUS
10
2.7595405905511812
20
0.8749722834645669
11
2.7542316141732281
21
0.8769524015748031
0
LINE
8
BLACK
6
CONTINUOUS
10
2.7542316141732281
20
0.8769524015748031
11
2.7518847637795276
21
0.8772047244094487
0
LINE
8
BLACK
6
CONTINUOUS
10
2.7518847637795276
20
0.8772047244094487
11
2.7363521653543308
21
0.8772046850393701
0
LINE
8
BLACK
6
CONTINUOUS
10
2.7363521653543308
20
0.8772046850393701
11
2.7336703149606301
21
0.8779921653543307
0
LINE
8
BLACK
6
CONTINUOUS
10
2.7336703149606301
20
0.8779921653543307
11
2.7328447244094489
21
0.8786574409448819
0
LINE
8
BLACK
6
CONTINUOUS
10
2.7328447244094489
20
0.8786574409448819
11
2.6957983070866143
21
0.9157038582677165
0
LINE
8
BLACK
6
CONTINUOUS
10
2.6957983070866143
20
0.9157038582677165
11
2.5376000787401574
21
1.0739021653543306
0
LINE
8
BLACK
6
CONTINUOUS
10
2.5376000787401574
20
1.0739021653543306
11
2.5330830708661418
21
1.0769203149606299
0
LINE
8
BLACK
6
CONTINUOUS
10
2.5330830708661418
20
1.0769203149606299
11
2.5280640551181102
21
1.0789992519685039
0
LINE
8
BLACK
6
CONTINUOUS
10
2.5280640551181102
20
1.0789992519685039
11
2.5227359448818896
21
1.0800590944881889
0
LINE
8
BLACK
6
CONTINUOUS
10
2.5227359448818896
20
1.0800590944881889
11
2.1020270866141733
21
1.0800590944881889
0
LINE
8
BLACK
6
CONTINUOUS
10
2.1020270866141733
20
1.0800590944881889
11
2.099345157480315
21
1.0808465748031495
0
LINE
8
BLACK
6
CONTINUOUS
10
2.099345157480315
20
1.0808465748031495
11
2.0975147244094487
21
1.0829590157480316
0
LINE
8
BLACK
6
CONTINUOUS
10
2.0975147244094487
20
1.0829590157480316
11
2.0972800393700788
21
1.0835798031496062
0
LINE
8
BLACK
6
CONTINUOUS
10
2.0972800393700788
20
1.0835798031496062
11
2.0970962992125983
21
1.0841854724409448
0
LINE
8
BLACK
6
CONTINUOUS
10
2.0970962992125983
20
1.0841854724409448
11
2.0970572834645669
21
1.0843140944881891
0
LINE
8
BLACK
6
CONTINUOUS
10
2.0970572834645669
20
1.0843140944881891
11
2.0936007086614175
21
1.0907808267716534
0
LINE
8
BLACK
6
CONTINUOUS
10
2.0936007086614175
20
1.0907808267716534
11
2.0889489763779525
21
1.0964489763779528
0
LINE
8
BLACK
6
CONTINUOUS
10
2.0889489763779525
20
1.0964489763779528
11
2.0862006692913386
21
1.098704409448819
0
LINE
8
BLACK
6
CONTINUOUS
10
2.0862006692913386
20
1.098704409448819
11
2.0846271653543305
21
1.10101437007874
0
LINE
8
BLACK
6
CONTINUOUS
10
2.0846271653543305
20
1.10101437007874
11
2.0845522834645669
21
1.1038085433070866
0
LINE
8
BLACK
6
CONTINUOUS
10
2.0845522834645669
20
1.1038085433070866
11
2.0858400393700789
21
1.1060466141732284
0
LINE
8
BLACK
6
CONTINUOUS
10
2.0858400393700789
20
1.1060466141732284
11
2.1333971259842519
21
1.1536037007874016
0
LINE
8
BLACK
6
CONTINUOUS
10
2.1333971259842519
20
1.1536037007874016
11
2.1333972440944882
21
1.1536038188976379
0
LINE
8
BLACK
6
CONTINUOUS
10
2.1333972440944882
20
1.1536038188976379
11
2.1368462598425197
21
1.1587656299212599
0
LINE
8
BLACK
6
CONTINUOUS
10
2.1368462598425197
20
1.1587656299212599
11
2.1392219685039371
21
1.1645011417322835
0
LINE
8
BLACK
6
CONTINUOUS
10
2.1392219685039371
20
1.1645011417322835
11
2.1404331102362204
21
1.1705899212598425
0
LINE
8
BLACK
6
CONTINUOUS
10
2.1404331102362204
20
1.1705899212598425
11
2.1404331102362204
21
1.3666866535433071
0
LINE
8
BLACK
6
CONTINUOUS
10
2.1404331102362204
20
1.3666866535433071
11
2.1400646850393699
21
1.3685389763779527
0
LINE
8
BLACK
6
CONTINUOUS
10
2.1400646850393699
20
1.3685389763779527
11
2.1392219685039371
21
1.3727754724409449
0
LINE
8
BLACK
6
CONTINUOUS
10
2.1392219685039371
20
1.3727754724409449
11
2.1388877559055119
21
1.3735822440944883
0
LINE
8
BLACK
6
CONTINUOUS
10
2.1388877559055119
20
1.3735822440944883
11
2.1384844488188977
21
1.3745560236220473
0
LINE
8
BLACK
6
CONTINUOUS
10
2.1384844488188977
20
1.3745560236220473
11
2.1377003543307085
21
1.3764489370078741
0
LINE
8
BLACK
6
CONTINUOUS
10
2.1377003543307085
20
1.3764489370078741
11
2.1368462598425197
21
1.3785109448818897
0
LINE
8
BLACK
6
CONTINUOUS
10
2.1368462598425197
20
1.3785109448818897
11
2.1333972440944882
21
1.3836727559055118
0
LINE
8
BLACK
6
CONTINUOUS
10
2.1333972440944882
20
1.3836727559055118
11
2.1298087401574803
21
1.3872612204724408
0
LINE
8
BLACK
6
CONTINUOUS
10
2.1298087401574803
20
1.3872612204724408
11
2.128569566929134
21
1.3893286614173228
0
LINE
8
BLACK
6
CONTINUOUS
10
2.128569566929134
20
1.3893286614173228
11
2.1270572834645667
21
1.3943140944881889
0
LINE
8
BLACK
6
CONTINUOUS
10
2.1270572834645667
20
1.3943140944881889
11
2.1236007086614173
21
1.4007808267716535
0
LINE
8
BLACK
6
CONTINUOUS
10
2.1236007086614173
20
1.4007808267716535
11
2.1189489763779528
21
1.4064489763779526
0
LINE
8
BLACK
6
CONTINUOUS
10
2.1189489763779528
20
1.4064489763779526
11
2.1132808267716534
21
1.4111007086614173
0
LINE
8
BLACK
6
CONTINUOUS
10
2.1132808267716534
20
1.4111007086614173
11
2.1068140944881888
21
1.414557283464567
0
LINE
8
BLACK
6
CONTINUOUS
10
2.1068140944881888
20
1.414557283464567
11
2.0997972440944883
21
1.4166858267716536
0
LINE
8
BLACK
6
CONTINUOUS
10
2.0997972440944883
20
1.4166858267716536
11
2.0997968897637795
21
1.4166858267716536
0
LINE
8
BLACK
6
CONTINUOUS
10
2.0997968897637795
20
1.4166858267716536
11
2.0997968897637795
21
1.4166858661417323
0
LINE
8
BLACK
6
CONTINUOUS
10
2.0997968897637795
20
1.4166858661417323
11
2.0925001181102361
21
1.417404527559055
0
LINE
8
BLACK
6
CONTINUOUS
10
2.0925001181102361
20
1.417404527559055
11
2.0924998818897635
21
1.417404527559055
0
LINE
8
BLACK
6
CONTINUOUS
10
2.0924998818897635
20
1.417404527559055
11
2.0852030708661418
21
1.4166858661417323
0
LINE
8
BLACK
6
CONTINUOUS
10
2.9262204724409449
20
0.7544541338582677
11
2.9262205511811024
21
0.7544533070866142
0
LINE
8
BLACK
6
CONTINUOUS
10
2.9262205511811024
20
0.7544533070866142
11
2.9264727559055119
21
0.7521070472440945
0
LINE
8
BLACK
6
CONTINUOUS
10
2.9264727559055119
20
0.7521070472440945
11
2.9264727559055119
21
0.7521070078740157
0
LINE
8
BLACK
6
CONTINUOUS
10
2.9264727559055119
20
0.7521070078740157
11
2.9284527952755903
21
0.7467981496062992
0
LINE
8
BLACK
6
CONTINUOUS
10
2.9284527952755903
20
0.7467981496062992
11
2.9284528740157478
21
0.7467980314960629
0
LINE
8
BLACK
6
CONTINUOUS
10
2.9284528740157478
20
0.7467980314960629
11
2.9318485433070864
21
0.7422619291338582
0
LINE
8
BLACK
6
CONTINUOUS
10
2.9318485433070864
20
0.7422619291338582
11
2.9363846456692912
21
0.7388662598425196
0
LINE
8
BLACK
6
CONTINUOUS
10
2.9363846456692912
20
0.7388662598425196
11
2.9363847637795275
21
0.7388661811023622
0
LINE
8
BLACK
6
CONTINUOUS
10
2.9363847637795275
20
0.7388661811023622
11
2.9416935433070868
21
0.7368861811023621
0
LINE
8
BLACK
6
CONTINUOUS
10
2.9416935433070868
20
0.7368861811023621
11
2.9416934251968505
21
0.7368861811023621
0
LINE
8
BLACK
6
CONTINUOUS
10
2.9416934251968505
20
0.7368861811023621
11
2.9440403937007873
21
0.7366338582677165
0
LINE
8
BLACK
6
CONTINUOUS
10
2.9440403937007873
20
0.7366338582677165
11
2.944040433070866
21
0.7366338582677165
0
LINE
8
BLACK
6
CONTINUOUS
10
2.944040433070866
20
0.7366338582677165
11
3.1052899212598426
21
0.7366338582677165
0
LINE
8
BLACK
6
CONTINUOUS
10
3.1052899212598426
20
0.7366338582677165
11
3.105290748031496
21
0.7366339370078741
0
LINE
8
BLACK
6
CONTINUOUS
10
3.105290748031496
20
0.7366339370078741
11
3.1076370078740156
21
0.7368861417322834
0
LINE
8
BLACK
6
CONTINUOUS
10
3.1076370078740156
20
0.7368861417322834
11
3.1076370472440944
21
0.7368861417322834
0
LINE
8
BLACK
6
CONTINUOUS
10
3.1076370472440944
20
0.7368861417322834
11
3.1129459055118112
21
0.7388661811023622
0
LINE
8
BLACK
6
CONTINUOUS
10
3.1129459055118112
20
0.7388661811023622
11
3.112946023622047
21
0.7388662598425196
0
LINE
8
BLACK
6
CONTINUOUS
10
3.112946023622047
20
0.7388662598425196
11
3.1129461023622045
21
0.7388662992125984
0
LINE
8
BLACK
6
CONTINUOUS
10
3.1129461023622045
20
0.7388662992125984
11
3.1144524015748032
21
0.7399938976377952
0
LINE
8
BLACK
6
CONTINUOUS
10
3.1144524015748032
20
0.7399938976377952
11
3.1174821259842518
21
0.7422619291338582
0
LINE
8
BLACK
6
CONTINUOUS
10
3.1174821259842518
20
0.7422619291338582
11
3.1198632283464565
21
0.745442716535433
0
LINE
8
BLACK
6
CONTINUOUS
10
3.1198632283464565
20
0.745442716535433
11
3.1208777952755904
21
0.7467979921259842
0
LINE
8
BLACK
6
CONTINUOUS
10
3.1208777952755904
20
0.7467979921259842
11
3.1208777952755904
21
0.7467980708661417
0
LINE
8
BLACK
6
CONTINUOUS
10
3.1208777952755904
20
0.7467980708661417
11
3.1208778740157479
21
0.7467981496062992
0
LINE
8
BLACK
6
CONTINUOUS
10
3.1208778740157479
20
0.7467981496062992
11
3.122857874015748
21
0.7521068897637795
0
LINE
8
BLACK
6
CONTINUOUS
10
3.122857874015748
20
0.7521068897637795
11
3.1228579133858267
21
0.752106968503937
0
LINE
8
BLACK
6
CONTINUOUS
10
3.1228579133858267
20
0.752106968503937
11
3.1231102362204726
21
0.7544538188976377
0
LINE
8
BLACK
6
CONTINUOUS
10
3.1231102362204726
20
0.7544538188976377
11
3.1231101968503938
21
0.9157036220472441
0
LINE
8
BLACK
6
CONTINUOUS
10
3.1231101968503938
20
0.9157036220472441
11
3.1228579133858267
21
0.9180505118110236
0
LINE
8
BLACK
6
CONTINUOUS
10
3.1228579133858267
20
0.9180505118110236
11
3.1208777952755904
21
0.9233594881889764
0
LINE
8
BLACK
6
CONTINUOUS
10
3.1208777952755904
20
0.9233594881889764
11
3.1174821259842518
21
0.9278955118110236
0
LINE
8
BLACK
6
CONTINUOUS
10
3.1174821259842518
20
0.9278955118110236
11
3.1129461023622045
21
0.9312911811023622
0
LINE
8
BLACK
6
CONTINUOUS
10
3.1129461023622045
20
0.9312911811023622
11
3.1076371259842519
21
0.9332712992125984
0
LINE
8
BLACK
6
CONTINUOUS
10
3.1076371259842519
20
0.9332712992125984
11
3.1052902755905509
21
0.933523622047244
0
LINE
8
BLACK
6
CONTINUOUS
10
3.1052902755905509
20
0.933523622047244
11
2.9440404724409448
21
0.9335235826771653
0
LINE
8
BLACK
6
CONTINUOUS
10
2.9440404724409448
20
0.9335235826771653
11
2.9416935826771651
21
0.9332712992125984
0
LINE
8
BLACK
6
CONTINUOUS
10
2.9416935826771651
20
0.9332712992125984
11
2.9394462598425197
21
0.9324330708661417
0
LINE
8
BLACK
6
CONTINUOUS
10
2.9394462598425197
20
0.9324330708661417
11
2.9363847637795275
21
0.9312912598425197
0
LINE
8
BLACK
6
CONTINUOUS
10
2.9363847637795275
20
0.9312912598425197
11
2.93638468503937
21
0.9312911811023622
0
LINE
8
BLACK
6
CONTINUOUS
10
2.93638468503937
20
0.9312911811023622
11
2.9363846062992125
21
0.9312911811023622
0
LINE
8
BLACK
6
CONTINUOUS
10
2.9363846062992125
20
0.9312911811023622
11
2.9341165748031495
21
0.9295933464566929
0
LINE
8
BLACK
6
CONTINUOUS
10
2.9341165748031495
20
0.9295933464566929
11
2.9318485433070864
21
0.9278955118110236
0
LINE
8
BLACK
6
CONTINUOUS
10
2.9318485433070864
20
0.9278955118110236
11
2.9284528740157478
21
0.9233594094488189
0
LINE
8
BLACK
6
CONTINUOUS
10
2.9284528740157478
20
0.9233594094488189
11
2.9284527952755903
21
0.9233592913385826
0
LINE
8
BLACK
6
CONTINUOUS
10
2.9284527952755903
20
0.9233592913385826
11
2.9264727952755907
21
0.9180505511811023
0
LINE
8
BLACK
6
CONTINUOUS
10
2.9264727952755907
20
0.9180505511811023
11
2.9262204724409449
21
0.9157038582677165
0
LINE
8
BLACK
6
CONTINUOUS
10
2.9262204724409449
20
0.9157038582677165
11
2.9262204724409449
21
0.7544541338582677
0
LINE
8
BLACK
6
CONTINUOUS
10
0.4227030708661417
20
1.3866858661417323
11
0.4227029921259842
21
1.3866858267716535
0
LINE
8
BLACK
6
CONTINUOUS
10
0.4227029921259842
20
1.3866858267716535
11
0.4227027559055118
21
1.3866858267716535
0
LINE
8
BLACK
6
CONTINUOUS
10
0.4227027559055118
20
1.3866858267716535
11
0.415685905511811
21
1.384557283464567
0
LINE
8
BLACK
6
CONTINUOUS
10
0.415685905511811
20
1.384557283464567
11
0.4092191732283464
21
1.3811007086614173
0
LINE
8
BLACK
6
CONTINUOUS
10
0.4092191732283464
20
1.3811007086614173
11
0.409219094488189
21
1.3811006299212598
0
LINE
8
BLACK
6
CONTINUOUS
10
0.409219094488189
20
1.3811006299212598
11
0.4092190551181102
21
1.3811006299212598
0
LINE
8
BLACK
6
CONTINUOUS
10
0.4092190551181102
20
1.3811006299212598
11
0.4078779527559055
21
1.3799999999999999
0
LINE
8
BLACK
6
CONTINUOUS
10
0.4078779527559055
20
1.3799999999999999
11
0.4035510236220473
21
1.3764489763779528
0
LINE
8
BLACK
6
CONTINUOUS
10
0.4035510236220473
20
1.3764489763779528
11
0.4019975196850394
21
1.3745560236220473
0
LINE
8
BLACK
6
CONTINUOUS
10
0.4019975196850394
20
1.3745560236220473
11
0.3988993307086614
21
1.370780905511811
0
LINE
8
BLACK
6
CONTINUOUS
10
0.3988993307086614
20
1.370780905511811
11
0.3988992913385827
21
1.3707808267716535
0
LINE
8
BLACK
6
CONTINUOUS
10
0.3988992913385827
20
1.3707808267716535
11
0.3954427165354331
21
1.3643140944881889
0
LINE
8
BLACK
6
CONTINUOUS
10
0.3954427165354331
20
1.3643140944881889
11
0.3933141732283464
21
1.3572972440944882
0
LINE
8
BLACK
6
CONTINUOUS
10
0.3933141732283464
20
1.3572972440944882
11
0.3933141338582677
21
1.3572970866141731
0
LINE
8
BLACK
6
CONTINUOUS
10
0.3933141338582677
20
1.3572970866141731
11
0.393314094488189
21
1.3572968897637796
0
LINE
8
BLACK
6
CONTINUOUS
10
0.393314094488189
20
1.3572968897637796
11
0.3925954724409449
21
1.3500001181102361
0
LINE
8
BLACK
6
CONTINUOUS
10
0.3925954724409449
20
1.3500001181102361
11
0.3925954724409449
21
1.3499998425196851
0
LINE
8
BLACK
6
CONTINUOUS
10
0.3925954724409449
20
1.3499998425196851
11
0.393314094488189
21
1.3427030708661416
0
LINE
8
BLACK
6
CONTINUOUS
10
0.393314094488189
20
1.3427030708661416
11
0.3933141338582677
21
1.3427028346456693
0
LINE
8
BLACK
6
CONTINUOUS
10
0.3933141338582677
20
1.3427028346456693
11
0.3933141732283464
21
1.3427027559055118
0
LINE
8
BLACK
6
CONTINUOUS
10
0.3933141732283464
20
1.3427027559055118
11
0.3937308661417322
21
1.341329094488189
0
LINE
8
BLACK
6
CONTINUOUS
10
0.3937308661417322
20
1.341329094488189
11
0.3954427165354331
21
1.3356859055118111
0
LINE
8
BLACK
6
CONTINUOUS
10
0.3954427165354331
20
1.3356859055118111
11
0.3988993307086614
21
1.3292190551181102
0
LINE
8
BLACK
6
CONTINUOUS
10
0.3988993307086614
20
1.3292190551181102
11
0.4035510236220473
21
1.3235510236220471
0
LINE
8
BLACK
6
CONTINUOUS
10
0.4035510236220473
20
1.3235510236220471
11
0.4092190551181102
21
1.3188993307086614
0
LINE
8
BLACK
6
CONTINUOUS
10
0.4092190551181102
20
1.3188993307086614
11
0.415685905511811
21
1.315442716535433
0
LINE
8
BLACK
6
CONTINUOUS
10
0.415685905511811
20
1.315442716535433
11
0.422703031496063
21
1.3133140944881889
0
LINE
8
BLACK
6
CONTINUOUS
10
0.422703031496063
20
1.3133140944881889
11
0.4264613779527559
21
1.3129439370078739
0
LINE
8
BLACK
6
CONTINUOUS
10
0.4264613779527559
20
1.3129439370078739
11
0.429053188976378
21
1.3118973622047243
0
LINE
8
BLACK
6
CONTINUOUS
10
0.429053188976378
20
1.3118973622047243
11
0.4294827952755905
21
1.3115148818897637
0
LINE
8
BLACK
6
CONTINUOUS
10
0.4294827952755905
20
1.3115148818897637
11
0.5661670472440945
21
1.1748306299212599
0
LINE
8
BLACK
6
CONTINUOUS
10
0.5661670472440945
20
1.1748306299212599
11
0.5675066535433071
21
1.1723774015748032
0
LINE
8
BLACK
6
CONTINUOUS
10
0.5675066535433071
20
1.1723774015748032
11
0.5673072440944882
21
1.1695894094488188
0
LINE
8
BLACK
6
CONTINUOUS
10
0.5673072440944882
20
1.1695894094488188
11
0.5656321653543307
21
1.1673517716535433
0
LINE
8
BLACK
6
CONTINUOUS
10
0.5656321653543307
20
1.1673517716535433
11
0.5649979921259842
21
1.166948188976378
0
LINE
8
BLACK
6
CONTINUOUS
10
0.5649979921259842
20
1.166948188976378
11
0.5632571259842519
21
1.1660176771653543
0
LINE
8
BLACK
6
CONTINUOUS
10
0.5632571259842519
20
1.1660176771653543
11
0.5575889763779528
21
1.1613659448818898
0
LINE
8
BLACK
6
CONTINUOUS
10
0.5575889763779528
20
1.1613659448818898
11
0.5554549606299213
21
1.1587656299212599
0
LINE
8
BLACK
6
CONTINUOUS
10
0.5554549606299213
20
1.1587656299212599
11
0.5529372834645669
21
1.155697874015748
0
LINE
8
BLACK
6
CONTINUOUS
10
0.5529372834645669
20
1.155697874015748
11
0.5529372440944882
21
1.1556977952755905
0
LINE
8
BLACK
6
CONTINUOUS
10
0.5529372440944882
20
1.1556977952755905
11
0.5494806692913385
21
1.1492310629921259
0
LINE
8
BLACK
6
CONTINUOUS
10
0.5494806692913385
20
1.1492310629921259
11
0.547352125984252
21
1.1422142125984251
0
LINE
8
BLACK
6
CONTINUOUS
10
0.547352125984252
20
1.1422142125984251
11
0.5473520866141732
21
1.1422140551181101
0
LINE
8
BLACK
6
CONTINUOUS
10
0.5473520866141732
20
1.1422140551181101
11
0.5473520472440945
21
1.1422138582677166
0
LINE
8
BLACK
6
CONTINUOUS
10
0.5473520472440945
20
1.1422138582677166
11
0.5466334251968504
21
1.1349170866141731
0
LINE
8
BLACK
6
CONTINUOUS
10
0.5466334251968504
20
1.1349170866141731
11
0.5466334251968504
21
1.1349168110236221
0
LINE
8
BLACK
6
CONTINUOUS
10
0.5466334251968504
20
1.1349168110236221
11
0.5473520472440945
21
1.1276200393700788
0
LINE
8
BLACK
6
CONTINUOUS
10
0.5473520472440945
20
1.1276200393700788
11
0.5494806692913385
21
1.1206028740157481
0
LINE
8
BLACK
6
CONTINUOUS
10
0.5494806692913385
20
1.1206028740157481
11
0.5529372834645669
21
1.114136062992126
0
LINE
8
BLACK
6
CONTINUOUS
10
0.5529372834645669
20
1.114136062992126
11
0.5553332283464567
21
1.1112166141732283
0
LINE
8
BLACK
6
CONTINUOUS
10
0.5553332283464567
20
1.1112166141732283
11
0.5564258661417323
21
1.1086438976377953
0
LINE
8
BLACK
6
CONTINUOUS
10
0.5564258661417323
20
1.1086438976377953
11
0.5564592125984252
21
1.1080696456692913
0
LINE
8
BLACK
6
CONTINUOUS
10
0.5564592125984252
20
1.1080696456692913
11
0.5564592125984252
21
1.1057083858267716
0
LINE
8
BLACK
6
CONTINUOUS
10
0.5564592125984252
20
1.1057083858267716
11
0.5556717322834646
21
1.1030264566929133
0
LINE
8
BLACK
6
CONTINUOUS
10
0.5556717322834646
20
1.1030264566929133
11
0.5550062598425197
21
1.1022007086614174
0
LINE
8
BLACK
6
CONTINUOUS
10
0.5550062598425197
20
1.1022007086614174
11
0.5269036220472441
21
1.0740980708661416
0
LINE
8
BLACK
6
CONTINUOUS
10
0.5269036220472441
20
1.0740980708661416
11
0.5244503937007874
21
1.072758464566929
0
LINE
8
BLACK
6
CONTINUOUS
10
0.5244503937007874
20
1.072758464566929
11
0.523882125984252
21
1.0726690157480314
0
LINE
8
BLACK
6
CONTINUOUS
10
0.523882125984252
20
1.0726690157480314
11
0.522605157480315
21
1.0725432283464567
0
LINE
8
BLACK
6
CONTINUOUS
10
0.522605157480315
20
1.0725432283464567
11
0.5201238976377953
21
1.0722988976377952
0
LINE
8
BLACK
6
CONTINUOUS
10
0.5201238976377953
20
1.0722988976377952
11
0.5201238188976378
21
1.0722988582677164
0
LINE
8
BLACK
6
CONTINUOUS
10
0.5201238188976378
20
1.0722988582677164
11
0.5201235826771653
21
1.0722988582677164
0
LINE
8
BLACK
6
CONTINUOUS
10
0.5201235826771653
20
1.0722988582677164
11
0.5131067322834646
21
1.0701703149606299
0
LINE
8
BLACK
6
CONTINUOUS
10
0.5131067322834646
20
1.0701703149606299
11
0.50664
21
1.0667137401574802
0
LINE
8
BLACK
6
CONTINUOUS
10
0.50664
20
1.0667137401574802
11
0.5066399212598425
21
1.0667136614173227
0
LINE
8
BLACK
6
CONTINUOUS
10
0.5066399212598425
20
1.0667136614173227
11
0.5066398818897637
21
1.0667136614173227
0
LINE
8
BLACK
6
CONTINUOUS
10
0.5066398818897637
20
1.0667136614173227
11
0.5061730708661417
21
1.0663305511811023
0
LINE
8
BLACK
6
CONTINUOUS
10
0.5061730708661417
20
1.0663305511811023
11
0.50681
21
1.0649358661417323
0
LINE
8
BLACK
6
CONTINUOUS
10
0.50681
20
1.0649358661417323
11
0.5075196850393701
21
1.0600000000000001
0
LINE
8
BLACK
6
CONTINUOUS
10
0.5075196850393701
20
1.0600000000000001
11
0.50681
21
1.0550641338582676
0
LINE
8
BLACK
6
CONTINUOUS
10
0.50681
20
1.0550641338582676
11
0.5047385039370078
21
1.0505281496062993
0
LINE
8
BLACK
6
CONTINUOUS
10
0.5047385039370078
20
1.0505281496062993
11
0.5014729527559055
21
1.0467594881889764
0
LINE
8
BLACK
6
CONTINUOUS
10
0.5014729527559055
20
1.0467594881889764
11
0.4972779527559055
21
1.0440635433070866
0
LINE
8
BLACK
6
CONTINUOUS
10
0.4972779527559055
20
1.0440635433070866
11
0.4924933070866142
21
1.042658622047244
0
LINE
8
BLACK
6
CONTINUOUS
10
0.4924933070866142
20
1.042658622047244
11
0.4907101574803149
21
1.042658622047244
0
LINE
8
BLACK
6
CONTINUOUS
10
0.4907101574803149
20
1.042658622047244
11
0.4900162992125984
21
1.0356131496062992
0
LINE
8
BLACK
6
CONTINUOUS
10
0.4900162992125984
20
1.0356131496062992
11
0.4900162992125984
21
1.035612874015748
0
LINE
8
BLACK
6
CONTINUOUS
10
0.4900162992125984
20
1.035612874015748
11
0.4907349212598425
21
1.0283161023622047
0
LINE
8
BLACK
6
CONTINUOUS
10
0.4907349212598425
20
1.0283161023622047
11
0.4907349606299212
21
1.0283158661417322
0
LINE
8
BLACK
6
CONTINUOUS
10
0.4907349606299212
20
1.0283158661417322
11
0.490735
21
1.0283157874015747
0
LINE
8
BLACK
6
CONTINUOUS
10
0.490735
20
1.0283157874015747
11
0.4920095669291338
21
1.0241141338582678
0
LINE
8
BLACK
6
CONTINUOUS
10
0.4920095669291338
20
1.0241141338582678
11
0.4928635433070866
21
1.021298937007874
0
LINE
8
BLACK
6
CONTINUOUS
10
0.4928635433070866
20
1.021298937007874
11
0.4963201574803149
21
1.0148320866141731
0
LINE
8
BLACK
6
CONTINUOUS
10
0.4963201574803149
20
1.0148320866141731
11
0.5009718503937007
21
1.0091640551181102
0
LINE
8
BLACK
6
CONTINUOUS
10
0.5009718503937007
20
1.0091640551181102
11
0.5066398818897637
21
1.0045123622047243
0
LINE
8
BLACK
6
CONTINUOUS
10
0.5066398818897637
20
1.0045123622047243
11
0.5131067322834646
21
1.0010557480314961
0
LINE
8
BLACK
6
CONTINUOUS
10
0.5131067322834646
20
1.0010557480314961
11
0.5201235826771653
21
0.9989272047244094
0
LINE
8
BLACK
6
CONTINUOUS
10
0.5201235826771653
20
0.9989272047244094
11
0.5201236614173228
21
0.9989271653543307
0
LINE
8
BLACK
6
CONTINUOUS
10
0.5201236614173228
20
0.9989271653543307
11
0.5201238976377953
21
0.9989271259842519
0
LINE
8
BLACK
6
CONTINUOUS
10
0.5201238976377953
20
0.9989271259842519
11
0.5274207086614173
21
0.9982085039370079
0
LINE
8
BLACK
6
CONTINUOUS
10
0.5274207086614173
20
0.9982085039370079
11
0.5274208267716536
21
0.9982085039370079
0
LINE
8
BLACK
6
CONTINUOUS
10
0.5274208267716536
20
0.9982085039370079
11
0.5274209448818897
21
0.9982085039370079
0
LINE
8
BLACK
6
CONTINUOUS
10
0.5274209448818897
20
0.9982085039370079
11
0.5347177165354331
21
0.9989271259842519
0
LINE
8
BLACK
6
CONTINUOUS
10
0.5347177165354331
20
0.9989271259842519
11
0.5347179133858267
21
0.9989271653543307
0
LINE
8
BLACK
6
CONTINUOUS
10
0.5347179133858267
20
0.9989271653543307
11
0.5347180708661418
21
0.9989272047244094
0
LINE
8
BLACK
6
CONTINUOUS
10
0.5347180708661418
20
0.9989272047244094
11
0.5417349212598425
21
1.0010557480314961
0
LINE
8
BLACK
6
CONTINUOUS
10
0.5417349212598425
20
1.0010557480314961
11
0.5482016535433071
21
1.0045123228346458
0
LINE
8
BLACK
6
CONTINUOUS
10
0.5482016535433071
20
1.0045123228346458
11
0.5482017322834646
21
1.0045123622047243
0
LINE
8
BLACK
6
CONTINUOUS
10
0.5482017322834646
20
1.0045123622047243
11
0.5519584645669291
21
1.0075954724409448
0
LINE
8
BLACK
6
CONTINUOUS
10
0.5519584645669291
20
1.0075954724409448
11
0.5538698031496063
21
1.0091640551181102
0
LINE
8
BLACK
6
CONTINUOUS
10
0.5538698031496063
20
1.0091640551181102
11
0.5585215354330708
21
1.0148322047244094
0
LINE
8
BLACK
6
CONTINUOUS
10
0.5585215354330708
20
1.0148322047244094
11
0.5619781102362205
21
1.021298937007874
0
LINE
8
BLACK
6
CONTINUOUS
10
0.5619781102362205
20
1.021298937007874
11
0.564106653543307
21
1.0283157874015747
0
LINE
8
BLACK
6
CONTINUOUS
10
0.564106653543307
20
1.0283157874015747
11
0.564476811023622
21
1.0320742913385827
0
LINE
8
BLACK
6
CONTINUOUS
10
0.564476811023622
20
1.0320742913385827
11
0.5655233070866141
21
1.0346661417322836
0
LINE
8
BLACK
6
CONTINUOUS
10
0.5655233070866141
20
1.0346661417322836
11
0.5659058661417322
21
1.0350958267716535
0
LINE
8
BLACK
6
CONTINUOUS
10
0.5659058661417322
20
1.0350958267716535
11
0.6054595669291338
21
1.0746495275590551
0
LINE
8
BLACK
6
CONTINUOUS
10
0.6054595669291338
20
1.0746495275590551
11
0.6054597637795276
21
1.0746497244094488
0
LINE
8
BLACK
6
CONTINUOUS
10
0.6054597637795276
20
1.0746497244094488
11
0.6084779133858268
21
1.0791667322834646
0
LINE
8
BLACK
6
CONTINUOUS
10
0.6084779133858268
20
1.0791667322834646
11
0.6105568503937008
21
1.0841857086614173
0
LINE
8
BLACK
6
CONTINUOUS
10
0.6105568503937008
20
1.0841857086614173
11
0.6113574015748031
21
1.0882103937007874
0
LINE
8
BLACK
6
CONTINUOUS
10
0.6113574015748031
20
1.0882103937007874
11
0.6116166929133858
21
1.0895138976377952
0
LINE
8
BLACK
6
CONTINUOUS
10
0.6116166929133858
20
1.0895138976377952
11
0.6116166929133858
21
1.1080696456692913
0
LINE
8
BLACK
6
CONTINUOUS
10
0.6116166929133858
20
1.1080696456692913
11
0.6124041732283464
21
1.1107515748031496
0
LINE
8
BLACK
6
CONTINUOUS
10
0.6124041732283464
20
1.1107515748031496
11
0.6127426771653544
21
1.1112166141732283
0
LINE
8
BLACK
6
CONTINUOUS
10
0.6127426771653544
20
1.1112166141732283
11
0.614238937007874
21
1.113039842519685
0
LINE
8
BLACK
6
CONTINUOUS
10
0.614238937007874
20
1.113039842519685
11
0.6151386614173229
21
1.1141361417322835
0
LINE
8
BLACK
6
CONTINUOUS
10
0.6151386614173229
20
1.1141361417322835
11
0.6162242125984252
21
1.1161670472440945
0
LINE
8
BLACK
6
CONTINUOUS
10
0.6162242125984252
20
1.1161670472440945
11
0.6181828346456693
21
1.1181609842519684
0
LINE
8
BLACK
6
CONTINUOUS
10
0.6181828346456693
20
1.1181609842519684
11
0.6209087007874016
21
1.1187794881889763
0
LINE
8
BLACK
6
CONTINUOUS
10
0.6209087007874016
20
1.1187794881889763
11
0.6233549606299212
21
1.1179531889763779
0
LINE
8
BLACK
6
CONTINUOUS
10
0.6233549606299212
20
1.1179531889763779
11
0.6269366141732283
21
1.1155599999999999
0
LINE
8
BLACK
6
CONTINUOUS
10
0.6269366141732283
20
1.1155599999999999
11
0.6319555511811024
21
1.1134811023622047
0
LINE
8
BLACK
6
CONTINUOUS
10
0.6319555511811024
20
1.1134811023622047
11
0.6319558267716535
21
1.1134810236220472
0
LINE
8
BLACK
6
CONTINUOUS
10
0.6319558267716535
20
1.1134810236220472
11
0.6329552755905512
21
1.1132822047244095
0
LINE
8
BLACK
6
CONTINUOUS
10
0.6329552755905512
20
1.1132822047244095
11
0.6351343700787402
21
1.1122515748031496
0
LINE
8
BLACK
6
CONTINUOUS
10
0.6351343700787402
20
1.1122515748031496
11
0.6392191732283464
21
1.1088992913385827
0
LINE
8
BLACK
6
CONTINUOUS
10
0.6392191732283464
20
1.1088992913385827
11
0.645685905511811
21
1.105442716535433
0
LINE
8
BLACK
6
CONTINUOUS
10
0.645685905511811
20
1.105442716535433
11
0.6527027559055117
21
1.1033141732283465
0
LINE
8
BLACK
6
CONTINUOUS
10
0.6527027559055117
20
1.1033141732283465
11
0.6527028346456692
21
1.1033141338582677
0
LINE
8
BLACK
6
CONTINUOUS
10
0.6527028346456692
20
1.1033141338582677
11
0.6527030708661418
21
1.103314094488189
0
LINE
8
BLACK
6
CONTINUOUS
10
0.6527030708661418
20
1.103314094488189
11
0.6599998818897638
21
1.1025954724409448
0
LINE
8
BLACK
6
CONTINUOUS
10
0.6599998818897638
20
1.1025954724409448
11
0.66
21
1.1025954724409448
0
LINE
8
BLACK
6
CONTINUOUS
10
0.66
20
1.1025954724409448
11
0.6600001181102362
21
1.1025954724409448
0
LINE
8
BLACK
6
CONTINUOUS
10
0.6600001181102362
20
1.1025954724409448
11
0.6672968897637795
21
1.103314094488189
0
LINE
8
BLACK
6
CONTINUOUS
10
0.6672968897637795
20
1.103314094488189
11
0.6672970866141732
21
1.1033141338582677
0
LINE
8
BLACK
6
CONTINUOUS
10
0.6672970866141732
20
1.1033141338582677
11
0.6672972440944882
21
1.1033141732283465
0
LINE
8
BLACK
6
CONTINUOUS
10
0.6672972440944882
20
1.1033141732283465
11
0.6743140944881889
21
1.105442716535433
0
LINE
8
BLACK
6
CONTINUOUS
10
0.6743140944881889
20
1.105442716535433
11
0.6807808267716535
21
1.1088992913385827
0
LINE
8
BLACK
6
CONTINUOUS
10
0.6807808267716535
20
1.1088992913385827
11
0.680780905511811
21
1.1088993307086614
0
LINE
8
BLACK
6
CONTINUOUS
10
0.680780905511811
20
1.1088993307086614
11
0.6848655905511811
21
1.1122515748031496
0
LINE
8
BLACK
6
CONTINUOUS
10
0.6848655905511811
20
1.1122515748031496
11
0.6864489763779528
21
1.1135510236220472
0
LINE
8
BLACK
6
CONTINUOUS
10
0.6864489763779528
20
1.1135510236220472
11
0.6911007086614173
21
1.1192191732283465
0
LINE
8
BLACK
6
CONTINUOUS
10
0.6911007086614173
20
1.1192191732283465
11
0.6945572834645669
21
1.1256859055118109
0
LINE
8
BLACK
6
CONTINUOUS
10
0.6945572834645669
20
1.1256859055118109
11
0.6966858267716536
21
1.1327027559055118
0
LINE
8
BLACK
6
CONTINUOUS
10
0.6966858267716536
20
1.1327027559055118
11
0.6969038976377953
21
1.1349169685039371
0
LINE
8
BLACK
6
CONTINUOUS
10
0.6969038976377953
20
1.1349169685039371
11
0.6974045275590551
21
1.1399998425196851
0
LINE
8
BLACK
6
CONTINUOUS
10
0.6974045275590551
20
1.1399998425196851
11
0.6974045275590551
21
1.1400001181102362
0
LINE
8
BLACK
6
CONTINUOUS
10
0.6974045275590551
20
1.1400001181102362
11
0.6966858661417322
21
1.1472968897637794
0
LINE
8
BLACK
6
CONTINUOUS
10
0.6966858661417322
20
1.1472968897637794
11
0.6966858267716536
21
1.1472968897637794
0
LINE
8
BLACK
6
CONTINUOUS
10
0.6966858267716536
20
1.1472968897637794
11
0.6966858267716536
21
1.1472972440944882
0
LINE
8
BLACK
6
CONTINUOUS
10
0.6966858267716536
20
1.1472972440944882
11
0.6945572834645669
21
1.1543140944881889
0
LINE
8
BLACK
6
CONTINUOUS
10
0.6945572834645669
20
1.1543140944881889
11
0.6911007086614173
21
1.1607808267716535
0
LINE
8
BLACK
6
CONTINUOUS
10
0.6911007086614173
20
1.1607808267716535
11
0.6864489763779528
21
1.1664489763779526
0
LINE
8
BLACK
6
CONTINUOUS
10
0.6864489763779528
20
1.1664489763779526
11
0.6807808267716535
21
1.1711007086614174
0
LINE
8
BLACK
6
CONTINUOUS
10
0.6807808267716535
20
1.1711007086614174
11
0.6743140944881889
21
1.174557283464567
0
LINE
8
BLACK
6
CONTINUOUS
10
0.6743140944881889
20
1.174557283464567
11
0.6672972440944882
21
1.1766858267716536
0
LINE
8
BLACK
6
CONTINUOUS
10
0.6672972440944882
20
1.1766858267716536
11
0.6672968897637795
21
1.1766858267716536
0
LINE
8
BLACK
6
CONTINUOUS
10
0.6672968897637795
20
1.1766858267716536
11
0.6672968897637795
21
1.1766858661417323
0
LINE
8
BLACK
6
CONTINUOUS
10
0.6672968897637795
20
1.1766858661417323
11
0.6600001181102362
21
1.177404527559055
0
LINE
8
BLACK
6
CONTINUOUS
10
0.6600001181102362
20
1.177404527559055
11
0.6599998818897638
21
1.177404527559055
0
LINE
8
BLACK
6
CONTINUOUS
10
0.6599998818897638
20
1.177404527559055
11
0.652702874015748
21
1.1766858661417323
0
LINE
8
BLACK
6
CONTINUOUS
10
0.652702874015748
20
1.1766858661417323
11
0.6508308661417322
21
1.1761179921259843
0
LINE
8
BLACK
6
CONTINUOUS
10
0.6508308661417322
20
1.1761179921259843
11
0.6475789370078741
21
1.1751314960629922
0
LINE
8
BLACK
6
CONTINUOUS
10
0.6475789370078741
20
1.1751314960629922
11
0.644783937007874
21
1.1751065748031495
0
LINE
8
BLACK
6
CONTINUOUS
10
0.644783937007874
20
1.1751065748031495
11
0.6426313779527559
21
1.1763707874015747
0
LINE
8
BLACK
6
CONTINUOUS
10
0.6426313779527559
20
1.1763707874015747
11
0.4684849606299212
21
1.3505172047244094
0
LINE
8
BLACK
6
CONTINUOUS
10
0.4684849606299212
20
1.3505172047244094
11
0.4671454330708661
21
1.3529703543307086
0
LINE
8
BLACK
6
CONTINUOUS
10
0.4671454330708661
20
1.3529703543307086
11
0.4670559842519685
21
1.3535386614173228
0
LINE
8
BLACK
6
CONTINUOUS
10
0.4670559842519685
20
1.3535386614173228
11
0.4666858661417323
21
1.3572968897637796
0
LINE
8
BLACK
6
CONTINUOUS
10
0.4666858661417323
20
1.3572968897637796
11
0.4666858267716535
21
1.3572968897637796
0
LINE
8
BLACK
6
CONTINUOUS
10
0.4666858267716535
20
1.3572968897637796
11
0.4666858267716535
21
1.3572972440944882
0
LINE
8
BLACK
6
CONTINUOUS
10
0.4666858267716535
20
1.3572972440944882
11
0.4645572834645669
21
1.3643140944881889
0
LINE
8
BLACK
6
CONTINUOUS
10
0.4645572834645669
20
1.3643140944881889
11
0.4611007086614173
21
1.3707808267716535
0
LINE
8
BLACK
6
CONTINUOUS
10
0.4611007086614173
20
1.3707808267716535
11
0.4564489763779527
21
1.3764489763779528
0
LINE
8
BLACK
6
CONTINUOUS
10
0.4564489763779527
20
1.3764489763779528
11
0.4507808267716535
21
1.3811007086614173
0
LINE
8
BLACK
6
CONTINUOUS
10
0.4507808267716535
20
1.3811007086614173
11
0.444314094488189
21
1.384557283464567
0
LINE
8
BLACK
6
CONTINUOUS
10
0.444314094488189
20
1.384557283464567
11
0.4372972440944882
21
1.3866858267716535
0
LINE
8
BLACK
6
CONTINUOUS
10
0.4372972440944882
20
1.3866858267716535
11
0.4372968897637795
21
1.3866858267716535
0
LINE
8
BLACK
6
CONTINUOUS
10
0.4372968897637795
20
1.3866858267716535
11
0.4372968897637795
21
1.3866858661417323
0
LINE
8
BLACK
6
CONTINUOUS
10
0.4372968897637795
20
1.3866858661417323
11
0.4300001181102362
21
1.3874045275590552
0
LINE
8
BLACK
6
CONTINUOUS
10
0.4300001181102362
20
1.3874045275590552
11
0.4299998818897638
21
1.3874045275590552
0
LINE
8
BLACK
6
CONTINUOUS
10
0.4299998818897638
20
1.3874045275590552
11
0.4227030708661417
21
1.3866858661417323
0
LINE
8
BLACK
6
CONTINUOUS
10
1.3143954724409448
20
1.7261998425196849
11
1.3151140944881889
21
1.7189030708661417
0
LINE
8
BLACK
6
CONTINUOUS
10
1.3151140944881889
20
1.7189030708661417
11
1.3151141338582677
21
1.7189028346456692
0
LINE
8
BLACK
6
CONTINUOUS
10
1.3151141338582677
20
1.7189028346456692
11
1.3151141732283465
21
1.7189027559055117
0
LINE
8
BLACK
6
CONTINUOUS
10
1.3151141732283465
20
1.7189027559055117
11
1.3171337007874016
21
1.7122453149606298
0
LINE
8
BLACK
6
CONTINUOUS
10
1.3171337007874016
20
1.7122453149606298
11
1.317242716535433
21
1.711885905511811
0
LINE
8
BLACK
6
CONTINUOUS
10
1.317242716535433
20
1.711885905511811
11
1.3206993307086614
21
1.7054190551181101
0
LINE
8
BLACK
6
CONTINUOUS
10
1.3206993307086614
20
1.7054190551181101
11
1.3253510236220472
21
1.6997510236220472
0
LINE
8
BLACK
6
CONTINUOUS
10
1.3253510236220472
20
1.6997510236220472
11
1.3310190551181103
21
1.6950993307086615
0
LINE
8
BLACK
6
CONTINUOUS
10
1.3310190551181103
20
1.6950993307086615
11
1.3374859055118109
21
1.6916427165354331
0
LINE
8
BLACK
6
CONTINUOUS
10
1.3374859055118109
20
1.6916427165354331
11
1.3445027559055118
21
1.6895141732283465
0
LINE
8
BLACK
6
CONTINUOUS
10
1.3445027559055118
20
1.6895141732283465
11
1.3445028346456693
21
1.6895141338582678
0
LINE
8
BLACK
6
CONTINUOUS
10
1.3445028346456693
20
1.6895141338582678
11
1.3445030708661416
21
1.689514094488189
0
LINE
8
BLACK
6
CONTINUOUS
10
1.3445030708661416
20
1.689514094488189
11
1.3517998818897639
21
1.6887954724409449
0
LINE
8
BLACK
6
CONTINUOUS
10
1.3517998818897639
20
1.6887954724409449
11
1.3517999999999999
21
1.6887954724409449
0
LINE
8
BLACK
6
CONTINUOUS
10
1.3517999999999999
20
1.6887954724409449
11
1.3518001181102361
21
1.6887954724409449
0
LINE
8
BLACK
6
CONTINUOUS
10
1.3518001181102361
20
1.6887954724409449
11
1.3590968897637794
21
1.689514094488189
0
LINE
8
BLACK
6
CONTINUOUS
10
1.3590968897637794
20
1.689514094488189
11
1.3590970866141732
21
1.6895141338582678
0
LINE
8
BLACK
6
CONTINUOUS
10
1.3590970866141732
20
1.6895141338582678
11
1.3590972440944882
21
1.6895141732283465
0
LINE
8
BLACK
6
CONTINUOUS
10
1.3590972440944882
20
1.6895141732283465
11
1.3661140944881889
21
1.6916427165354331
0
LINE
8
BLACK
6
CONTINUOUS
10
1.3661140944881889
20
1.6916427165354331
11
1.3724687401574802
21
1.6950393700787401
0
LINE
8
BLACK
6
CONTINUOUS
10
1.3724687401574802
20
1.6950393700787401
11
1.372580905511811
21
1.6950993307086615
0
LINE
8
BLACK
6
CONTINUOUS
10
1.372580905511811
20
1.6950993307086615
11
1.3776624015748031
21
1.6992696456692913
0
LINE
8
BLACK
6
CONTINUOUS
10
1.3776624015748031
20
1.6992696456692913
11
1.3782489763779526
21
1.6997510236220472
0
LINE
8
BLACK
6
CONTINUOUS
10
1.3782489763779526
20
1.6997510236220472
11
1.3828582677165353
21
1.7053674409448818
0
LINE
8
BLACK
6
CONTINUOUS
10
1.3828582677165353
20
1.7053674409448818
11
1.3829006299212598
21
1.7054190551181101
0
LINE
8
BLACK
6
CONTINUOUS
10
1.3829006299212598
20
1.7054190551181101
11
1.3829007086614173
21
1.7054191732283464
0
LINE
8
BLACK
6
CONTINUOUS
10
1.3829007086614173
20
1.7054191732283464
11
1.386357283464567
21
1.711885905511811
0
LINE
8
BLACK
6
CONTINUOUS
10
1.386357283464567
20
1.711885905511811
11
1.3884858267716536
21
1.7189027559055117
0
LINE
8
BLACK
6
CONTINUOUS
10
1.3884858267716536
20
1.7189027559055117
11
1.3886617716535432
21
1.7206890551181102
0
LINE
8
BLACK
6
CONTINUOUS
10
1.3886617716535432
20
1.7206890551181102
11
1.389204527559055
21
1.7261998425196849
0
LINE
8
BLACK
6
CONTINUOUS
10
1.389204527559055
20
1.7261998425196849
11
1.389204527559055
21
1.7262001181102362
0
LINE
8
BLACK
6
CONTINUOUS
10
1.389204527559055
20
1.7262001181102362
11
1.3884858661417323
21
1.7334968897637795
0
LINE
8
BLACK
6
CONTINUOUS
10
1.3884858661417323
20
1.7334968897637795
11
1.3884858267716536
21
1.7334968897637795
0
LINE
8
BLACK
6
CONTINUOUS
10
1.3884858267716536
20
1.7334968897637795
11
1.3884858267716536
21
1.7334972440944882
0
LINE
8
BLACK
6
CONTINUOUS
10
1.3884858267716536
20
1.7334972440944882
11
1.386357283464567
21
1.7405140944881889
0
LINE
8
BLACK
6
CONTINUOUS
10
1.386357283464567
20
1.7405140944881889
11
1.3829007086614173
21
1.7469808267716536
0
LINE
8
BLACK
6
CONTINUOUS
10
1.3829007086614173
20
1.7469808267716536
11
1.3805047244094488
21
1.7499002755905511
0
LINE
8
BLACK
6
CONTINUOUS
10
1.3805047244094488
20
1.7499002755905511
11
1.3794120866141732
21
1.7524729133858268
0
LINE
8
BLACK
6
CONTINUOUS
10
1.3794120866141732
20
1.7524729133858268
11
1.3793787401574802
21
1.7530472440944882
0
LINE
8
BLACK
6
CONTINUOUS
10
1.3793787401574802
20
1.7530472440944882
11
1.3793787401574802
21
1.7903217716535433
0
LINE
8
BLACK
6
CONTINUOUS
10
1.3793787401574802
20
1.7903217716535433
11
1.380166220472441
21
1.7930037007874016
0
LINE
8
BLACK
6
CONTINUOUS
10
1.380166220472441
20
1.7930037007874016
11
1.3808316929133857
21
1.7938294488188975
0
LINE
8
BLACK
6
CONTINUOUS
10
1.3808316929133857
20
1.7938294488188975
11
1.4044142519685039
21
1.8174120078740157
0
LINE
8
BLACK
6
CONTINUOUS
10
1.4044142519685039
20
1.8174120078740157
11
1.403214094488189
21
1.8200400393700786
0
LINE
8
BLACK
6
CONTINUOUS
10
1.403214094488189
20
1.8200400393700786
11
1.4025044094488188
21
1.8249759055118109
0
LINE
8
BLACK
6
CONTINUOUS
10
1.4025044094488188
20
1.8249759055118109
11
1.403214094488189
21
1.8299117716535434
0
LINE
8
BLACK
6
CONTINUOUS
10
1.403214094488189
20
1.8299117716535434
11
1.405285590551181
21
1.8344477559055117
0
LINE
8
BLACK
6
CONTINUOUS
10
1.405285590551181
20
1.8344477559055117
11
1.4085511417322834
21
1.8382164173228346
0
LINE
8
BLACK
6
CONTINUOUS
10
1.4085511417322834
20
1.8382164173228346
11
1.4127461417322835
21
1.8409123622047243
0
LINE
8
BLACK
6
CONTINUOUS
10
1.4127461417322835
20
1.8409123622047243
11
1.4175307874015748
21
1.8423172834645669
0
LINE
8
BLACK
6
CONTINUOUS
10
1.4175307874015748
20
1.8423172834645669
11
1.4225174015748032
21
1.8423172834645669
0
LINE
8
BLACK
6
CONTINUOUS
10
1.4225174015748032
20
1.8423172834645669
11
1.4233656692913386
21
1.8420681889763779
0
LINE
8
BLACK
6
CONTINUOUS
10
1.4233656692913386
20
1.8420681889763779
11
1.4329678346456693
21
1.8517525984251968
0
LINE
8
BLACK
6
CONTINUOUS
10
1.4329678346456693
20
1.8517525984251968
11
1.4325044094488188
21
1.8549759055118109
0
LINE
8
BLACK
6
CONTINUOUS
10
1.4325044094488188
20
1.8549759055118109
11
1.433214094488189
21
1.8599117716535432
0
LINE
8
BLACK
6
CONTINUOUS
10
1.433214094488189
20
1.8599117716535432
11
1.435285590551181
21
1.8644477559055117
0
LINE
8
BLACK
6
CONTINUOUS
10
1.435285590551181
20
1.8644477559055117
11
1.4385511417322834
21
1.8682164173228346
0
LINE
8
BLACK
6
CONTINUOUS
10
1.4385511417322834
20
1.8682164173228346
11
1.4427461417322833
21
1.8709123622047243
0
LINE
8
BLACK
6
CONTINUOUS
10
1.4427461417322833
20
1.8709123622047243
11
1.4475307874015748
21
1.8723172834645669
0
LINE
8
BLACK
6
CONTINUOUS
10
1.4475307874015748
20
1.8723172834645669
11
1.452517401574803
21
1.8723172834645669
0
LINE
8
BLACK
6
CONTINUOUS
10
1.452517401574803
20
1.8723172834645669
11
1.4566193700787402
21
1.8711127952755906
0
LINE
8
BLACK
6
CONTINUOUS
10
1.4566193700787402
20
1.8711127952755906
11
1.4566257480314961
21
1.8711223622047244
0
LINE
8
BLACK
6
CONTINUOUS
10
1.4566257480314961
20
1.8711223622047244
11
1.4587046850393701
21
1.8761413779527558
0
LINE
8
BLACK
6
CONTINUOUS
10
1.4587046850393701
20
1.8761413779527558
11
1.4597645275590552
21
1.8814694881889764
0
LINE
8
BLACK
6
CONTINUOUS
10
1.4597645275590552
20
1.8814694881889764
11
1.4597645275590552
21
1.8816163385826772
0
LINE
8
BLACK
6
CONTINUOUS
10
1.4597645275590552
20
1.8816163385826772
11
1.4581899999999999
21
1.8850641338582677
0
LINE
8
BLACK
6
CONTINUOUS
10
1.4581899999999999
20
1.8850641338582677
11
1.4574803149606299
21
1.8899999999999999
0
LINE
8
BLACK
6
CONTINUOUS
10
1.4574803149606299
20
1.8899999999999999
11
1.4581899999999999
21
1.8949358661417322
0
LINE
8
BLACK
6
CONTINUOUS
10
1.4581899999999999
20
1.8949358661417322
11
1.4597645275590552
21
1.8983836220472441
0
LINE
8
BLACK
6
CONTINUOUS
10
1.4597645275590552
20
1.8983836220472441
11
1.4597645275590552
21
1.9198094488188977
0
LINE
8
BLACK
6
CONTINUOUS
10
1.4597645275590552
20
1.9198094488188977
11
1.4605520078740157
21
1.9224913779527559
0
LINE
8
BLACK
6
CONTINUOUS
10
1.4605520078740157
20
1.9224913779527559
11
1.4608905118110236
21
1.9229564173228346
0
LINE
8
BLACK
6
CONTINUOUS
10
1.4608905118110236
20
1.9229564173228346
11
1.4632864173228346
21
1.9258758661417323
0
LINE
8
BLACK
6
CONTINUOUS
10
1.4632864173228346
20
1.9258758661417323
11
1.4632864960629921
21
1.9258759448818896
0
LINE
8
BLACK
6
CONTINUOUS
10
1.4632864960629921
20
1.9258759448818896
11
1.4642658661417323
21
1.9277082283464566
0
LINE
8
BLACK
6
CONTINUOUS
10
1.4642658661417323
20
1.9277082283464566
11
1.46319
21
1.9300641338582676
0
LINE
8
BLACK
6
CONTINUOUS
10
1.46319
20
1.9300641338582676
11
1.4624803149606298
21
1.9350000000000001
0
LINE
8
BLACK
6
CONTINUOUS
10
1.4624803149606298
20
1.9350000000000001
11
1.46319
21
1.9399358661417323
0
LINE
8
BLACK
6
CONTINUOUS
10
1.46319
20
1.9399358661417323
11
1.4652614960629922
21
1.9444718503937009
0
LINE
8
BLACK
6
CONTINUOUS
10
1.4652614960629922
20
1.9444718503937009
11
1.4685270472440946
21
1.9482405118110235
0
LINE
8
BLACK
6
CONTINUOUS
10
1.4685270472440946
20
1.9482405118110235
11
1.4693803149606299
21
1.9487888582677164
0
LINE
8
BLACK
6
CONTINUOUS
10
1.4693803149606299
20
1.9487888582677164
11
1.4688716141732283
21
1.9539540157480315
0
LINE
8
BLACK
6
CONTINUOUS
10
1.4688716141732283
20
1.9539540157480315
11
1.4667430708661418
21
1.9609708661417322
0
LINE
8
BLACK
6
CONTINUOUS
10
1.4667430708661418
20
1.9609708661417322
11
1.4632864960629921
21
1.9674375984251968
0
LINE
8
BLACK
6
CONTINUOUS
10
1.4632864960629921
20
1.9674375984251968
11
1.4586347637795276
21
1.973105748031496
0
LINE
8
BLACK
6
CONTINUOUS
10
1.4586347637795276
20
1.973105748031496
11
1.4529666141732283
21
1.9777574803149607
0
LINE
8
BLACK
6
CONTINUOUS
10
1.4529666141732283
20
1.9777574803149607
11
1.4464998818897636
21
1.9812140551181101
0
LINE
8
BLACK
6
CONTINUOUS
10
1.4464998818897636
20
1.9812140551181101
11
1.4394830314960629
21
1.9833425984251969
0
LINE
8
BLACK
6
CONTINUOUS
10
1.4394830314960629
20
1.9833425984251969
11
1.4394826771653544
21
1.9833425984251969
0
LINE
8
BLACK
6
CONTINUOUS
10
1.4394826771653544
20
1.9833425984251969
11
1.4394826771653544
21
1.9833426377952756
0
LINE
8
BLACK
6
CONTINUOUS
10
1.4394826771653544
20
1.9833426377952756
11
1.4321859055118109
21
1.9840612992125983
0
LINE
8
BLACK
6
CONTINUOUS
10
1.4321859055118109
20
1.9840612992125983
11
1.4321856692913386
21
1.9840612992125983
0
LINE
8
BLACK
6
CONTINUOUS
10
1.4321856692913386
20
1.9840612992125983
11
1.4248888582677166
21
1.9833426377952756
0
LINE
8
BLACK
6
CONTINUOUS
10
1.4248888582677166
20
1.9833426377952756
11
1.4248887795275591
21
1.9833425984251969
0
LINE
8
BLACK
6
CONTINUOUS
10
1.4248887795275591
20
1.9833425984251969
11
1.4248885433070866
21
1.9833425984251969
0
LINE
8
BLACK
6
CONTINUOUS
10
1.4248885433070866
20
1.9833425984251969
11
1.4178716929133859
21
1.9812140551181101
0
LINE
8
BLACK
6
CONTINUOUS
10
1.4178716929133859
20
1.9812140551181101
11
1.4114049606299213
21
1.9777574803149607
0
LINE
8
BLACK
6
CONTINUOUS
10
1.4114049606299213
20
1.9777574803149607
11
1.4114048818897638
21
1.9777574015748032
0
LINE
8
BLACK
6
CONTINUOUS
10
1.4114048818897638
20
1.9777574015748032
11
1.411404842519685
21
1.9777574015748032
0
LINE
8
BLACK
6
CONTINUOUS
10
1.411404842519685
20
1.9777574015748032
11
1.4109929527559055
21
1.9774193700787401
0
LINE
8
BLACK
6
CONTINUOUS
10
1.4109929527559055
20
1.9774193700787401
11
1.4057368110236219
21
1.973105748031496
0
LINE
8
BLACK
6
CONTINUOUS
10
1.4057368110236219
20
1.973105748031496
11
1.4031256692913385
21
1.9699240944881888
0
LINE
8
BLACK
6
CONTINUOUS
10
1.4031256692913385
20
1.9699240944881888
11
1.4010851181102362
21
1.9674376771653543
0
LINE
8
BLACK
6
CONTINUOUS
10
1.4010851181102362
20
1.9674376771653543
11
1.4010850787401574
21
1.9674375984251968
0
LINE
8
BLACK
6
CONTINUOUS
10
1.4010850787401574
20
1.9674375984251968
11
1.3976285039370078
21
1.9609708661417322
0
LINE
8
BLACK
6
CONTINUOUS
10
1.3976285039370078
20
1.9609708661417322
11
1.3954999606299212
21
1.9539540157480315
0
LINE
8
BLACK
6
CONTINUOUS
10
1.3954999606299212
20
1.9539540157480315
11
1.3954999212598425
21
1.9539538582677165
0
LINE
8
BLACK
6
CONTINUOUS
10
1.3954999212598425
20
1.9539538582677165
11
1.3954998818897637
21
1.9539536614173227
0
LINE
8
BLACK
6
CONTINUOUS
10
1.3954998818897637
20
1.9539536614173227
11
1.3947812598425195
21
1.9466568897637795
0
LINE
8
BLACK
6
CONTINUOUS
10
1.3947812598425195
20
1.9466568897637795
11
1.3947812598425195
21
1.9466566141732282
0
LINE
8
BLACK
6
CONTINUOUS
10
1.3947812598425195
20
1.9466566141732282
11
1.3954998818897637
21
1.939359842519685
0
LINE
8
BLACK
6
CONTINUOUS
10
1.3954998818897637
20
1.939359842519685
11
1.3954999212598425
21
1.9393596062992124
0
LINE
8
BLACK
6
CONTINUOUS
10
1.3954999212598425
20
1.9393596062992124
11
1.3954999606299212
21
1.9393595275590552
0
LINE
8
BLACK
6
CONTINUOUS
10
1.3954999606299212
20
1.9393595275590552
11
1.3966641338582677
21
1.9355217716535433
0
LINE
8
BLACK
6
CONTINUOUS
10
1.3966641338582677
20
1.9355217716535433
11
1.3976285039370078
21
1.9323426771653542
0
LINE
8
BLACK
6
CONTINUOUS
10
1.3976285039370078
20
1.9323426771653542
11
1.4010851181102362
21
1.9258758661417323
0
LINE
8
BLACK
6
CONTINUOUS
10
1.4010851181102362
20
1.9258758661417323
11
1.4034810629921259
21
1.9229564173228346
0
LINE
8
BLACK
6
CONTINUOUS
10
1.4034810629921259
20
1.9229564173228346
11
1.4045737007874015
21
1.9203837007874016
0
LINE
8
BLACK
6
CONTINUOUS
10
1.4045737007874015
20
1.9203837007874016
11
1.4046070472440944
21
1.9198094488188977
0
LINE
8
BLACK
6
CONTINUOUS
10
1.4046070472440944
20
1.9198094488188977
11
1.4046070472440944
21
1.8976640157480316
0
LINE
8
BLACK
6
CONTINUOUS
10
1.4046070472440944
20
1.8976640157480316
11
1.4038195669291338
21
1.8949820866141731
0
LINE
8
BLACK
6
CONTINUOUS
10
1.4038195669291338
20
1.8949820866141731
11
1.4031540944881888
21
1.8941563385826772
0
LINE
8
BLACK
6
CONTINUOUS
10
1.4031540944881888
20
1.8941563385826772
11
1.3303784251968505
21
1.8213807086614173
0
LINE
8
BLACK
6
CONTINUOUS
10
1.3303784251968505
20
1.8213807086614173
11
1.3303783070866142
21
1.8213805511811023
0
LINE
8
BLACK
6
CONTINUOUS
10
1.3303783070866142
20
1.8213805511811023
11
1.3303781889763779
21
1.8213804330708661
0
LINE
8
BLACK
6
CONTINUOUS
10
1.3303781889763779
20
1.8213804330708661
11
1.3287010629921259
21
1.8188703937007873
0
LINE
8
BLACK
6
CONTINUOUS
10
1.3287010629921259
20
1.8188703937007873
11
1.327580433070866
21
1.8171933070866142
0
LINE
8
BLACK
6
CONTINUOUS
10
1.327580433070866
20
1.8171933070866142
11
1.3275804724409448
21
1.8171933070866142
0
LINE
8
BLACK
6
CONTINUOUS
10
1.3275804724409448
20
1.8171933070866142
11
1.3273599999999999
21
1.8168633464566928
0
LINE
8
BLACK
6
CONTINUOUS
10
1.3273599999999999
20
1.8168633464566928
11
1.3252811417322834
21
1.8118445275590551
0
LINE
8
BLACK
6
CONTINUOUS
10
1.3252811417322834
20
1.8118445275590551
11
1.3252811023622046
21
1.8118444094488189
0
LINE
8
BLACK
6
CONTINUOUS
10
1.3252811023622046
20
1.8118444094488189
11
1.3242212598425196
21
1.806516338582677
0
LINE
8
BLACK
6
CONTINUOUS
10
1.3242212598425196
20
1.806516338582677
11
1.3242212598425196
21
1.7530472440944882
0
LINE
8
BLACK
6
CONTINUOUS
10
1.3242212598425196
20
1.7530472440944882
11
1.323433779527559
21
1.75036531496063
0
LINE
8
BLACK
6
CONTINUOUS
10
1.323433779527559
20
1.75036531496063
11
1.3230954330708662
21
1.7499005118110236
0
LINE
8
BLACK
6
CONTINUOUS
10
1.3230954330708662
20
1.7499005118110236
11
1.3230944488188976
21
1.7498992913385827
0
LINE
8
BLACK
6
CONTINUOUS
10
1.3230944488188976
20
1.7498992913385827
11
1.3206992125984252
21
1.7469807480314961
0
LINE
8
BLACK
6
CONTINUOUS
10
1.3206992125984252
20
1.7469807480314961
11
1.317242716535433
21
1.7405141338582677
0
LINE
8
BLACK
6
CONTINUOUS
10
1.317242716535433
20
1.7405141338582677
11
1.317242716535433
21
1.7405140944881889
0
LINE
8
BLACK
6
CONTINUOUS
10
1.317242716535433
20
1.7405140944881889
11
1.3151141732283465
21
1.7334972440944882
0
LINE
8
BLACK
6
CONTINUOUS
10
1.3151141732283465
20
1.7334972440944882
11
1.3151141338582677
21
1.7334970866141732
0
LINE
8
BLACK
6
CONTINUOUS
10
1.3151141338582677
20
1.7334970866141732
11
1.3151140944881889
21
1.7334968897637795
0
LINE
8
BLACK
6
CONTINUOUS
10
1.3151140944881889
20
1.7334968897637795
11
1.3143954724409448
21
1.7262001181102362
0
LINE
8
BLACK
6
CONTINUOUS
10
1.3143954724409448
20
1.7262001181102362
11
1.3143954724409448
21
1.7261998425196849
0
LINE
8
BLACK
6
CONTINUOUS
10
0.8727030708661417
20
2.3166858661417322
11
0.8727029921259842
21
2.3166858267716535
0
LINE
8
BLACK
6
CONTINUOUS
10
0.8727029921259842
20
2.3166858267716535
11
0.8727027559055118
21
2.3166858267716535
0
LINE
8
BLACK
6
CONTINUOUS
10
0.8727027559055118
20
2.3166858267716535
11
0.865685905511811
21
2.3145572834645667
0
LINE
8
BLACK
6
CONTINUOUS
10
0.865685905511811
20
2.3145572834645667
11
0.8592191732283464
21
2.3111007086614173
0
LINE
8
BLACK
6
CONTINUOUS
10
0.8592191732283464
20
2.3111007086614173
11
0.859219094488189
21
2.3111006299212598
0
LINE
8
BLACK
6
CONTINUOUS
10
0.859219094488189
20
2.3111006299212598
11
0.8592190551181103
21
2.3111006299212598
0
LINE
8
BLACK
6
CONTINUOUS
10
0.8592190551181103
20
2.3111006299212598
11
0.8574277952755905
21
2.3096305511811024
0
LINE
8
BLACK
6
CONTINUOUS
10
0.8574277952755905
20
2.3096305511811024
11
0.8535510236220473
21
2.3064489763779528
0
LINE
8
BLACK
6
CONTINUOUS
10
0.8535510236220473
20
2.3064489763779528
11
0.8509900393700787
21
2.3033284251968502
0
LINE
8
BLACK
6
CONTINUOUS
10
0.8509900393700787
20
2.3033284251968502
11
0.8488993307086614
21
2.3007809055118109
0
LINE
8
BLACK
6
CONTINUOUS
10
0.8488993307086614
20
2.3007809055118109
11
0.8488992913385827
21
2.3007808267716534
0
LINE
8
BLACK
6
CONTINUOUS
10
0.8488992913385827
20
2.3007808267716534
11
0.845442716535433
21
2.2943140944881888
0
LINE
8
BLACK
6
CONTINUOUS
10
0.845442716535433
20
2.2943140944881888
11
0.8433141732283465
21
2.2872972440944883
0
LINE
8
BLACK
6
CONTINUOUS
10
0.8433141732283465
20
2.2872972440944883
11
0.8433141338582677
21
2.2872970866141733
0
LINE
8
BLACK
6
CONTINUOUS
10
0.8433141338582677
20
2.2872970866141733
11
0.8433140944881889
21
2.2872968897637795
0
LINE
8
BLACK
6
CONTINUOUS
10
0.8433140944881889
20
2.2872968897637795
11
0.8425954724409449
21
2.2800001181102361
0
LINE
8
BLACK
6
CONTINUOUS
10
0.8425954724409449
20
2.2800001181102361
11
0.8425954724409449
21
2.2799998425196848
0
LINE
8
BLACK
6
CONTINUOUS
10
0.8425954724409449
20
2.2799998425196848
11
0.8433140944881889
21
2.2727030708661418
0
LINE
8
BLACK
6
CONTINUOUS
10
0.8433140944881889
20
2.2727030708661418
11
0.8433141338582677
21
2.2727028346456692
0
LINE
8
BLACK
6
CONTINUOUS
10
0.8433141338582677
20
2.2727028346456692
11
0.8433141732283465
21
2.2727027559055117
0
LINE
8
BLACK
6
CONTINUOUS
10
0.8433141732283465
20
2.2727027559055117
11
0.8448491732283464
21
2.2676425196850394
0
LINE
8
BLACK
6
CONTINUOUS
10
0.8448491732283464
20
2.2676425196850394
11
0.845442716535433
21
2.2656859055118108
0
LINE
8
BLACK
6
CONTINUOUS
10
0.845442716535433
20
2.2656859055118108
11
0.8488993307086614
21
2.2592190944881891
0
LINE
8
BLACK
6
CONTINUOUS
10
0.8488993307086614
20
2.2592190944881891
11
0.8512952755905512
21
2.2562996456692912
0
LINE
8
BLACK
6
CONTINUOUS
10
0.8512952755905512
20
2.2562996456692912
11
0.8523879133858268
21
2.2537269291338582
0
LINE
8
BLACK
6
CONTINUOUS
10
0.8523879133858268
20
2.2537269291338582
11
0.8524212598425197
21
2.2531526771653545
0
LINE
8
BLACK
6
CONTINUOUS
10
0.8524212598425197
20
2.2531526771653545
11
0.8524212598425197
21
2.0084782283464566
0
LINE
8
BLACK
6
CONTINUOUS
10
0.8524212598425197
20
2.0084782283464566
11
0.851633779527559
21
2.0057962992125984
0
LINE
8
BLACK
6
CONTINUOUS
10
0.851633779527559
20
2.0057962992125984
11
0.8509683070866142
21
2.0049705511811022
0
LINE
8
BLACK
6
CONTINUOUS
10
0.8509683070866142
20
2.0049705511811022
11
0.8394355905511811
21
1.9934378740157479
0
LINE
8
BLACK
6
CONTINUOUS
10
0.8394355905511811
20
1.9934378740157479
11
0.83931
21
1.9925641338582676
0
LINE
8
BLACK
6
CONTINUOUS
10
0.83931
20
1.9925641338582676
11
0.8372385039370078
21
1.9880281496062993
0
LINE
8
BLACK
6
CONTINUOUS
10
0.8372385039370078
20
1.9880281496062993
11
0.8339729527559054
21
1.9842594881889764
0
LINE
8
BLACK
6
CONTINUOUS
10
0.8339729527559054
20
1.9842594881889764
11
0.8297779527559055
21
1.9815635433070866
0
LINE
8
BLACK
6
CONTINUOUS
10
0.8297779527559055
20
1.9815635433070866
11
0.8266398031496063
21
1.9806420866141732
0
LINE
8
BLACK
6
CONTINUOUS
10
0.8266398031496063
20
1.9806420866141732
11
0.8125783070866142
21
1.9665805905511811
0
LINE
8
BLACK
6
CONTINUOUS
10
0.8125783070866142
20
1.9665805905511811
11
0.8125780708661418
21
1.966580275590551
0
LINE
8
BLACK
6
CONTINUOUS
10
0.8125780708661418
20
1.966580275590551
11
0.8116530314960629
21
1.9651958267716536
0
LINE
8
BLACK
6
CONTINUOUS
10
0.8116530314960629
20
1.9651958267716536
11
0.8116529921259842
21
1.9651957480314961
0
LINE
8
BLACK
6
CONTINUOUS
10
0.8116529921259842
20
1.9651957480314961
11
0.8095600393700787
21
1.9620634251968503
0
LINE
8
BLACK
6
CONTINUOUS
10
0.8095600393700787
20
1.9620634251968503
11
0.8074811417322835
21
1.9570445275590551
0
LINE
8
BLACK
6
CONTINUOUS
10
0.8074811417322835
20
1.9570445275590551
11
0.8074811023622047
21
1.9570444094488189
0
LINE
8
BLACK
6
CONTINUOUS
10
0.8074811023622047
20
1.9570444094488189
11
0.8064212598425197
21
1.951716338582677
0
LINE
8
BLACK
6
CONTINUOUS
10
0.8064212598425197
20
1.951716338582677
11
0.8064212598425197
21
1.8078472440944882
0
LINE
8
BLACK
6
CONTINUOUS
10
0.8064212598425197
20
1.8078472440944882
11
0.805633779527559
21
1.8051653149606299
0
LINE
8
BLACK
6
CONTINUOUS
10
0.805633779527559
20
1.8051653149606299
11
0.8052954330708662
21
1.8047005118110235
0
LINE
8
BLACK
6
CONTINUOUS
10
0.8052954330708662
20
1.8047005118110235
11
0.8037035433070866
21
1.8027608267716535
0
LINE
8
BLACK
6
CONTINUOUS
10
0.8037035433070866
20
1.8027608267716535
11
0.8028992125984252
21
1.801780748031496
0
LINE
8
BLACK
6
CONTINUOUS
10
0.8028992125984252
20
1.801780748031496
11
0.7994427165354331
21
1.7953141338582677
0
LINE
8
BLACK
6
CONTINUOUS
10
0.7994427165354331
20
1.7953141338582677
11
0.7994427165354331
21
1.7953140944881889
0
LINE
8
BLACK
6
CONTINUOUS
10
0.7994427165354331
20
1.7953140944881889
11
0.7973141732283464
21
1.7882972440944882
0
LINE
8
BLACK
6
CONTINUOUS
10
0.7973141732283464
20
1.7882972440944882
11
0.7973141338582677
21
1.7882970866141732
0
LINE
8
BLACK
6
CONTINUOUS
10
0.7973141338582677
20
1.7882970866141732
11
0.7973140944881889
21
1.7882968897637794
0
LINE
8
BLACK
6
CONTINUOUS
10
0.7973140944881889
20
1.7882968897637794
11
0.7965954724409449
21
1.7810001181102362
0
LINE
8
BLACK
6
CONTINUOUS
10
0.7965954724409449
20
1.7810001181102362
11
0.7965954724409449
21
1.7809998425196849
0
LINE
8
BLACK
6
CONTINUOUS
10
0.7965954724409449
20
1.7809998425196849
11
0.7973140944881889
21
1.7737030708661417
0
LINE
8
BLACK
6
CONTINUOUS
10
0.7973140944881889
20
1.7737030708661417
11
0.7973141338582677
21
1.7737028346456694
0
LINE
8
BLACK
6
CONTINUOUS
10
0.7973141338582677
20
1.7737028346456694
11
0.7973141732283464
21
1.7737027559055119
0
LINE
8
BLACK
6
CONTINUOUS
10
0.7973141732283464
20
1.7737027559055119
11
0.7979454330708661
21
1.7716217716535432
0
LINE
8
BLACK
6
CONTINUOUS
10
0.7979454330708661
20
1.7716217716535432
11
0.7994427165354331
21
1.7666859055118109
0
LINE
8
BLACK
6
CONTINUOUS
10
0.7994427165354331
20
1.7666859055118109
11
0.8028993307086614
21
1.7602190551181103
0
LINE
8
BLACK
6
CONTINUOUS
10
0.8028993307086614
20
1.7602190551181103
11
0.8075510236220472
21
1.7545510236220472
0
LINE
8
BLACK
6
CONTINUOUS
10
0.8075510236220472
20
1.7545510236220472
11
0.8132190551181102
21
1.7498993307086614
0
LINE
8
BLACK
6
CONTINUOUS
10
0.8132190551181102
20
1.7498993307086614
11
0.8186791732283465
21
1.7469808267716536
0
LINE
8
BLACK
6
CONTINUOUS
10
0.8186791732283465
20
1.7469808267716536
11
0.819685905511811
21
1.746442716535433
0
LINE
8
BLACK
6
CONTINUOUS
10
0.819685905511811
20
1.746442716535433
11
0.8267027559055118
21
1.7443141732283465
0
LINE
8
BLACK
6
CONTINUOUS
10
0.8267027559055118
20
1.7443141732283465
11
0.8267028346456693
21
1.7443141338582677
0
LINE
8
BLACK
6
CONTINUOUS
10
0.8267028346456693
20
1.7443141338582677
11
0.8267030708661417
21
1.744314094488189
0
LINE
8
BLACK
6
CONTINUOUS
10
0.8267030708661417
20
1.744314094488189
11
0.8339998818897637
21
1.7435954724409448
0
LINE
8
BLACK
6
CONTINUOUS
10
0.8339998818897637
20
1.7435954724409448
11
0.834
21
1.7435954724409448
0
LINE
8
BLACK
6
CONTINUOUS
10
0.834
20
1.7435954724409448
11
0.8340001181102362
21
1.7435954724409448
0
LINE
8
BLACK
6
CONTINUOUS
10
0.8340001181102362
20
1.7435954724409448
11
0.8412968897637795
21
1.744314094488189
0
LINE
8
BLACK
6
CONTINUOUS
10
0.8412968897637795
20
1.744314094488189
11
0.8412970866141732
21
1.7443141338582677
0
LINE
8
BLACK
6
CONTINUOUS
10
0.8412970866141732
20
1.7443141338582677
11
0.8412972440944881
21
1.7443141732283465
0
LINE
8
BLACK
6
CONTINUOUS
10
0.8412972440944881
20
1.7443141732283465
11
0.848314094488189
21
1.746442716535433
0
LINE
8
BLACK
6
CONTINUOUS
10
0.848314094488189
20
1.746442716535433
11
0.8547808267716536
21
1.7498992913385827
0
LINE
8
BLACK
6
CONTINUOUS
10
0.8547808267716536
20
1.7498992913385827
11
0.854780905511811
21
1.7498993307086614
0
LINE
8
BLACK
6
CONTINUOUS
10
0.854780905511811
20
1.7498993307086614
11
0.8572673228346457
21
1.7519398818897638
0
LINE
8
BLACK
6
CONTINUOUS
10
0.8572673228346457
20
1.7519398818897638
11
0.8604489763779527
21
1.7545510236220472
0
LINE
8
BLACK
6
CONTINUOUS
10
0.8604489763779527
20
1.7545510236220472
11
0.8651007086614173
21
1.7602191732283463
0
LINE
8
BLACK
6
CONTINUOUS
10
0.8651007086614173
20
1.7602191732283463
11
0.868557283464567
21
1.7666859055118109
0
LINE
8
BLACK
6
CONTINUOUS
10
0.868557283464567
20
1.7666859055118109
11
0.8706858267716535
21
1.7737027559055119
0
LINE
8
BLACK
6
CONTINUOUS
10
0.8706858267716535
20
1.7737027559055119
11
0.8707908267716535
21
1.7747687401574803
0
LINE
8
BLACK
6
CONTINUOUS
10
0.8707908267716535
20
1.7747687401574803
11
0.8714045275590551
21
1.7809998425196849
0
LINE
8
BLACK
6
CONTINUOUS
10
0.8714045275590551
20
1.7809998425196849
11
0.8714045275590551
21
1.7810001181102362
0
LINE
8
BLACK
6
CONTINUOUS
10
0.8714045275590551
20
1.7810001181102362
11
0.8706858661417323
21
1.7882968897637794
0
LINE
8
BLACK
6
CONTINUOUS
10
0.8706858661417323
20
1.7882968897637794
11
0.8706858267716535
21
1.7882968897637794
0
LINE
8
BLACK
6
CONTINUOUS
10
0.8706858267716535
20
1.7882968897637794
11
0.8706858267716535
21
1.7882972440944882
0
LINE
8
BLACK
6
CONTINUOUS
10
0.8706858267716535
20
1.7882972440944882
11
0.868557283464567
21
1.7953140944881889
0
LINE
8
BLACK
6
CONTINUOUS
10
0.868557283464567
20
1.7953140944881889
11
0.8651007086614173
21
1.8017808267716535
0
LINE
8
BLACK
6
CONTINUOUS
10
0.8651007086614173
20
1.8017808267716535
11
0.8627047244094488
21
1.8047002755905512
0
LINE
8
BLACK
6
CONTINUOUS
10
0.8627047244094488
20
1.8047002755905512
11
0.8616120866141732
21
1.8072729133858267
0
LINE
8
BLACK
6
CONTINUOUS
10
0.8616120866141732
20
1.8072729133858267
11
0.8615787401574803
21
1.8078472440944882
0
LINE
8
BLACK
6
CONTINUOUS
10
0.8615787401574803
20
1.8078472440944882
11
0.8615787401574803
21
1.9355217716535433
0
LINE
8
BLACK
6
CONTINUOUS
10
0.8615787401574803
20
1.9355217716535433
11
0.8623662204724409
21
1.9382037007874016
0
LINE
8
BLACK
6
CONTINUOUS
10
0.8623662204724409
20
1.9382037007874016
11
0.8630316929133858
21
1.9390294488188975
0
LINE
8
BLACK
6
CONTINUOUS
10
0.8630316929133858
20
1.9390294488188975
11
0.9014216141732283
21
1.9774193700787401
0
LINE
8
BLACK
6
CONTINUOUS
10
0.9014216141732283
20
1.9774193700787401
11
0.9014218110236221
21
1.9774195669291339
0
LINE
8
BLACK
6
CONTINUOUS
10
0.9014218110236221
20
1.9774195669291339
11
0.9044399606299213
21
1.9819365748031497
0
LINE
8
BLACK
6
CONTINUOUS
10
0.9044399606299213
20
1.9819365748031497
11
0.9065188976377953
21
1.9869555905511811
0
LINE
8
BLACK
6
CONTINUOUS
10
0.9065188976377953
20
1.9869555905511811
11
0.907019094488189
21
1.9894702362204724
0
LINE
8
BLACK
6
CONTINUOUS
10
0.907019094488189
20
1.9894702362204724
11
0.9075787401574803
21
1.9922837401574802
0
LINE
8
BLACK
6
CONTINUOUS
10
0.9075787401574803
20
1.9922837401574802
11
0.9075787401574803
21
2.2044943700787401
0
LINE
8
BLACK
6
CONTINUOUS
10
0.9075787401574803
20
2.2044943700787401
11
0.9075787401574803
21
2.2531526771653545
0
LINE
8
BLACK
6
CONTINUOUS
10
0.9075787401574803
20
2.2531526771653545
11
0.908366220472441
21
2.2558346062992127
0
LINE
8
BLACK
6
CONTINUOUS
10
0.908366220472441
20
2.2558346062992127
11
0.9087047244094488
21
2.2562996456692912
0
LINE
8
BLACK
6
CONTINUOUS
10
0.9087047244094488
20
2.2562996456692912
11
0.9100502755905512
21
2.257939212598425
0
LINE
8
BLACK
6
CONTINUOUS
10
0.9100502755905512
20
2.257939212598425
11
0.9111007086614173
21
2.2592191732283462
0
LINE
8
BLACK
6
CONTINUOUS
10
0.9111007086614173
20
2.2592191732283462
11
0.9145572834645669
21
2.2656859055118108
0
LINE
8
BLACK
6
CONTINUOUS
10
0.9145572834645669
20
2.2656859055118108
11
0.9166858267716536
21
2.2727027559055117
0
LINE
8
BLACK
6
CONTINUOUS
10
0.9166858267716536
20
2.2727027559055117
11
0.9166858661417323
21
2.2727030708661418
0
LINE
8
BLACK
6
CONTINUOUS
10
0.9166858661417323
20
2.2727030708661418
11
0.9174045275590551
21
2.2799998425196848
0
LINE
8
BLACK
6
CONTINUOUS
10
0.9174045275590551
20
2.2799998425196848
11
0.9174045275590551
21
2.2800001181102361
0
LINE
8
BLACK
6
CONTINUOUS
10
0.9174045275590551
20
2.2800001181102361
11
0.9166858661417323
21
2.2872968897637795
0
LINE
8
BLACK
6
CONTINUOUS
10
0.9166858661417323
20
2.2872968897637795
11
0.9166858267716536
21
2.2872968897637795
0
LINE
8
BLACK
6
CONTINUOUS
10
0.9166858267716536
20
2.2872968897637795
11
0.9166858267716536
21
2.2872972440944883
0
LINE
8
BLACK
6
CONTINUOUS
10
0.9166858267716536
20
2.2872972440944883
11
0.9145572834645669
21
2.2943140944881888
0
LINE
8
BLACK
6
CONTINUOUS
10
0.9145572834645669
20
2.2943140944881888
11
0.9111007086614173
21
2.3007808267716534
0
LINE
8
BLACK
6
CONTINUOUS
10
0.9111007086614173
20
2.3007808267716534
11
0.9064489763779527
21
2.3064489763779528
0
LINE
8
BLACK
6
CONTINUOUS
10
0.9064489763779527
20
2.3064489763779528
11
0.9007808267716535
21
2.3111007086614173
0
LINE
8
BLACK
6
CONTINUOUS
10
0.9007808267716535
20
2.3111007086614173
11
0.894314094488189
21
2.3145572834645667
0
LINE
8
BLACK
6
CONTINUOUS
10
0.894314094488189
20
2.3145572834645667
11
0.8872972440944882
21
2.3166858267716535
0
LINE
8
BLACK
6
CONTINUOUS
10
0.8872972440944882
20
2.3166858267716535
11
0.8872968897637795
21
2.3166858267716535
0
LINE
8
BLACK
6
CONTINUOUS
10
0.8872968897637795
20
2.3166858267716535
11
0.8872968897637795
21
2.3166858661417322
0
LINE
8
BLACK
6
CONTINUOUS
10
0.8872968897637795
20
2.3166858661417322
11
0.8800001181102362
21
2.3174045275590549
0
LINE
8
BLACK
6
CONTINUOUS
10
0.8800001181102362
20
2.3174045275590549
11
0.8799998818897637
21
2.3174045275590549
0
LINE
8
BLACK
6
CONTINUOUS
10
0.8799998818897637
20
2.3174045275590549
11
0.8727030708661417
21
2.3166858661417322
0
LINE
8
BLACK
6
CONTINUOUS
10
2.2974722834645669
20
2.2004594094488188
11
2.2974722834645669
21
2.2004594881889763
0
LINE
8
BLACK
6
CONTINUOUS
10
2.2974722834645669
20
2.2004594881889763
11
2.2974723622047244
21
2.2004595669291338
0
LINE
8
BLACK
6
CONTINUOUS
10
2.2974723622047244
20
2.2004595669291338
11
2.2989771653543305
21
2.204494212598425
0
LINE
8
BLACK
6
CONTINUOUS
10
2.2989771653543305
20
2.204494212598425
11
2.2994524015748032
21
2.2057683858267718
0
LINE
8
BLACK
6
CONTINUOUS
10
2.2994524015748032
20
2.2057683858267718
11
2.2997047244094486
21
2.2081152362204723
0
LINE
8
BLACK
6
CONTINUOUS
10
2.2997047244094486
20
2.2081152362204723
11
2.2997046850393699
21
2.2718847244094489
0
LINE
8
BLACK
6
CONTINUOUS
10
2.2997046850393699
20
2.2718847244094489
11
2.2994524015748032
21
2.2742316141732282
0
LINE
8
BLACK
6
CONTINUOUS
10
2.2994524015748032
20
2.2742316141732282
11
2.2974722834645669
21
2.2795405905511812
0
LINE
8
BLACK
6
CONTINUOUS
10
2.2974722834645669
20
2.2795405905511812
11
2.2940766141732283
21
2.2840766141732285
0
LINE
8
BLACK
6
CONTINUOUS
10
2.2940766141732283
20
2.2840766141732285
11
2.289540590551181
21
2.2874722834645667
0
LINE
8
BLACK
6
CONTINUOUS
10
2.289540590551181
20
2.2874722834645667
11
2.2842316141732284
21
2.289452401574803
0
LINE
8
BLACK
6
CONTINUOUS
10
2.2842316141732284
20
2.289452401574803
11
2.2818847637795274
21
2.2897047244094488
0
LINE
8
BLACK
6
CONTINUOUS
10
2.2818847637795274
20
2.2897047244094488
11
2.2181152755905513
21
2.2897046850393701
0
LINE
8
BLACK
6
CONTINUOUS
10
2.2181152755905513
20
2.2897046850393701
11
2.2157683858267716
21
2.289452401574803
0
LINE
8
BLACK
6
CONTINUOUS
10
2.2157683858267716
20
2.289452401574803
11
2.2135210629921258
21
2.2886141732283463
0
LINE
8
BLACK
6
CONTINUOUS
10
2.2135210629921258
20
2.2886141732283463
11
2.2104595669291336
21
2.2874723622047242
0
LINE
8
BLACK
6
CONTINUOUS
10
2.2104595669291336
20
2.2874723622047242
11
2.2104594881889765
21
2.2874722834645667
0
LINE
8
BLACK
6
CONTINUOUS
10
2.2104594881889765
20
2.2874722834645667
11
2.210459409448819
21
2.2874722834645667
0
LINE
8
BLACK
6
CONTINUOUS
10
2.210459409448819
20
2.2874722834645667
11
2.2059233858267717
21
2.2840766141732285
0
LINE
8
BLACK
6
CONTINUOUS
10
2.2059233858267717
20
2.2840766141732285
11
2.2039711023622046
21
2.2814687401574805
0
LINE
8
BLACK
6
CONTINUOUS
10
2.2039711023622046
20
2.2814687401574805
11
2.2017335433070864
21
2.2797937007874016
0
LINE
8
BLACK
6
CONTINUOUS
10
2.2017335433070864
20
2.2797937007874016
11
2.1989455511811022
21
2.2795943307086612
0
LINE
8
BLACK
6
CONTINUOUS
10
2.1989455511811022
20
2.2795943307086612
11
2.1964923228346458
21
2.2809338976377953
0
LINE
8
BLACK
6
CONTINUOUS
10
2.1964923228346458
20
2.2809338976377953
11
2.1960289763779528
21
2.2814685826771655
0
LINE
8
BLACK
6
CONTINUOUS
10
2.1960289763779528
20
2.2814685826771655
11
2.1940766141732282
21
2.2840766141732285
0
LINE
8
BLACK
6
CONTINUOUS
10
2.1940766141732282
20
2.2840766141732285
11
2.1895405905511809
21
2.2874722834645667
0
LINE
8
BLACK
6
CONTINUOUS
10
2.1895405905511809
20
2.2874722834645667
11
2.1842316141732283
21
2.289452401574803
0
LINE
8
BLACK
6
CONTINUOUS
10
2.1842316141732283
20
2.289452401574803
11
2.1818847637795273
21
2.2897047244094488
0
LINE
8
BLACK
6
CONTINUOUS
10
2.1818847637795273
20
2.2897047244094488
11
2.1181152755905512
21
2.2897046850393701
0
LINE
8
BLACK
6
CONTINUOUS
10
2.1181152755905512
20
2.2897046850393701
11
2.1157683858267715
21
2.289452401574803
0
LINE
8
BLACK
6
CONTINUOUS
10
2.1157683858267715
20
2.289452401574803
11
2.1135210629921257
21
2.2886141732283463
0
LINE
8
BLACK
6
CONTINUOUS
10
2.1135210629921257
20
2.2886141732283463
11
2.1104595669291339
21
2.2874723622047242
0
LINE
8
BLACK
6
CONTINUOUS
10
2.1104595669291339
20
2.2874723622047242
11
2.1104594881889764
21
2.2874722834645667
0
LINE
8
BLACK
6
CONTINUOUS
10
2.1104594881889764
20
2.2874722834645667
11
2.1104594094488189
21
2.2874722834645667
0
LINE
8
BLACK
6
CONTINUOUS
10
2.1104594094488189
20
2.2874722834645667
11
2.1081913779527559
21
2.2857744488188976
0
LINE
8
BLACK
6
CONTINUOUS
10
2.1081913779527559
20
2.2857744488188976
11
2.1059233464566929
21
2.2840766141732285
0
LINE
8
BLACK
6
CONTINUOUS
10
2.1059233464566929
20
2.2840766141732285
11
2.1042829133858265
21
2.2818852362204725
0
LINE
8
BLACK
6
CONTINUOUS
10
2.1042829133858265
20
2.2818852362204725
11
2.1028715354330707
21
2.2799998425196848
0
LINE
8
BLACK
6
CONTINUOUS
10
2.1028715354330707
20
2.2799998425196848
11
2.1025276771653543
21
2.2795405118110237
0
LINE
8
BLACK
6
CONTINUOUS
10
2.1025276771653543
20
2.2795405118110237
11
2.1025275984251968
21
2.2795403937007874
0
LINE
8
BLACK
6
CONTINUOUS
10
2.1025275984251968
20
2.2795403937007874
11
2.1005475984251967
21
2.2742316535433069
0
LINE
8
BLACK
6
CONTINUOUS
10
2.1005475984251967
20
2.2742316535433069
11
2.1002952755905513
21
2.2718849606299214
0
LINE
8
BLACK
6
CONTINUOUS
10
2.1002952755905513
20
2.2718849606299214
11
2.1002952755905513
21
2.2081155511811024
0
LINE
8
BLACK
6
CONTINUOUS
10
2.1002952755905513
20
2.2081155511811024
11
2.1002953543307088
21
2.2081147244094486
0
LINE
8
BLACK
6
CONTINUOUS
10
2.1002953543307088
20
2.2081147244094486
11
2.1005475590551179
21
2.2057684645669289
0
LINE
8
BLACK
6
CONTINUOUS
10
2.1005475590551179
20
2.2057684645669289
11
2.1005475590551179
21
2.2057684251968501
0
LINE
8
BLACK
6
CONTINUOUS
10
2.1005475590551179
20
2.2057684251968501
11
2.1025275984251968
21
2.2004595669291338
0
LINE
8
BLACK
6
CONTINUOUS
10
2.1025275984251968
20
2.2004595669291338
11
2.1025276771653543
21
2.2004594488188975
0
LINE
8
BLACK
6
CONTINUOUS
10
2.1025276771653543
20
2.2004594488188975
11
2.1059233070866141
21
2.1959234251968502
0
LINE
8
BLACK
6
CONTINUOUS
10
2.1059233070866141
20
2.1959234251968502
11
2.1059299999999999
21
2.1959184251968504
0
LINE
8
BLACK
6
CONTINUOUS
10
2.1059299999999999
20
2.1959184251968504
11
2.1085312204724409
21
2.1939711023622048
0
LINE
8
BLACK
6
CONTINUOUS
10
2.1085312204724409
20
2.1939711023622048
11
2.1102062598425197
21
2.1917335433070866
0
LINE
8
BLACK
6
CONTINUOUS
10
2.1102062598425197
20
2.1917335433070866
11
2.1104056299212597
21
2.1889455118110237
0
LINE
8
BLACK
6
CONTINUOUS
10
2.1104056299212597
20
2.1889455118110237
11
2.1090660629921261
21
2.1864922834645668
0
LINE
8
BLACK
6
CONTINUOUS
10
2.1090660629921261
20
2.1864922834645668
11
2.1085313779527559
21
2.1860289763779526
0
LINE
8
BLACK
6
CONTINUOUS
10
2.1085313779527559
20
2.1860289763779526
11
2.1059233858267716
21
2.1840766141732284
0
LINE
8
BLACK
6
CONTINUOUS
10
2.1059233858267716
20
2.1840766141732284
11
2.1059233464566929
21
2.1840765748031497
0
LINE
8
BLACK
6
CONTINUOUS
10
2.1059233464566929
20
2.1840765748031497
11
2.1059233070866141
21
2.1840765354330709
0
LINE
8
BLACK
6
CONTINUOUS
10
2.1059233070866141
20
2.1840765354330709
11
2.1044551574803148
21
2.18211531496063
0
LINE
8
BLACK
6
CONTINUOUS
10
2.1044551574803148
20
2.18211531496063
11
2.103971181102362
21
2.1814687795275591
0
LINE
8
BLACK
6
CONTINUOUS
10
2.103971181102362
20
2.1814687795275591
11
2.1025276771653543
21
2.1795405118110236
0
LINE
8
BLACK
6
CONTINUOUS
10
2.1025276771653543
20
2.1795405118110236
11
2.1025275984251968
21
2.1795403937007873
0
LINE
8
BLACK
6
CONTINUOUS
10
2.1025275984251968
20
2.1795403937007873
11
2.1005475984251967
21
2.1742316535433068
0
LINE
8
BLACK
6
CONTINUOUS
10
2.1005475984251967
20
2.1742316535433068
11
2.1002952755905513
21
2.1718849606299213
0
LINE
8
BLACK
6
CONTINUOUS
10
2.1002952755905513
20
2.1718849606299213
11
2.1002952755905513
21
2.1081155511811023
0
LINE
8
BLACK
6
CONTINUOUS
10
2.1002952755905513
20
2.1081155511811023
11
2.1002953543307088
21
2.1081147244094489
0
LINE
8
BLACK
6
CONTINUOUS
10
2.1002953543307088
20
2.1081147244094489
11
2.1005475590551179
21
2.1057684645669292
0
LINE
8
BLACK
6
CONTINUOUS
10
2.1005475590551179
20
2.1057684645669292
11
2.1005475590551179
21
2.1057684251968505
0
LINE
8
BLACK
6
CONTINUOUS
10
2.1005475590551179
20
2.1057684251968505
11
2.1025275984251968
21
2.1004595669291337
0
LINE
8
BLACK
6
CONTINUOUS
10
2.1025275984251968
20
2.1004595669291337
11
2.1025276771653543
21
2.1004594488188975
0
LINE
8
BLACK
6
CONTINUOUS
10
2.1025276771653543
20
2.1004594488188975
11
2.1059233464566929
21
2.0959233464566926
0
LINE
8
BLACK
6
CONTINUOUS
10
2.1059233464566929
20
2.0959233464566926
11
2.1104594488188977
21
2.0925276771653545
0
LINE
8
BLACK
6
CONTINUOUS
10
2.1104594488188977
20
2.0925276771653545
11
2.1104595669291339
21
2.092527598425197
0
LINE
8
BLACK
6
CONTINUOUS
10
2.1104595669291339
20
2.092527598425197
11
2.1157683464566928
21
2.0905475984251969
0
LINE
8
BLACK
6
CONTINUOUS
10
2.1157683464566928
20
2.0905475984251969
11
2.1157682283464565
21
2.0905475984251969
0
LINE
8
BLACK
6
CONTINUOUS
10
2.1157682283464565
20
2.0905475984251969
11
2.1181151968503937
21
2.0902952755905511
0
LINE
8
BLACK
6
CONTINUOUS
10
2.1181151968503937
20
2.0902952755905511
11
2.1181152362204725
21
2.0902952755905511
0
LINE
8
BLACK
6
CONTINUOUS
10
2.1181152362204725
20
2.0902952755905511
11
2.181884409448819
21
2.0902952755905511
0
LINE
8
BLACK
6
CONTINUOUS
10
2.181884409448819
20
2.0902952755905511
11
2.1818852362204724
21
2.0902953543307086
0
LINE
8
BLACK
6
CONTINUOUS
10
2.1818852362204724
20
2.0902953543307086
11
2.1842314960629921
21
2.0905475590551181
0
LINE
8
BLACK
6
CONTINUOUS
10
2.1842314960629921
20
2.0905475590551181
11
2.1842315354330708
21
2.0905475590551181
0
LINE
8
BLACK
6
CONTINUOUS
10
2.1842315354330708
20
2.0905475590551181
11
2.1895403937007876
21
2.092527598425197
0
LINE
8
BLACK
6
CONTINUOUS
10
2.1895403937007876
20
2.092527598425197
11
2.1895405118110234
21
2.0925276771653545
0
LINE
8
BLACK
6
CONTINUOUS
10
2.1895405118110234
20
2.0925276771653545
11
2.1895405905511809
21
2.0925277165354332
0
LINE
8
BLACK
6
CONTINUOUS
10
2.1895405905511809
20
2.0925277165354332
11
2.1921577165354331
21
2.0944868897637794
0
LINE
8
BLACK
6
CONTINUOUS
10
2.1921577165354331
20
2.0944868897637794
11
2.1940765354330707
21
2.0959233070866143
0
LINE
8
BLACK
6
CONTINUOUS
10
2.1940765354330707
20
2.0959233070866143
11
2.1940765354330707
21
2.0959233464566926
0
LINE
8
BLACK
6
CONTINUOUS
10
2.1940765354330707
20
2.0959233464566926
11
2.1940766141732282
21
2.0959233858267714
0
LINE
8
BLACK
6
CONTINUOUS
10
2.1940766141732282
20
2.0959233858267714
11
2.1960288582677165
21
2.0985312204724411
0
LINE
8
BLACK
6
CONTINUOUS
10
2.1960288582677165
20
2.0985312204724411
11
2.1982664566929135
21
2.1002062598425195
0
LINE
8
BLACK
6
CONTINUOUS
10
2.1982664566929135
20
2.1002062598425195
11
2.2010544881889764
21
2.1004056299212599
0
LINE
8
BLACK
6
CONTINUOUS
10
2.2010544881889764
20
2.1004056299212599
11
2.2035077165354329
21
2.0990660629921258
0
LINE
8
BLACK
6
CONTINUOUS
10
2.2035077165354329
20
2.0990660629921258
11
2.2039709842519684
21
2.0985313779527557
0
LINE
8
BLACK
6
CONTINUOUS
10
2.2039709842519684
20
2.0985313779527557
11
2.2049116535433071
21
2.0972748818897635
0
LINE
8
BLACK
6
CONTINUOUS
10
2.2049116535433071
20
2.0972748818897635
11
2.2059234251968505
21
2.0959233070866143
0
LINE
8
BLACK
6
CONTINUOUS
10
2.2059234251968505
20
2.0959233070866143
11
2.2104594488188978
21
2.0925276771653545
0
LINE
8
BLACK
6
CONTINUOUS
10
2.2104594488188978
20
2.0925276771653545
11
2.2104595669291336
21
2.092527598425197
0
LINE
8
BLACK
6
CONTINUOUS
10
2.2104595669291336
20
2.092527598425197
11
2.2157683464566928
21
2.0905475984251969
0
LINE
8
BLACK
6
CONTINUOUS
10
2.2157683464566928
20
2.0905475984251969
11
2.2157682283464566
21
2.0905475984251969
0
LINE
8
BLACK
6
CONTINUOUS
10
2.2157682283464566
20
2.0905475984251969
11
2.2181151968503938
21
2.0902952755905511
0
LINE
8
BLACK
6
CONTINUOUS
10
2.2181151968503938
20
2.0902952755905511
11
2.2181152362204726
21
2.0902952755905511
0
LINE
8
BLACK
6
CONTINUOUS
10
2.2181152362204726
20
2.0902952755905511
11
2.2818844094488187
21
2.0902952755905511
0
LINE
8
BLACK
6
CONTINUOUS
10
2.2818844094488187
20
2.0902952755905511
11
2.2818852362204725
21
2.0902953543307086
0
LINE
8
BLACK
6
CONTINUOUS
10
2.2818852362204725
20
2.0902953543307086
11
2.2842314960629921
21
2.0905475590551181
0
LINE
8
BLACK
6
CONTINUOUS
10
2.2842314960629921
20
2.0905475590551181
11
2.2842315354330709
21
2.0905475590551181
0
LINE
8
BLACK
6
CONTINUOUS
10
2.2842315354330709
20
2.0905475590551181
11
2.2895403937007872
21
2.092527598425197
0
LINE
8
BLACK
6
CONTINUOUS
10
2.2895403937007872
20
2.092527598425197
11
2.2895405118110235
21
2.0925276771653545
0
LINE
8
BLACK
6
CONTINUOUS
10
2.2895405118110235
20
2.0925276771653545
11
2.289540590551181
21
2.0925277165354332
0
LINE
8
BLACK
6
CONTINUOUS
10
2.289540590551181
20
2.0925277165354332
11
2.2921577165354332
21
2.0944868897637794
0
LINE
8
BLACK
6
CONTINUOUS
10
2.2921577165354332
20
2.0944868897637794
11
2.2940766141732283
21
2.0959233464566926
0
LINE
8
BLACK
6
CONTINUOUS
10
2.2940766141732283
20
2.0959233464566926
11
2.2960288188976379
21
2.0985311811023624
0
LINE
8
BLACK
6
CONTINUOUS
10
2.2960288188976379
20
2.0985311811023624
11
2.2974722834645669
21
2.1004594094488187
0
LINE
8
BLACK
6
CONTINUOUS
10
2.2974722834645669
20
2.1004594094488187
11
2.2974722834645669
21
2.1004594881889762
0
LINE
8
BLACK
6
CONTINUOUS
10
2.2974722834645669
20
2.1004594881889762
11
2.2974723622047244
21
2.1004595669291337
0
LINE
8
BLACK
6
CONTINUOUS
10
2.2974723622047244
20
2.1004595669291337
11
2.2987923622047242
21
2.1039987007874017
0
LINE
8
BLACK
6
CONTINUOUS
10
2.2987923622047242
20
2.1039987007874017
11
2.2994524015748032
21
2.1057683858267717
0
LINE
8
BLACK
6
CONTINUOUS
10
2.2994524015748032
20
2.1057683858267717
11
2.2997047244094486
21
2.1081152362204723
0
LINE
8
BLACK
6
CONTINUOUS
10
2.2997047244094486
20
2.1081152362204723
11
2.2997046850393699
21
2.1718847244094488
0
LINE
8
BLACK
6
CONTINUOUS
10
2.2997046850393699
20
2.1718847244094488
11
2.2994524015748032
21
2.1742316141732281
0
LINE
8
BLACK
6
CONTINUOUS
10
2.2994524015748032
20
2.1742316141732281
11
2.2974722834645669
21
2.1795405905511811
0
LINE
8
BLACK
6
CONTINUOUS
10
2.2974722834645669
20
2.1795405905511811
11
2.2940766141732283
21
2.1840766141732284
0
LINE
8
BLACK
6
CONTINUOUS
10
2.2940766141732283
20
2.1840766141732284
11
2.2914687401574803
21
2.1860288582677163
0
LINE
8
BLACK
6
CONTINUOUS
10
2.2914687401574803
20
2.1860288582677163
11
2.2897937007874014
21
2.1882664566929133
0
LINE
8
BLACK
6
CONTINUOUS
10
2.2897937007874014
20
2.1882664566929133
11
2.2895943307086615
21
2.1910544488188974
0
LINE
8
BLACK
6
CONTINUOUS
10
2.2895943307086615
20
2.1910544488188974
11
2.2909338976377951
21
2.1935076771653543
0
LINE
8
BLACK
6
CONTINUOUS
10
2.2909338976377951
20
2.1935076771653543
11
2.2914685826771652
21
2.1939709842519686
0
LINE
8
BLACK
6
CONTINUOUS
10
2.2914685826771652
20
2.1939709842519686
11
2.2940766141732283
21
2.1959233858267715
0
LINE
8
BLACK
6
CONTINUOUS
10
2.2940766141732283
20
2.1959233858267715
11
2.2947964566929135
21
2.1968849606299212
0
LINE
8
BLACK
6
CONTINUOUS
10
2.2947964566929135
20
2.1968849606299212
11
2.2974722834645669
21
2.2004594094488188
0
LINE
8
BLACK
6
CONTINUOUS
10
2.425295275590551
20
2.1331155511811022
11
2.4252953543307085
21
2.1331147244094488
0
LINE
8
BLACK
6
CONTINUOUS
10
2.4252953543307085
20
2.1331147244094488
11
2.4255475590551181
21
2.1307684645669291
0
LINE
8
BLACK
6
CONTINUOUS
10
2.4255475590551181
20
2.1307684645669291
11
2.4255475590551181
21
2.1307684251968504
0
LINE
8
BLACK
6
CONTINUOUS
10
2.4255475590551181
20
2.1307684251968504
11
2.4275275984251969
21
2.1254595669291336
0
LINE
8
BLACK
6
CONTINUOUS
10
2.4275275984251969
20
2.1254595669291336
11
2.4275276771653544
21
2.1254594488188974
0
LINE
8
BLACK
6
CONTINUOUS
10
2.4275276771653544
20
2.1254594488188974
11
2.4309233070866143
21
2.1209234251968505
0
LINE
8
BLACK
6
CONTINUOUS
10
2.4309233070866143
20
2.1209234251968505
11
2.4321677559055117
21
2.1199918110236222
0
LINE
8
BLACK
6
CONTINUOUS
10
2.4321677559055117
20
2.1199918110236222
11
2.4335312204724411
21
2.1189711023622047
0
LINE
8
BLACK
6
CONTINUOUS
10
2.4335312204724411
20
2.1189711023622047
11
2.4352062598425195
21
2.1167335433070864
0
LINE
8
BLACK
6
CONTINUOUS
10
2.4352062598425195
20
2.1167335433070864
11
2.4354056299212599
21
2.1139455118110235
0
LINE
8
BLACK
6
CONTINUOUS
10
2.4354056299212599
20
2.1139455118110235
11
2.4340660629921258
21
2.1114922834645671
0
LINE
8
BLACK
6
CONTINUOUS
10
2.4340660629921258
20
2.1114922834645671
11
2.4335313779527556
21
2.1110289763779528
0
LINE
8
BLACK
6
CONTINUOUS
10
2.4335313779527556
20
2.1110289763779528
11
2.4309233858267718
21
2.1090766141732282
0
LINE
8
BLACK
6
CONTINUOUS
10
2.4309233858267718
20
2.1090766141732282
11
2.4309233464566931
21
2.1090765748031495
0
LINE
8
BLACK
6
CONTINUOUS
10
2.4309233464566931
20
2.1090765748031495
11
2.4309233070866143
21
2.1090765354330707
0
LINE
8
BLACK
6
CONTINUOUS
10
2.4309233070866143
20
2.1090765354330707
11
2.4302037007874016
21
2.1081152362204723
0
LINE
8
BLACK
6
CONTINUOUS
10
2.4302037007874016
20
2.1081152362204723
11
2.4284468110236221
21
2.1057683070866142
0
LINE
8
BLACK
6
CONTINUOUS
10
2.4284468110236221
20
2.1057683070866142
11
2.4275276771653544
21
2.1045405118110234
0
LINE
8
BLACK
6
CONTINUOUS
10
2.4275276771653544
20
2.1045405118110234
11
2.4275275984251969
21
2.1045403937007872
0
LINE
8
BLACK
6
CONTINUOUS
10
2.4275275984251969
20
2.1045403937007872
11
2.4255475984251968
21
2.0992316535433071
0
LINE
8
BLACK
6
CONTINUOUS
10
2.4255475984251968
20
2.0992316535433071
11
2.425295275590551
21
2.0968849606299211
0
LINE
8
BLACK
6
CONTINUOUS
10
2.425295275590551
20
2.0968849606299211
11
2.425295275590551
21
2.0331155511811021
0
LINE
8
BLACK
6
CONTINUOUS
10
2.425295275590551
20
2.0331155511811021
11
2.4252953543307085
21
2.0331147244094487
0
LINE
8
BLACK
6
CONTINUOUS
10
2.4252953543307085
20
2.0331147244094487
11
2.4255475590551181
21
2.0307684645669291
0
LINE
8
BLACK
6
CONTINUOUS
10
2.4255475590551181
20
2.0307684645669291
11
2.4255475590551181
21
2.0307684251968503
0
LINE
8
BLACK
6
CONTINUOUS
10
2.4255475590551181
20
2.0307684251968503
11
2.4275275984251969
21
2.025459566929134
0
LINE
8
BLACK
6
CONTINUOUS
10
2.4275275984251969
20
2.025459566929134
11
2.4275276771653544
21
2.0254594488188977
0
LINE
8
BLACK
6
CONTINUOUS
10
2.4275276771653544
20
2.0254594488188977
11
2.4309233464566931
21
2.0209233464566929
0
LINE
8
BLACK
6
CONTINUOUS
10
2.4309233464566931
20
2.0209233464566929
11
2.4354594488188974
21
2.0175276771653543
0
LINE
8
BLACK
6
CONTINUOUS
10
2.4354594488188974
20
2.0175276771653543
11
2.4354595669291337
21
2.0175275984251968
0
LINE
8
BLACK
6
CONTINUOUS
10
2.4354595669291337
20
2.0175275984251968
11
2.4407683464566929
21
2.0155475984251967
0
LINE
8
BLACK
6
CONTINUOUS
10
2.4407683464566929
20
2.0155475984251967
11
2.4407682283464567
21
2.0155475984251967
0
LINE
8
BLACK
6
CONTINUOUS
10
2.4407682283464567
20
2.0155475984251967
11
2.4431151968503935
21
2.0152952755905513
0
LINE
8
BLACK
6
CONTINUOUS
10
2.4431151968503935
20
2.0152952755905513
11
2.4431152362204722
21
2.0152952755905513
0
LINE
8
BLACK
6
CONTINUOUS
10
2.4431152362204722
20
2.0152952755905513
11
2.5068844094488187
21
2.0152952755905513
0
LINE
8
BLACK
6
CONTINUOUS
10
2.5068844094488187
20
2.0152952755905513
11
2.5068852362204725
21
2.0152953543307088
0
LINE
8
BLACK
6
CONTINUOUS
10
2.5068852362204725
20
2.0152953543307088
11
2.5092314960629922
21
2.015547559055118
0
LINE
8
BLACK
6
CONTINUOUS
10
2.5092314960629922
20
2.015547559055118
11
2.509231535433071
21
2.015547559055118
0
LINE
8
BLACK
6
CONTINUOUS
10
2.509231535433071
20
2.015547559055118
11
2.5145403937007873
21
2.0175275984251968
0
LINE
8
BLACK
6
CONTINUOUS
10
2.5145403937007873
20
2.0175275984251968
11
2.5145405118110236
21
2.0175276771653543
0
LINE
8
BLACK
6
CONTINUOUS
10
2.5145405118110236
20
2.0175276771653543
11
2.5145405905511811
21
2.0175277165354331
0
LINE
8
BLACK
6
CONTINUOUS
10
2.5145405905511811
20
2.0175277165354331
11
2.5167958267716535
21
2.0192159842519684
0
LINE
8
BLACK
6
CONTINUOUS
10
2.5167958267716535
20
2.0192159842519684
11
2.5190765354330709
21
2.0209233070866142
0
LINE
8
BLACK
6
CONTINUOUS
10
2.5190765354330709
20
2.0209233070866142
11
2.5190765354330709
21
2.0209233464566929
0
LINE
8
BLACK
6
CONTINUOUS
10
2.5190765354330709
20
2.0209233464566929
11
2.5190766141732284
21
2.0209233858267717
0
LINE
8
BLACK
6
CONTINUOUS
10
2.5190766141732284
20
2.0209233858267717
11
2.5210288582677163
21
2.0235312204724409
0
LINE
8
BLACK
6
CONTINUOUS
10
2.5210288582677163
20
2.0235312204724409
11
2.5232664566929133
21
2.0252062598425198
0
LINE
8
BLACK
6
CONTINUOUS
10
2.5232664566929133
20
2.0252062598425198
11
2.5260544881889762
21
2.0254056299212597
0
LINE
8
BLACK
6
CONTINUOUS
10
2.5260544881889762
20
2.0254056299212597
11
2.528507716535433
21
2.0240660629921261
0
LINE
8
BLACK
6
CONTINUOUS
10
2.528507716535433
20
2.0240660629921261
11
2.5289709842519685
21
2.0235313779527559
0
LINE
8
BLACK
6
CONTINUOUS
10
2.5289709842519685
20
2.0235313779527559
11
2.5299918110236219
21
2.0221677559055116
0
LINE
8
BLACK
6
CONTINUOUS
10
2.5299918110236219
20
2.0221677559055116
11
2.5309234251968502
21
2.0209233070866142
0
LINE
8
BLACK
6
CONTINUOUS
10
2.5309234251968502
20
2.0209233070866142
11
2.5354594488188975
21
2.0175276771653543
0
LINE
8
BLACK
6
CONTINUOUS
10
2.5354594488188975
20
2.0175276771653543
11
2.5354595669291338
21
2.0175275984251968
0
LINE
8
BLACK
6
CONTINUOUS
10
2.5354595669291338
20
2.0175275984251968
11
2.540768346456693
21
2.0155475984251967
0
LINE
8
BLACK
6
CONTINUOUS
10
2.540768346456693
20
2.0155475984251967
11
2.5407682283464568
21
2.0155475984251967
0
LINE
8
BLACK
6
CONTINUOUS
10
2.5407682283464568
20
2.0155475984251967
11
2.5431151968503936
21
2.0152952755905513
0
LINE
8
BLACK
6
CONTINUOUS
10
2.5431151968503936
20
2.0152952755905513
11
2.5431152362204723
21
2.0152952755905513
0
LINE
8
BLACK
6
CONTINUOUS
10
2.5431152362204723
20
2.0152952755905513
11
2.6068844094488188
21
2.0152952755905513
0
LINE
8
BLACK
6
CONTINUOUS
10
2.6068844094488188
20
2.0152952755905513
11
2.6068852362204722
21
2.0152953543307088
0
LINE
8
BLACK
6
CONTINUOUS
10
2.6068852362204722
20
2.0152953543307088
11
2.6092314960629919
21
2.015547559055118
0
LINE
8
BLACK
6
CONTINUOUS
10
2.6092314960629919
20
2.015547559055118
11
2.6092315354330706
21
2.015547559055118
0
LINE
8
BLACK
6
CONTINUOUS
10
2.6092315354330706
20
2.015547559055118
11
2.6145403937007874
21
2.0175275984251968
0
LINE
8
BLACK
6
CONTINUOUS
10
2.6145403937007874
20
2.0175275984251968
11
2.6145405118110236
21
2.0175276771653543
0
LINE
8
BLACK
6
CONTINUOUS
10
2.6145405118110236
20
2.0175276771653543
11
2.6145405905511812
21
2.0175277165354331
0
LINE
8
BLACK
6
CONTINUOUS
10
2.6145405905511812
20
2.0175277165354331
11
2.6167958267716536
21
2.0192159842519684
0
LINE
8
BLACK
6
CONTINUOUS
10
2.6167958267716536
20
2.0192159842519684
11
2.619076535433071
21
2.0209233070866142
0
LINE
8
BLACK
6
CONTINUOUS
10
2.619076535433071
20
2.0209233070866142
11
2.619076535433071
21
2.0209233464566929
0
LINE
8
BLACK
6
CONTINUOUS
10
2.619076535433071
20
2.0209233464566929
11
2.6190766141732285
21
2.0209233858267717
0
LINE
8
BLACK
6
CONTINUOUS
10
2.6190766141732285
20
2.0209233858267717
11
2.6210288582677164
21
2.0235312204724409
0
LINE
8
BLACK
6
CONTINUOUS
10
2.6210288582677164
20
2.0235312204724409
11
2.6232664566929134
21
2.0252062598425198
0
LINE
8
BLACK
6
CONTINUOUS
10
2.6232664566929134
20
2.0252062598425198
11
2.6260544881889762
21
2.0254056299212597
0
LINE
8
BLACK
6
CONTINUOUS
10
2.6260544881889762
20
2.0254056299212597
11
2.6285077165354331
21
2.0240660629921261
0
LINE
8
BLACK
6
CONTINUOUS
10
2.6285077165354331
20
2.0240660629921261
11
2.6289709842519686
21
2.0235313779527559
0
LINE
8
BLACK
6
CONTINUOUS
10
2.6289709842519686
20
2.0235313779527559
11
2.629991811023622
21
2.0221677559055116
0
LINE
8
BLACK
6
CONTINUOUS
10
2.629991811023622
20
2.0221677559055116
11
2.6309234251968503
21
2.0209233070866142
0
LINE
8
BLACK
6
CONTINUOUS
10
2.6309234251968503
20
2.0209233070866142
11
2.6354594488188976
21
2.0175276771653543
0
LINE
8
BLACK
6
CONTINUOUS
10
2.6354594488188976
20
2.0175276771653543
11
2.6354595669291339
21
2.0175275984251968
0
LINE
8
BLACK
6
CONTINUOUS
10
2.6354595669291339
20
2.0175275984251968
11
2.6407683464566927
21
2.0155475984251967
0
LINE
8
BLACK
6
CONTINUOUS
10
2.6407683464566927
20
2.0155475984251967
11
2.6407682283464564
21
2.0155475984251967
0
LINE
8
BLACK
6
CONTINUOUS
10
2.6407682283464564
20
2.0155475984251967
11
2.6431151968503936
21
2.0152952755905513
0
LINE
8
BLACK
6
CONTINUOUS
10
2.6431151968503936
20
2.0152952755905513
11
2.6431152362204724
21
2.0152952755905513
0
LINE
8
BLACK
6
CONTINUOUS
10
2.6431152362204724
20
2.0152952755905513
11
2.7068844094488189
21
2.0152952755905513
0
LINE
8
BLACK
6
CONTINUOUS
10
2.7068844094488189
20
2.0152952755905513
11
2.7068852362204723
21
2.0152953543307088
0
LINE
8
BLACK
6
CONTINUOUS
10
2.7068852362204723
20
2.0152953543307088
11
2.709231496062992
21
2.015547559055118
0
LINE
8
BLACK
6
CONTINUOUS
10
2.709231496062992
20
2.015547559055118
11
2.7092315354330707
21
2.015547559055118
0
LINE
8
BLACK
6
CONTINUOUS
10
2.7092315354330707
20
2.015547559055118
11
2.7145403937007875
21
2.0175275984251968
0
LINE
8
BLACK
6
CONTINUOUS
10
2.7145403937007875
20
2.0175275984251968
11
2.7145405118110237
21
2.0175276771653543
0
LINE
8
BLACK
6
CONTINUOUS
10
2.7145405118110237
20
2.0175276771653543
11
2.7145405905511812
21
2.0175277165354331
0
LINE
8
BLACK
6
CONTINUOUS
10
2.7145405905511812
20
2.0175277165354331
11
2.7160468897637795
21
2.0186553149606299
0
LINE
8
BLACK
6
CONTINUOUS
10
2.7160468897637795
20
2.0186553149606299
11
2.7190766141732281
21
2.0209233464566929
0
LINE
8
BLACK
6
CONTINUOUS
10
2.7190766141732281
20
2.0209233464566929
11
2.7207744488188976
21
2.0231913779527559
0
LINE
8
BLACK
6
CONTINUOUS
10
2.7207744488188976
20
2.0231913779527559
11
2.7224722834645667
21
2.025459409448819
0
LINE
8
BLACK
6
CONTINUOUS
10
2.7224722834645667
20
2.025459409448819
11
2.7224722834645667
21
2.0254594881889765
0
LINE
8
BLACK
6
CONTINUOUS
10
2.7224722834645667
20
2.0254594881889765
11
2.7224723622047242
21
2.025459566929134
0
LINE
8
BLACK
6
CONTINUOUS
10
2.7224723622047242
20
2.025459566929134
11
2.7244523622047243
21
2.030768307086614
0
LINE
8
BLACK
6
CONTINUOUS
10
2.7244523622047243
20
2.030768307086614
11
2.7244524015748031
21
2.0307683858267715
0
LINE
8
BLACK
6
CONTINUOUS
10
2.7244524015748031
20
2.0307683858267715
11
2.7247047244094489
21
2.0331152362204725
0
LINE
8
BLACK
6
CONTINUOUS
10
2.7247047244094489
20
2.0331152362204725
11
2.7247046850393701
21
2.0968847244094486
0
LINE
8
BLACK
6
CONTINUOUS
10
2.7247046850393701
20
2.0968847244094486
11
2.7244524015748031
21
2.0992316141732283
0
LINE
8
BLACK
6
CONTINUOUS
10
2.7244524015748031
20
2.0992316141732283
11
2.7224722834645667
21
2.1045405905511809
0
LINE
8
BLACK
6
CONTINUOUS
10
2.7224722834645667
20
2.1045405905511809
11
2.7190766141732281
21
2.1090766141732282
0
LINE
8
BLACK
6
CONTINUOUS
10
2.7190766141732281
20
2.1090766141732282
11
2.7164687401574801
21
2.1110288582677166
0
LINE
8
BLACK
6
CONTINUOUS
10
2.7164687401574801
20
2.1110288582677166
11
2.7147937007874017
21
2.1132664566929131
0
LINE
8
BLACK
6
CONTINUOUS
10
2.7147937007874017
20
2.1132664566929131
11
2.7145943307086613
21
2.1160544488188977
0
LINE
8
BLACK
6
CONTINUOUS
10
2.7145943307086613
20
2.1160544488188977
11
2.7159338976377954
21
2.1185076771653542
0
LINE
8
BLACK
6
CONTINUOUS
10
2.7159338976377954
20
2.1185076771653542
11
2.7164685826771655
21
2.1189709842519684
0
LINE
8
BLACK
6
CONTINUOUS
10
2.7164685826771655
20
2.1189709842519684
11
2.7190766141732281
21
2.1209233858267718
0
LINE
8
BLACK
6
CONTINUOUS
10
2.7190766141732281
20
2.1209233858267718
11
2.7224722834645667
21
2.1254594094488191
0
LINE
8
BLACK
6
CONTINUOUS
10
2.7224722834645667
20
2.1254594094488191
11
2.7224722834645667
21
2.1254594881889761
0
LINE
8
BLACK
6
CONTINUOUS
10
2.7224722834645667
20
2.1254594881889761
11
2.7224723622047242
21
2.1254595669291336
0
LINE
8
BLACK
6
CONTINUOUS
10
2.7224723622047242
20
2.1254595669291336
11
2.7244523622047243
21
2.1307683070866141
0
LINE
8
BLACK
6
CONTINUOUS
10
2.7244523622047243
20
2.1307683070866141
11
2.7244524015748031
21
2.1307683858267716
0
LINE
8
BLACK
6
CONTINUOUS
10
2.7244524015748031
20
2.1307683858267716
11
2.7247047244094489
21
2.1331152362204726
0
LINE
8
BLACK
6
CONTINUOUS
10
2.7247047244094489
20
2.1331152362204726
11
2.7247046850393701
21
2.1968847244094487
0
LINE
8
BLACK
6
CONTINUOUS
10
2.7247046850393701
20
2.1968847244094487
11
2.7244524015748031
21
2.1992316141732284
0
LINE
8
BLACK
6
CONTINUOUS
10
2.7244524015748031
20
2.1992316141732284
11
2.7241657874015748
21
2.200000118110236
0
LINE
8
BLACK
6
CONTINUOUS
10
2.7241657874015748
20
2.200000118110236
11
2.7224722834645667
21
2.204540590551181
0
LINE
8
BLACK
6
CONTINUOUS
10
2.7224722834645667
20
2.204540590551181
11
2.7190766141732281
21
2.2090766141732283
0
LINE
8
BLACK
6
CONTINUOUS
10
2.7190766141732281
20
2.2090766141732283
11
2.7145405905511812
21
2.2124722834645669
0
LINE
8
BLACK
6
CONTINUOUS
10
2.7145405905511812
20
2.2124722834645669
11
2.7092316141732282
21
2.2144524015748033
0
LINE
8
BLACK
6
CONTINUOUS
10
2.7092316141732282
20
2.2144524015748033
11
2.7068847637795277
21
2.2147047244094487
0
LINE
8
BLACK
6
CONTINUOUS
10
2.7068847637795277
20
2.2147047244094487
11
2.6431152755905511
21
2.2147046850393699
0
LINE
8
BLACK
6
CONTINUOUS
10
2.6431152755905511
20
2.2147046850393699
11
2.6407683858267714
21
2.2144524015748033
0
LINE
8
BLACK
6
CONTINUOUS
10
2.6407683858267714
20
2.2144524015748033
11
2.6385210629921261
21
2.2136141732283465
0
LINE
8
BLACK
6
CONTINUOUS
10
2.6385210629921261
20
2.2136141732283465
11
2.6354595669291339
21
2.2124723622047244
0
LINE
8
BLACK
6
CONTINUOUS
10
2.6354595669291339
20
2.2124723622047244
11
2.6354594881889764
21
2.2124722834645669
0
LINE
8
BLACK
6
CONTINUOUS
10
2.6354594881889764
20
2.2124722834645669
11
2.6354594094488188
21
2.2124722834645669
0
LINE
8
BLACK
6
CONTINUOUS
10
2.6354594094488188
20
2.2124722834645669
11
2.6309233858267715
21
2.2090766141732283
0
LINE
8
BLACK
6
CONTINUOUS
10
2.6309233858267715
20
2.2090766141732283
11
2.6289711023622049
21
2.2064687401574803
0
LINE
8
BLACK
6
CONTINUOUS
10
2.6289711023622049
20
2.2064687401574803
11
2.6267335433070866
21
2.2047937007874014
0
LINE
8
BLACK
6
CONTINUOUS
10
2.6267335433070866
20
2.2047937007874014
11
2.6239455511811025
21
2.2045943307086615
0
LINE
8
BLACK
6
CONTINUOUS
10
2.6239455511811025
20
2.2045943307086615
11
2.6214923228346456
21
2.2059338976377951
0
LINE
8
BLACK
6
CONTINUOUS
10
2.6214923228346456
20
2.2059338976377951
11
2.6210289763779526
21
2.2064685826771653
0
LINE
8
BLACK
6
CONTINUOUS
10
2.6210289763779526
20
2.2064685826771653
11
2.6190766141732285
21
2.2090766141732283
0
LINE
8
BLACK
6
CONTINUOUS
10
2.6190766141732285
20
2.2090766141732283
11
2.6145405905511812
21
2.2124722834645669
0
LINE
8
BLACK
6
CONTINUOUS
10
2.6145405905511812
20
2.2124722834645669
11
2.6092316141732281
21
2.2144524015748033
0
LINE
8
BLACK
6
CONTINUOUS
10
2.6092316141732281
20
2.2144524015748033
11
2.6068847637795276
21
2.2147047244094487
0
LINE
8
BLACK
6
CONTINUOUS
10
2.6068847637795276
20
2.2147047244094487
11
2.5431152755905511
21
2.2147046850393699
0
LINE
8
BLACK
6
CONTINUOUS
10
2.5431152755905511
20
2.2147046850393699
11
2.5407683858267718
21
2.2144524015748033
0
LINE
8
BLACK
6
CONTINUOUS
10
2.5407683858267718
20
2.2144524015748033
11
2.538521062992126
21
2.2136141732283465
0
LINE
8
BLACK
6
CONTINUOUS
10
2.538521062992126
20
2.2136141732283465
11
2.5354595669291338
21
2.2124723622047244
0
LINE
8
BLACK
6
CONTINUOUS
10
2.5354595669291338
20
2.2124723622047244
11
2.5354594881889763
21
2.2124722834645669
0
LINE
8
BLACK
6
CONTINUOUS
10
2.5354594881889763
20
2.2124722834645669
11
2.5354594094488188
21
2.2124722834645669
0
LINE
8
BLACK
6
CONTINUOUS
10
2.5354594094488188
20
2.2124722834645669
11
2.5309233858267715
21
2.2090766141732283
0
LINE
8
BLACK
6
CONTINUOUS
10
2.5309233858267715
20
2.2090766141732283
11
2.5289711023622048
21
2.2064687401574803
0
LINE
8
BLACK
6
CONTINUOUS
10
2.5289711023622048
20
2.2064687401574803
11
2.5267335433070865
21
2.2047937007874014
0
LINE
8
BLACK
6
CONTINUOUS
10
2.5267335433070865
20
2.2047937007874014
11
2.5239455511811024
21
2.2045943307086615
0
LINE
8
BLACK
6
CONTINUOUS
10
2.5239455511811024
20
2.2045943307086615
11
2.5214923228346455
21
2.2059338976377951
0
LINE
8
BLACK
6
CONTINUOUS
10
2.5214923228346455
20
2.2059338976377951
11
2.5210289763779525
21
2.2064685826771653
0
LINE
8
BLACK
6
CONTINUOUS
10
2.5210289763779525
20
2.2064685826771653
11
2.5190766141732284
21
2.2090766141732283
0
LINE
8
BLACK
6
CONTINUOUS
10
2.5190766141732284
20
2.2090766141732283
11
2.5145405905511811
21
2.2124722834645669
0
LINE
8
BLACK
6
CONTINUOUS
10
2.5145405905511811
20
2.2124722834645669
11
2.5092316141732285
21
2.2144524015748033
0
LINE
8
BLACK
6
CONTINUOUS
10
2.5092316141732285
20
2.2144524015748033
11
2.5068847637795275
21
2.2147047244094487
0
LINE
8
BLACK
6
CONTINUOUS
10
2.5068847637795275
20
2.2147047244094487
11
2.443115275590551
21
2.2147046850393699
0
LINE
8
BLACK
6
CONTINUOUS
10
2.443115275590551
20
2.2147046850393699
11
2.4407683858267717
21
2.2144524015748033
0
LINE
8
BLACK
6
CONTINUOUS
10
2.4407683858267717
20
2.2144524015748033
11
2.4385210629921259
21
2.2136141732283465
0
LINE
8
BLACK
6
CONTINUOUS
10
2.4385210629921259
20
2.2136141732283465
11
2.4354595669291337
21
2.2124723622047244
0
LINE
8
BLACK
6
CONTINUOUS
10
2.4354595669291337
20
2.2124723622047244
11
2.4354594881889762
21
2.2124722834645669
0
LINE
8
BLACK
6
CONTINUOUS
10
2.4354594881889762
20
2.2124722834645669
11
2.4354594094488187
21
2.2124722834645669
0
LINE
8
BLACK
6
CONTINUOUS
10
2.4354594094488187
20
2.2124722834645669
11
2.4336312204724408
21
2.2111037007874015
0
LINE
8
BLACK
6
CONTINUOUS
10
2.4336312204724408
20
2.2111037007874015
11
2.4309233464566931
21
2.2090766141732283
0
LINE
8
BLACK
6
CONTINUOUS
10
2.4309233464566931
20
2.2090766141732283
11
2.4275276771653544
21
2.2045405118110235
0
LINE
8
BLACK
6
CONTINUOUS
10
2.4275276771653544
20
2.2045405118110235
11
2.4275275984251969
21
2.2045403937007872
0
LINE
8
BLACK
6
CONTINUOUS
10
2.4275275984251969
20
2.2045403937007872
11
2.4255475984251968
21
2.1992316535433072
0
LINE
8
BLACK
6
CONTINUOUS
10
2.4255475984251968
20
2.1992316535433072
11
2.425295275590551
21
2.1968849606299212
0
LINE
8
BLACK
6
CONTINUOUS
10
2.425295275590551
20
2.1968849606299212
11
2.425295275590551
21
2.1331155511811022
0
LINE
8
BLACK
6
CONTINUOUS
10
0.0423100393700787
20
2.1999998425196852
11
0.0426062204724409
21
2.1939711811023623
0
LINE
8
BLACK
6
CONTINUOUS
10
0.0426062204724409
20
2.1939711811023623
11
0.0429736220472441
21
2.1864922834645668
0
LINE
8
BLACK
6
CONTINUOUS
10
0.0429736220472441
20
2.1864922834645668
11
0.0430693700787402
21
2.1845437795275591
0
LINE
8
BLACK
6
CONTINUOUS
10
0.0430693700787402
20
2.1845437795275591
11
0.0430694094488189
21
2.1845432283464565
0
LINE
8
BLACK
6
CONTINUOUS
10
0.0430694094488189
20
2.1845432283464565
11
0.0445990157480315
21
2.1742316141732281
0
LINE
8
BLACK
6
CONTINUOUS
10
0.0445990157480315
20
2.1742316141732281
11
0.04534
21
2.1692362204724409
0
LINE
8
BLACK
6
CONTINUOUS
10
0.04534
20
2.1692362204724409
11
0.0469527559055118
21
2.1627977559055118
0
LINE
8
BLACK
6
CONTINUOUS
10
0.0469527559055118
20
2.1627977559055118
11
0.049100157480315
21
2.1542248031496061
0
LINE
8
BLACK
6
CONTINUOUS
10
0.049100157480315
20
2.1542248031496061
11
0.0543134251968504
21
2.1396547244094486
0
LINE
8
BLACK
6
CONTINUOUS
10
0.0543134251968504
20
2.1396547244094486
11
0.0609299606299213
21
2.1256653149606297
0
LINE
8
BLACK
6
CONTINUOUS
10
0.0609299606299213
20
2.1256653149606297
11
0.0688856692913386
21
2.1123919685039372
0
LINE
8
BLACK
6
CONTINUOUS
10
0.0688856692913386
20
2.1123919685039372
11
0.0781037007874016
21
2.0999628740157479
0
LINE
8
BLACK
6
CONTINUOUS
10
0.0781037007874016
20
2.0999628740157479
11
0.0884963779527559
21
2.0884963779527559
0
LINE
8
BLACK
6
CONTINUOUS
10
0.0884963779527559
20
2.0884963779527559
11
0.099962874015748
21
2.0781037007874015
0
LINE
8
BLACK
6
CONTINUOUS
10
0.099962874015748
20
2.0781037007874015
11
0.112391968503937
21
2.0688856692913387
0
LINE
8
BLACK
6
CONTINUOUS
10
0.112391968503937
20
2.0688856692913387
11
0.1256653149606299
21
2.0609299606299212
0
LINE
8
BLACK
6
CONTINUOUS
10
0.1256653149606299
20
2.0609299606299212
11
0.1396547244094488
21
2.0543134251968502
0
LINE
8
BLACK
6
CONTINUOUS
10
0.1396547244094488
20
2.0543134251968502
11
0.1542248031496063
21
2.0491001574803147
0
LINE
8
BLACK
6
CONTINUOUS
10
0.1542248031496063
20
2.0491001574803147
11
0.1617306299212598
21
2.0472200393700786
0
LINE
8
BLACK
6
CONTINUOUS
10
0.1617306299212598
20
2.0472200393700786
11
0.1692362204724409
21
2.0453399999999999
0
LINE
8
BLACK
6
CONTINUOUS
10
0.1692362204724409
20
2.0453399999999999
11
0.1692363779527559
21
2.0453399606299212
0
LINE
8
BLACK
6
CONTINUOUS
10
0.1692363779527559
20
2.0453399606299212
11
0.1692364566929134
21
2.0453399606299212
0
LINE
8
BLACK
6
CONTINUOUS
10
0.1692364566929134
20
2.0453399606299212
11
0.1845432283464567
21
2.0430694094488189
0
LINE
8
BLACK
6
CONTINUOUS
10
0.1845432283464567
20
2.0430694094488189
11
0.1845435433070866
21
2.0430693700787401
0
LINE
8
BLACK
6
CONTINUOUS
10
0.1845435433070866
20
2.0430693700787401
11
0.1845436614173228
21
2.0430693700787401
0
LINE
8
BLACK
6
CONTINUOUS
10
0.1845436614173228
20
2.0430693700787401
11
0.1911677952755906
21
2.0427439370078742
0
LINE
8
BLACK
6
CONTINUOUS
10
0.1911677952755906
20
2.0427439370078742
11
0.199999842519685
21
2.0423100393700788
0
LINE
8
BLACK
6
CONTINUOUS
10
0.199999842519685
20
2.0423100393700788
11
0.2
21
2.0423100393700788
0
LINE
8
BLACK
6
CONTINUOUS
10
0.2
20
2.0423100393700788
11
0.200000157480315
21
2.0423100393700788
0
LINE
8
BLACK
6
CONTINUOUS
10
0.200000157480315
20
2.0423100393700788
11
0.2077281496062992
21
2.0426896850393699
0
LINE
8
BLACK
6
CONTINUOUS
10
0.2077281496062992
20
2.0426896850393699
11
0.2154563385826772
21
2.0430693700787401
0
LINE
8
BLACK
6
CONTINUOUS
10
0.2154563385826772
20
2.0430693700787401
11
0.2154564566929134
21
2.0430693700787401
0
LINE
8
BLACK
6
CONTINUOUS
10
0.2154564566929134
20
2.0430693700787401
11
0.2154567322834646
21
2.0430694094488189
0
LINE
8
BLACK
6
CONTINUOUS
10
0.2154567322834646
20
2.0430694094488189
11
0.2307635039370079
21
2.0453399606299212
0
LINE
8
BLACK
6
CONTINUOUS
10
0.2307635039370079
20
2.0453399606299212
11
0.2307637795275591
21
2.0453399999999999
0
LINE
8
BLACK
6
CONTINUOUS
10
0.2307637795275591
20
2.0453399999999999
11
0.2420076771653543
21
2.0481564566929134
0
LINE
8
BLACK
6
CONTINUOUS
10
0.2420076771653543
20
2.0481564566929134
11
0.2457751574803149
21
2.0491001574803147
0
LINE
8
BLACK
6
CONTINUOUS
10
0.2457751574803149
20
2.0491001574803147
11
0.2603452362204725
21
2.0543134251968502
0
LINE
8
BLACK
6
CONTINUOUS
10
0.2603452362204725
20
2.0543134251968502
11
0.2603453543307087
21
2.054313464566929
0
LINE
8
BLACK
6
CONTINUOUS
10
0.2603453543307087
20
2.054313464566929
11
0.2743345275590551
21
2.0609298818897637
0
LINE
8
BLACK
6
CONTINUOUS
10
0.2743345275590551
20
2.0609298818897637
11
0.2813979133858268
21
2.0651635039370078
0
LINE
8
BLACK
6
CONTINUOUS
10
0.2813979133858268
20
2.0651635039370078
11
0.2876079921259843
21
2.0688856692913387
0
LINE
8
BLACK
6
CONTINUOUS
10
0.2876079921259843
20
2.0688856692913387
11
0.3000370866141732
21
2.0781037007874015
0
LINE
8
BLACK
6
CONTINUOUS
10
0.3000370866141732
20
2.0781037007874015
11
0.3034406692913386
21
2.0811885433070865
0
LINE
8
BLACK
6
CONTINUOUS
10
0.3034406692913386
20
2.0811885433070865
11
0.3115036220472441
21
2.0884963779527559
0
LINE
8
BLACK
6
CONTINUOUS
10
0.3115036220472441
20
2.0884963779527559
11
0.3218959842519685
21
2.0999625590551179
0
LINE
8
BLACK
6
CONTINUOUS
10
0.3218959842519685
20
2.0999625590551179
11
0.3218960236220472
21
2.0999625984251966
0
LINE
8
BLACK
6
CONTINUOUS
10
0.3218960236220472
20
2.0999625984251966
11
0.3218962598425197
21
2.0999628740157479
0
LINE
8
BLACK
6
CONTINUOUS
10
0.3218962598425197
20
2.0999628740157479
11
0.3311142913385827
21
2.1123919685039372
0
LINE
8
BLACK
6
CONTINUOUS
10
0.3311142913385827
20
2.1123919685039372
11
0.3345446850393701
21
2.1181152362204725
0
LINE
8
BLACK
6
CONTINUOUS
10
0.3345446850393701
20
2.1181152362204725
11
0.3390701181102362
21
2.1256654724409447
0
LINE
8
BLACK
6
CONTINUOUS
10
0.3390701181102362
20
2.1256654724409447
11
0.3456865354330709
21
2.1396546456692911
0
LINE
8
BLACK
6
CONTINUOUS
10
0.3456865354330709
20
2.1396546456692911
11
0.3508998818897638
21
2.1542250393700786
0
LINE
8
BLACK
6
CONTINUOUS
10
0.3508998818897638
20
2.1542250393700786
11
0.35466
21
2.1692362204724409
0
LINE
8
BLACK
6
CONTINUOUS
10
0.35466
20
2.1692362204724409
11
0.3569306299212598
21
2.1845436614173228
0
LINE
8
BLACK
6
CONTINUOUS
10
0.3569306299212598
20
2.1845436614173228
11
0.3576630708661417
21
2.1994524015748032
0
LINE
8
BLACK
6
CONTINUOUS
10
0.3576630708661417
20
2.1994524015748032
11
0.3576899606299213
21
2.1999998425196852
0
LINE
8
BLACK
6
CONTINUOUS
10
0.3576899606299213
20
2.1999998425196852
11
0.3576899606299213
21
2.200000118110236
0
LINE
8
BLACK
6
CONTINUOUS
10
0.3576899606299213
20
2.200000118110236
11
0.3575176377952756
21
2.2035076771653541
0
LINE
8
BLACK
6
CONTINUOUS
10
0.3575176377952756
20
2.2035076771653541
11
0.3569306299212598
21
2.2154563385826771
0
LINE
8
BLACK
6
CONTINUOUS
10
0.3569306299212598
20
2.2154563385826771
11
0.35466
21
2.230763779527559
0
LINE
8
BLACK
6
CONTINUOUS
10
0.35466
20
2.230763779527559
11
0.3508998818897638
21
2.2457749606299213
0
LINE
8
BLACK
6
CONTINUOUS
10
0.3508998818897638
20
2.2457749606299213
11
0.3456865354330709
21
2.2603453543307088
0
LINE
8
BLACK
6
CONTINUOUS
10
0.3456865354330709
20
2.2603453543307088
11
0.3390701181102362
21
2.2743345275590552
0
LINE
8
BLACK
6
CONTINUOUS
10
0.3390701181102362
20
2.2743345275590552
11
0.3345445669291339
21
2.2818849606299212
0
LINE
8
BLACK
6
CONTINUOUS
10
0.3345445669291339
20
2.2818849606299212
11
0.3311144094488189
21
2.2876078346456694
0
LINE
8
BLACK
6
CONTINUOUS
10
0.3311144094488189
20
2.2876078346456694
11
0.3263168503937008
21
2.2940766141732283
0
LINE
8
BLACK
6
CONTINUOUS
10
0.3263168503937008
20
2.2940766141732283
11
0.3218962598425197
21
2.3000370866141733
0
LINE
8
BLACK
6
CONTINUOUS
10
0.3218962598425197
20
2.3000370866141733
11
0.3218961811023622
21
2.300037125984252
0
LINE
8
BLACK
6
CONTINUOUS
10
0.3218961811023622
20
2.300037125984252
11
0.3218959842519685
21
2.3000374409448821
0
LINE
8
BLACK
6
CONTINUOUS
10
0.3218959842519685
20
2.3000374409448821
11
0.3115036220472441
21
2.311503622047244
0
LINE
8
BLACK
6
CONTINUOUS
10
0.3115036220472441
20
2.311503622047244
11
0.3000374409448819
21
2.3218959842519684
0
LINE
8
BLACK
6
CONTINUOUS
10
0.3000374409448819
20
2.3218959842519684
11
0.299978188976378
21
2.3219399212598426
0
LINE
8
BLACK
6
CONTINUOUS
10
0.299978188976378
20
2.3219399212598426
11
0.2876079921259843
21
2.3311142913385825
0
LINE
8
BLACK
6
CONTINUOUS
10
0.2876079921259843
20
2.3311142913385825
11
0.2876078346456693
21
2.3311144094488188
0
LINE
8
BLACK
6
CONTINUOUS
10
0.2876078346456693
20
2.3311144094488188
11
0.2743345275590551
21
2.3390701181102362
0
LINE
8
BLACK
6
CONTINUOUS
10
0.2743345275590551
20
2.3390701181102362
11
0.2603453543307087
21
2.3456865354330709
0
LINE
8
BLACK
6
CONTINUOUS
10
0.2603453543307087
20
2.3456865354330709
11
0.2457749606299212
21
2.3508998818897635
0
LINE
8
BLACK
6
CONTINUOUS
10
0.2457749606299212
20
2.3508998818897635
11
0.2307637795275591
21
2.35466
0
LINE
8
BLACK
6
CONTINUOUS
10
0.2307637795275591
20
2.35466
11
0.2154563385826772
21
2.3569306299212598
0
LINE
8
BLACK
6
CONTINUOUS
10
0.2154563385826772
20
2.3569306299212598
11
0.2021804724409449
21
2.3575828346456693
0
LINE
8
BLACK
6
CONTINUOUS
10
0.2021804724409449
20
2.3575828346456693
11
0.200000157480315
21
2.3576899606299211
0
LINE
8
BLACK
6
CONTINUOUS
10
0.200000157480315
20
2.3576899606299211
11
0.199999842519685
21
2.3576899606299211
0
LINE
8
BLACK
6
CONTINUOUS
10
0.199999842519685
20
2.3576899606299211
11
0.1977397637795276
21
2.3575788976377954
0
LINE
8
BLACK
6
CONTINUOUS
10
0.1977397637795276
20
2.3575788976377954
11
0.1845436614173228
21
2.3569306299212598
0
LINE
8
BLACK
6
CONTINUOUS
10
0.1845436614173228
20
2.3569306299212598
11
0.1692362204724409
21
2.35466
0
LINE
8
BLACK
6
CONTINUOUS
10
0.1692362204724409
20
2.35466
11
0.1542250393700787
21
2.3508998818897635
0
LINE
8
BLACK
6
CONTINUOUS
10
0.1542250393700787
20
2.3508998818897635
11
0.1396546456692913
21
2.3456865354330709
0
LINE
8
BLACK
6
CONTINUOUS
10
0.1396546456692913
20
2.3456865354330709
11
0.1256654724409449
21
2.3390701181102362
0
LINE
8
BLACK
6
CONTINUOUS
10
0.1256654724409449
20
2.3390701181102362
11
0.1123921653543307
21
2.3311144094488188
0
LINE
8
BLACK
6
CONTINUOUS
10
0.1123921653543307
20
2.3311144094488188
11
0.112391968503937
21
2.3311142913385825
0
LINE
8
BLACK
6
CONTINUOUS
10
0.112391968503937
20
2.3311142913385825
11
0.099962874015748
21
2.3218962598425197
0
LINE
8
BLACK
6
CONTINUOUS
10
0.099962874015748
20
2.3218962598425197
11
0.0999625984251968
21
2.3218960236220472
0
LINE
8
BLACK
6
CONTINUOUS
10
0.0999625984251968
20
2.3218960236220472
11
0.0999625590551181
21
2.3218959842519684
0
LINE
8
BLACK
6
CONTINUOUS
10
0.0999625590551181
20
2.3218959842519684
11
0.0884963779527559
21
2.311503622047244
0
LINE
8
BLACK
6
CONTINUOUS
10
0.0884963779527559
20
2.311503622047244
11
0.0787777952755905
21
2.3007808267716534
0
LINE
8
BLACK
6
CONTINUOUS
10
0.0787777952755905
20
2.3007808267716534
11
0.0781037007874016
21
2.3000370866141733
0
LINE
8
BLACK
6
CONTINUOUS
10
0.0781037007874016
20
2.3000370866141733
11
0.0688856692913386
21
2.287607992125984
0
LINE
8
BLACK
6
CONTINUOUS
10
0.0688856692913386
20
2.287607992125984
11
0.0652059842519685
21
2.2814687795275592
0
LINE
8
BLACK
6
CONTINUOUS
10
0.0652059842519685
20
2.2814687795275592
11
0.0609298818897638
21
2.2743345275590552
0
LINE
8
BLACK
6
CONTINUOUS
10
0.0609298818897638
20
2.2743345275590552
11
0.0543134645669291
21
2.2603453543307088
0
LINE
8
BLACK
6
CONTINUOUS
10
0.0543134645669291
20
2.2603453543307088
11
0.0543134251968504
21
2.2603452362204726
0
LINE
8
BLACK
6
CONTINUOUS
10
0.0543134251968504
20
2.2603452362204726
11
0.049100157480315
21
2.2457751574803151
0
LINE
8
BLACK
6
CONTINUOUS
10
0.049100157480315
20
2.2457751574803151
11
0.0484837007874016
21
2.2433140944881891
0
LINE
8
BLACK
6
CONTINUOUS
10
0.0484837007874016
20
2.2433140944881891
11
0.04534
21
2.230763779527559
0
LINE
8
BLACK
6
CONTINUOUS
10
0.04534
20
2.230763779527559
11
0.0453399606299213
21
2.2307635039370077
0
LINE
8
BLACK
6
CONTINUOUS
10
0.0453399606299213
20
2.2307635039370077
11
0.0431156692913386
21
2.2157683858267716
0
LINE
8
BLACK
6
CONTINUOUS
10
0.0431156692913386
20
2.2157683858267716
11
0.0430693700787402
21
2.2154563385826771
0
LINE
8
BLACK
6
CONTINUOUS
10
0.0430693700787402
20
2.2154563385826771
11
0.0427087007874016
21
2.2081149999999998
0
LINE
8
BLACK
6
CONTINUOUS
10
0.0427087007874016
20
2.2081149999999998
11
0.0423100393700787
21
2.200000118110236
0
LINE
8
BLACK
6
CONTINUOUS
10
0.0423100393700787
20
2.200000118110236
11
0.0423100393700787
21
2.1999998425196852
0
LINE
8
BLACK
6
CONTINUOUS
10
2.8423100393700786
20
2.1999998425196852
11
2.8426062204724407
21
2.1939711811023623
0
LINE
8
BLACK
6
CONTINUOUS
10
2.8426062204724407
20
2.1939711811023623
11
2.8429736220472441
21
2.1864922834645668
0
LINE
8
BLACK
6
CONTINUOUS
10
2.8429736220472441
20
2.1864922834645668
11
2.8430693700787399
21
2.1845437795275591
0
LINE
8
BLACK
6
CONTINUOUS
10
2.8430693700787399
20
2.1845437795275591
11
2.8430694094488187
21
2.1845432283464565
0
LINE
8
BLACK
6
CONTINUOUS
10
2.8430694094488187
20
2.1845432283464565
11
2.8445990157480314
21
2.1742316141732281
0
LINE
8
BLACK
6
CONTINUOUS
10
2.8445990157480314
20
2.1742316141732281
11
2.8453399999999998
21
2.1692362204724409
0
LINE
8
BLACK
6
CONTINUOUS
10
2.8453399999999998
20
2.1692362204724409
11
2.8469527559055119
21
2.1627977559055118
0
LINE
8
BLACK
6
CONTINUOUS
10
2.8469527559055119
20
2.1627977559055118
11
2.849100157480315
21
2.1542248031496061
0
LINE
8
BLACK
6
CONTINUOUS
10
2.849100157480315
20
2.1542248031496061
11
2.8543134251968505
21
2.1396547244094486
0
LINE
8
BLACK
6
CONTINUOUS
10
2.8543134251968505
20
2.1396547244094486
11
2.860929960629921
21
2.1256653149606297
0
LINE
8
BLACK
6
CONTINUOUS
10
2.860929960629921
20
2.1256653149606297
11
2.8688856692913385
21
2.1123919685039372
0
LINE
8
BLACK
6
CONTINUOUS
10
2.8688856692913385
20
2.1123919685039372
11
2.8781037007874013
21
2.0999628740157479
0
LINE
8
BLACK
6
CONTINUOUS
10
2.8781037007874013
20
2.0999628740157479
11
2.8884963779527557
21
2.0884963779527559
0
LINE
8
BLACK
6
CONTINUOUS
10
2.8884963779527557
20
2.0884963779527559
11
2.8999628740157481
21
2.0781037007874015
0
LINE
8
BLACK
6
CONTINUOUS
10
2.8999628740157481
20
2.0781037007874015
11
2.912391968503937
21
2.0688856692913387
0
LINE
8
BLACK
6
CONTINUOUS
10
2.912391968503937
20
2.0688856692913387
11
2.92566531496063
21
2.0609299606299212
0
LINE
8
BLACK
6
CONTINUOUS
10
2.92566531496063
20
2.0609299606299212
11
2.9396547244094489
21
2.0543134251968502
0
LINE
8
BLACK
6
CONTINUOUS
10
2.9396547244094489
20
2.0543134251968502
11
2.9542248031496063
21
2.0491001574803147
0
LINE
8
BLACK
6
CONTINUOUS
10
2.9542248031496063
20
2.0491001574803147
11
2.9617306299212598
21
2.0472200393700786
0
LINE
8
BLACK
6
CONTINUOUS
10
2.9617306299212598
20
2.0472200393700786
11
2.9692362204724407
21
2.0453399999999999
0
LINE
8
BLACK
6
CONTINUOUS
10
2.9692362204724407
20
2.0453399999999999
11
2.9692363779527557
21
2.0453399606299212
0
LINE
8
BLACK
6
CONTINUOUS
10
2.9692363779527557
20
2.0453399606299212
11
2.9692364566929133
21
2.0453399606299212
0
LINE
8
BLACK
6
CONTINUOUS
10
2.9692364566929133
20
2.0453399606299212
11
2.9845432283464568
21
2.0430694094488189
0
LINE
8
BLACK
6
CONTINUOUS
10
2.9845432283464568
20
2.0430694094488189
11
2.9845435433070864
21
2.0430693700787401
0
LINE
8
BLACK
6
CONTINUOUS
10
2.9845435433070864
20
2.0430693700787401
11
2.9845436614173226
21
2.0430693700787401
0
LINE
8
BLACK
6
CONTINUOUS
10
2.9845436614173226
20
2.0430693700787401
11
2.9911677952755906
21
2.0427439370078742
0
LINE
8
BLACK
6
CONTINUOUS
10
2.9911677952755906
20
2.0427439370078742
11
2.999999842519685
21
2.0423100393700788
0
LINE
8
BLACK
6
CONTINUOUS
10
2.999999842519685
20
2.0423100393700788
11
3.
21
2.0423100393700788
0
LINE
8
BLACK
6
CONTINUOUS
10
3.
20
2.0423100393700788
11
3.000000157480315
21
2.0423100393700788
0
LINE
8
BLACK
6
CONTINUOUS
10
3.000000157480315
20
2.0423100393700788
11
3.0077281496062991
21
2.0426896850393699
0
LINE
8
BLACK
6
CONTINUOUS
10
3.0077281496062991
20
2.0426896850393699
11
3.0154563385826769
21
2.0430693700787401
0
LINE
8
BLACK
6
CONTINUOUS
10
3.0154563385826769
20
2.0430693700787401
11
3.0154564566929132
21
2.0430693700787401
0
LINE
8
BLACK
6
CONTINUOUS
10
3.0154564566929132
20
2.0430693700787401
11
3.0154567322834644
21
2.0430694094488189
0
LINE
8
BLACK
6
CONTINUOUS
10
3.0154567322834644
20
2.0430694094488189
11
3.030763503937008
21
2.0453399606299212
0
LINE
8
BLACK
6
CONTINUOUS
10
3.030763503937008
20
2.0453399606299212
11
3.0307637795275588
21
2.0453399999999999
0
LINE
8
BLACK
6
CONTINUOUS
10
3.0307637795275588
20
2.0453399999999999
11
3.0420076771653544
21
2.0481564566929134
0
LINE
8
BLACK
6
CONTINUOUS
10
3.0420076771653544
20
2.0481564566929134
11
3.0457751574803149
21
2.0491001574803147
0
LINE
8
BLACK
6
CONTINUOUS
10
3.0457751574803149
20
2.0491001574803147
11
3.0603452362204724
21
2.0543134251968502
0
LINE
8
BLACK
6
CONTINUOUS
10
3.0603452362204724
20
2.0543134251968502
11
3.0603453543307086
21
2.054313464566929
0
LINE
8
BLACK
6
CONTINUOUS
10
3.0603453543307086
20
2.054313464566929
11
3.074334527559055
21
2.0609298818897637
0
LINE
8
BLACK
6
CONTINUOUS
10
3.074334527559055
20
2.0609298818897637
11
3.0813979133858269
21
2.0651635039370078
0
LINE
8
BLACK
6
CONTINUOUS
10
3.0813979133858269
20
2.0651635039370078
11
3.0876079921259842
21
2.0688856692913387
0
LINE
8
BLACK
6
CONTINUOUS
10
3.0876079921259842
20
2.0688856692913387
11
3.1000370866141731
21
2.0781037007874015
0
LINE
8
BLACK
6
CONTINUOUS
10
3.1000370866141731
20
2.0781037007874015
11
3.1034406692913383
21
2.0811885433070865
0
LINE
8
BLACK
6
CONTINUOUS
10
3.1034406692913383
20
2.0811885433070865
11
3.1115036220472438
21
2.0884963779527559
0
LINE
8
BLACK
6
CONTINUOUS
10
3.1115036220472438
20
2.0884963779527559
11
3.1218959842519682
21
2.0999625590551179
0
LINE
8
BLACK
6
CONTINUOUS
10
3.1218959842519682
20
2.0999625590551179
11
3.121896023622047
21
2.0999625984251966
0
LINE
8
BLACK
6
CONTINUOUS
10
3.121896023622047
20
2.0999625984251966
11
3.1218962598425195
21
2.0999628740157479
0
LINE
8
BLACK
6
CONTINUOUS
10
3.1218962598425195
20
2.0999628740157479
11
3.1311142913385828
21
2.1123919685039372
0
LINE
8
BLACK
6
CONTINUOUS
10
3.1311142913385828
20
2.1123919685039372
11
3.1345446850393701
21
2.1181152362204725
0
LINE
8
BLACK
6
CONTINUOUS
10
3.1345446850393701
20
2.1181152362204725
11
3.1390701181102361
21
2.1256654724409447
0
LINE
8
BLACK
6
CONTINUOUS
10
3.1390701181102361
20
2.1256654724409447
11
3.1456865354330708
21
2.1396546456692911
0
LINE
8
BLACK
6
CONTINUOUS
10
3.1456865354330708
20
2.1396546456692911
11
3.1508998818897638
21
2.1542250393700786
0
LINE
8
BLACK
6
CONTINUOUS
10
3.1508998818897638
20
2.1542250393700786
11
3.1546599999999998
21
2.1692362204724409
0
LINE
8
BLACK
6
CONTINUOUS
10
3.1546599999999998
20
2.1692362204724409
11
3.1569306299212596
21
2.1845436614173228
0
LINE
8
BLACK
6
CONTINUOUS
10
3.1569306299212596
20
2.1845436614173228
11
3.1576630708661417
21
2.1994524015748032
0
LINE
8
BLACK
6
CONTINUOUS
10
3.1576630708661417
20
2.1994524015748032
11
3.1576899606299214
21
2.1999998425196852
0
LINE
8
BLACK
6
CONTINUOUS
10
3.1576899606299214
20
2.1999998425196852
11
3.1576899606299214
21
2.200000118110236
0
LINE
8
BLACK
6
CONTINUOUS
10
3.1576899606299214
20
2.200000118110236
11
3.1575176377952756
21
2.2035076771653541
0
LINE
8
BLACK
6
CONTINUOUS
10
3.1575176377952756
20
2.2035076771653541
11
3.1569306299212596
21
2.2154563385826771
0
LINE
8
BLACK
6
CONTINUOUS
10
3.1569306299212596
20
2.2154563385826771
11
3.1546599999999998
21
2.230763779527559
0
LINE
8
BLACK
6
CONTINUOUS
10
3.1546599999999998
20
2.230763779527559
11
3.1508998818897638
21
2.2457749606299213
0
LINE
8
BLACK
6
CONTINUOUS
10
3.1508998818897638
20
2.2457749606299213
11
3.1456865354330708
21
2.2603453543307088
0
LINE
8
BLACK
6
CONTINUOUS
10
3.1456865354330708
20
2.2603453543307088
11
3.1390701181102361
21
2.2743345275590552
0
LINE
8
BLACK
6
CONTINUOUS
10
3.1390701181102361
20
2.2743345275590552
11
3.131114409448819
21
2.2876078346456694
0
LINE
8
BLACK
6
CONTINUOUS
10
3.131114409448819
20
2.2876078346456694
11
3.1263168503937009
21
2.2940766141732283
0
LINE
8
BLACK
6
CONTINUOUS
10
3.1263168503937009
20
2.2940766141732283
11
3.1218962598425195
21
2.3000370866141733
0
LINE
8
BLACK
6
CONTINUOUS
10
3.1218962598425195
20
2.3000370866141733
11
3.121896181102362
21
2.300037125984252
0
LINE
8
BLACK
6
CONTINUOUS
10
3.121896181102362
20
2.300037125984252
11
3.1218959842519682
21
2.3000374409448821
0
LINE
8
BLACK
6
CONTINUOUS
10
3.1218959842519682
20
2.3000374409448821
11
3.1115036220472438
21
2.311503622047244
0
LINE
8
BLACK
6
CONTINUOUS
10
3.1115036220472438
20
2.311503622047244
11
3.1000374409448819
21
2.3218959842519684
0
LINE
8
BLACK
6
CONTINUOUS
10
3.1000374409448819
20
2.3218959842519684
11
3.0999781889763778
21
2.3219399212598426
0
LINE
8
BLACK
6
CONTINUOUS
10
3.0999781889763778
20
2.3219399212598426
11
3.0876079921259842
21
2.3311142913385825
0
LINE
8
BLACK
6
CONTINUOUS
10
3.0876079921259842
20
2.3311142913385825
11
3.0876078346456692
21
2.3311144094488188
0
LINE
8
BLACK
6
CONTINUOUS
10
3.0876078346456692
20
2.3311144094488188
11
3.074334527559055
21
2.3390701181102362
0
LINE
8
BLACK
6
CONTINUOUS
10
3.074334527559055
20
2.3390701181102362
11
3.0603453543307086
21
2.3456865354330709
0
LINE
8
BLACK
6
CONTINUOUS
10
3.0603453543307086
20
2.3456865354330709
11
3.0457749606299211
21
2.3508998818897635
0
LINE
8
BLACK
6
CONTINUOUS
10
3.0457749606299211
20
2.3508998818897635
11
3.0307637795275588
21
2.35466
0
LINE
8
BLACK
6
CONTINUOUS
10
3.0307637795275588
20
2.35466
11
3.0154563385826769
21
2.3569306299212598
0
LINE
8
BLACK
6
CONTINUOUS
10
3.0154563385826769
20
2.3569306299212598
11
3.0021804724409447
21
2.3575828346456693
0
LINE
8
BLACK
6
CONTINUOUS
10
3.0021804724409447
20
2.3575828346456693
11
3.000000157480315
21
2.3576899606299211
0
LINE
8
BLACK
6
CONTINUOUS
10
3.000000157480315
20
2.3576899606299211
11
2.999999842519685
21
2.3576899606299211
0
LINE
8
BLACK
6
CONTINUOUS
10
2.999999842519685
20
2.3576899606299211
11
2.9977397637795273
21
2.3575788976377954
0
LINE
8
BLACK
6
CONTINUOUS
10
2.9977397637795273
20
2.3575788976377954
11
2.9845436614173226
21
2.3569306299212598
0
LINE
8
BLACK
6
CONTINUOUS
10
2.9845436614173226
20
2.3569306299212598
11
2.9692362204724407
21
2.35466
0
LINE
8
BLACK
6
CONTINUOUS
10
2.9692362204724407
20
2.35466
11
2.9542250393700789
21
2.3508998818897635
0
LINE
8
BLACK
6
CONTINUOUS
10
2.9542250393700789
20
2.3508998818897635
11
2.9396546456692914
21
2.3456865354330709
0
LINE
8
BLACK
6
CONTINUOUS
10
2.9396546456692914
20
2.3456865354330709
11
2.925665472440945
21
2.3390701181102362
0
LINE
8
BLACK
6
CONTINUOUS
10
2.925665472440945
20
2.3390701181102362
11
2.9123921653543308
21
2.3311144094488188
0
LINE
8
BLACK
6
CONTINUOUS
10
2.9123921653543308
20
2.3311144094488188
11
2.912391968503937
21
2.3311142913385825
0
LINE
8
BLACK
6
CONTINUOUS
10
2.912391968503937
20
2.3311142913385825
11
2.8999628740157481
21
2.3218962598425197
0
LINE
8
BLACK
6
CONTINUOUS
10
2.8999628740157481
20
2.3218962598425197
11
2.8999625984251969
21
2.3218960236220472
0
LINE
8
BLACK
6
CONTINUOUS
10
2.8999625984251969
20
2.3218960236220472
11
2.8999625590551181
21
2.3218959842519684
0
LINE
8
BLACK
6
CONTINUOUS
10
2.8999625590551181
20
2.3218959842519684
11
2.8884963779527557
21
2.311503622047244
0
LINE
8
BLACK
6
CONTINUOUS
10
2.8884963779527557
20
2.311503622047244
11
2.8787777952755906
21
2.3007808267716534
0
LINE
8
BLACK
6
CONTINUOUS
10
2.8787777952755906
20
2.3007808267716534
11
2.8781037007874013
21
2.3000370866141733
0
LINE
8
BLACK
6
CONTINUOUS
10
2.8781037007874013
20
2.3000370866141733
11
2.8688856692913385
21
2.287607992125984
0
LINE
8
BLACK
6
CONTINUOUS
10
2.8688856692913385
20
2.287607992125984
11
2.8652059842519684
21
2.2814687795275592
0
LINE
8
BLACK
6
CONTINUOUS
10
2.8652059842519684
20
2.2814687795275592
11
2.8609298818897635
21
2.2743345275590552
0
LINE
8
BLACK
6
CONTINUOUS
10
2.8609298818897635
20
2.2743345275590552
11
2.8543134645669292
21
2.2603453543307088
0
LINE
8
BLACK
6
CONTINUOUS
10
2.8543134645669292
20
2.2603453543307088
11
2.8543134251968505
21
2.2603452362204726
0
LINE
8
BLACK
6
CONTINUOUS
10
2.8543134251968505
20
2.2603452362204726
11
2.849100157480315
21
2.2457751574803151
0
LINE
8
BLACK
6
CONTINUOUS
10
2.849100157480315
20
2.2457751574803151
11
2.8484837007874013
21
2.2433140944881891
0
LINE
8
BLACK
6
CONTINUOUS
10
2.8484837007874013
20
2.2433140944881891
11
2.8453399999999998
21
2.230763779527559
0
LINE
8
BLACK
6
CONTINUOUS
10
2.8453399999999998
20
2.230763779527559
11
2.845339960629921
21
2.2307635039370077
0
LINE
8
BLACK
6
CONTINUOUS
10
2.845339960629921
20
2.2307635039370077
11
2.8431156692913384
21
2.2157683858267716
0
LINE
8
BLACK
6
CONTINUOUS
10
2.8431156692913384
20
2.2157683858267716
11
2.8430693700787399
21
2.2154563385826771
0
LINE
8
BLACK
6
CONTINUOUS
10
2.8430693700787399
20
2.2154563385826771
11
2.8427087007874015
21
2.2081149999999998
0
LINE
8
BLACK
6
CONTINUOUS
10
2.8427087007874015
20
2.2081149999999998
11
2.8423100393700786
21
2.200000118110236
0
LINE
8
BLACK
6
CONTINUOUS
10
2.8423100393700786
20
2.200000118110236
11
2.8423100393700786
21
2.1999998425196852
0
LINE
8
BLACK
6
CONTINUOUS
10
0.5202952755905512
20
2.2181155511811022
11
0.5202953543307086
21
2.2181147244094488
0
LINE
8
BLACK
6
CONTINUOUS
10
0.5202953543307086
20
2.2181147244094488
11
0.5205475590551181
21
2.2157684645669291
0
LINE
8
BLACK
6
CONTINUOUS
10
0.5205475590551181
20
2.2157684645669291
11
0.5205475590551181
21
2.2157684251968504
0
LINE
8
BLACK
6
CONTINUOUS
10
0.5205475590551181
20
2.2157684251968504
11
0.5225275984251968
21
2.2104595669291336
0
LINE
8
BLACK
6
CONTINUOUS
10
0.5225275984251968
20
2.2104595669291336
11
0.5225276771653543
21
2.2104594488188978
0
LINE
8
BLACK
6
CONTINUOUS
10
0.5225276771653543
20
2.2104594488188978
11
0.5259233070866142
21
2.2059234251968505
0
LINE
8
BLACK
6
CONTINUOUS
10
0.5259233070866142
20
2.2059234251968505
11
0.5271677559055118
21
2.2049918110236222
0
LINE
8
BLACK
6
CONTINUOUS
10
0.5271677559055118
20
2.2049918110236222
11
0.5285312204724409
21
2.2039711023622046
0
LINE
8
BLACK
6
CONTINUOUS
10
0.5285312204724409
20
2.2039711023622046
11
0.5302062598425197
21
2.2017335433070864
0
LINE
8
BLACK
6
CONTINUOUS
10
0.5302062598425197
20
2.2017335433070864
11
0.5304056299212598
21
2.1989455118110235
0
LINE
8
BLACK
6
CONTINUOUS
10
0.5304056299212598
20
2.1989455118110235
11
0.529066062992126
21
2.196492283464567
0
LINE
8
BLACK
6
CONTINUOUS
10
0.529066062992126
20
2.196492283464567
11
0.5285313779527558
21
2.1960289763779528
0
LINE
8
BLACK
6
CONTINUOUS
10
0.5285313779527558
20
2.1960289763779528
11
0.5259233858267717
21
2.1940766141732282
0
LINE
8
BLACK
6
CONTINUOUS
10
0.5259233858267717
20
2.1940766141732282
11
0.5259233464566929
21
2.1940765748031494
0
LINE
8
BLACK
6
CONTINUOUS
10
0.5259233464566929
20
2.1940765748031494
11
0.5259233070866142
21
2.1940765354330707
0
LINE
8
BLACK
6
CONTINUOUS
10
0.5259233070866142
20
2.1940765354330707
11
0.5242159842519685
21
2.1917958267716533
0
LINE
8
BLACK
6
CONTINUOUS
10
0.5242159842519685
20
2.1917958267716533
11
0.5226505905511811
21
2.18970468503937
0
LINE
8
BLACK
6
CONTINUOUS
10
0.5226505905511811
20
2.18970468503937
11
0.5225276771653543
21
2.1895405118110234
0
LINE
8
BLACK
6
CONTINUOUS
10
0.5225276771653543
20
2.1895405118110234
11
0.5225275984251968
21
2.1895403937007876
0
LINE
8
BLACK
6
CONTINUOUS
10
0.5225275984251968
20
2.1895403937007876
11
0.5205475984251968
21
2.1842316535433071
0
LINE
8
BLACK
6
CONTINUOUS
10
0.5205475984251968
20
2.1842316535433071
11
0.5202952755905512
21
2.1818849606299211
0
LINE
8
BLACK
6
CONTINUOUS
10
0.5202952755905512
20
2.1818849606299211
11
0.5202952755905512
21
2.1181155511811025
0
LINE
8
BLACK
6
CONTINUOUS
10
0.5202952755905512
20
2.1181155511811025
11
0.5202953543307086
21
2.1181147244094487
0
LINE
8
BLACK
6
CONTINUOUS
10
0.5202953543307086
20
2.1181147244094487
11
0.5205475590551181
21
2.115768464566929
0
LINE
8
BLACK
6
CONTINUOUS
10
0.5205475590551181
20
2.115768464566929
11
0.5205475590551181
21
2.1157684251968503
0
LINE
8
BLACK
6
CONTINUOUS
10
0.5205475590551181
20
2.1157684251968503
11
0.5225275984251968
21
2.1104595669291339
0
LINE
8
BLACK
6
CONTINUOUS
10
0.5225275984251968
20
2.1104595669291339
11
0.5225276771653543
21
2.1104594488188977
0
LINE
8
BLACK
6
CONTINUOUS
10
0.5225276771653543
20
2.1104594488188977
11
0.5259233464566929
21
2.1059233464566929
0
LINE
8
BLACK
6
CONTINUOUS
10
0.5259233464566929
20
2.1059233464566929
11
0.5304594488188976
21
2.1025276771653543
0
LINE
8
BLACK
6
CONTINUOUS
10
0.5304594488188976
20
2.1025276771653543
11
0.5304595669291339
21
2.1025275984251968
0
LINE
8
BLACK
6
CONTINUOUS
10
0.5304595669291339
20
2.1025275984251968
11
0.5357683464566929
21
2.1005475984251967
0
LINE
8
BLACK
6
CONTINUOUS
10
0.5357683464566929
20
2.1005475984251967
11
0.5357682283464567
21
2.1005475984251967
0
LINE
8
BLACK
6
CONTINUOUS
10
0.5357682283464567
20
2.1005475984251967
11
0.5381151968503937
21
2.1002952755905513
0
LINE
8
BLACK
6
CONTINUOUS
10
0.5381151968503937
20
2.1002952755905513
11
0.5381152362204724
21
2.1002952755905513
0
LINE
8
BLACK
6
CONTINUOUS
10
0.5381152362204724
20
2.1002952755905513
11
0.6018844094488189
21
2.1002952755905513
0
LINE
8
BLACK
6
CONTINUOUS
10
0.6018844094488189
20
2.1002952755905513
11
0.6018852362204724
21
2.1002953543307088
0
LINE
8
BLACK
6
CONTINUOUS
10
0.6018852362204724
20
2.1002953543307088
11
0.6042314960629921
21
2.1005475590551179
0
LINE
8
BLACK
6
CONTINUOUS
10
0.6042314960629921
20
2.1005475590551179
11
0.6042315354330708
21
2.1005475590551179
0
LINE
8
BLACK
6
CONTINUOUS
10
0.6042315354330708
20
2.1005475590551179
11
0.6095403937007874
21
2.1025275984251968
0
LINE
8
BLACK
6
CONTINUOUS
10
0.6095403937007874
20
2.1025275984251968
11
0.6095405118110236
21
2.1025276771653543
0
LINE
8
BLACK
6
CONTINUOUS
10
0.6095405118110236
20
2.1025276771653543
11
0.609540590551181
21
2.102527716535433
0
LINE
8
BLACK
6
CONTINUOUS
10
0.609540590551181
20
2.102527716535433
11
0.6125675590551181
21
2.1047937007874014
0
LINE
8
BLACK
6
CONTINUOUS
10
0.6125675590551181
20
2.1047937007874014
11
0.6140765354330708
21
2.1059233070866141
0
LINE
8
BLACK
6
CONTINUOUS
10
0.6140765354330708
20
2.1059233070866141
11
0.6140765354330708
21
2.1059233464566929
0
LINE
8
BLACK
6
CONTINUOUS
10
0.6140765354330708
20
2.1059233464566929
11
0.6140766141732283
21
2.1059233858267716
0
LINE
8
BLACK
6
CONTINUOUS
10
0.6140766141732283
20
2.1059233858267716
11
0.6160288582677165
21
2.1085312204724409
0
LINE
8
BLACK
6
CONTINUOUS
10
0.6160288582677165
20
2.1085312204724409
11
0.6182664566929134
21
2.1102062598425197
0
LINE
8
BLACK
6
CONTINUOUS
10
0.6182664566929134
20
2.1102062598425197
11
0.6210544881889764
21
2.1104056299212597
0
LINE
8
BLACK
6
CONTINUOUS
10
0.6210544881889764
20
2.1104056299212597
11
0.623507716535433
21
2.1090660629921261
0
LINE
8
BLACK
6
CONTINUOUS
10
0.623507716535433
20
2.1090660629921261
11
0.6239709842519685
21
2.1085313779527559
0
LINE
8
BLACK
6
CONTINUOUS
10
0.6239709842519685
20
2.1085313779527559
11
0.6242827559055117
21
2.1081149999999997
0
LINE
8
BLACK
6
CONTINUOUS
10
0.6242827559055117
20
2.1081149999999997
11
0.6259234251968504
21
2.1059233070866141
0
LINE
8
BLACK
6
CONTINUOUS
10
0.6259234251968504
20
2.1059233070866141
11
0.6304594488188976
21
2.1025276771653543
0
LINE
8
BLACK
6
CONTINUOUS
10
0.6304594488188976
20
2.1025276771653543
11
0.6304595669291339
21
2.1025275984251968
0
LINE
8
BLACK
6
CONTINUOUS
10
0.6304595669291339
20
2.1025275984251968
11
0.6357683464566929
21
2.1005475984251967
0
LINE
8
BLACK
6
CONTINUOUS
10
0.6357683464566929
20
2.1005475984251967
11
0.6357682283464566
21
2.1005475984251967
0
LINE
8
BLACK
6
CONTINUOUS
10
0.6357682283464566
20
2.1005475984251967
11
0.6381151968503936
21
2.1002952755905513
0
LINE
8
BLACK
6
CONTINUOUS
10
0.6381151968503936
20
2.1002952755905513
11
0.6381152362204724
21
2.1002952755905513
0
LINE
8
BLACK
6
CONTINUOUS
10
0.6381152362204724
20
2.1002952755905513
11
0.7018844094488189
21
2.1002952755905513
0
LINE
8
BLACK
6
CONTINUOUS
10
0.7018844094488189
20
2.1002952755905513
11
0.7018852362204724
21
2.1002953543307088
0
LINE
8
BLACK
6
CONTINUOUS
10
0.7018852362204724
20
2.1002953543307088
11
0.7042314960629921
21
2.1005475590551179
0
LINE
8
BLACK
6
CONTINUOUS
10
0.7042314960629921
20
2.1005475590551179
11
0.7042315354330708
21
2.1005475590551179
0
LINE
8
BLACK
6
CONTINUOUS
10
0.7042315354330708
20
2.1005475590551179
11
0.7095403937007874
21
2.1025275984251968
0
LINE
8
BLACK
6
CONTINUOUS
10
0.7095403937007874
20
2.1025275984251968
11
0.7095405118110236
21
2.1025276771653543
0
LINE
8
BLACK
6
CONTINUOUS
10
0.7095405118110236
20
2.1025276771653543
11
0.7095405905511811
21
2.102527716535433
0
LINE
8
BLACK
6
CONTINUOUS
10
0.7095405905511811
20
2.102527716535433
11
0.7110468897637795
21
2.1036553149606299
0
LINE
8
BLACK
6
CONTINUOUS
10
0.7110468897637795
20
2.1036553149606299
11
0.7140766141732283
21
2.1059233464566929
0
LINE
8
BLACK
6
CONTINUOUS
10
0.7140766141732283
20
2.1059233464566929
11
0.7157744488188976
21
2.1081913779527559
0
LINE
8
BLACK
6
CONTINUOUS
10
0.7157744488188976
20
2.1081913779527559
11
0.7174722834645669
21
2.1104594094488189
0
LINE
8
BLACK
6
CONTINUOUS
10
0.7174722834645669
20
2.1104594094488189
11
0.7174722834645669
21
2.1104594881889764
0
LINE
8
BLACK
6
CONTINUOUS
10
0.7174722834645669
20
2.1104594881889764
11
0.7174723622047244
21
2.1104595669291339
0
LINE
8
BLACK
6
CONTINUOUS
10
0.7174723622047244
20
2.1104595669291339
11
0.7194523622047244
21
2.115768307086614
0
LINE
8
BLACK
6
CONTINUOUS
10
0.7194523622047244
20
2.115768307086614
11
0.7194524015748032
21
2.1157683858267715
0
LINE
8
BLACK
6
CONTINUOUS
10
0.7194524015748032
20
2.1157683858267715
11
0.7197047244094488
21
2.1181152362204725
0
LINE
8
BLACK
6
CONTINUOUS
10
0.7197047244094488
20
2.1181152362204725
11
0.71970468503937
21
2.1818847244094486
0
LINE
8
BLACK
6
CONTINUOUS
10
0.71970468503937
20
2.1818847244094486
11
0.7194524015748032
21
2.1842316141732283
0
LINE
8
BLACK
6
CONTINUOUS
10
0.7194524015748032
20
2.1842316141732283
11
0.7175051968503937
21
2.1894523622047242
0
LINE
8
BLACK
6
CONTINUOUS
10
0.7175051968503937
20
2.1894523622047242
11
0.7174723622047244
21
2.1895403937007876
0
LINE
8
BLACK
6
CONTINUOUS
10
0.7174723622047244
20
2.1895403937007876
11
0.7174723228346457
21
2.1895403937007876
0
LINE
8
BLACK
6
CONTINUOUS
10
0.7174723228346457
20
2.1895403937007876
11
0.7174722834645669
21
2.1895405905511809
0
LINE
8
BLACK
6
CONTINUOUS
10
0.7174722834645669
20
2.1895405905511809
11
0.7140766141732283
21
2.1940766141732282
0
LINE
8
BLACK
6
CONTINUOUS
10
0.7140766141732283
20
2.1940766141732282
11
0.7114687401574803
21
2.1960288582677165
0
LINE
8
BLACK
6
CONTINUOUS
10
0.7114687401574803
20
2.1960288582677165
11
0.7097937007874016
21
2.1982664566929135
0
LINE
8
BLACK
6
CONTINUOUS
10
0.7097937007874016
20
2.1982664566929135
11
0.7095943307086614
21
2.2010544488188977
0
LINE
8
BLACK
6
CONTINUOUS
10
0.7095943307086614
20
2.2010544488188977
11
0.7109338976377952
21
2.2035076771653541
0
LINE
8
BLACK
6
CONTINUOUS
10
0.7109338976377952
20
2.2035076771653541
11
0.7114685826771653
21
2.2039709842519684
0
LINE
8
BLACK
6
CONTINUOUS
10
0.7114685826771653
20
2.2039709842519684
11
0.7140766141732283
21
2.2059233858267717
0
LINE
8
BLACK
6
CONTINUOUS
10
0.7140766141732283
20
2.2059233858267717
11
0.7174722834645669
21
2.210459409448819
0
LINE
8
BLACK
6
CONTINUOUS
10
0.7174722834645669
20
2.210459409448819
11
0.7174722834645669
21
2.2104594881889765
0
LINE
8
BLACK
6
CONTINUOUS
10
0.7174722834645669
20
2.2104594881889765
11
0.7174723622047244
21
2.2104595669291336
0
LINE
8
BLACK
6
CONTINUOUS
10
0.7174723622047244
20
2.2104595669291336
11
0.7187923622047244
21
2.2139987007874016
0
LINE
8
BLACK
6
CONTINUOUS
10
0.7187923622047244
20
2.2139987007874016
11
0.7194524015748032
21
2.2157683858267716
0
LINE
8
BLACK
6
CONTINUOUS
10
0.7194524015748032
20
2.2157683858267716
11
0.7197047244094488
21
2.2181152362204726
0
LINE
8
BLACK
6
CONTINUOUS
10
0.7197047244094488
20
2.2181152362204726
11
0.71970468503937
21
2.2818847244094487
0
LINE
8
BLACK
6
CONTINUOUS
10
0.71970468503937
20
2.2818847244094487
11
0.7194524015748032
21
2.2842316141732284
0
LINE
8
BLACK
6
CONTINUOUS
10
0.7194524015748032
20
2.2842316141732284
11
0.7175051968503937
21
2.2894523622047243
0
LINE
8
BLACK
6
CONTINUOUS
10
0.7175051968503937
20
2.2894523622047243
11
0.7174723622047244
21
2.2895403937007872
0
LINE
8
BLACK
6
CONTINUOUS
10
0.7174723622047244
20
2.2895403937007872
11
0.7174723228346457
21
2.2895403937007872
0
LINE
8
BLACK
6
CONTINUOUS
10
0.7174723228346457
20
2.2895403937007872
11
0.7174722834645669
21
2.289540590551181
0
LINE
8
BLACK
6
CONTINUOUS
10
0.7174722834645669
20
2.289540590551181
11
0.7140766141732283
21
2.2940766141732283
0
LINE
8
BLACK
6
CONTINUOUS
10
0.7140766141732283
20
2.2940766141732283
11
0.7095405905511811
21
2.2974722834645669
0
LINE
8
BLACK
6
CONTINUOUS
10
0.7095405905511811
20
2.2974722834645669
11
0.7042316141732283
21
2.2994524015748032
0
LINE
8
BLACK
6
CONTINUOUS
10
0.7042316141732283
20
2.2994524015748032
11
0.7018847637795276
21
2.2997047244094486
0
LINE
8
BLACK
6
CONTINUOUS
10
0.7018847637795276
20
2.2997047244094486
11
0.6381152755905511
21
2.2997046850393699
0
LINE
8
BLACK
6
CONTINUOUS
10
0.6381152755905511
20
2.2997046850393699
11
0.6357683858267716
21
2.2994524015748032
0
LINE
8
BLACK
6
CONTINUOUS
10
0.6357683858267716
20
2.2994524015748032
11
0.6340499212598425
21
2.2988114566929134
0
LINE
8
BLACK
6
CONTINUOUS
10
0.6340499212598425
20
2.2988114566929134
11
0.6304595669291339
21
2.2974723622047244
0
LINE
8
BLACK
6
CONTINUOUS
10
0.6304595669291339
20
2.2974723622047244
11
0.6304594881889763
21
2.2974722834645669
0
LINE
8
BLACK
6
CONTINUOUS
10
0.6304594881889763
20
2.2974722834645669
11
0.6304594094488188
21
2.2974722834645669
0
LINE
8
BLACK
6
CONTINUOUS
10
0.6304594094488188
20
2.2974722834645669
11
0.6259233858267716
21
2.2940766141732283
0
LINE
8
BLACK
6
CONTINUOUS
10
0.6259233858267716
20
2.2940766141732283
11
0.6239711023622047
21
2.2914687401574803
0
LINE
8
BLACK
6
CONTINUOUS
10
0.6239711023622047
20
2.2914687401574803
11
0.6217335433070866
21
2.2897937007874014
0
LINE
8
BLACK
6
CONTINUOUS
10
0.6217335433070866
20
2.2897937007874014
11
0.6189455511811024
21
2.2895943307086615
0
LINE
8
BLACK
6
CONTINUOUS
10
0.6189455511811024
20
2.2895943307086615
11
0.6164923228346456
21
2.2909338976377951
0
LINE
8
BLACK
6
CONTINUOUS
10
0.6164923228346456
20
2.2909338976377951
11
0.6160289763779527
21
2.2914685826771652
0
LINE
8
BLACK
6
CONTINUOUS
10
0.6160289763779527
20
2.2914685826771652
11
0.6140766141732283
21
2.2940766141732283
0
LINE
8
BLACK
6
CONTINUOUS
10
0.6140766141732283
20
2.2940766141732283
11
0.609540590551181
21
2.2974722834645669
0
LINE
8
BLACK
6
CONTINUOUS
10
0.609540590551181
20
2.2974722834645669
11
0.6042316141732283
21
2.2994524015748032
0
LINE
8
BLACK
6
CONTINUOUS
10
0.6042316141732283
20
2.2994524015748032
11
0.6018847637795276
21
2.2997047244094486
0
LINE
8
BLACK
6
CONTINUOUS
10
0.6018847637795276
20
2.2997047244094486
11
0.5381152755905512
21
2.2997046850393699
0
LINE
8
BLACK
6
CONTINUOUS
10
0.5381152755905512
20
2.2997046850393699
11
0.5357683858267717
21
2.2994524015748032
0
LINE
8
BLACK
6
CONTINUOUS
10
0.5357683858267717
20
2.2994524015748032
11
0.5340499212598425
21
2.2988114566929134
0
LINE
8
BLACK
6
CONTINUOUS
10
0.5340499212598425
20
2.2988114566929134
11
0.5304595669291339
21
2.2974723622047244
0
LINE
8
BLACK
6
CONTINUOUS
10
0.5304595669291339
20
2.2974723622047244
11
0.5304594881889764
21
2.2974722834645669
0
LINE
8
BLACK
6
CONTINUOUS
10
0.5304594881889764
20
2.2974722834645669
11
0.5304594094488189
21
2.2974722834645669
0
LINE
8
BLACK
6
CONTINUOUS
10
0.5304594094488189
20
2.2974722834645669
11
0.5281913779527559
21
2.2957744488188978
0
LINE
8
BLACK
6
CONTINUOUS
10
0.5281913779527559
20
2.2957744488188978
11
0.5259233464566929
21
2.2940766141732283
0
LINE
8
BLACK
6
CONTINUOUS
10
0.5259233464566929
20
2.2940766141732283
11
0.5239711417322834
21
2.291468779527559
0
LINE
8
BLACK
6
CONTINUOUS
10
0.5239711417322834
20
2.291468779527559
11
0.5226505905511811
21
2.2897046850393701
0
LINE
8
BLACK
6
CONTINUOUS
10
0.5226505905511811
20
2.2897046850393701
11
0.5225276771653543
21
2.2895405118110235
0
LINE
8
BLACK
6
CONTINUOUS
10
0.5225276771653543
20
2.2895405118110235
11
0.5225275984251968
21
2.2895403937007872
0
LINE
8
BLACK
6
CONTINUOUS
10
0.5225275984251968
20
2.2895403937007872
11
0.5205475984251968
21
2.2842316535433072
0
LINE
8
BLACK
6
CONTINUOUS
10
0.5205475984251968
20
2.2842316535433072
11
0.5202952755905512
21
2.2818849606299212
0
LINE
8
BLACK
6
CONTINUOUS
10
0.5202952755905512
20
2.2818849606299212
11
0.5202952755905512
21
2.2181155511811022
0
LINE
8
BLACK
6
CONTINUOUS
10
0.9178937007874015
20
2.1955056299212599
11
0.919166062992126
21
2.187472283464567
0
LINE
8
BLACK
6
CONTINUOUS
10
0.919166062992126
20
2.187472283464567
11
0.9192998818897637
21
2.1866274015748033
0
LINE
8
BLACK
6
CONTINUOUS
10
0.9192998818897637
20
2.1866274015748033
11
0.9220775196850394
21
2.1780787795275591
0
LINE
8
BLACK
6
CONTINUOUS
10
0.9220775196850394
20
2.1780787795275591
11
0.9220775590551181
21
2.1780787007874016
0
LINE
8
BLACK
6
CONTINUOUS
10
0.9220775590551181
20
2.1780787007874016
11
0.9261583858267717
21
2.1700696062992124
0
LINE
8
BLACK
6
CONTINUOUS
10
0.9261583858267717
20
2.1700696062992124
11
0.931441811023622
21
2.1627976377952756
0
LINE
8
BLACK
6
CONTINUOUS
10
0.931441811023622
20
2.1627976377952756
11
0.9377976377952756
21
2.1564418110236221
0
LINE
8
BLACK
6
CONTINUOUS
10
0.9377976377952756
20
2.1564418110236221
11
0.9450696062992126
21
2.1511583858267715
0
LINE
8
BLACK
6
CONTINUOUS
10
0.9450696062992126
20
2.1511583858267715
11
0.9530787007874015
21
2.1470775590551181
0
LINE
8
BLACK
6
CONTINUOUS
10
0.9530787007874015
20
2.1470775590551181
11
0.953078779527559
21
2.1470775196850393
0
LINE
8
BLACK
6
CONTINUOUS
10
0.953078779527559
20
2.1470775196850393
11
0.9616274015748031
21
2.1442998818897636
0
LINE
8
BLACK
6
CONTINUOUS
10
0.9616274015748031
20
2.1442998818897636
11
0.9616274409448818
21
2.1442998425196849
0
LINE
8
BLACK
6
CONTINUOUS
10
0.9616274409448818
20
2.1442998425196849
11
0.9616275590551181
21
2.1442998425196849
0
LINE
8
BLACK
6
CONTINUOUS
10
0.9616275590551181
20
2.1442998425196849
11
0.9705056299212598
21
2.1428937007874014
0
LINE
8
BLACK
6
CONTINUOUS
10
0.9705056299212598
20
2.1428937007874014
11
0.970505748031496
21
2.1428937007874014
0
LINE
8
BLACK
6
CONTINUOUS
10
0.970505748031496
20
2.1428937007874014
11
0.9794942519685039
21
2.1428937007874014
0
LINE
8
BLACK
6
CONTINUOUS
10
0.9794942519685039
20
2.1428937007874014
11
0.9794943700787402
21
2.1428937007874014
0
LINE
8
BLACK
6
CONTINUOUS
10
0.9794943700787402
20
2.1428937007874014
11
0.9883724409448819
21
2.1442998425196849
0
LINE
8
BLACK
6
CONTINUOUS
10
0.9883724409448819
20
2.1442998425196849
11
0.9969212204724409
21
2.1470775196850393
0
LINE
8
BLACK
6
CONTINUOUS
10
0.9969212204724409
20
2.1470775196850393
11
1.0049302362204724
21
2.151158307086614
0
LINE
8
BLACK
6
CONTINUOUS
10
1.0049302362204724
20
2.151158307086614
11
1.0049303543307087
21
2.1511583858267715
0
LINE
8
BLACK
6
CONTINUOUS
10
1.0049303543307087
20
2.1511583858267715
11
1.0122023228346457
21
2.1564418110236221
0
LINE
8
BLACK
6
CONTINUOUS
10
1.0122023228346457
20
2.1564418110236221
11
1.0185581496062992
21
2.1627976377952756
0
LINE
8
BLACK
6
CONTINUOUS
10
1.0185581496062992
20
2.1627976377952756
11
1.0220290944881889
21
2.1675749606299211
0
LINE
8
BLACK
6
CONTINUOUS
10
1.0220290944881889
20
2.1675749606299211
11
1.0238416929133858
21
2.1700697637795274
0
LINE
8
BLACK
6
CONTINUOUS
10
1.0238416929133858
20
2.1700697637795274
11
1.0279224803149607
21
2.1780787795275591
0
LINE
8
BLACK
6
CONTINUOUS
10
1.0279224803149607
20
2.1780787795275591
11
1.030700157480315
21
2.1866275590551179
0
LINE
8
BLACK
6
CONTINUOUS
10
1.030700157480315
20
2.1866275590551179
11
1.0321062992125984
21
2.1955056299212599
0
LINE
8
BLACK
6
CONTINUOUS
10
1.0321062992125984
20
2.1955056299212599
11
1.0321062992125984
21
2.2044943700787401
0
LINE
8
BLACK
6
CONTINUOUS
10
1.0321062992125984
20
2.2044943700787401
11
1.030700157480315
21
2.2133724409448821
0
LINE
8
BLACK
6
CONTINUOUS
10
1.030700157480315
20
2.2133724409448821
11
1.0279224803149607
21
2.2219212204724408
0
LINE
8
BLACK
6
CONTINUOUS
10
1.0279224803149607
20
2.2219212204724408
11
1.0238416929133858
21
2.2299302362204725
0
LINE
8
BLACK
6
CONTINUOUS
10
1.0238416929133858
20
2.2299302362204725
11
1.0185582283464567
21
2.2372022440944881
0
LINE
8
BLACK
6
CONTINUOUS
10
1.0185582283464567
20
2.2372022440944881
11
1.0122022440944882
21
2.2435582283464566
0
LINE
8
BLACK
6
CONTINUOUS
10
1.0122022440944882
20
2.2435582283464566
11
1.0049302362204724
21
2.2488416929133859
0
LINE
8
BLACK
6
CONTINUOUS
10
1.0049302362204724
20
2.2488416929133859
11
0.9969212204724409
21
2.2529224803149606
0
LINE
8
BLACK
6
CONTINUOUS
10
0.9969212204724409
20
2.2529224803149606
11
0.9883724409448819
21
2.255700157480315
0
LINE
8
BLACK
6
CONTINUOUS
10
0.9883724409448819
20
2.255700157480315
11
0.9794943700787402
21
2.2571062992125985
0
LINE
8
BLACK
6
CONTINUOUS
10
0.9794943700787402
20
2.2571062992125985
11
0.9705056299212598
21
2.2571062992125985
0
LINE
8
BLACK
6
CONTINUOUS
10
0.9705056299212598
20
2.2571062992125985
11
0.9616275590551181
21
2.255700157480315
0
LINE
8
BLACK
6
CONTINUOUS
10
0.9616275590551181
20
2.255700157480315
11
0.953078779527559
21
2.2529224803149606
0
LINE
8
BLACK
6
CONTINUOUS
10
0.953078779527559
20
2.2529224803149606
11
0.9450697637795276
21
2.2488416929133859
0
LINE
8
BLACK
6
CONTINUOUS
10
0.9450697637795276
20
2.2488416929133859
11
0.9450696062992126
21
2.2488415748031496
0
LINE
8
BLACK
6
CONTINUOUS
10
0.9450696062992126
20
2.2488415748031496
11
0.9377976377952756
21
2.2435581496062991
0
LINE
8
BLACK
6
CONTINUOUS
10
0.9377976377952756
20
2.2435581496062991
11
0.931441811023622
21
2.2372023228346456
0
LINE
8
BLACK
6
CONTINUOUS
10
0.931441811023622
20
2.2372023228346456
11
0.9267638976377952
21
2.230763779527559
0
LINE
8
BLACK
6
CONTINUOUS
10
0.9267638976377952
20
2.230763779527559
11
0.9261583070866142
21
2.2299302362204725
0
LINE
8
BLACK
6
CONTINUOUS
10
0.9261583070866142
20
2.2299302362204725
11
0.9220775196850394
21
2.2219212204724408
0
LINE
8
BLACK
6
CONTINUOUS
10
0.9220775196850394
20
2.2219212204724408
11
0.919299842519685
21
2.2133724409448821
0
LINE
8
BLACK
6
CONTINUOUS
10
0.919299842519685
20
2.2133724409448821
11
0.9178937007874015
21
2.2044943700787401
0
LINE
8
BLACK
6
CONTINUOUS
10
0.9178937007874015
20
2.2044943700787401
11
0.9178937007874015
21
2.1955056299212599
0
LINE
8
BLACK
6
CONTINUOUS
10
0.2490748031496063
20
1.5161811023622047
11
0.1902782677165354
21
1.5161811023622047
0
LINE
8
BLACK
6
CONTINUOUS
10
0.1902782677165354
20
1.5161811023622047
11
0.1903543307086614
21
1.4378346456692912
0
LINE
8
BLACK
6
CONTINUOUS
10
0.1903543307086614
20
1.4378346456692912
11
0.1902044488188976
21
1.4355478740157479
0
LINE
8
BLACK
6
CONTINUOUS
10
0.1902044488188976
20
1.4355478740157479
11
0.1890207086614173
21
1.431130157480315
0
LINE
8
BLACK
6
CONTINUOUS
10
0.1890207086614173
20
1.431130157480315
11
0.186733937007874
21
1.4271693307086615
0
LINE
8
BLACK
6
CONTINUOUS
10
0.186733937007874
20
1.4271693307086615
11
0.0699719291338583
21
1.3102039763779527
0
LINE
8
BLACK
6
CONTINUOUS
10
0.0699719291338583
20
1.3102039763779527
11
0.0701181102362205
21
0.6494567322834646
0
LINE
8
BLACK
6
CONTINUOUS
10
0.0701181102362205
20
0.6494567322834646
11
0.1998979527559055
21
0.5198711417322834
0
LINE
8
BLACK
6
CONTINUOUS
10
0.1998979527559055
20
0.5198711417322834
11
1.2603785039370079
21
0.5200186614173228
0
LINE
8
BLACK
6
CONTINUOUS
10
1.2603785039370079
20
0.5200186614173228
11
1.2726117322834645
21
0.5323883070866141
0
LINE
8
BLACK
6
CONTINUOUS
10
1.2726117322834645
20
0.5323883070866141
11
1.2733483858267716
21
0.5330343307086614
0
LINE
8
BLACK
6
CONTINUOUS
10
1.2733483858267716
20
0.5330343307086614
11
1.2735270472440945
21
0.5332405118110236
0
LINE
8
BLACK
6
CONTINUOUS
10
1.2735270472440945
20
0.5332405118110236
11
1.2737382677165354
21
0.5333762598425197
0
LINE
8
BLACK
6
CONTINUOUS
10
1.2737382677165354
20
0.5333762598425197
11
1.27433468503937
21
0.5338992913385827
0
LINE
8
BLACK
6
CONTINUOUS
10
1.27433468503937
20
0.5338992913385827
11
1.276474409448819
21
0.5351346456692914
0
LINE
8
BLACK
6
CONTINUOUS
10
1.276474409448819
20
0.5351346456692914
11
1.2777220472440944
21
0.5359364566929133
0
LINE
8
BLACK
6
CONTINUOUS
10
1.2777220472440944
20
0.5359364566929133
11
1.2780092125984253
21
0.536020748031496
0
LINE
8
BLACK
6
CONTINUOUS
10
1.2780092125984253
20
0.536020748031496
11
1.2782955118110235
21
0.536186062992126
0
LINE
8
BLACK
6
CONTINUOUS
10
1.2782955118110235
20
0.536186062992126
11
1.2814584645669291
21
0.5370335826771654
0
LINE
8
BLACK
6
CONTINUOUS
10
1.2814584645669291
20
0.5370335826771654
11
1.2825066929133857
21
0.5373413779527559
0
LINE
8
BLACK
6
CONTINUOUS
10
1.2825066929133857
20
0.5373413779527559
11
1.282607125984252
21
0.5373413779527559
0
LINE
8
BLACK
6
CONTINUOUS
10
1.282607125984252
20
0.5373413779527559
11
1.2827132283464566
21
0.5373698031496063
0
LINE
8
BLACK
6
CONTINUOUS
10
1.2827132283464566
20
0.5373698031496063
11
1.2872867716535432
21
0.5373698031496063
0
LINE
8
BLACK
6
CONTINUOUS
10
1.2872867716535432
20
0.5373698031496063
11
1.2873928740157481
21
0.5373413779527559
0
LINE
8
BLACK
6
CONTINUOUS
10
1.2873928740157481
20
0.5373413779527559
11
1.2874933070866141
21
0.5373413779527559
0
LINE
8
BLACK
6
CONTINUOUS
10
1.2874933070866141
20
0.5373413779527559
11
1.2885414960629922
21
0.5370335826771654
0
LINE
8
BLACK
6
CONTINUOUS
10
1.2885414960629922
20
0.5370335826771654
11
1.2917044881889763
21
0.536186062992126
0
LINE
8
BLACK
6
CONTINUOUS
10
1.2917044881889763
20
0.536186062992126
11
1.2919907480314961
21
0.536020748031496
0
LINE
8
BLACK
6
CONTINUOUS
10
1.2919907480314961
20
0.536020748031496
11
1.2922779527559054
21
0.5359364566929133
0
LINE
8
BLACK
6
CONTINUOUS
10
1.2922779527559054
20
0.5359364566929133
11
1.2935255511811024
21
0.5351346456692914
0
LINE
8
BLACK
6
CONTINUOUS
10
1.2935255511811024
20
0.5351346456692914
11
1.2956653149606299
21
0.5338992913385827
0
LINE
8
BLACK
6
CONTINUOUS
10
1.2956653149606299
20
0.5338992913385827
11
1.2960563779527559
21
0.533508188976378
0
LINE
8
BLACK
6
CONTINUOUS
10
1.2960563779527559
20
0.533508188976378
11
1.2964729527559056
21
0.5332405118110236
0
LINE
8
BLACK
6
CONTINUOUS
10
1.2964729527559056
20
0.5332405118110236
11
1.2974391338582676
21
0.5321254330708661
0
LINE
8
BLACK
6
CONTINUOUS
10
1.2974391338582676
20
0.5321254330708661
11
1.2988992913385826
21
0.53066531496063
0
LINE
8
BLACK
6
CONTINUOUS
10
1.2988992913385826
20
0.53066531496063
11
1.2992884645669291
21
0.5299911811023622
0
LINE
8
BLACK
6
CONTINUOUS
10
1.2992884645669291
20
0.5299911811023622
11
1.2997385039370077
21
0.5294718503937008
0
LINE
8
BLACK
6
CONTINUOUS
10
1.2997385039370077
20
0.5294718503937008
11
1.300306811023622
21
0.5282273228346457
0
LINE
8
BLACK
6
CONTINUOUS
10
1.300306811023622
20
0.5282273228346457
11
1.3011860629921259
21
0.5267044881889764
0
LINE
8
BLACK
6
CONTINUOUS
10
1.3011860629921259
20
0.5267044881889764
11
1.3014469291338582
21
0.5257307874015748
0
LINE
8
BLACK
6
CONTINUOUS
10
1.3014469291338582
20
0.5257307874015748
11
1.3018099999999999
21
0.5249358661417323
0
LINE
8
BLACK
6
CONTINUOUS
10
1.3018099999999999
20
0.5249358661417323
11
1.3019837007874016
21
0.5237275984251968
0
LINE
8
BLACK
6
CONTINUOUS
10
1.3019837007874016
20
0.5237275984251968
11
1.3023698031496063
21
0.5222867716535433
0
LINE
8
BLACK
6
CONTINUOUS
10
1.3023698031496063
20
0.5222867716535433
11
1.3023698031496063
21
0.5210424015748031
0
LINE
8
BLACK
6
CONTINUOUS
10
1.3023698031496063
20
0.5210424015748031
11
1.3025196850393701
21
0.52
0
LINE
8
BLACK
6
CONTINUOUS
10
1.3025196850393701
20
0.52
11
1.3023698031496063
21
0.5189575590551181
0
LINE
8
BLACK
6
CONTINUOUS
10
1.3023698031496063
20
0.5189575590551181
11
1.3023698031496063
21
0.5177132283464567
0
LINE
8
BLACK
6
CONTINUOUS
10
1.3023698031496063
20
0.5177132283464567
11
1.3019837007874016
21
0.5162723622047244
0
LINE
8
BLACK
6
CONTINUOUS
10
1.3019837007874016
20
0.5162723622047244
11
1.3018099999999999
21
0.5150641338582677
0
LINE
8
BLACK
6
CONTINUOUS
10
1.3018099999999999
20
0.5150641338582677
11
1.3014469291338582
21
0.5142691732283464
0
LINE
8
BLACK
6
CONTINUOUS
10
1.3014469291338582
20
0.5142691732283464
11
1.3011860629921259
21
0.5132955118110236
0
LINE
8
BLACK
6
CONTINUOUS
10
1.3011860629921259
20
0.5132955118110236
11
1.300306811023622
21
0.5117726377952756
0
LINE
8
BLACK
6
CONTINUOUS
10
1.300306811023622
20
0.5117726377952756
11
1.2997385039370077
21
0.5105281496062992
0
LINE
8
BLACK
6
CONTINUOUS
10
1.2997385039370077
20
0.5105281496062992
11
1.2992884645669291
21
0.5100087795275591
0
LINE
8
BLACK
6
CONTINUOUS
10
1.2992884645669291
20
0.5100087795275591
11
1.2988992913385826
21
0.5093346850393701
0
LINE
8
BLACK
6
CONTINUOUS
10
1.2988992913385826
20
0.5093346850393701
11
1.2973251968503936
21
0.507743031496063
0
LINE
8
BLACK
6
CONTINUOUS
10
1.2973251968503936
20
0.507743031496063
11
1.2964729527559056
21
0.5067594881889763
0
LINE
8
BLACK
6
CONTINUOUS
10
1.2964729527559056
20
0.5067594881889763
11
1.2961424015748031
21
0.5065470472440945
0
LINE
8
BLACK
6
CONTINUOUS
10
1.2961424015748031
20
0.5065470472440945
11
1.2798883070866141
21
0.4901116929133858
0
LINE
8
BLACK
6
CONTINUOUS
10
1.2798883070866141
20
0.4901116929133858
11
1.2781653149606298
21
0.4886007086614173
0
LINE
8
BLACK
6
CONTINUOUS
10
1.2781653149606298
20
0.4886007086614173
11
1.2742044881889762
21
0.486313937007874
0
LINE
8
BLACK
6
CONTINUOUS
10
1.2742044881889762
20
0.486313937007874
11
1.2697867716535434
21
0.4851301968503937
0
LINE
8
BLACK
6
CONTINUOUS
10
1.2697867716535434
20
0.4851301968503937
11
0.1925
21
0.4849803149606299
0
LINE
8
BLACK
6
CONTINUOUS
10
0.1925
20
0.4849803149606299
11
0.1902132283464567
21
0.4851301968503937
0
LINE
8
BLACK
6
CONTINUOUS
10
0.1902132283464567
20
0.4851301968503937
11
0.1857955118110236
21
0.486313937007874
0
LINE
8
BLACK
6
CONTINUOUS
10
0.1857955118110236
20
0.486313937007874
11
0.1818346850393701
21
0.4886007086614173
0
LINE
8
BLACK
6
CONTINUOUS
10
0.1818346850393701
20
0.4886007086614173
11
0.0402116929133858
21
0.6300116929133858
0
LINE
8
BLACK
6
CONTINUOUS
10
0.0402116929133858
20
0.6300116929133858
11
0.0387007086614173
21
0.63173468503937
0
LINE
8
BLACK
6
CONTINUOUS
10
0.0387007086614173
20
0.63173468503937
11
0.036413937007874
21
0.6356955118110236
0
LINE
8
BLACK
6
CONTINUOUS
10
0.036413937007874
20
0.6356955118110236
11
0.0352301968503937
21
0.6401132283464567
0
LINE
8
BLACK
6
CONTINUOUS
10
0.0352301968503937
20
0.6401132283464567
11
0.0350803149606299
21
1.3175999999999999
0
LINE
8
BLACK
6
CONTINUOUS
10
0.0350803149606299
20
1.3175999999999999
11
0.0352301968503937
21
1.3198867716535432
0
LINE
8
BLACK
6
CONTINUOUS
10
0.0352301968503937
20
1.3198867716535432
11
0.036413937007874
21
1.3243044881889763
0
LINE
8
BLACK
6
CONTINUOUS
10
0.036413937007874
20
1.3243044881889763
11
0.0387007086614173
21
1.3282653149606298
0
LINE
8
BLACK
6
CONTINUOUS
10
0.0387007086614173
20
1.3282653149606298
11
0.1554554330708662
21
1.4452233070866141
0
LINE
8
BLACK
6
CONTINUOUS
10
0.1554554330708662
20
1.4452233070866141
11
0.1553865748031496
21
1.5161811023622047
0
LINE
8
BLACK
6
CONTINUOUS
10
0.1553865748031496
20
1.5161811023622047
11
0.0915944881889764
21
1.5161811023622047
0
LINE
8
BLACK
6
CONTINUOUS
10
0.0915944881889764
20
1.5161811023622047
11
0.0915944881889764
21
1.6736614173228346
0
LINE
8
BLACK
6
CONTINUOUS
10
0.0915944881889764
20
1.6736614173228346
11
0.2490748031496063
21
1.6736614173228346
0
LINE
8
BLACK
6
CONTINUOUS
10
0.2490748031496063
20
1.6736614173228346
11
0.2490748031496063
21
1.5161811023622047
0
LINE
8
BLACK
6
CONTINUOUS
10
3.1177212992125982
20
1.6992125196850394
11
3.1195517322834645
21
1.6971000787401573
0
LINE
8
BLACK
6
CONTINUOUS
10
3.1195517322834645
20
1.6971000787401573
11
3.1200000000000001
21
1.6950393700787401
0
LINE
8
BLACK
6
CONTINUOUS
10
3.1200000000000001
20
1.6950393700787401
11
3.1200000000000001
21
1.5149606299212599
0
LINE
8
BLACK
6
CONTINUOUS
10
3.1200000000000001
20
1.5149606299212599
11
3.1192125196850391
21
1.5122787007874015
0
LINE
8
BLACK
6
CONTINUOUS
10
3.1192125196850391
20
1.5122787007874015
11
3.1171000787401573
21
1.5104482677165354
0
LINE
8
BLACK
6
CONTINUOUS
10
3.1171000787401573
20
1.5104482677165354
11
3.11503937007874
21
1.51
0
LINE
8
BLACK
6
CONTINUOUS
10
3.11503937007874
20
1.51
11
1.6699999999999999
21
1.51
0
LINE
8
BLACK
6
CONTINUOUS
10
1.6699999999999999
20
1.51
11
1.6699999999999999
21
0.9949606299212598
0
LINE
8
BLACK
6
CONTINUOUS
10
1.6699999999999999
20
0.9949606299212598
11
1.6692125196850394
21
0.9922787007874015
0
LINE
8
BLACK
6
CONTINUOUS
10
1.6692125196850394
20
0.9922787007874015
11
1.6671000787401575
21
0.9904482677165354
0
LINE
8
BLACK
6
CONTINUOUS
10
1.6671000787401575
20
0.9904482677165354
11
1.66503937007874
21
0.99
0
LINE
8
BLACK
6
CONTINUOUS
10
1.66503937007874
20
0.99
11
0.89
21
0.99
0
LINE
8
BLACK
6
CONTINUOUS
10
0.89
20
0.99
11
0.8899999212598425
21
0.9899999606299212
0
LINE
8
BLACK
6
CONTINUOUS
10
0.8899999212598425
20
0.9899999606299212
11
0.6314529527559055
21
0.7314529527559055
0
LINE
8
BLACK
6
CONTINUOUS
10
0.6314529527559055
20
0.7314529527559055
11
0.6289997244094488
21
0.7301133464566929
0
LINE
8
BLACK
6
CONTINUOUS
10
0.6289997244094488
20
0.7301133464566929
11
0.6279452755905511
21
0.73
0
LINE
8
BLACK
6
CONTINUOUS
10
0.6279452755905511
20
0.73
11
0.0949606299212598
21
0.73
0
LINE
8
BLACK
6
CONTINUOUS
10
0.0949606299212598
20
0.73
11
0.0922787007874016
21
0.7307874803149607
0
LINE
8
BLACK
6
CONTINUOUS
10
0.0922787007874016
20
0.7307874803149607
11
0.0904482677165354
21
0.7328999212598425
0
LINE
8
BLACK
6
CONTINUOUS
10
0.0904482677165354
20
0.7328999212598425
11
0.09
21
0.7349606299212599
0
LINE
8
BLACK
6
CONTINUOUS
10
0.09
20
0.7349606299212599
11
0.09
21
0.9100393700787401
0
LINE
8
BLACK
6
CONTINUOUS
10
0.09
20
0.9100393700787401
11
0.0907874803149606
21
0.9127212992125984
0
LINE
8
BLACK
6
CONTINUOUS
10
0.0907874803149606
20
0.9127212992125984
11
0.0915944881889764
21
0.9134205511811023
0
LINE
8
BLACK
6
CONTINUOUS
10
0.0915944881889764
20
0.9134205511811023
11
0.0915944881889764
21
0.9138188976377952
0
LINE
8
BLACK
6
CONTINUOUS
10
0.0915944881889764
20
0.9138188976377952
11
0.0920541732283465
21
0.9138188976377952
0
LINE
8
BLACK
6
CONTINUOUS
10
0.0920541732283465
20
0.9138188976377952
11
0.0928999212598425
21
0.9145517322834645
0
LINE
8
BLACK
6
CONTINUOUS
10
0.0928999212598425
20
0.9145517322834645
11
0.0949606299212598
21
0.9149999999999999
0
LINE
8
BLACK
6
CONTINUOUS
10
0.0949606299212598
20
0.9149999999999999
11
0.5900000393700787
21
0.9149999999999999
0
LINE
8
BLACK
6
CONTINUOUS
10
0.5900000393700787
20
0.9149999999999999
11
0.8585470472440945
21
1.1835470472440945
0
LINE
8
BLACK
6
CONTINUOUS
10
0.8585470472440945
20
1.1835470472440945
11
0.8610002755905511
21
1.1848866535433071
0
LINE
8
BLACK
6
CONTINUOUS
10
0.8610002755905511
20
1.1848866535433071
11
0.8620547244094487
21
1.1850000000000001
0
LINE
8
BLACK
6
CONTINUOUS
10
0.8620547244094487
20
1.1850000000000001
11
1.48
21
1.1850000000000001
0
LINE
8
BLACK
6
CONTINUOUS
10
1.48
20
1.1850000000000001
11
1.48
21
1.2030000393700788
0
LINE
8
BLACK
6
CONTINUOUS
10
1.48
20
1.2030000393700788
11
1.4807874803149605
21
1.2056819685039371
0
LINE
8
BLACK
6
CONTINUOUS
10
1.4807874803149605
20
1.2056819685039371
11
1.4812965354330709
21
1.2063136614173229
0
LINE
8
BLACK
6
CONTINUOUS
10
1.4812965354330709
20
1.2063136614173229
11
1.481294409448819
21
1.2063154330708661
0
LINE
8
BLACK
6
CONTINUOUS
10
1.481294409448819
20
1.2063154330708661
11
1.4861006299212598
21
1.2121718110236219
0
LINE
8
BLACK
6
CONTINUOUS
10
1.4861006299212598
20
1.2121718110236219
11
1.4861007086614173
21
1.2121719291338582
0
LINE
8
BLACK
6
CONTINUOUS
10
1.4861007086614173
20
1.2121719291338582
11
1.489557283464567
21
1.2186386614173228
0
LINE
8
BLACK
6
CONTINUOUS
10
1.489557283464567
20
1.2186386614173228
11
1.4916858267716535
21
1.2256555118110235
0
LINE
8
BLACK
6
CONTINUOUS
10
1.4916858267716535
20
1.2256555118110235
11
1.4916858661417323
21
1.2256558267716535
0
LINE
8
BLACK
6
CONTINUOUS
10
1.4916858661417323
20
1.2256558267716535
11
1.4924045275590552
21
1.2329525984251968
0
LINE
8
BLACK
6
CONTINUOUS
10
1.4924045275590552
20
1.2329525984251968
11
1.4924045275590552
21
1.232952874015748
0
LINE
8
BLACK
6
CONTINUOUS
10
1.4924045275590552
20
1.232952874015748
11
1.4916858661417323
21
1.2402496456692913
0
LINE
8
BLACK
6
CONTINUOUS
10
1.4916858661417323
20
1.2402496456692913
11
1.4916858267716535
21
1.2402496456692913
0
LINE
8
BLACK
6
CONTINUOUS
10
1.4916858267716535
20
1.2402496456692913
11
1.4916858267716535
21
1.2402500000000001
0
LINE
8
BLACK
6
CONTINUOUS
10
1.4916858267716535
20
1.2402500000000001
11
1.489557283464567
21
1.2472668503937008
0
LINE
8
BLACK
6
CONTINUOUS
10
1.489557283464567
20
1.2472668503937008
11
1.4861007086614173
21
1.2537335826771654
0
LINE
8
BLACK
6
CONTINUOUS
10
1.4861007086614173
20
1.2537335826771654
11
1.4837047244094488
21
1.2566530314960629
0
LINE
8
BLACK
6
CONTINUOUS
10
1.4837047244094488
20
1.2566530314960629
11
1.4826120866141732
21
1.2592256692913386
0
LINE
8
BLACK
6
CONTINUOUS
10
1.4826120866141732
20
1.2592256692913386
11
1.4825787401574804
21
1.2598
0
LINE
8
BLACK
6
CONTINUOUS
10
1.4825787401574804
20
1.2598
11
1.4825787401574804
21
1.3642087401574803
0
LINE
8
BLACK
6
CONTINUOUS
10
1.4825787401574804
20
1.3642087401574803
11
1.4825787007874016
21
1.364208937007874
0
LINE
8
BLACK
6
CONTINUOUS
10
1.4825787007874016
20
1.364208937007874
11
1.4824204724409449
21
1.3650043307086615
0
LINE
8
BLACK
6
CONTINUOUS
10
1.4824204724409449
20
1.3650043307086615
11
1.4815188976377953
21
1.3695369685039369
0
LINE
8
BLACK
6
CONTINUOUS
10
1.4815188976377953
20
1.3695369685039369
11
1.4815104724409449
21
1.3695572834645668
0
LINE
8
BLACK
6
CONTINUOUS
10
1.4815104724409449
20
1.3695572834645668
11
1.480377559055118
21
1.3722923228346455
0
LINE
8
BLACK
6
CONTINUOUS
10
1.480377559055118
20
1.3722923228346455
11
1.48
21
1.3741905905511811
0
LINE
8
BLACK
6
CONTINUOUS
10
1.48
20
1.3741905905511811
11
1.48
21
1.633943031496063
0
LINE
8
BLACK
6
CONTINUOUS
10
1.48
20
1.633943031496063
11
1.4807874803149605
21
1.6366249606299212
0
LINE
8
BLACK
6
CONTINUOUS
10
1.4807874803149605
20
1.6366249606299212
11
1.4814529527559055
21
1.6374507086614172
0
LINE
8
BLACK
6
CONTINUOUS
10
1.4814529527559055
20
1.6374507086614172
11
1.5425492913385825
21
1.6985470472440944
0
LINE
8
BLACK
6
CONTINUOUS
10
1.5425492913385825
20
1.6985470472440944
11
1.5450025196850394
21
1.699886653543307
0
LINE
8
BLACK
6
CONTINUOUS
10
1.5450025196850394
20
1.699886653543307
11
1.5460569685039369
21
1.7
0
LINE
8
BLACK
6
CONTINUOUS
10
1.5460569685039369
20
1.7
11
3.11503937007874
21
1.7
0
LINE
8
BLACK
6
CONTINUOUS
10
3.11503937007874
20
1.7
11
3.1177212992125982
21
1.6992125196850394
0
LINE
8
BLACK
6
CONTINUOUS
10
1.3669652362204725
20
1.497518307086614
11
1.3711602362204725
21
1.4948223622047243
0
LINE
8
BLACK
6
CONTINUOUS
10
1.3711602362204725
20
1.4948223622047243
11
1.3744257874015748
21
1.4910537007874016
0
LINE
8
BLACK
6
CONTINUOUS
10
1.3744257874015748
20
1.4910537007874016
11
1.3764972834645668
21
1.4865177165354331
0
LINE
8
BLACK
6
CONTINUOUS
10
1.3764972834645668
20
1.4865177165354331
11
1.377206968503937
21
1.4815818503937008
0
LINE
8
BLACK
6
CONTINUOUS
10
1.377206968503937
20
1.4815818503937008
11
1.3764972834645668
21
1.4766459842519686
0
LINE
8
BLACK
6
CONTINUOUS
10
1.3764972834645668
20
1.4766459842519686
11
1.3744257874015748
21
1.47211
0
LINE
8
BLACK
6
CONTINUOUS
10
1.3744257874015748
20
1.47211
11
1.3711602362204725
21
1.4683413385826771
0
LINE
8
BLACK
6
CONTINUOUS
10
1.3711602362204725
20
1.4683413385826771
11
1.3675084251968503
21
1.4659944881889764
0
LINE
8
BLACK
6
CONTINUOUS
10
1.3675084251968503
20
1.4659944881889764
11
1.3675436220472441
21
1.4598781889763779
0
LINE
8
BLACK
6
CONTINUOUS
10
1.3675436220472441
20
1.4598781889763779
11
1.4605677559055117
21
1.3670603543307087
0
LINE
8
BLACK
6
CONTINUOUS
10
1.4605677559055117
20
1.3670603543307087
11
1.4615470078740158
21
1.3658671259842519
0
LINE
8
BLACK
6
CONTINUOUS
10
1.4615470078740158
20
1.3658671259842519
11
1.4627227165354331
21
1.3630287007874016
0
LINE
8
BLACK
6
CONTINUOUS
10
1.4627227165354331
20
1.3630287007874016
11
1.4628559055118109
21
1.2485177559055118
0
LINE
8
BLACK
6
CONTINUOUS
10
1.4628559055118109
20
1.2485177559055118
11
1.4664729527559055
21
1.2461932677165355
0
LINE
8
BLACK
6
CONTINUOUS
10
1.4664729527559055
20
1.2461932677165355
11
1.4697385039370079
21
1.2424246062992126
0
LINE
8
BLACK
6
CONTINUOUS
10
1.4697385039370079
20
1.2424246062992126
11
1.4718100000000001
21
1.237888622047244
0
LINE
8
BLACK
6
CONTINUOUS
10
1.4718100000000001
20
1.237888622047244
11
1.47251968503937
21
1.2329527559055118
0
LINE
8
BLACK
6
CONTINUOUS
10
1.47251968503937
20
1.2329527559055118
11
1.4718100000000001
21
1.2280168897637795
0
LINE
8
BLACK
6
CONTINUOUS
10
1.4718100000000001
20
1.2280168897637795
11
1.4697385039370079
21
1.223480905511811
0
LINE
8
BLACK
6
CONTINUOUS
10
1.4697385039370079
20
1.223480905511811
11
1.4664729527559055
21
1.2197122440944881
0
LINE
8
BLACK
6
CONTINUOUS
10
1.4664729527559055
20
1.2197122440944881
11
1.4622779527559056
21
1.2170162992125984
0
LINE
8
BLACK
6
CONTINUOUS
10
1.4622779527559056
20
1.2170162992125984
11
1.4574933070866141
21
1.215611377952756
0
LINE
8
BLACK
6
CONTINUOUS
10
1.4574933070866141
20
1.215611377952756
11
1.4525066929133859
21
1.215611377952756
0
LINE
8
BLACK
6
CONTINUOUS
10
1.4525066929133859
20
1.215611377952756
11
1.4477220472440944
21
1.2170162992125984
0
LINE
8
BLACK
6
CONTINUOUS
10
1.4477220472440944
20
1.2170162992125984
11
1.4435270472440944
21
1.2197122440944881
0
LINE
8
BLACK
6
CONTINUOUS
10
1.4435270472440944
20
1.2197122440944881
11
1.440261496062992
21
1.223480905511811
0
LINE
8
BLACK
6
CONTINUOUS
10
1.440261496062992
20
1.223480905511811
11
1.4381899999999999
21
1.2280168897637795
0
LINE
8
BLACK
6
CONTINUOUS
10
1.4381899999999999
20
1.2280168897637795
11
1.4374803149606299
21
1.2329527559055118
0
LINE
8
BLACK
6
CONTINUOUS
10
1.4374803149606299
20
1.2329527559055118
11
1.4381899999999999
21
1.237888622047244
0
LINE
8
BLACK
6
CONTINUOUS
10
1.4381899999999999
20
1.237888622047244
11
1.440261496062992
21
1.2424246062992126
0
LINE
8
BLACK
6
CONTINUOUS
10
1.440261496062992
20
1.2424246062992126
11
1.4435270472440944
21
1.2461932677165355
0
LINE
8
BLACK
6
CONTINUOUS
10
1.4435270472440944
20
1.2461932677165355
11
1.4472572834645669
21
1.2485905118110237
0
LINE
8
BLACK
6
CONTINUOUS
10
1.4472572834645669
20
1.2485905118110237
11
1.447129527559055
21
1.3584336614173229
0
LINE
8
BLACK
6
CONTINUOUS
10
1.447129527559055
20
1.3584336614173229
11
1.3541195275590552
21
1.4512375196850393
0
LINE
8
BLACK
6
CONTINUOUS
10
1.3541195275590552
20
1.4512375196850393
11
1.3531402755905511
21
1.4524307086614172
0
LINE
8
BLACK
6
CONTINUOUS
10
1.3531402755905511
20
1.4524307086614172
11
1.3519645669291338
21
1.4552691338582677
0
LINE
8
BLACK
6
CONTINUOUS
10
1.3519645669291338
20
1.4552691338582677
11
1.3519030314960629
21
1.4659707480314961
0
LINE
8
BLACK
6
CONTINUOUS
10
1.3519030314960629
20
1.4659707480314961
11
1.3482143307086614
21
1.4683413385826771
0
LINE
8
BLACK
6
CONTINUOUS
10
1.3482143307086614
20
1.4683413385826771
11
1.344948779527559
21
1.47211
0
LINE
8
BLACK
6
CONTINUOUS
10
1.344948779527559
20
1.47211
11
1.3428772834645668
21
1.4766459842519686
0
LINE
8
BLACK
6
CONTINUOUS
10
1.3428772834645668
20
1.4766459842519686
11
1.3421675984251968
21
1.4815818503937008
0
LINE
8
BLACK
6
CONTINUOUS
10
1.3421675984251968
20
1.4815818503937008
11
1.3428772834645668
21
1.4865177165354331
0
LINE
8
BLACK
6
CONTINUOUS
10
1.3428772834645668
20
1.4865177165354331
11
1.344948779527559
21
1.4910537007874016
0
LINE
8
BLACK
6
CONTINUOUS
10
1.344948779527559
20
1.4910537007874016
11
1.3482143307086614
21
1.4948223622047243
0
LINE
8
BLACK
6
CONTINUOUS
10
1.3482143307086614
20
1.4948223622047243
11
1.3524093307086613
21
1.497518307086614
0
LINE
8
BLACK
6
CONTINUOUS
10
1.3524093307086613
20
1.497518307086614
11
1.3571939763779528
21
1.4989232283464566
0
LINE
8
BLACK
6
CONTINUOUS
10
1.3571939763779528
20
1.4989232283464566
11
1.362180590551181
21
1.4989232283464566
0
LINE
8
BLACK
6
CONTINUOUS
10
1.362180590551181
20
1.4989232283464566
11
1.3669652362204725
21
1.497518307086614
0
LINE
8
BLACK
6
CONTINUOUS
10
1.9197842125984252
20
2.3052226771653541
11
1.9226226377952755
21
2.3040469685039371
0
LINE
8
BLACK
6
CONTINUOUS
10
1.9226226377952755
20
2.3040469685039371
11
1.9355677559055118
21
2.2913158267716534
0
LINE
8
BLACK
6
CONTINUOUS
10
1.9355677559055118
20
2.2913158267716534
11
1.9365470078740157
21
2.2901225984251967
0
LINE
8
BLACK
6
CONTINUOUS
10
1.9365470078740157
20
2.2901225984251967
11
1.9377227165354329
21
2.2872841732283464
0
LINE
8
BLACK
6
CONTINUOUS
10
1.9377227165354329
20
2.2872841732283464
11
1.9377780314960629
21
2.27
0
LINE
8
BLACK
6
CONTINUOUS
10
1.9377780314960629
20
2.27
11
1.96
21
2.27
0
LINE
8
BLACK
6
CONTINUOUS
10
1.96
20
2.27
11
1.96
21
2.21
0
LINE
8
BLACK
6
CONTINUOUS
10
1.96
20
2.21
11
1.9377991732283464
21
2.21
0
LINE
8
BLACK
6
CONTINUOUS
10
1.9377991732283464
20
2.21
11
1.9378419291338582
21
2.1699999999999999
0
LINE
8
BLACK
6
CONTINUOUS
10
1.9378419291338582
20
2.1699999999999999
11
1.96
21
2.1699999999999999
0
LINE
8
BLACK
6
CONTINUOUS
10
1.96
20
2.1699999999999999
11
1.96
21
2.1099999999999999
0
LINE
8
BLACK
6
CONTINUOUS
10
1.96
20
2.1099999999999999
11
1.937823622047244
21
2.1099999999999999
0
LINE
8
BLACK
6
CONTINUOUS
10
1.937823622047244
20
2.1099999999999999
11
1.9378740157480314
21
2.0942519685039369
0
LINE
8
BLACK
6
CONTINUOUS
10
1.9378740157480314
20
2.0942519685039369
11
1.9377227165354329
21
2.0927158267716535
0
LINE
8
BLACK
6
CONTINUOUS
10
1.9377227165354329
20
2.0927158267716535
11
1.9365470078740157
21
2.0898774015748032
0
LINE
8
BLACK
6
CONTINUOUS
10
1.9365470078740157
20
2.0898774015748032
11
1.7138157874015747
21
1.8669322440944882
0
LINE
8
BLACK
6
CONTINUOUS
10
1.7138157874015747
20
1.8669322440944882
11
1.7126225984251968
21
1.8659529921259843
0
LINE
8
BLACK
6
CONTINUOUS
10
1.7126225984251968
20
1.8659529921259843
11
1.7097841732283465
21
1.8647772834645668
0
LINE
8
BLACK
6
CONTINUOUS
10
1.7097841732283465
20
1.8647772834645668
11
1.6805639763779527
21
1.8646403149606299
0
LINE
8
BLACK
6
CONTINUOUS
10
1.6805639763779527
20
1.8646403149606299
11
1.3235677559055117
21
1.5074322440944881
0
LINE
8
BLACK
6
CONTINUOUS
10
1.3235677559055117
20
1.5074322440944881
11
1.3223745669291338
21
1.5064529921259842
0
LINE
8
BLACK
6
CONTINUOUS
10
1.3223745669291338
20
1.5064529921259842
11
1.3195361417322835
21
1.5052772834645669
0
LINE
8
BLACK
6
CONTINUOUS
10
1.3195361417322835
20
1.5052772834645669
11
0.9524709842519685
21
1.5051320866141733
0
LINE
8
BLACK
6
CONTINUOUS
10
0.9524709842519685
20
1.5051320866141733
11
0.9517385039370079
21
1.5035281496062991
0
LINE
8
BLACK
6
CONTINUOUS
10
0.9517385039370079
20
1.5035281496062991
11
0.9484729527559055
21
1.4997594881889764
0
LINE
8
BLACK
6
CONTINUOUS
10
0.9484729527559055
20
1.4997594881889764
11
0.9442779527559055
21
1.4970635433070867
0
LINE
8
BLACK
6
CONTINUOUS
10
0.9442779527559055
20
1.4970635433070867
11
0.9394933070866142
21
1.4956586220472441
0
LINE
8
BLACK
6
CONTINUOUS
10
0.9394933070866142
20
1.4956586220472441
11
0.9345066929133858
21
1.4956586220472441
0
LINE
8
BLACK
6
CONTINUOUS
10
0.9345066929133858
20
1.4956586220472441
11
0.9297220472440945
21
1.4970635433070867
0
LINE
8
BLACK
6
CONTINUOUS
10
0.9297220472440945
20
1.4970635433070867
11
0.9255270472440945
21
1.4997594881889764
0
LINE
8
BLACK
6
CONTINUOUS
10
0.9255270472440945
20
1.4997594881889764
11
0.9222614960629921
21
1.5035281496062991
0
LINE
8
BLACK
6
CONTINUOUS
10
0.9222614960629921
20
1.5035281496062991
11
0.92019
21
1.5080641338582677
0
LINE
8
BLACK
6
CONTINUOUS
10
0.92019
20
1.5080641338582677
11
0.9194803149606299
21
1.5129999999999999
0
LINE
8
BLACK
6
CONTINUOUS
10
0.9194803149606299
20
1.5129999999999999
11
0.92019
21
1.5179358661417321
0
LINE
8
BLACK
6
CONTINUOUS
10
0.92019
20
1.5179358661417321
11
0.9222614960629921
21
1.5224718503937007
0
LINE
8
BLACK
6
CONTINUOUS
10
0.9222614960629921
20
1.5224718503937007
11
0.9255270472440945
21
1.5262405118110236
0
LINE
8
BLACK
6
CONTINUOUS
10
0.9255270472440945
20
1.5262405118110236
11
0.9297220472440945
21
1.5289364566929133
0
LINE
8
BLACK
6
CONTINUOUS
10
0.9297220472440945
20
1.5289364566929133
11
0.9345066929133858
21
1.5303413779527559
0
LINE
8
BLACK
6
CONTINUOUS
10
0.9345066929133858
20
1.5303413779527559
11
0.9394933070866142
21
1.5303413779527559
0
LINE
8
BLACK
6
CONTINUOUS
10
0.9394933070866142
20
1.5303413779527559
11
0.9442779527559055
21
1.5289364566929133
0
LINE
8
BLACK
6
CONTINUOUS
10
0.9442779527559055
20
1.5289364566929133
11
0.9484729527559055
21
1.5262405118110236
0
LINE
8
BLACK
6
CONTINUOUS
10
0.9484729527559055
20
1.5262405118110236
11
0.9517385039370079
21
1.5224718503937007
0
LINE
8
BLACK
6
CONTINUOUS
10
0.9517385039370079
20
1.5224718503937007
11
0.9525342125984252
21
1.5207294488188976
0
LINE
8
BLACK
6
CONTINUOUS
10
0.9525342125984252
20
1.5207294488188976
11
1.3149491338582677
21
1.5208727952755905
0
LINE
8
BLACK
6
CONTINUOUS
10
1.3149491338582677
20
1.5208727952755905
11
1.6719322047244094
21
1.8780677559055117
0
LINE
8
BLACK
6
CONTINUOUS
10
1.6719322047244094
20
1.8780677559055117
11
1.673125433070866
21
1.8790470078740158
0
LINE
8
BLACK
6
CONTINUOUS
10
1.673125433070866
20
1.8790470078740158
11
1.6759638582677165
21
1.880222716535433
0
LINE
8
BLACK
6
CONTINUOUS
10
1.6759638582677165
20
1.880222716535433
11
1.7051827559055117
21
1.8803596456692913
0
LINE
8
BLACK
6
CONTINUOUS
10
1.7051827559055117
20
1.8803596456692913
11
1.922261496062992
21
2.0976468897637797
0
LINE
8
BLACK
6
CONTINUOUS
10
1.922261496062992
20
2.0976468897637797
11
1.922221968503937
21
2.1099999999999999
0
LINE
8
BLACK
6
CONTINUOUS
10
1.922221968503937
20
2.1099999999999999
11
1.8999999999999999
21
2.1099999999999999
0
LINE
8
BLACK
6
CONTINUOUS
10
1.8999999999999999
20
2.1099999999999999
11
1.8999999999999999
21
2.1699999999999999
0
LINE
8
BLACK
6
CONTINUOUS
10
1.8999999999999999
20
2.1699999999999999
11
1.9222435826771653
21
2.1699999999999999
0
LINE
8
BLACK
6
CONTINUOUS
10
1.9222435826771653
20
2.1699999999999999
11
1.9222008267716535
21
2.21
0
LINE
8
BLACK
6
CONTINUOUS
10
1.9222008267716535
20
2.21
11
1.8999999999999999
21
2.21
0
LINE
8
BLACK
6
CONTINUOUS
10
1.8999999999999999
20
2.21
11
1.8999999999999999
21
2.27
0
LINE
8
BLACK
6
CONTINUOUS
10
1.8999999999999999
20
2.27
11
1.9221366929133858
21
2.27
0
LINE
8
BLACK
6
CONTINUOUS
10
1.9221366929133858
20
2.27
11
1.9221259842519685
21
2.2799999999999998
0
LINE
8
BLACK
6
CONTINUOUS
10
1.9221259842519685
20
2.2799999999999998
11
1.9221437795275591
21
2.2801808267716535
0
LINE
8
BLACK
6
CONTINUOUS
10
1.9221437795275591
20
2.2801808267716535
11
1.9221359448818898
21
2.282632834645669
0
LINE
8
BLACK
6
CONTINUOUS
10
1.9221359448818898
20
2.282632834645669
11
1.9148731102362204
21
2.2897756299212597
0
LINE
8
BLACK
6
CONTINUOUS
10
1.9148731102362204
20
2.2897756299212597
11
1.4605885433070867
21
2.289626929133858
0
LINE
8
BLACK
6
CONTINUOUS
10
1.4605885433070867
20
2.289626929133858
11
1.4565385826771653
21
2.2855300787401576
0
LINE
8
BLACK
6
CONTINUOUS
10
1.4565385826771653
20
2.2855300787401576
11
1.4568099999999999
21
2.2849358661417321
0
LINE
8
BLACK
6
CONTINUOUS
10
1.4568099999999999
20
2.2849358661417321
11
1.4575196850393701
21
2.2799999999999998
0
LINE
8
BLACK
6
CONTINUOUS
10
1.4575196850393701
20
2.2799999999999998
11
1.4568099999999999
21
2.2750641338582676
0
LINE
8
BLACK
6
CONTINUOUS
10
1.4568099999999999
20
2.2750641338582676
11
1.4547385039370078
21
2.270528149606299
0
LINE
8
BLACK
6
CONTINUOUS
10
1.4547385039370078
20
2.270528149606299
11
1.4514729527559054
21
2.2667594881889763
0
LINE
8
BLACK
6
CONTINUOUS
10
1.4514729527559054
20
2.2667594881889763
11
1.4472779527559054
21
2.2640635433070866
0
LINE
8
BLACK
6
CONTINUOUS
10
1.4472779527559054
20
2.2640635433070866
11
1.4424933070866142
21
2.262658622047244
0
LINE
8
BLACK
6
CONTINUOUS
10
1.4424933070866142
20
2.262658622047244
11
1.4375066929133857
21
2.262658622047244
0
LINE
8
BLACK
6
CONTINUOUS
10
1.4375066929133857
20
2.262658622047244
11
1.4327220472440945
21
2.2640635433070866
0
LINE
8
BLACK
6
CONTINUOUS
10
1.4327220472440945
20
2.2640635433070866
11
1.4285270472440945
21
2.2667594881889763
0
LINE
8
BLACK
6
CONTINUOUS
10
1.4285270472440945
20
2.2667594881889763
11
1.4252614960629921
21
2.270528149606299
0
LINE
8
BLACK
6
CONTINUOUS
10
1.4252614960629921
20
2.270528149606299
11
1.42319
21
2.2750641338582676
0
LINE
8
BLACK
6
CONTINUOUS
10
1.42319
20
2.2750641338582676
11
1.42248031496063
21
2.2799999999999998
0
LINE
8
BLACK
6
CONTINUOUS
10
1.42248031496063
20
2.2799999999999998
11
1.42319
21
2.2849358661417321
0
LINE
8
BLACK
6
CONTINUOUS
10
1.42319
20
2.2849358661417321
11
1.4252614960629921
21
2.2894718503937006
0
LINE
8
BLACK
6
CONTINUOUS
10
1.4252614960629921
20
2.2894718503937006
11
1.4285270472440945
21
2.2932405118110237
0
LINE
8
BLACK
6
CONTINUOUS
10
1.4285270472440945
20
2.2932405118110237
11
1.4327220472440945
21
2.2959364566929135
0
LINE
8
BLACK
6
CONTINUOUS
10
1.4327220472440945
20
2.2959364566929135
11
1.4375066929133857
21
2.2973413779527561
0
LINE
8
BLACK
6
CONTINUOUS
10
1.4375066929133857
20
2.2973413779527561
11
1.4424933070866142
21
2.2973413779527561
0
LINE
8
BLACK
6
CONTINUOUS
10
1.4424933070866142
20
2.2973413779527561
11
1.4454214173228346
21
2.2964815748031495
0
LINE
8
BLACK
6
CONTINUOUS
10
1.4454214173228346
20
2.2964815748031495
11
1.4519322047244094
21
2.3030677559055119
0
LINE
8
BLACK
6
CONTINUOUS
10
1.4519322047244094
20
2.3030677559055119
11
1.4531253937007873
21
2.3040469685039371
0
LINE
8
BLACK
6
CONTINUOUS
10
1.4531253937007873
20
2.3040469685039371
11
1.4559638188976378
21
2.3052226771653541
0
LINE
8
BLACK
6
CONTINUOUS
10
1.4559638188976378
20
2.3052226771653541
11
1.9182480708661418
21
2.3053739763779526
0
LINE
8
BLACK
6
CONTINUOUS
10
1.9182480708661418
20
2.3053739763779526
11
1.9197842125984252
21
2.3052226771653541
0
LINE
8
BLACK
6
CONTINUOUS
10
1.2290153937007873
20
1.8168041732283464
11
1.2332103937007874
21
1.8141082283464567
0
LINE
8
BLACK
6
CONTINUOUS
10
1.2332103937007874
20
1.8141082283464567
11
1.2364759448818898
21
1.8103395669291338
0
LINE
8
BLACK
6
CONTINUOUS
10
1.2364759448818898
20
1.8103395669291338
11
1.2385474409448818
21
1.8058035826771652
0
LINE
8
BLACK
6
CONTINUOUS
10
1.2385474409448818
20
1.8058035826771652
11
1.239257125984252
21
1.800867716535433
0
LINE
8
BLACK
6
CONTINUOUS
10
1.239257125984252
20
1.800867716535433
11
1.2385474409448818
21
1.7959318503937007
0
LINE
8
BLACK
6
CONTINUOUS
10
1.2385474409448818
20
1.7959318503937007
11
1.2364759448818898
21
1.7913958661417322
0
LINE
8
BLACK
6
CONTINUOUS
10
1.2364759448818898
20
1.7913958661417322
11
1.2332103937007874
21
1.7876272047244095
0
LINE
8
BLACK
6
CONTINUOUS
10
1.2332103937007874
20
1.7876272047244095
11
1.2290153937007873
21
1.7849312598425195
0
LINE
8
BLACK
6
CONTINUOUS
10
1.2290153937007873
20
1.7849312598425195
11
1.2276060629921259
21
1.7845174409448818
0
LINE
8
BLACK
6
CONTINUOUS
10
1.2276060629921259
20
1.7845174409448818
11
1.2276429527559054
21
1.7760911417322833
0
LINE
8
BLACK
6
CONTINUOUS
10
1.2276429527559054
20
1.7760911417322833
11
1.227531653543307
21
1.7749611811023622
0
LINE
8
BLACK
6
CONTINUOUS
10
1.227531653543307
20
1.7749611811023622
11
1.2276429527559054
21
1.6587374409448818
0
LINE
8
BLACK
6
CONTINUOUS
10
1.2276429527559054
20
1.6587374409448818
11
1.2275294881889764
21
1.6575853543307086
0
LINE
8
BLACK
6
CONTINUOUS
10
1.2275294881889764
20
1.6575853543307086
11
1.226647716535433
21
1.6554564960629921
0
LINE
8
BLACK
6
CONTINUOUS
10
1.226647716535433
20
1.6554564960629921
11
1.1571758267716534
21
1.5858241732283465
0
LINE
8
BLACK
6
CONTINUOUS
10
1.1571758267716534
20
1.5858241732283465
11
1.1562809055118111
21
1.5850897244094488
0
LINE
8
BLACK
6
CONTINUOUS
10
1.1562809055118111
20
1.5850897244094488
11
1.1550338976377952
21
1.5845731889763779
0
LINE
8
BLACK
6
CONTINUOUS
10
1.1550338976377952
20
1.5845731889763779
11
1.154152125984252
21
1.5842079527559054
0
LINE
8
BLACK
6
CONTINUOUS
10
1.154152125984252
20
1.5842079527559054
11
0.8207229921259842
21
1.5840944881889762
0
LINE
8
BLACK
6
CONTINUOUS
10
0.8207229921259842
20
1.5840944881889762
11
0.8195708661417322
21
1.5842079527559054
0
LINE
8
BLACK
6
CONTINUOUS
10
0.8195708661417322
20
1.5842079527559054
11
0.8183238188976377
21
1.5847244881889764
0
LINE
8
BLACK
6
CONTINUOUS
10
0.8183238188976377
20
1.5847244881889764
11
0.8174420472440944
21
1.5850897244094488
0
LINE
8
BLACK
6
CONTINUOUS
10
0.8174420472440944
20
1.5850897244094488
11
0.8174369291338582
21
1.5850943700787401
0
LINE
8
BLACK
6
CONTINUOUS
10
0.8174369291338582
20
1.5850943700787401
11
0.7919453149606299
21
1.5850016535433071
0
LINE
8
BLACK
6
CONTINUOUS
10
0.7919453149606299
20
1.5850016535433071
11
0.790910905511811
21
1.5845731889763779
0
LINE
8
BLACK
6
CONTINUOUS
10
0.790910905511811
20
1.5845731889763779
11
0.7900291338582677
21
1.5842079527559054
0
LINE
8
BLACK
6
CONTINUOUS
10
0.7900291338582677
20
1.5842079527559054
11
0.5599999999999999
21
1.5841024803149606
0
LINE
8
BLACK
6
CONTINUOUS
10
0.5599999999999999
20
1.5841024803149606
11
0.5599999999999999
21
1.5625
0
LINE
8
BLACK
6
CONTINUOUS
10
0.5599999999999999
20
1.5625
11
0.525
21
1.5625
0
LINE
8
BLACK
6
CONTINUOUS
10
0.525
20
1.5625
11
0.525
21
1.6174999999999999
0
LINE
8
BLACK
6
CONTINUOUS
10
0.525
20
1.6174999999999999
11
0.5599999999999999
21
1.6174999999999999
0
LINE
8
BLACK
6
CONTINUOUS
10
0.5599999999999999
20
1.6174999999999999
11
0.5599999999999999
21
1.5958005905511812
0
LINE
8
BLACK
6
CONTINUOUS
10
0.5599999999999999
20
1.5958005905511812
11
0.7867246062992126
21
1.5959044881889763
0
LINE
8
BLACK
6
CONTINUOUS
10
0.7867246062992126
20
1.5959044881889763
11
0.7873771259842519
21
1.5961747637795276
0
LINE
8
BLACK
6
CONTINUOUS
10
0.7873771259842519
20
1.5961747637795276
11
0.7886241732283464
21
1.5966913385826771
0
LINE
8
BLACK
6
CONTINUOUS
10
0.7886241732283464
20
1.5966913385826771
11
0.8198237007874015
21
1.5968048031496063
0
LINE
8
BLACK
6
CONTINUOUS
10
0.8198237007874015
20
1.5968048031496063
11
0.8209758267716535
21
1.5966913385826771
0
LINE
8
BLACK
6
CONTINUOUS
10
0.8209758267716535
20
1.5966913385826771
11
0.8218575984251968
21
1.5963260629921259
0
LINE
8
BLACK
6
CONTINUOUS
10
0.8218575984251968
20
1.5963260629921259
11
0.8231046062992126
21
1.5958095669291339
0
LINE
8
BLACK
6
CONTINUOUS
10
0.8231046062992126
20
1.5958095669291339
11
0.8231224803149606
21
1.5957932283464566
0
LINE
8
BLACK
6
CONTINUOUS
10
0.8231224803149606
20
1.5957932283464566
11
1.1507074803149606
21
1.5959047244094489
0
LINE
8
BLACK
6
CONTINUOUS
10
1.1507074803149606
20
1.5959047244094489
11
1.215941811023622
21
1.6612897244094489
0
LINE
8
BLACK
6
CONTINUOUS
10
1.215941811023622
20
1.6612897244094489
11
1.2158319291338582
21
1.7760911417322833
0
LINE
8
BLACK
6
CONTINUOUS
10
1.2158319291338582
20
1.7760911417322833
11
1.2159357086614173
21
1.7771451968503937
0
LINE
8
BLACK
6
CONTINUOUS
10
1.2159357086614173
20
1.7771451968503937
11
1.2159035039370079
21
1.7845072440944882
0
LINE
8
BLACK
6
CONTINUOUS
10
1.2159035039370079
20
1.7845072440944882
11
1.2144594881889763
21
1.7849312598425195
0
LINE
8
BLACK
6
CONTINUOUS
10
1.2144594881889763
20
1.7849312598425195
11
1.2102644881889764
21
1.7876272047244095
0
LINE
8
BLACK
6
CONTINUOUS
10
1.2102644881889764
20
1.7876272047244095
11
1.206998937007874
21
1.7913958661417322
0
LINE
8
BLACK
6
CONTINUOUS
10
1.206998937007874
20
1.7913958661417322
11
1.2049274409448818
21
1.7959318503937007
0
LINE
8
BLACK
6
CONTINUOUS
10
1.2049274409448818
20
1.7959318503937007
11
1.2042177559055118
21
1.800867716535433
0
LINE
8
BLACK
6
CONTINUOUS
10
1.2042177559055118
20
1.800867716535433
11
1.2049274409448818
21
1.8058035826771652
0
LINE
8
BLACK
6
CONTINUOUS
10
1.2049274409448818
20
1.8058035826771652
11
1.206998937007874
21
1.8103395669291338
0
LINE
8
BLACK
6
CONTINUOUS
10
1.206998937007874
20
1.8103395669291338
11
1.2102644881889764
21
1.8141082283464567
0
LINE
8
BLACK
6
CONTINUOUS
10
1.2102644881889764
20
1.8141082283464567
11
1.2144594881889763
21
1.8168041732283464
0
LINE
8
BLACK
6
CONTINUOUS
10
1.2144594881889763
20
1.8168041732283464
11
1.2192441338582678
21
1.818209094488189
0
LINE
8
BLACK
6
CONTINUOUS
10
1.2192441338582678
20
1.818209094488189
11
1.224230748031496
21
1.818209094488189
0
LINE
8
BLACK
6
CONTINUOUS
10
1.224230748031496
20
1.818209094488189
11
1.2290153937007873
21
1.8168041732283464
0
LINE
8
BLACK
6
CONTINUOUS
10
1.8599999999999999
20
2.1099999999999999
11
1.8378236220472441
21
2.1099999999999999
0
LINE
8
BLACK
6
CONTINUOUS
10
1.8378236220472441
20
2.1099999999999999
11
1.8378740157480316
21
2.0942519685039369
0
LINE
8
BLACK
6
CONTINUOUS
10
1.8378740157480316
20
2.0942519685039369
11
1.8377227165354331
21
2.0927158267716535
0
LINE
8
BLACK
6
CONTINUOUS
10
1.8377227165354331
20
2.0927158267716535
11
1.8365470078740158
21
2.0898774015748032
0
LINE
8
BLACK
6
CONTINUOUS
10
1.8365470078740158
20
2.0898774015748032
11
1.3314366535433071
21
1.5845552755905512
0
LINE
8
BLACK
6
CONTINUOUS
10
1.3314366535433071
20
1.5845552755905512
11
1.3314785433070866
21
1.5842642125984252
0
LINE
8
BLACK
6
CONTINUOUS
10
1.3314785433070866
20
1.5842642125984252
11
1.3307688582677164
21
1.579328346456693
0
LINE
8
BLACK
6
CONTINUOUS
10
1.3307688582677164
20
1.579328346456693
11
1.3286973622047245
21
1.5747923622047244
0
LINE
8
BLACK
6
CONTINUOUS
10
1.3286973622047245
20
1.5747923622047244
11
1.3254318110236221
21
1.5710237007874015
0
LINE
8
BLACK
6
CONTINUOUS
10
1.3254318110236221
20
1.5710237007874015
11
1.3212368110236221
21
1.5683277559055118
0
LINE
8
BLACK
6
CONTINUOUS
10
1.3212368110236221
20
1.5683277559055118
11
1.3164521653543306
21
1.5669228346456692
0
LINE
8
BLACK
6
CONTINUOUS
10
1.3164521653543306
20
1.5669228346456692
11
1.3114655511811024
21
1.5669228346456692
0
LINE
8
BLACK
6
CONTINUOUS
10
1.3114655511811024
20
1.5669228346456692
11
1.3066809055118109
21
1.5683277559055118
0
LINE
8
BLACK
6
CONTINUOUS
10
1.3066809055118109
20
1.5683277559055118
11
1.302485905511811
21
1.5710237007874015
0
LINE
8
BLACK
6
CONTINUOUS
10
1.302485905511811
20
1.5710237007874015
11
1.2992203543307086
21
1.5747923622047244
0
LINE
8
BLACK
6
CONTINUOUS
10
1.2992203543307086
20
1.5747923622047244
11
1.2971488582677164
21
1.579328346456693
0
LINE
8
BLACK
6
CONTINUOUS
10
1.2971488582677164
20
1.579328346456693
11
1.2964391732283465
21
1.5842642125984252
0
LINE
8
BLACK
6
CONTINUOUS
10
1.2964391732283465
20
1.5842642125984252
11
1.2971488582677164
21
1.5892000787401575
0
LINE
8
BLACK
6
CONTINUOUS
10
1.2971488582677164
20
1.5892000787401575
11
1.2992203543307086
21
1.593736062992126
0
LINE
8
BLACK
6
CONTINUOUS
10
1.2992203543307086
20
1.593736062992126
11
1.302485905511811
21
1.5975047244094487
0
LINE
8
BLACK
6
CONTINUOUS
10
1.302485905511811
20
1.5975047244094487
11
1.3066809055118109
21
1.6002006692913386
0
LINE
8
BLACK
6
CONTINUOUS
10
1.3066809055118109
20
1.6002006692913386
11
1.3114655511811024
21
1.601605590551181
0
LINE
8
BLACK
6
CONTINUOUS
10
1.3114655511811024
20
1.601605590551181
11
1.3164521653543306
21
1.601605590551181
0
LINE
8
BLACK
6
CONTINUOUS
10
1.3164521653543306
20
1.601605590551181
11
1.3212368110236221
21
1.6002006692913386
0
LINE
8
BLACK
6
CONTINUOUS
10
1.3212368110236221
20
1.6002006692913386
11
1.3235418503937006
21
1.5987192913385826
0
LINE
8
BLACK
6
CONTINUOUS
10
1.3235418503937006
20
1.5987192913385826
11
1.8222614960629921
21
2.0976481102362206
0
LINE
8
BLACK
6
CONTINUOUS
10
1.8222614960629921
20
2.0976481102362206
11
1.8222219685039369
21
2.1099999999999999
0
LINE
8
BLACK
6
CONTINUOUS
10
1.8222219685039369
20
2.1099999999999999
11
1.8
21
2.1099999999999999
0
LINE
8
BLACK
6
CONTINUOUS
10
1.8
20
2.1099999999999999
11
1.8
21
2.1699999999999999
0
LINE
8
BLACK
6
CONTINUOUS
10
1.8
20
2.1699999999999999
11
1.8599999999999999
21
2.1699999999999999
0
LINE
8
BLACK
6
CONTINUOUS
10
1.8599999999999999
20
2.1699999999999999
11
1.8599999999999999
21
2.1099999999999999
0
LINE
8
BLACK
6
CONTINUOUS
10
1.2272779527559055
20
2.2959364566929135
11
1.2314729527559054
21
2.2932405118110237
0
LINE
8
BLACK
6
CONTINUOUS
10
1.2314729527559054
20
2.2932405118110237
11
1.2347385039370078
21
2.2894718503937006
0
LINE
8
BLACK
6
CONTINUOUS
10
1.2347385039370078
20
2.2894718503937006
11
1.23681
21
2.2849358661417321
0
LINE
8
BLACK
6
CONTINUOUS
10
1.23681
20
2.2849358661417321
11
1.2375196850393702
21
2.2799999999999998
0
LINE
8
BLACK
6
CONTINUOUS
10
1.2375196850393702
20
2.2799999999999998
11
1.23681
21
2.2750641338582676
0
LINE
8
BLACK
6
CONTINUOUS
10
1.23681
20
2.2750641338582676
11
1.2356681102362204
21
2.2725637007874013
0
LINE
8
BLACK
6
CONTINUOUS
10
1.2356681102362204
20
2.2725637007874013
11
1.2721758267716534
21
2.2361758267716536
0
LINE
8
BLACK
6
CONTINUOUS
10
1.2721758267716534
20
2.2361758267716536
11
1.2729102755905513
21
2.2352809055118108
0
LINE
8
BLACK
6
CONTINUOUS
10
1.2729102755905513
20
2.2352809055118108
11
1.2732244488188975
21
2.2345224015748033
0
LINE
8
BLACK
6
CONTINUOUS
10
1.2732244488188975
20
2.2345224015748033
11
1.2737920472440944
21
2.2331521259842519
0
LINE
8
BLACK
6
CONTINUOUS
10
1.2737920472440944
20
2.2331521259842519
11
1.2738979921259843
21
2.2007381102362205
0
LINE
8
BLACK
6
CONTINUOUS
10
1.2738979921259843
20
2.2007381102362205
11
1.3727755511811024
21
2.1020144094488189
0
LINE
8
BLACK
6
CONTINUOUS
10
1.3727755511811024
20
2.1020144094488189
11
1.5839241338582677
21
2.1021247244094488
0
LINE
8
BLACK
6
CONTINUOUS
10
1.5839241338582677
20
2.1021247244094488
11
1.5999999999999999
21
2.1182585433070864
0
LINE
8
BLACK
6
CONTINUOUS
10
1.5999999999999999
20
2.1182585433070864
11
1.5999999999999999
21
2.1699999999999999
0
LINE
8
BLACK
6
CONTINUOUS
10
1.5999999999999999
20
2.1699999999999999
11
1.6599999999999999
21
2.1699999999999999
0
LINE
8
BLACK
6
CONTINUOUS
10
1.6599999999999999
20
2.1699999999999999
11
1.6599999999999999
21
2.1099999999999999
0
LINE
8
BLACK
6
CONTINUOUS
10
1.6599999999999999
20
2.1099999999999999
11
1.6082871653543307
21
2.1099999999999999
0
LINE
8
BLACK
6
CONTINUOUS
10
1.6082871653543307
20
2.1099999999999999
11
1.5903962598425196
21
2.0920446062992126
0
LINE
8
BLACK
6
CONTINUOUS
10
1.5903962598425196
20
2.0920446062992126
11
1.5895013385826771
21
2.091310157480315
0
LINE
8
BLACK
6
CONTINUOUS
10
1.5895013385826771
20
2.091310157480315
11
1.5883065748031495
21
2.0908152755905509
0
LINE
8
BLACK
6
CONTINUOUS
10
1.5883065748031495
20
2.0908152755905509
11
1.587372559055118
21
2.0904283858267716
0
LINE
8
BLACK
6
CONTINUOUS
10
1.587372559055118
20
2.0904283858267716
11
1.3725109448818897
21
2.0903161023622046
0
LINE
8
BLACK
6
CONTINUOUS
10
1.3725109448818897
20
2.0903161023622046
11
1.2617932677165353
21
1.9794438582677165
0
LINE
8
BLACK
6
CONTINUOUS
10
1.2617932677165353
20
1.9794438582677165
11
1.2619055118110236
21
1.643
0
LINE
8
BLACK
6
CONTINUOUS
10
1.2619055118110236
20
1.643
11
1.2617920472440944
21
1.6418479133858268
0
LINE
8
BLACK
6
CONTINUOUS
10
1.2617920472440944
20
1.6418479133858268
11
1.2609102755905512
21
1.639719094488189
0
LINE
8
BLACK
6
CONTINUOUS
10
1.2609102755905512
20
1.639719094488189
11
1.2486812598425197
21
1.627407401574803
0
LINE
8
BLACK
6
CONTINUOUS
10
1.2486812598425197
20
1.627407401574803
11
1.2498099999999999
21
1.6249358661417324
0
LINE
8
BLACK
6
CONTINUOUS
10
1.2498099999999999
20
1.6249358661417324
11
1.2505196850393701
21
1.6199999999999999
0
LINE
8
BLACK
6
CONTINUOUS
10
1.2505196850393701
20
1.6199999999999999
11
1.2498099999999999
21
1.6150641338582676
0
LINE
8
BLACK
6
CONTINUOUS
10
1.2498099999999999
20
1.6150641338582676
11
1.2477385039370079
21
1.6105281496062991
0
LINE
8
BLACK
6
CONTINUOUS
10
1.2477385039370079
20
1.6105281496062991
11
1.2444729527559055
21
1.6067594881889764
0
LINE
8
BLACK
6
CONTINUOUS
10
1.2444729527559055
20
1.6067594881889764
11
1.2402779527559056
21
1.6040635433070867
0
LINE
8
BLACK
6
CONTINUOUS
10
1.2402779527559056
20
1.6040635433070867
11
1.2354933070866141
21
1.6026586220472441
0
LINE
8
BLACK
6
CONTINUOUS
10
1.2354933070866141
20
1.6026586220472441
11
1.2305066929133859
21
1.6026586220472441
0
LINE
8
BLACK
6
CONTINUOUS
10
1.2305066929133859
20
1.6026586220472441
11
1.2257220472440944
21
1.6040635433070867
0
LINE
8
BLACK
6
CONTINUOUS
10
1.2257220472440944
20
1.6040635433070867
11
1.2215270472440944
21
1.6067594881889764
0
LINE
8
BLACK
6
CONTINUOUS
10
1.2215270472440944
20
1.6067594881889764
11
1.2182614960629921
21
1.6105281496062991
0
LINE
8
BLACK
6
CONTINUOUS
10
1.2182614960629921
20
1.6105281496062991
11
1.2161899999999999
21
1.6150641338582676
0
LINE
8
BLACK
6
CONTINUOUS
10
1.2161899999999999
20
1.6150641338582676
11
1.2154803149606299
21
1.6199999999999999
0
LINE
8
BLACK
6
CONTINUOUS
10
1.2154803149606299
20
1.6199999999999999
11
1.2161899999999999
21
1.6249358661417324
0
LINE
8
BLACK
6
CONTINUOUS
10
1.2161899999999999
20
1.6249358661417324
11
1.2182614960629921
21
1.6294718503937007
0
LINE
8
BLACK
6
CONTINUOUS
10
1.2182614960629921
20
1.6294718503937007
11
1.2215270472440944
21
1.6332405118110236
0
LINE
8
BLACK
6
CONTINUOUS
10
1.2215270472440944
20
1.6332405118110236
11
1.2257220472440944
21
1.6359364566929133
0
LINE
8
BLACK
6
CONTINUOUS
10
1.2257220472440944
20
1.6359364566929133
11
1.2305066929133859
21
1.6373413779527559
0
LINE
8
BLACK
6
CONTINUOUS
10
1.2305066929133859
20
1.6373413779527559
11
1.2354933070866141
21
1.6373413779527559
0
LINE
8
BLACK
6
CONTINUOUS
10
1.2354933070866141
20
1.6373413779527559
11
1.2402779527559056
21
1.6359364566929133
0
LINE
8
BLACK
6
CONTINUOUS
10
1.2402779527559056
20
1.6359364566929133
11
1.2405112992125984
21
1.6357864566929134
0
LINE
8
BLACK
6
CONTINUOUS
10
1.2405112992125984
20
1.6357864566929134
11
1.2502066929133857
21
1.6455474015748031
0
LINE
8
BLACK
6
CONTINUOUS
10
1.2502066929133857
20
1.6455474015748031
11
1.2500944881889764
21
1.982
0
LINE
8
BLACK
6
CONTINUOUS
10
1.2500944881889764
20
1.982
11
1.2502079527559056
21
1.9831521259842519
0
LINE
8
BLACK
6
CONTINUOUS
10
1.2502079527559056
20
1.9831521259842519
11
1.2509733858267715
21
1.9849999999999999
0
LINE
8
BLACK
6
CONTINUOUS
10
1.2509733858267715
20
1.9849999999999999
11
1.2510897244094488
21
1.985280905511811
0
LINE
8
BLACK
6
CONTINUOUS
10
1.2510897244094488
20
1.985280905511811
11
1.3619479527559055
21
2.0962938976377954
0
LINE
8
BLACK
6
CONTINUOUS
10
1.3619479527559055
20
2.0962938976377954
11
1.2638241732283464
21
2.1942650393700789
0
LINE
8
BLACK
6
CONTINUOUS
10
1.2638241732283464
20
2.1942650393700789
11
1.2630897244094488
21
2.1951599606299212
0
LINE
8
BLACK
6
CONTINUOUS
10
1.2630897244094488
20
2.1951599606299212
11
1.2623753149606298
21
2.1968847244094487
0
LINE
8
BLACK
6
CONTINUOUS
10
1.2623753149606298
20
2.1968847244094487
11
1.2622079527559056
21
2.1972887401574801
0
LINE
8
BLACK
6
CONTINUOUS
10
1.2622079527559056
20
2.1972887401574801
11
1.2621020078740157
21
2.2296981889763781
0
LINE
8
BLACK
6
CONTINUOUS
10
1.2621020078740157
20
2.2296981889763781
11
1.227488031496063
21
2.2641985433070864
0
LINE
8
BLACK
6
CONTINUOUS
10
1.227488031496063
20
2.2641985433070864
11
1.2272779527559055
21
2.2640635433070866
0
LINE
8
BLACK
6
CONTINUOUS
10
1.2272779527559055
20
2.2640635433070866
11
1.2224933070866142
21
2.262658622047244
0
LINE
8
BLACK
6
CONTINUOUS
10
1.2224933070866142
20
2.262658622047244
11
1.2175066929133858
21
2.262658622047244
0
LINE
8
BLACK
6
CONTINUOUS
10
1.2175066929133858
20
2.262658622047244
11
1.2127220472440945
21
2.2640635433070866
0
LINE
8
BLACK
6
CONTINUOUS
10
1.2127220472440945
20
2.2640635433070866
11
1.2085270472440945
21
2.2667594881889763
0
LINE
8
BLACK
6
CONTINUOUS
10
1.2085270472440945
20
2.2667594881889763
11
1.2052614960629922
21
2.270528149606299
0
LINE
8
BLACK
6
CONTINUOUS
10
1.2052614960629922
20
2.270528149606299
11
1.20319
21
2.2750641338582676
0
LINE
8
BLACK
6
CONTINUOUS
10
1.20319
20
2.2750641338582676
11
1.2024803149606298
21
2.2799999999999998
0
LINE
8
BLACK
6
CONTINUOUS
10
1.2024803149606298
20
2.2799999999999998
11
1.20319
21
2.2849358661417321
0
LINE
8
BLACK
6
CONTINUOUS
10
1.20319
20
2.2849358661417321
11
1.2052614960629922
21
2.2894718503937006
0
LINE
8
BLACK
6
CONTINUOUS
10
1.2052614960629922
20
2.2894718503937006
11
1.2085270472440945
21
2.2932405118110237
0
LINE
8
BLACK
6
CONTINUOUS
10
1.2085270472440945
20
2.2932405118110237
11
1.2127220472440945
21
2.2959364566929135
0
LINE
8
BLACK
6
CONTINUOUS
10
1.2127220472440945
20
2.2959364566929135
11
1.2175066929133858
21
2.2973413779527561
0
LINE
8
BLACK
6
CONTINUOUS
10
1.2175066929133858
20
2.2973413779527561
11
1.2224933070866142
21
2.2973413779527561
0
LINE
8
BLACK
6
CONTINUOUS
10
1.2224933070866142
20
2.2973413779527561
11
1.2272779527559055
21
2.2959364566929135
0
LINE
8
BLACK
6
CONTINUOUS
10
1.76
20
2.1099999999999999
11
1.7378236220472441
21
2.1099999999999999
0
LINE
8
BLACK
6
CONTINUOUS
10
1.7378236220472441
20
2.1099999999999999
11
1.7378740157480315
21
2.0942519685039369
0
LINE
8
BLACK
6
CONTINUOUS
10
1.7378740157480315
20
2.0942519685039369
11
1.737722716535433
21
2.0927158267716535
0
LINE
8
BLACK
6
CONTINUOUS
10
1.737722716535433
20
2.0927158267716535
11
1.7365470078740157
21
2.0898774015748032
0
LINE
8
BLACK
6
CONTINUOUS
10
1.7365470078740157
20
2.0898774015748032
11
1.7063157874015749
21
2.0594322440944883
0
LINE
8
BLACK
6
CONTINUOUS
10
1.7063157874015749
20
2.0594322440944883
11
1.7051225984251968
21
2.0584529921259844
0
LINE
8
BLACK
6
CONTINUOUS
10
1.7051225984251968
20
2.0584529921259844
11
1.7022841732283465
21
2.057277283464567
0
LINE
8
BLACK
6
CONTINUOUS
10
1.7022841732283465
20
2.057277283464567
11
1.605477716535433
21
2.057146811023622
0
LINE
8
BLACK
6
CONTINUOUS
10
1.605477716535433
20
2.057146811023622
11
1.6047385039370079
21
2.0555281496062991
0
LINE
8
BLACK
6
CONTINUOUS
10
1.6047385039370079
20
2.0555281496062991
11
1.6014729527559055
21
2.0517594881889765
0
LINE
8
BLACK
6
CONTINUOUS
10
1.6014729527559055
20
2.0517594881889765
11
1.5972779527559056
21
2.0490635433070867
0
LINE
8
BLACK
6
CONTINUOUS
10
1.5972779527559056
20
2.0490635433070867
11
1.5924933070866141
21
2.0476586220472441
0
LINE
8
BLACK
6
CONTINUOUS
10
1.5924933070866141
20
2.0476586220472441
11
1.5875066929133859
21
2.0476586220472441
0
LINE
8
BLACK
6
CONTINUOUS
10
1.5875066929133859
20
2.0476586220472441
11
1.5827220472440944
21
2.0490635433070867
0
LINE
8
BLACK
6
CONTINUOUS
10
1.5827220472440944
20
2.0490635433070867
11
1.5785270472440944
21
2.0517594881889765
0
LINE
8
BLACK
6
CONTINUOUS
10
1.5785270472440944
20
2.0517594881889765
11
1.575261496062992
21
2.0555281496062991
0
LINE
8
BLACK
6
CONTINUOUS
10
1.575261496062992
20
2.0555281496062991
11
1.5731899999999999
21
2.0600641338582677
0
LINE
8
BLACK
6
CONTINUOUS
10
1.5731899999999999
20
2.0600641338582677
11
1.5724803149606299
21
2.0649999999999999
0
LINE
8
BLACK
6
CONTINUOUS
10
1.5724803149606299
20
2.0649999999999999
11
1.5731899999999999
21
2.0699358661417322
0
LINE
8
BLACK
6
CONTINUOUS
10
1.5731899999999999
20
2.0699358661417322
11
1.575261496062992
21
2.0744718503937007
0
LINE
8
BLACK
6
CONTINUOUS
10
1.575261496062992
20
2.0744718503937007
11
1.5785270472440944
21
2.0782405118110234
0
LINE
8
BLACK
6
CONTINUOUS
10
1.5785270472440944
20
2.0782405118110234
11
1.5827220472440944
21
2.0809364566929132
0
LINE
8
BLACK
6
CONTINUOUS
10
1.5827220472440944
20
2.0809364566929132
11
1.5875066929133859
21
2.0823413779527558
0
LINE
8
BLACK
6
CONTINUOUS
10
1.5875066929133859
20
2.0823413779527558
11
1.5924933070866141
21
2.0823413779527558
0
LINE
8
BLACK
6
CONTINUOUS
10
1.5924933070866141
20
2.0823413779527558
11
1.5972779527559056
21
2.0809364566929132
0
LINE
8
BLACK
6
CONTINUOUS
10
1.5972779527559056
20
2.0809364566929132
11
1.6014729527559055
21
2.0782405118110234
0
LINE
8
BLACK
6
CONTINUOUS
10
1.6014729527559055
20
2.0782405118110234
11
1.6047385039370079
21
2.0744718503937007
0
LINE
8
BLACK
6
CONTINUOUS
10
1.6047385039370079
20
2.0744718503937007
11
1.6055267716535433
21
2.0727456692913386
0
LINE
8
BLACK
6
CONTINUOUS
10
1.6055267716535433
20
2.0727456692913386
11
1.6976717322834645
21
2.072869842519685
0
LINE
8
BLACK
6
CONTINUOUS
10
1.6976717322834645
20
2.072869842519685
11
1.7222615354330708
21
2.0976337007874015
0
LINE
8
BLACK
6
CONTINUOUS
10
1.7222615354330708
20
2.0976337007874015
11
1.7222219685039371
21
2.1099999999999999
0
LINE
8
BLACK
6
CONTINUOUS
10
1.7222219685039371
20
2.1099999999999999
11
1.7
21
2.1099999999999999
0
LINE
8
BLACK
6
CONTINUOUS
10
1.7
20
2.1099999999999999
11
1.7
21
2.1699999999999999
0
LINE
8
BLACK
6
CONTINUOUS
10
1.7
20
2.1699999999999999
11
1.76
21
2.1699999999999999
0
LINE
8
BLACK
6
CONTINUOUS
10
1.76
20
2.1699999999999999
11
1.76
21
2.1099999999999999
0
LINE
8
BLACK
6
CONTINUOUS
10
1.5600000000000001
20
2.21
11
1.5377697244094488
21
2.21
0
LINE
8
BLACK
6
CONTINUOUS
10
1.5377697244094488
20
2.21
11
1.5378293307086615
21
2.1699999999999999
0
LINE
8
BLACK
6
CONTINUOUS
10
1.5378293307086615
20
2.1699999999999999
11
1.5600000000000001
21
2.1699999999999999
0
LINE
8
BLACK
6
CONTINUOUS
10
1.5600000000000001
20
2.1699999999999999
11
1.5600000000000001
21
2.1099999999999999
0
LINE
8
BLACK
6
CONTINUOUS
10
1.5600000000000001
20
2.1099999999999999
11
1.5
21
2.1099999999999999
0
LINE
8
BLACK
6
CONTINUOUS
10
1.5
20
2.1099999999999999
11
1.5
21
2.1699999999999999
0
LINE
8
BLACK
6
CONTINUOUS
10
1.5
20
2.1699999999999999
11
1.5222302755905512
21
2.1699999999999999
0
LINE
8
BLACK
6
CONTINUOUS
10
1.5222302755905512
20
2.1699999999999999
11
1.5221706692913386
21
2.21
0
LINE
8
BLACK
6
CONTINUOUS
10
1.5221706692913386
20
2.21
11
1.5
21
2.21
0
LINE
8
BLACK
6
CONTINUOUS
10
1.5
20
2.21
11
1.5
21
2.27
0
LINE
8
BLACK
6
CONTINUOUS
10
1.5
20
2.27
11
1.5600000000000001
21
2.27
0
LINE
8
BLACK
6
CONTINUOUS
10
1.5600000000000001
20
2.27
11
1.5600000000000001
21
2.21
0
LINE
8
BLACK
6
CONTINUOUS
10
1.76
20
2.2699212204724408
11
1.7753346456692913
21
2.2699212204724408
0
LINE
8
BLACK
6
CONTINUOUS
10
1.7753346456692913
20
2.2699212204724408
11
1.7780165748031496
21
2.2691337401574803
0
LINE
8
BLACK
6
CONTINUOUS
10
1.7780165748031496
20
2.2691337401574803
11
1.7798470078740156
21
2.2670212992125984
0
LINE
8
BLACK
6
CONTINUOUS
10
1.7798470078740156
20
2.2670212992125984
11
1.7802952755905512
21
2.2649605905511812
0
LINE
8
BLACK
6
CONTINUOUS
10
1.7802952755905512
20
2.2649605905511812
11
1.7802952755905512
21
2.2081155511811024
0
LINE
8
BLACK
6
CONTINUOUS
10
1.7802952755905512
20
2.2081155511811024
11
1.7802953543307085
21
2.2081147244094486
0
LINE
8
BLACK
6
CONTINUOUS
10
1.7802953543307085
20
2.2081147244094486
11
1.7805475590551181
21
2.2057684645669289
0
LINE
8
BLACK
6
CONTINUOUS
10
1.7805475590551181
20
2.2057684645669289
11
1.7805475590551181
21
2.2057684251968501
0
LINE
8
BLACK
6
CONTINUOUS
10
1.7805475590551181
20
2.2057684251968501
11
1.7825275984251967
21
2.2004595669291338
0
LINE
8
BLACK
6
CONTINUOUS
10
1.7825275984251967
20
2.2004595669291338
11
1.7825276771653542
21
2.2004594488188975
0
LINE
8
BLACK
6
CONTINUOUS
10
1.7825276771653542
20
2.2004594488188975
11
1.7859233070866141
21
2.1959234251968502
0
LINE
8
BLACK
6
CONTINUOUS
10
1.7859233070866141
20
2.1959234251968502
11
1.78593
21
2.1959184251968504
0
LINE
8
BLACK
6
CONTINUOUS
10
1.78593
20
2.1959184251968504
11
1.7885312204724408
21
2.1939711023622048
0
LINE
8
BLACK
6
CONTINUOUS
10
1.7885312204724408
20
2.1939711023622048
11
1.7902062598425197
21
2.1917335433070866
0
LINE
8
BLACK
6
CONTINUOUS
10
1.7902062598425197
20
2.1917335433070866
11
1.7904056299212598
21
2.1889455118110237
0
LINE
8
BLACK
6
CONTINUOUS
10
1.7904056299212598
20
2.1889455118110237
11
1.789066062992126
21
2.1864922834645668
0
LINE
8
BLACK
6
CONTINUOUS
10
1.789066062992126
20
2.1864922834645668
11
1.7885313779527559
21
2.1860289763779526
0
LINE
8
BLACK
6
CONTINUOUS
10
1.7885313779527559
20
2.1860289763779526
11
1.7859233858267716
21
2.1840766141732284
0
LINE
8
BLACK
6
CONTINUOUS
10
1.7859233858267716
20
2.1840766141732284
11
1.7859233464566928
21
2.1840765748031497
0
LINE
8
BLACK
6
CONTINUOUS
10
1.7859233464566928
20
2.1840765748031497
11
1.7859233070866141
21
2.1840765354330709
0
LINE
8
BLACK
6
CONTINUOUS
10
1.7859233070866141
20
2.1840765354330709
11
1.7849862992125984
21
2.182824803149606
0
LINE
8
BLACK
6
CONTINUOUS
10
1.7849862992125984
20
2.182824803149606
11
1.7839711023622047
21
2.1814687401574804
0
LINE
8
BLACK
6
CONTINUOUS
10
1.7839711023622047
20
2.1814687401574804
11
1.7817335433070867
21
2.1797937007874015
0
LINE
8
BLACK
6
CONTINUOUS
10
1.7817335433070867
20
2.1797937007874015
11
1.7789455511811023
21
2.1795943307086612
0
LINE
8
BLACK
6
CONTINUOUS
10
1.7789455511811023
20
2.1795943307086612
11
1.7764923228346456
21
2.1809338976377952
0
LINE
8
BLACK
6
CONTINUOUS
10
1.7764923228346456
20
2.1809338976377952
11
1.7760289763779527
21
2.1814685826771654
0
LINE
8
BLACK
6
CONTINUOUS
10
1.7760289763779527
20
2.1814685826771654
11
1.7740766141732283
21
2.1840766141732284
0
LINE
8
BLACK
6
CONTINUOUS
10
1.7740766141732283
20
2.1840766141732284
11
1.769540590551181
21
2.187472283464567
0
LINE
8
BLACK
6
CONTINUOUS
10
1.769540590551181
20
2.187472283464567
11
1.7642316141732284
21
2.1894524015748029
0
LINE
8
BLACK
6
CONTINUOUS
10
1.7642316141732284
20
2.1894524015748029
11
1.7618847637795276
21
2.1897047244094487
0
LINE
8
BLACK
6
CONTINUOUS
10
1.7618847637795276
20
2.1897047244094487
11
1.6981152755905511
21
2.18970468503937
0
LINE
8
BLACK
6
CONTINUOUS
10
1.6981152755905511
20
2.18970468503937
11
1.6957683858267716
21
2.1894524015748029
0
LINE
8
BLACK
6
CONTINUOUS
10
1.6957683858267716
20
2.1894524015748029
11
1.693521062992126
21
2.1886141732283466
0
LINE
8
BLACK
6
CONTINUOUS
10
1.693521062992126
20
2.1886141732283466
11
1.6904595669291338
21
2.1874723622047245
0
LINE
8
BLACK
6
CONTINUOUS
10
1.6904595669291338
20
2.1874723622047245
11
1.6904594881889763
21
2.187472283464567
0
LINE
8
BLACK
6
CONTINUOUS
10
1.6904594881889763
20
2.187472283464567
11
1.6904594094488188
21
2.187472283464567
0
LINE
8
BLACK
6
CONTINUOUS
10
1.6904594094488188
20
2.187472283464567
11
1.6859233858267717
21
2.1840766141732284
0
LINE
8
BLACK
6
CONTINUOUS
10
1.6859233858267717
20
2.1840766141732284
11
1.6839711023622046
21
2.1814687401574804
0
LINE
8
BLACK
6
CONTINUOUS
10
1.6839711023622046
20
2.1814687401574804
11
1.6817335433070866
21
2.1797937007874015
0
LINE
8
BLACK
6
CONTINUOUS
10
1.6817335433070866
20
2.1797937007874015
11
1.6789455511811022
21
2.1795943307086612
0
LINE
8
BLACK
6
CONTINUOUS
10
1.6789455511811022
20
2.1795943307086612
11
1.6764923228346456
21
2.1809338976377952
0
LINE
8
BLACK
6
CONTINUOUS
10
1.6764923228346456
20
2.1809338976377952
11
1.6760289763779528
21
2.1814685826771654
0
LINE
8
BLACK
6
CONTINUOUS
10
1.6760289763779528
20
2.1814685826771654
11
1.6740766141732284
21
2.1840766141732284
0
LINE
8
BLACK
6
CONTINUOUS
10
1.6740766141732284
20
2.1840766141732284
11
1.6714687401574804
21
2.1860288582677163
0
LINE
8
BLACK
6
CONTINUOUS
10
1.6714687401574804
20
2.1860288582677163
11
1.6697937007874015
21
2.1882664566929133
0
LINE
8
BLACK
6
CONTINUOUS
10
1.6697937007874015
20
2.1882664566929133
11
1.6695943307086614
21
2.1910544488188974
0
LINE
8
BLACK
6
CONTINUOUS
10
1.6695943307086614
20
2.1910544488188974
11
1.6709338976377952
21
2.1935076771653543
0
LINE
8
BLACK
6
CONTINUOUS
10
1.6709338976377952
20
2.1935076771653543
11
1.6714685826771654
21
2.1939709842519686
0
LINE
8
BLACK
6
CONTINUOUS
10
1.6714685826771654
20
2.1939709842519686
11
1.6740766141732284
21
2.1959233858267715
0
LINE
8
BLACK
6
CONTINUOUS
10
1.6740766141732284
20
2.1959233858267715
11
1.6774722834645668
21
2.2004594094488188
0
LINE
8
BLACK
6
CONTINUOUS
10
1.6774722834645668
20
2.2004594094488188
11
1.6774722834645668
21
2.2004594881889763
0
LINE
8
BLACK
6
CONTINUOUS
10
1.6774722834645668
20
2.2004594881889763
11
1.6774723622047243
21
2.2004595669291338
0
LINE
8
BLACK
6
CONTINUOUS
10
1.6774723622047243
20
2.2004595669291338
11
1.6789771653543306
21
2.204494212598425
0
LINE
8
BLACK
6
CONTINUOUS
10
1.6789771653543306
20
2.204494212598425
11
1.6794524015748031
21
2.2057683858267718
0
LINE
8
BLACK
6
CONTINUOUS
10
1.6794524015748031
20
2.2057683858267718
11
1.6797047244094487
21
2.2081152362204723
0
LINE
8
BLACK
6
CONTINUOUS
10
1.6797047244094487
20
2.2081152362204723
11
1.67970468503937
21
2.2649605905511812
0
LINE
8
BLACK
6
CONTINUOUS
10
1.67970468503937
20
2.2649605905511812
11
1.6804921653543308
21
2.2676425196850394
0
LINE
8
BLACK
6
CONTINUOUS
10
1.6804921653543308
20
2.2676425196850394
11
1.6826046062992126
21
2.2694729527559057
0
LINE
8
BLACK
6
CONTINUOUS
10
1.6826046062992126
20
2.2694729527559057
11
1.6846653149606299
21
2.2699212204724408
0
LINE
8
BLACK
6
CONTINUOUS
10
1.6846653149606299
20
2.2699212204724408
11
1.7
21
2.2699212204724408
0
LINE
8
BLACK
6
CONTINUOUS
10
1.7
20
2.2699212204724408
11
1.7
21
2.27
0
LINE
8
BLACK
6
CONTINUOUS
10
1.7
20
2.27
11
1.76
21
2.27
0
LINE
8
BLACK
6
CONTINUOUS
10
1.76
20
2.27
11
1.76
21
2.2699212204724408
0
LINE
8
BLACK
6
CONTINUOUS
10
1.6599999999999999
20
2.21
11
1.5999999999999999
21
2.21
0
LINE
8
BLACK
6
CONTINUOUS
10
1.5999999999999999
20
2.21
11
1.5999999999999999
21
2.27
0
LINE
8
BLACK
6
CONTINUOUS
10
1.5999999999999999
20
2.27
11
1.6599999999999999
21
2.27
0
LINE
8
BLACK
6
CONTINUOUS
10
1.6599999999999999
20
2.27
11
1.6599999999999999
21
2.21
0
LINE
8
BLACK
6
CONTINUOUS
10
1.8599999999999999
20
2.21
11
1.8
21
2.21
0
LINE
8
BLACK
6
CONTINUOUS
10
1.8
20
2.21
11
1.8
21
2.27
0
LINE
8
BLACK
6
CONTINUOUS
10
1.8
20
2.27
11
1.8599999999999999
21
2.27
0
LINE
8
BLACK
6
CONTINUOUS
10
1.8599999999999999
20
2.27
11
1.8599999999999999
21
2.21
0
CIRCLE
8
BLACK
10
0.77
20
2.25
40
0.0068897637795276
0
CIRCLE
8
BLACK
10
0.77
20
2.1499999999999999
40
0.0068897637795276
0
CIRCLE
8
BLACK
10
0.67
20
2.25
40
0.0068897637795276
0
CIRCLE
8
BLACK
10
0.67
20
2.1499999999999999
40
0.0068897637795276
0
CIRCLE
8
BLACK
10
0.57
20
2.25
40
0.0068897637795276
0
CIRCLE
8
BLACK
10
0.57
20
2.1499999999999999
40
0.0068897637795276
0
CIRCLE
8
BLACK
10
0.47
20
2.25
40
0.0068897637795276
0
CIRCLE
8
BLACK
10
0.47
20
2.1499999999999999
40
0.0068897637795276
0
CIRCLE
8
BLACK
10
1.9299999999999999
20
2.2399999999999998
40
0.0068897637795276
0
CIRCLE
8
BLACK
10
1.9299999999999999
20
2.1400000000000001
40
0.0068897637795276
0
CIRCLE
8
BLACK
10
1.53
20
2.1400000000000001
40
0.0068897637795276
0
CIRCLE
8
BLACK
10
1.53
20
2.2399999999999998
40
0.0068897637795276
0
CIRCLE
8
BLACK
10
1.73
20
2.1400000000000001
40
0.0068897637795276
0
CIRCLE
8
BLACK
10
1.73
20
2.2399999999999998
40
0.0068897637795276
0
CIRCLE
8
BLACK
10
1.8299999999999998
20
2.2399999999999998
40
0.0068897637795276
0
CIRCLE
8
BLACK
10
1.8299999999999998
20
2.1400000000000001
40
0.0068897637795276
0
CIRCLE
8
BLACK
10
1.6299999999999999
20
2.2399999999999998
40
0.0068897637795276
0
CIRCLE
8
BLACK
10
1.6299999999999999
20
2.1400000000000001
40
0.0068897637795276
0
CIRCLE
8
BLACK
10
1.25
20
0.15
40
0.0068897637795276
0
CIRCLE
8
BLACK
10
1.25
20
0.25
40
0.0068897637795276
0
CIRCLE
8
BLACK
10
1.3499999999999999
20
0.15
40
0.0068897637795276
0
CIRCLE
8
BLACK
10
1.3499999999999999
20
0.25
40
0.0068897637795276
0
CIRCLE
8
BLACK
10
1.45
20
0.15
40
0.0068897637795276
0
CIRCLE
8
BLACK
10
1.45
20
0.25
40
0.0068897637795276
0
CIRCLE
8
BLACK
10
1.55
20
0.15
40
0.0068897637795276
0
CIRCLE
8
BLACK
10
1.55
20
0.25
40
0.0068897637795276
0
CIRCLE
8
BLACK
10
0.5881496062992125
20
0.115
40
0.0068897637795276
0
CIRCLE
8
BLACK
10
0.785
20
0.115
40
0.0068897637795276
0
CIRCLE
8
BLACK
10
2.4750000000000001
20
2.165
40
0.0068897637795276
0
CIRCLE
8
BLACK
10
2.4750000000000001
20
2.0649999999999999
40
0.0068897637795276
0
CIRCLE
8
BLACK
10
2.5749999999999997
20
2.165
40
0.0068897637795276
0
CIRCLE
8
BLACK
10
2.5749999999999997
20
2.0649999999999999
40
0.0068897637795276
0
CIRCLE
8
BLACK
10
2.6749999999999998
20
2.165
40
0.0068897637795276
0
CIRCLE
8
BLACK
10
2.6749999999999998
20
2.0649999999999999
40
0.0068897637795276
0
CIRCLE
8
BLACK
10
2.3500000000000001
20
2.2399999999999998
40
0.0068897637795276
0
CIRCLE
8
BLACK
10
2.3500000000000001
20
2.1400000000000001
40
0.0068897637795276
0
CIRCLE
8
BLACK
10
2.25
20
2.2399999999999998
40
0.0068897637795276
0
CIRCLE
8
BLACK
10
2.25
20
2.1400000000000001
40
0.0068897637795276
0
CIRCLE
8
BLACK
10
2.1499999999999999
20
2.2399999999999998
40
0.0068897637795276
0
CIRCLE
8
BLACK
10
2.1499999999999999
20
2.1400000000000001
40
0.0068897637795276
0
CIRCLE
8
BLACK
10
2.0499999999999998
20
2.2399999999999998
40
0.0068897637795276
0
CIRCLE
8
BLACK
10
2.0499999999999998
20
2.1400000000000001
40
0.0068897637795276
0
CIRCLE
8
BLACK
10
3.
20
0.2
40
0.0068897637795276
0
CIRCLE
8
BLACK
10
0.2
20
2.1999999999999997
40
0.0068897637795276
0
CIRCLE
8
BLACK
10
0.2
20
0.2
40
0.0068897637795276
0
CIRCLE
8
BLACK
10
3.
20
2.1999999999999997
40
0.0068897637795276
0
CIRCLE
8
BLACK
10
0.5881496062992125
20
0.31
40
0.0068897637795276
0
CIRCLE
8
BLACK
10
0.785
20
0.31
40
0.0068897637795276
0
CIRCLE
8
BLACK
10
2.5209842519685037
20
0.3085826771653543
40
0.0068897637795276
0
CIRCLE
8
BLACK
10
2.7690157480314959
20
0.3085826771653543
40
0.0068897637795276
0
CIRCLE
8
BLACK
10
2.5209842519685037
20
0.1314173228346457
40
0.0068897637795276
0
CIRCLE
8
BLACK
10
2.7690157480314959
20
0.1314173228346457
40
0.0068897637795276
0
CIRCLE
8
BLACK
10
2.7749999999999999
20
2.165
40
0.0068897637795276
0
CIRCLE
8
BLACK
10
2.7749999999999999
20
2.0649999999999999
40
0.0068897637795276
0
CIRCLE
8
BLACK
10
0.1703346456692913
20
1.5949212598425198
40
0.0068897637795276
0
CIRCLE
8
BLACK
10
3.0246653543307085
20
1.5949212598425198
40
0.0068897637795276
0
CIRCLE
8
BLACK
10
0.1703346456692913
20
0.8350787401574803
40
0.0068897637795276
0
CIRCLE
8
BLACK
10
3.0246653543307085
20
0.8350787401574803
40
0.0068897637795276
0
CIRCLE
8
BLACK
10
0.975
20
2.1999999999999997
40
0.0068897637795276
0
CIRCLE
8
BLACK
10
1.175
20
2.1999999999999997
40
0.0068897637795276
0
CIRCLE
8
BLACK
10
1.675
20
0.175
40
0.0068897637795276
0
CIRCLE
8
BLACK
10
1.78
20
0.175
40
0.0068897637795276
0
CIRCLE
8
BLACK
10
1.885
20
0.175
40
0.0068897637795276
0
CIRCLE
8
BLACK
10
1.99
20
0.175
40
0.0068897637795276
0
CIRCLE
8
BLACK
10
2.0949999999999998
20
0.175
40
0.0068897637795276
0
CIRCLE
8
BLACK
10
2.1999999999999997
20
0.175
40
0.0068897637795276
0
CIRCLE
8
BLACK
10
2.3050000000000002
20
0.175
40
0.0068897637795276
0
CIRCLE
8
BLACK
10
1.04
20
1.675
40
0.0068897637795276
0
CIRCLE
8
BLACK
10
1.0900000000000001
20
1.675
40
0.0068897637795276
0
CIRCLE
8
BLACK
10
1.0649999999999999
20
1.72
40
0.0068897637795276
0
CIRCLE
8
BLACK
10
1.04
20
1.7649999999999999
40
0.0068897637795276
0
CIRCLE
8
BLACK
10
1.0900000000000001
20
1.7649999999999999
40
0.0068897637795276
0
CIRCLE
8
BLACK
10
1.375
20
2.1999999999999997
40
0.0068897637795276
0
CIRCLE
8
BLACK
10
2.4100000000000001
20
0.175
40
0.0068897637795276
0
CIRCLE
8
BLACK
10
0.66
20
1.1399999999999999
40
0.0098425196850394
0
CIRCLE
8
BLACK
10
1.2849999999999999
20
0.52
40
0.0098425196850394
0
CIRCLE
8
BLACK
10
0.43
20
1.3499999999999999
40
0.0098425196850394
0
CIRCLE
8
BLACK
10
1.3200000000000001
20
0.06
40
0.0098425196850394
0
CIRCLE
8
BLACK
10
2.4199999999999999
20
0.73
40
0.0098425196850394
0
CIRCLE
8
BLACK
10
1.778
20
0.668
40
0.0098425196850394
0
CIRCLE
8
BLACK
10
2.835
20
1.7475000000000001
40
0.0098425196850394
0
CIRCLE
8
BLACK
10
2.2799999999999998
20
2.3300000000000001
40
0.0098425196850394
0
CIRCLE
8
BLACK
10
2.71
20
1.47
40
0.0098425196850394
0
CIRCLE
8
BLACK
10
0.61
20
1.8
40
0.0098425196850394
0
CIRCLE
8
BLACK
10
1.48
20
1.9350000000000001
40
0.0098425196850394
0
CIRCLE
8
BLACK
10
0.1125
20
0.6825
40
0.0098425196850394
0
CIRCLE
8
BLACK
10
1.2249999999999999
20
0.6224999999999999
40
0.0098425196850394
0
CIRCLE
8
BLACK
10
0.46
20
1.75
40
0.0098425196850394
0
CIRCLE
8
BLACK
10
0.3
20
0.97
40
0.0098425196850394
0
CIRCLE
8
BLACK
10
0.1425
20
0.6325
40
0.0098425196850394
0
CIRCLE
8
BLACK
10
1.3200000000000001
20
0.455
40
0.0098425196850394
0
CIRCLE
8
BLACK
10
1.395
20
0.655
40
0.0098425196850394
0
CIRCLE
8
BLACK
10
0.48
20
0.06
40
0.0098425196850394
0
CIRCLE
8
BLACK
10
3.0150000000000001
20
1.145
40
0.0098425196850394
0
CIRCLE
8
BLACK
10
0.31
20
1.8200000000000001
40
0.0098425196850394
0
CIRCLE
8
BLACK
10
0.5599999999999999
20
1.3049999999999999
40
0.0098425196850394
0
CIRCLE
8
BLACK
10
2.8900000000000001
20
0.52
40
0.0098425196850394
0
CIRCLE
8
BLACK
10
2.8900000000000001
20
0.59
40
0.0098425196850394
0
CIRCLE
8
BLACK
10
1.29
20
0.7999999999999999
40
0.0098425196850394
0
CIRCLE
8
BLACK
10
1.0600000000000001
20
1.8499999999999999
40
0.0098425196850394
0
CIRCLE
8
BLACK
10
0.5649999999999999
20
0.5649999999999999
40
0.0098425196850394
0
CIRCLE
8
BLACK
10
2.7599999999999998
20
0.41
40
0.0098425196850394
0
CIRCLE
8
BLACK
10
0.62
20
1.3049999999999999
40
0.0098425196850394
0
CIRCLE
8
BLACK
10
1.8825000000000001
20
1.3200000000000001
40
0.0098425196850394
0
CIRCLE
8
BLACK
10
0.36
20
1.5899999999999999
40
0.0098425196850394
0
CIRCLE
8
BLACK
10
2.6850000000000001
20
0.36
40
0.0098425196850394
0
CIRCLE
8
BLACK
10
2.6600000000000001
20
0.67
40
0.0098425196850394
0
CIRCLE
8
BLACK
10
2.5299999999999998
20
0.59
40
0.0098425196850394
0
CIRCLE
8
BLACK
10
2.085
20
1.7575000000000001
40
0.0098425196850394
0
CIRCLE
8
BLACK
10
1.420024094488189
20
1.8249759055118109
40
0.0098425196850394
0
CIRCLE
8
BLACK
10
0.5599999999999999
20
1.8
40
0.0098425196850394
0
CIRCLE
8
BLACK
10
0.41
20
1.8
40
0.0098425196850394
0
CIRCLE
8
BLACK
10
1.615
20
0.8724999999999999
40
0.0098425196850394
0
CIRCLE
8
BLACK
10
2.9399999999999999
20
0.99
40
0.0098425196850394
0
CIRCLE
8
BLACK
10
0.2825
20
0.57
40
0.0098425196850394
0
CIRCLE
8
BLACK
10
0.37
20
1.7449999999999999
40
0.0098425196850394
0
CIRCLE
8
BLACK
10
1.925
20
1.3025
40
0.0098425196850394
0
CIRCLE
8
BLACK
10
0.1825
20
0.6925
40
0.0098425196850394
0
CIRCLE
8
BLACK
10
0.49
20
1.7
40
0.0098425196850394
0
CIRCLE
8
BLACK
10
1.7069999999999999
20
0.598
40
0.0098425196850394
0
CIRCLE
8
BLACK
10
0.5225
20
0.6925
40
0.0098425196850394
0
CIRCLE
8
BLACK
10
2.5299999999999998
20
0.47
40
0.0098425196850394
0
CIRCLE
8
BLACK
10
2.6699999999999999
20
1.9199999999999999
40
0.0098425196850394
0
CIRCLE
8
BLACK
10
3.
20
1.04
40
0.0098425196850394
0
CIRCLE
8
BLACK
10
2.6899999999999999
20
1.0800000000000001
40
0.0098425196850394
0
CIRCLE
8
BLACK
10
1.55
20
0.54
40
0.0098425196850394
0
CIRCLE
8
BLACK
10
1.8200000000000001
20
1.8999999999999999
40
0.0098425196850394
0
CIRCLE
8
BLACK
10
1.7424999999999999
20
1.29
40
0.0098425196850394
0
CIRCLE
8
BLACK
10
0.6036
20
1.5469999999999999
40
0.0098425196850394
0
CIRCLE
8
BLACK
10
0.05
20
1.4175
40
0.0098425196850394
0
CIRCLE
8
BLACK
10
0.3525
20
0.57
40
0.0098425196850394
0
CIRCLE
8
BLACK
10
0.51
20
1.8
40
0.0098425196850394
0
CIRCLE
8
BLACK
10
3.0600000000000001
20
0.99
40
0.0098425196850394
0
CIRCLE
8
BLACK
10
0.4175
20
0.57
40
0.0098425196850394
0
CIRCLE
8
BLACK
10
0.39
20
2.2149999999999999
40
0.0098425196850394
0
CIRCLE
8
BLACK
10
1.5649999999999999
20
1.905
40
0.0098425196850394
0
CIRCLE
8
BLACK
10
1.49
20
0.745
40
0.0098425196850394
0
CIRCLE
8
BLACK
10
1.72
20
1.0935110236220473
40
0.0098425196850394
0
CIRCLE
8
BLACK
10
2.8149999999999999
20
1.98
40
0.0098425196850394
0
CIRCLE
8
BLACK
10
2.855
20
1.98
40
0.0098425196850394
0
CIRCLE
8
BLACK
10
1.0525
20
0.6224999999999999
40
0.0098425196850394
0
CIRCLE
8
BLACK
10
1.4949999999999999
20
1.825
40
0.0098425196850394
0
CIRCLE
8
BLACK
10
0.435
20
1.6799999999999999
40
0.0098425196850394
0
CIRCLE
8
BLACK
10
2.5299999999999998
20
0.53
40
0.0098425196850394
0
CIRCLE
8
BLACK
10
0.18
20
1.2825
40
0.0098425196850394
0
CIRCLE
8
BLACK
10
0.9725
20
0.62
40
0.0098425196850394
0
CIRCLE
8
BLACK
10
0.5775
20
0.6224999999999999
40
0.0098425196850394
0
CIRCLE
8
BLACK
10
2.8799999999999999
20
1.0349999999999999
40
0.0098425196850394
0
CIRCLE
8
BLACK
10
2.2999999999999998
20
0.85
40
0.0098425196850394
0
CIRCLE
8
BLACK
10
2.8449999999999998
20
1.1399999999999999
40
0.0098425196850394
0
CIRCLE
8
BLACK
10
1.9675
20
1.2825
40
0.0098425196850394
0
CIRCLE
8
BLACK
10
2.8199999999999998
20
1.0349999999999999
40
0.0098425196850394
0
CIRCLE
8
BLACK
10
2.8999999999999999
20
0.975
40
0.0098425196850394
0
CIRCLE
8
BLACK
10
2.3599999999999999
20
1.1099999999999999
40
0.0098425196850394
0
CIRCLE
8
BLACK
10
2.8199999999999998
20
0.75
40
0.0098425196850394
0
CIRCLE
8
BLACK
10
1.3349970078740157
20
1.9034042519685039
40
0.0098425196850394
0
CIRCLE
8
BLACK
10
1.5700000000000001
20
2.0049999999999999
40
0.0098425196850394
0
CIRCLE
8
BLACK
10
1.4550000000000001
20
1.7849999999999999
40
0.0098425196850394
0
CIRCLE
8
BLACK
10
2.8049999999999997
20
0.98
40
0.0098425196850394
0
CIRCLE
8
BLACK
10
2.75
20
1.0800000000000001
40
0.0098425196850394
0
CIRCLE
8
BLACK
10
2.8900000000000001
20
0.65
40
0.0098425196850394
0
CIRCLE
8
BLACK
10
3.1299999999999999
20
0.6799999999999999
40
0.0098425196850394
0
CIRCLE
8
BLACK
10
1.7925
20
1.7449999999999999
40
0.0098425196850394
0
CIRCLE
8
BLACK
10
2.0049999999999999
20
0.835
40
0.0098425196850394
0
CIRCLE
8
BLACK
10
2.071712244094488
20
1.2825
40
0.0098425196850394
0
CIRCLE
8
BLACK
10
0.48
20
0.17
40
0.0098425196850394
0
CIRCLE
8
BLACK
10
2.7349999999999999
20
0.585
40
0.0098425196850394
0
CIRCLE
8
BLACK
10
2.9699999999999998
20
1.0900000000000001
40
0.0098425196850394
0
CIRCLE
8
BLACK
10
0.1625
20
1.335
40
0.0098425196850394
0
CIRCLE
8
BLACK
10
2.6099999999999999
20
1.8599999999999999
40
0.0098425196850394
0
CIRCLE
8
BLACK
10
1.1499999999999999
20
0.62
40
0.0098425196850394
0
CIRCLE
8
BLACK
10
0.17
20
1.97
40
0.0098425196850394
0
CIRCLE
8
BLACK
10
2.895
20
1.1399999999999999
40
0.0098425196850394
0
CIRCLE
8
BLACK
10
0.1
20
1.72
40
0.0098425196850394
0
CIRCLE
8
BLACK
10
1.3200000000000001
20
0.6224999999999999
40
0.0098425196850394
0
CIRCLE
8
BLACK
10
1.450024094488189
20
1.8549759055118109
40
0.0098425196850394
0
CIRCLE
8
BLACK
10
0.905
20
0.115
40
0.0098425196850394
0
CIRCLE
8
BLACK
10
2.5800000000000001
20
0.38
40
0.0098425196850394
0
CIRCLE
8
BLACK
10
1.5625
20
0.8225
40
0.0098425196850394
0
CIRCLE
8
BLACK
10
1.4399999999999999
20
0.06
40
0.0098425196850394
0
CIRCLE
8
BLACK
10
2.1475
20
1.7549999999999999
40
0.0098425196850394
0
CIRCLE
8
BLACK
10
1.7
20
0.945
40
0.0098425196850394
0
CIRCLE
8
BLACK
10
0.24
20
1.97
40
0.0098425196850394
0
CIRCLE
8
BLACK
10
0.1
20
1.8699999999999999
40
0.0098425196850394
0
CIRCLE
8
BLACK
10
2.7999999999999998
20
1.1399999999999999
40
0.0098425196850394
0
CIRCLE
8
BLACK
10
0.49
20
1.0600000000000001
40
0.0098425196850394
0
CIRCLE
8
BLACK
10
1.74
20
1.4275
40
0.0098425196850394
0
CIRCLE
8
BLACK
10
2.8799999999999999
20
0.45
40
0.0098425196850394
0
CIRCLE
8
BLACK
10
0.39
20
2.1699999999999999
40
0.0098425196850394
0
CIRCLE
8
BLACK
10
1.9275
20
1.4675
40
0.0098425196850394
0
CIRCLE
8
BLACK
10
1.5999999999999999
20
1.9450000000000001
40
0.0098425196850394
0
CIRCLE
8
BLACK
10
1.26
20
0.06
40
0.0098425196850394
0
CIRCLE
8
BLACK
10
2.77
20
1.98
40
0.0098425196850394
0
CIRCLE
8
BLACK
10
2.9499999999999997
20
1.145
40
0.0098425196850394
0
CIRCLE
8
BLACK
10
3.0299999999999998
20
1.47
40
0.0098425196850394
0
CIRCLE
8
BLACK
10
1.75
20
1.78
40
0.0098425196850394
0
CIRCLE
8
BLACK
10
2.7399999999999998
20
1.1399999999999999
40
0.0098425196850394
0
CIRCLE
8
BLACK
10
0.39
20
2.1200000000000001
40
0.0098425196850394
0
CIRCLE
8
BLACK
10
0.325
20
0.6925
40
0.0098425196850394
0
CIRCLE
8
BLACK
10
1.101
20
1.8539999212598426
40
0.0098425196850394
0
CIRCLE
8
BLACK
10
2.6349999999999998
20
1.75
40
0.0098425196850394
0
CIRCLE
8
BLACK
10
0.8225
20
1.9975000000000001
40
0.0098425196850394
0
CIRCLE
8
BLACK
10
0.385
20
0.6925
40
0.0098425196850394
0
CIRCLE
8
BLACK
10
0.7262
20
1.6501999999999999
40
0.0098425196850394
0
CIRCLE
8
BLACK
10
1.03
20
0.8049999999999999
40
0.0098425196850394
0
CIRCLE
8
BLACK
10
1.4299999999999999
20
0.84
40
0.0098425196850394
0
CIRCLE
8
BLACK
10
3.0699999999999998
20
0.6799999999999999
40
0.0098425196850394
0
CIRCLE
8
BLACK
10
0.35
20
0.9699999606299212
40
0.0098425196850394
0
CIRCLE
8
BLACK
10
2.7599999999999998
20
0.47
40
0.0098425196850394
0
CIRCLE
8
BLACK
10
1.6699999999999999
20
0.52
40
0.0098425196850394
0
CIRCLE
8
BLACK
10
1.0449999999999999
20
0.115
40
0.0098425196850394
0
CIRCLE
8
BLACK
10
1.5
20
0.06
40
0.0098425196850394
0
CIRCLE
8
BLACK
10
3.
20
0.99
40
0.0098425196850394
0
CIRCLE
8
BLACK
10
2.5600000000000001
20
1.8100000000000001
40
0.0098425196850394
0
CIRCLE
8
BLACK
10
2.3374999999999999
20
1.9549999999999998
40
0.0098425196850394
0
CIRCLE
8
BLACK
10
2.2199999999999998
20
2.3300000000000001
40
0.0098425196850394
0
CIRCLE
8
BLACK
10
1.21
20
0.7999999999999999
40
0.0098425196850394
0
CIRCLE
8
BLACK
10
2.5949999999999998
20
0.585
40
0.0098425196850394
0
CIRCLE
8
BLACK
10
0.8785999999999999
20
1.5451999999999999
40
0.0098425196850394
0
CIRCLE
8
BLACK
10
1.9749999999999999
20
0.87
40
0.0098425196850394
0
CIRCLE
8
BLACK
10
1.52
20
2.0099999999999998
40
0.0098425196850394
0
CIRCLE
8
BLACK
10
2.3399999999999999
20
2.3300000000000001
40
0.0098425196850394
0
CIRCLE
8
BLACK
10
2.8799999999999999
20
0.37
40
0.0098425196850394
0
CIRCLE
8
BLACK
10
1.55
20
0.47
40
0.0098425196850394
0
CIRCLE
8
BLACK
10
0.16
20
1.72
40
0.0098425196850394
0
CIRCLE
8
BLACK
10
0.1
20
1.9199999999999999
40
0.0098425196850394
0
CIRCLE
8
BLACK
10
1.0900000000000001
20
0.115
40
0.0098425196850394
0
CIRCLE
8
BLACK
10
1.4749999999999999
20
1.8899999999999999
40
0.0098425196850394
0
CIRCLE
8
BLACK
10
1.135
20
0.115
40
0.0098425196850394
0
CIRCLE
8
BLACK
10
0.39
20
2.2599999999999998
40
0.0098425196850394
0
CIRCLE
8
BLACK
10
1.3599999999999999
20
0.84
40
0.0098425196850394
0
CIRCLE
8
BLACK
10
1.9524999999999999
20
1.9749999999999999
40
0.0098425196850394
0
CIRCLE
8
BLACK
10
0.58
20
0.6775
40
0.0098425196850394
0
CIRCLE
8
BLACK
10
1.8200000000000001
20
1.8374999999999999
40
0.0098425196850394
0
CIRCLE
8
BLACK
10
0.3
20
1.8899999999999999
40
0.0098425196850394
0
CIRCLE
8
BLACK
10
2.2624999999999997
20
1.8825000000000001
40
0.0098425196850394
0
CIRCLE
8
BLACK
10
2.1600000000000001
20
2.3300000000000001
40
0.0098425196850394
0
CIRCLE
8
BLACK
10
2.0225
20
2.0499999999999998
40
0.0098425196850394
0
CIRCLE
8
BLACK
10
1.6299999999999999
20
0.9299999999999999
40
0.0098425196850394
0
CIRCLE
8
BLACK
10
2.5299999999999998
20
0.72
40
0.0098425196850394
0
CIRCLE
8
BLACK
10
2.5
20
1.75
40
0.0098425196850394
0
CIRCLE
8
BLACK
10
0.4575
20
0.6925
40
0.0098425196850394
0
CIRCLE
8
BLACK
10
3.0099999999999998
20
0.6799999999999999
40
0.0098425196850394
0
CIRCLE
8
BLACK
10
1.5700000000000001
20
0.6
40
0.0098425196850394
0
CIRCLE
8
BLACK
10
1.5
20
1.98
40
0.0098425196850394
0
CIRCLE
8
BLACK
10
0.7976
20
1.546
40
0.0098425196850394
0
CIRCLE
8
BLACK
10
2.3700000000000001
20
1.1799999999999999
40
0.0098425196850394
0
CIRCLE
8
BLACK
10
3.1200000000000001
20
0.99
40
0.0098425196850394
0
CIRCLE
8
BLACK
10
0.22
20
1.72
40
0.0098425196850394
0
CIRCLE
8
BLACK
10
0.79
20
2.0899999999999999
40
0.0098425196850394
0
CIRCLE
8
BLACK
10
1.76
20
1.8399999999999999
40
0.0098425196850394
0
CIRCLE
8
BLACK
10
0.39
20
2.0699999999999998
40
0.0098425196850394
0
CIRCLE
8
BLACK
10
2.6400000000000001
20
0.75
40
0.0098425196850394
0
CIRCLE
8
BLACK
10
2.6800000000000002
20
1.1399999999999999
40
0.0098425196850394
0
CIRCLE
8
BLACK
10
2.6200000000000001
20
0.36
40
0.0098425196850394
0
CIRCLE
8
BLACK
10
2.4100000000000001
20
1.1099999999999999
40
0.0098425196850394
0
CIRCLE
8
BLACK
10
1.53
20
1.865
40
0.0098425196850394
0
CIRCLE
8
BLACK
10
0.955
20
0.115
40
0.0098425196850394
0
CIRCLE
8
BLACK
10
2.3500000000000001
20
0.7999999999999999
40
0.0098425196850394
0
CIRCLE
8
BLACK
10
2.7399999999999998
20
0.52
40
0.0098425196850394
0
CIRCLE
8
BLACK
10
1.6899999999999999
20
1.78
40
0.0098425196850394
0
CIRCLE
8
BLACK
10
2.6099999999999999
20
1.1199999999999999
40
0.0098425196850394
0
CIRCLE
8
BLACK
10
1.0950000787401575
20
0.8000000787401574
40
0.0098425196850394
0
CIRCLE
8
BLACK
10
3.02
20
1.095
40
0.0098425196850394
0
CIRCLE
8
BLACK
10
2.125
20
1.9575
40
0.0098425196850394
0
CIRCLE
8
BLACK
10
0.255
20
0.6925
40
0.0098425196850394
0
CIRCLE
8
BLACK
10
0.1975
20
0.59
40
0.0098425196850394
0
CIRCLE
8
BLACK
10
2.9499999999999997
20
0.6799999999999999
40
0.0098425196850394
0
CIRCLE
8
BLACK
10
1.155
20
0.7999997637795275
40
0.0098425196850394
0
CIRCLE
8
BLACK
10
1.54
20
0.9199999999999999
40
0.0098425196850394
0
CIRCLE
8
BLACK
10
0.1
20
1.97
40
0.0098425196850394
0
CIRCLE
8
BLACK
10
0.98
20
0.7374999999999999
40
0.0098425196850394
0
CIRCLE
8
BLACK
10
1.5249999999999999
20
1.925
40
0.0098425196850394
0
CIRCLE
8
BLACK
10
2.2012
20
0.9544
40
0.0098425196850394
0
CIRCLE
8
BLACK
10
3.1200000000000001
20
1.04
40
0.0098425196850394
0
CIRCLE
8
BLACK
10
3.0600000000000001
20
1.04
40
0.0098425196850394
0
CIRCLE
8
BLACK
10
0.5499999999999999
20
1.6799999999999999
40
0.0098425196850394
0
CIRCLE
8
BLACK
10
0.1
20
1.8200000000000001
40
0.0098425196850394
0
CIRCLE
8
BLACK
10
2.3999999999999999
20
2.3300000000000001
40
0.0098425196850394
0
CIRCLE
8
BLACK
10
1.6399999999999999
20
1.9849999999999999
40
0.0098425196850394
0
CIRCLE
8
BLACK
10
2.8799999999999999
20
0.72
40
0.0098425196850394
0
CIRCLE
8
BLACK
10
1.2
20
0.06
40
0.0098425196850394
0
CIRCLE
8
BLACK
10
1.74
20
0.985
40
0.0098425196850394
0
CIRCLE
8
BLACK
10
2.3700000000000001
20
1.345
40
0.0098425196850394
0
CIRCLE
8
BLACK
10
2.5350000000000001
20
0.38
40
0.0098425196850394
0
CIRCLE
8
BLACK
10
2.9049999999999998
20
1.98
40
0.0098425196850394
0
CIRCLE
8
BLACK
10
0.38
20
1.3049999999999999
40
0.0098425196850394
0
CIRCLE
8
BLACK
10
0.9807325590551181
20
1.9724999999999999
40
0.0098425196850394
0
CIRCLE
8
BLACK
10
0.415
20
1.5899999999999999
40
0.0098425196850394
0
CIRCLE
8
BLACK
10
1.8399999999999999
20
1.0674999999999999
40
0.0098425196850394
0
CIRCLE
8
BLACK
10
3.0474999999999999
20
1.7549999999999999
40
0.0098425196850394
0
CIRCLE
8
BLACK
10
2.8399999999999999
20
0.6899999999999999
40
0.0098425196850394
0
CIRCLE
8
BLACK
10
1.8399999999999999
20
0.7
40
0.0098425196850394
0
CIRCLE
8
BLACK
10
0.3
20
1.9399999999999999
40
0.0098425196850394
0
CIRCLE
8
BLACK
10
1.3799999999999999
20
0.06
40
0.0098425196850394
0
CIRCLE
8
BLACK
10
0.1
20
1.77
40
0.0098425196850394
0
CIRCLE
8
BLACK
10
2.8500000000000001
20
0.975
40
0.0098425196850394
0
CIRCLE
8
BLACK
10
2.3700000000000001
20
1.47
40
0.0098425196850394
0
CIRCLE
8
BLACK
10
1.
20
0.115
40
0.0098425196850394
0
CIRCLE
8
BLACK
10
0.355
20
1.6499999999999999
40
0.0098425196850394
0
CIRCLE
8
BLACK
10
0.6849999999999999
20
1.2041999999999999
40
0.0098425196850394
0
CIRCLE
8
BLACK
10
0.28
20
1.72
40
0.0098425196850394
0
CIRCLE
8
BLACK
10
2.02
20
1.8474999999999999
40
0.0098425196850394
0
CIRCLE
8
BLACK
10
0.49
20
0.5725
40
0.0098425196850394
0
CIRCLE
8
BLACK
10
1.5600000000000001
20
1.96
40
0.0098425196850394
0
CIRCLE
8
BLACK
10
0.66
20
1.8
40
0.0098425196850394
0
CIRCLE
8
BLACK
10
0.46
20
1.8
40
0.0098425196850394
0
CIRCLE
8
BLACK
10
1.1199999999999999
20
1.9399999999999999
40
0.0098425196850394
0
CIRCLE
8
BLACK
10
0.48
20
0.12
40
0.0098425196850394
0
CIRCLE
8
BLACK
10
1.5899999999999999
20
2.0649999999999999
40
0.0098425196850394
0
CIRCLE
8
BLACK
10
1.3596872834645668
20
1.4815818503937008
40
0.0098425196850394
0
CIRCLE
8
BLACK
10
1.4550000000000001
20
1.2329527559055118
40
0.0098425196850394
0
CIRCLE
8
BLACK
10
2.73
20
0.78
40
0.0098425196850394
0
CIRCLE
8
BLACK
10
2.0625
20
1.0700000000000001
40
0.0098425196850394
0
CIRCLE
8
BLACK
10
0.88
20
2.2799999999999998
40
0.0098425196850394
0
CIRCLE
8
BLACK
10
0.834
20
1.7809999999999999
40
0.0098425196850394
0
CIRCLE
8
BLACK
10
1.4399999999999999
20
2.2799999999999998
40
0.0098425196850394
0
CIRCLE
8
BLACK
10
0.9369999999999999
20
1.5129999999999999
40
0.0098425196850394
0
CIRCLE
8
BLACK
10
1.3139588582677164
20
1.5842642125984252
40
0.0098425196850394
0
CIRCLE
8
BLACK
10
1.2217374409448818
20
1.800867716535433
40
0.0098425196850394
0
CIRCLE
8
BLACK
10
2.6200000000000001
20
0.825
40
0.0098425196850394
0
CIRCLE
8
BLACK
10
2.2524999999999999
20
0.66
40
0.0098425196850394
0
CIRCLE
8
BLACK
10
2.2524999999999999
20
0.38
40
0.0098425196850394
0
CIRCLE
8
BLACK
10
2.1999999999999997
20
0.465
40
0.0098425196850394
0
CIRCLE
8
BLACK
10
2.1999999999999997
20
0.65
40
0.0098425196850394
0
CIRCLE
8
BLACK
10
2.2999999999999998
20
0.465
40
0.0098425196850394
0
CIRCLE
8
BLACK
10
2.2999999999999998
20
0.595
40
0.0098425196850394
0
CIRCLE
8
BLACK
10
1.8674999999999999
20
0.5599999999999999
40
0.0098425196850394
0
CIRCLE
8
BLACK
10
2.0674999999999999
20
0.9525
40
0.0098425196850394
0
CIRCLE
8
BLACK
10
1.631
20
0.094
40
0.0098425196850394
0
CIRCLE
8
BLACK
10
2.0924999999999998
20
1.3799999999999999
40
0.0098425196850394
0
CIRCLE
8
BLACK
10
1.6199999999999999
20
0.44
40
0.0098425196850394
0
CIRCLE
8
BLACK
10
2.0049999999999999
20
1.0449999999999999
40
0.0098425196850394
0
CIRCLE
8
BLACK
10
1.9275
20
1.115
40
0.0098425196850394
0
CIRCLE
8
BLACK
10
2.0225
20
1.3574999999999999
40
0.0098425196850394
0
CIRCLE
8
BLACK
10
0.5840379527559055
20
1.1349169685039371
40
0.0098425196850394
0
CIRCLE
8
BLACK
10
0.5274208267716536
20
1.035613031496063
40
0.0098425196850394
0
CIRCLE
8
BLACK
10
1.2329999999999999
20
1.6199999999999999
40
0.0098425196850394
0
CIRCLE
8
BLACK
10
1.22
20
2.2799999999999998
40
0.0098425196850394
0
CIRCLE
8
BLACK
10
1.3517999999999999
20
1.7262
40
0.0098425196850394
0
CIRCLE
8
BLACK
10
1.4321857874015749
20
1.9466567716535432
40
0.0098425196850394
  0
ENDSEC
  0
EOF
