ISO-10303-21;
HEADER;
FILE_DESCRIPTION(('KiCad electronic assembly'),'2;1');
FILE_NAME('LION2CELL01.step','2024-07-19T15:31:56',('Pcbnew'),('Kicad'),
  'Open CASCADE STEP processor 7.6','KiCad to STEP converter','Unknown'
  );
FILE_SCHEMA(('AUTOMOTIVE_DESIGN { 1 0 10303 214 1 1 1 1 }'));
ENDSEC;
DATA;
#1 = APPLICATION_PROTOCOL_DEFINITION('international standard',
  'automotive_design',2000,#2);
#2 = APPLICATION_CONTEXT(
  'core data for automotive mechanical design processes');
#3 = SHAPE_DEFINITION_REPRESENTATION(#4,#10);
#4 = PRODUCT_DEFINITION_SHAPE('','',#5);
#5 = PRODUCT_DEFINITION('design','',#6,#9);
#6 = PRODUCT_DEFINITION_FORMATION('','',#7);
#7 = PRODUCT('LION2CELL01 1','LION2CELL01 1','',(#8));
#8 = PRODUCT_CONTEXT('',#2,'mechanical');
#9 = PRODUCT_DEFINITION_CONTEXT('part definition',#2,'design');
#10 = SHAPE_REPRESENTATION('',(#11,#15),#19);
#11 = AXIS2_PLACEMENT_3D('',#12,#13,#14);
#12 = CARTESIAN_POINT('',(0.,0.,0.));
#13 = DIRECTION('',(0.,0.,1.));
#14 = DIRECTION('',(1.,0.,-0.));
#15 = AXIS2_PLACEMENT_3D('',#16,#17,#18);
#16 = CARTESIAN_POINT('',(0.,0.,0.));
#17 = DIRECTION('',(0.,0.,1.));
#18 = DIRECTION('',(1.,0.,-0.));
#19 = ( GEOMETRIC_REPRESENTATION_CONTEXT(3) 
GLOBAL_UNCERTAINTY_ASSIGNED_CONTEXT((#23)) GLOBAL_UNIT_ASSIGNED_CONTEXT(
(#20,#21,#22)) REPRESENTATION_CONTEXT('Context #1',
  '3D Context with UNIT and UNCERTAINTY') );
#20 = ( LENGTH_UNIT() NAMED_UNIT(*) SI_UNIT(.MILLI.,.METRE.) );
#21 = ( NAMED_UNIT(*) PLANE_ANGLE_UNIT() SI_UNIT($,.RADIAN.) );
#22 = ( NAMED_UNIT(*) SI_UNIT($,.STERADIAN.) SOLID_ANGLE_UNIT() );
#23 = UNCERTAINTY_MEASURE_WITH_UNIT(LENGTH_MEASURE(1.E-07),#20,
  'distance_accuracy_value','confusion accuracy');
#24 = PRODUCT_RELATED_PRODUCT_CATEGORY('part',$,(#7));
#25 = SHAPE_DEFINITION_REPRESENTATION(#26,#32);
#26 = PRODUCT_DEFINITION_SHAPE('','',#27);
#27 = PRODUCT_DEFINITION('design','',#28,#31);
#28 = PRODUCT_DEFINITION_FORMATION('','',#29);
#29 = PRODUCT('LION2CELL01_PCB','LION2CELL01_PCB','',(#30));
#30 = PRODUCT_CONTEXT('',#2,'mechanical');
#31 = PRODUCT_DEFINITION_CONTEXT('part definition',#2,'design');
#32 = ADVANCED_BREP_SHAPE_REPRESENTATION('',(#11,#33),#3531);
#33 = MANIFOLD_SOLID_BREP('',#34);
#34 = CLOSED_SHELL('',(#35,#75,#106,#137,#1080,#2023,#2035,#2052,#2069,
    #2086,#2103,#2120,#2137,#2154,#2171,#2188,#2205,#2222,#2239,#2256,
    #2273,#2295,#2312,#2329,#2346,#2363,#2380,#2397,#2414,#2431,#2448,
    #2465,#2482,#2499,#2516,#2533,#2550,#2567,#2584,#2601,#2618,#2635,
    #2647,#2664,#2681,#2698,#2715,#2732,#2749,#2766,#2783,#2800,#2817,
    #2834,#2851,#2868,#2885,#2902,#2919,#2936,#2953,#2970,#2987,#3004,
    #3021,#3038,#3055,#3072,#3089,#3106,#3123,#3140,#3157,#3174,#3191,
    #3208,#3225,#3242,#3259,#3276,#3293,#3310,#3327,#3344,#3361,#3378,
    #3395,#3412,#3429,#3446,#3463,#3480,#3497,#3514));
#35 = ADVANCED_FACE('',(#36),#70,.T.);
#36 = FACE_BOUND('',#37,.T.);
#37 = EDGE_LOOP('',(#38,#48,#56,#64));
#38 = ORIENTED_EDGE('',*,*,#39,.T.);
#39 = EDGE_CURVE('',#40,#42,#44,.T.);
#40 = VERTEX_POINT('',#41);
#41 = CARTESIAN_POINT('',(81.026,0.254,0.));
#42 = VERTEX_POINT('',#43);
#43 = CARTESIAN_POINT('',(81.026,0.254,1.6));
#44 = LINE('',#45,#46);
#45 = CARTESIAN_POINT('',(81.026,0.254,0.));
#46 = VECTOR('',#47,1.);
#47 = DIRECTION('',(0.,0.,1.));
#48 = ORIENTED_EDGE('',*,*,#49,.T.);
#49 = EDGE_CURVE('',#42,#50,#52,.T.);
#50 = VERTEX_POINT('',#51);
#51 = CARTESIAN_POINT('',(0.254,0.254,1.6));
#52 = LINE('',#53,#54);
#53 = CARTESIAN_POINT('',(81.026,0.254,1.6));
#54 = VECTOR('',#55,1.);
#55 = DIRECTION('',(-1.,0.,0.));
#56 = ORIENTED_EDGE('',*,*,#57,.F.);
#57 = EDGE_CURVE('',#58,#50,#60,.T.);
#58 = VERTEX_POINT('',#59);
#59 = CARTESIAN_POINT('',(0.254,0.254,0.));
#60 = LINE('',#61,#62);
#61 = CARTESIAN_POINT('',(0.254,0.254,0.));
#62 = VECTOR('',#63,1.);
#63 = DIRECTION('',(0.,0.,1.));
#64 = ORIENTED_EDGE('',*,*,#65,.F.);
#65 = EDGE_CURVE('',#40,#58,#66,.T.);
#66 = LINE('',#67,#68);
#67 = CARTESIAN_POINT('',(81.026,0.254,0.));
#68 = VECTOR('',#69,1.);
#69 = DIRECTION('',(-1.,0.,0.));
#70 = PLANE('',#71);
#71 = AXIS2_PLACEMENT_3D('',#72,#73,#74);
#72 = CARTESIAN_POINT('',(81.026,0.254,0.));
#73 = DIRECTION('',(0.,-1.,0.));
#74 = DIRECTION('',(-1.,0.,0.));
#75 = ADVANCED_FACE('',(#76),#101,.T.);
#76 = FACE_BOUND('',#77,.T.);
#77 = EDGE_LOOP('',(#78,#88,#94,#95));
#78 = ORIENTED_EDGE('',*,*,#79,.T.);
#79 = EDGE_CURVE('',#80,#82,#84,.T.);
#80 = VERTEX_POINT('',#81);
#81 = CARTESIAN_POINT('',(81.026,60.706,0.));
#82 = VERTEX_POINT('',#83);
#83 = CARTESIAN_POINT('',(81.026,60.706,1.6));
#84 = LINE('',#85,#86);
#85 = CARTESIAN_POINT('',(81.026,60.706,0.));
#86 = VECTOR('',#87,1.);
#87 = DIRECTION('',(0.,0.,1.));
#88 = ORIENTED_EDGE('',*,*,#89,.T.);
#89 = EDGE_CURVE('',#82,#42,#90,.T.);
#90 = LINE('',#91,#92);
#91 = CARTESIAN_POINT('',(81.026,60.706,1.6));
#92 = VECTOR('',#93,1.);
#93 = DIRECTION('',(0.,-1.,0.));
#94 = ORIENTED_EDGE('',*,*,#39,.F.);
#95 = ORIENTED_EDGE('',*,*,#96,.F.);
#96 = EDGE_CURVE('',#80,#40,#97,.T.);
#97 = LINE('',#98,#99);
#98 = CARTESIAN_POINT('',(81.026,60.706,0.));
#99 = VECTOR('',#100,1.);
#100 = DIRECTION('',(0.,-1.,0.));
#101 = PLANE('',#102);
#102 = AXIS2_PLACEMENT_3D('',#103,#104,#105);
#103 = CARTESIAN_POINT('',(81.026,60.706,0.));
#104 = DIRECTION('',(1.,0.,-0.));
#105 = DIRECTION('',(0.,-1.,0.));
#106 = ADVANCED_FACE('',(#107),#132,.T.);
#107 = FACE_BOUND('',#108,.T.);
#108 = EDGE_LOOP('',(#109,#110,#118,#126));
#109 = ORIENTED_EDGE('',*,*,#57,.T.);
#110 = ORIENTED_EDGE('',*,*,#111,.T.);
#111 = EDGE_CURVE('',#50,#112,#114,.T.);
#112 = VERTEX_POINT('',#113);
#113 = CARTESIAN_POINT('',(0.254,60.706,1.6));
#114 = LINE('',#115,#116);
#115 = CARTESIAN_POINT('',(0.254,0.254,1.6));
#116 = VECTOR('',#117,1.);
#117 = DIRECTION('',(0.,1.,0.));
#118 = ORIENTED_EDGE('',*,*,#119,.F.);
#119 = EDGE_CURVE('',#120,#112,#122,.T.);
#120 = VERTEX_POINT('',#121);
#121 = CARTESIAN_POINT('',(0.254,60.706,0.));
#122 = LINE('',#123,#124);
#123 = CARTESIAN_POINT('',(0.254,60.706,0.));
#124 = VECTOR('',#125,1.);
#125 = DIRECTION('',(0.,0.,1.));
#126 = ORIENTED_EDGE('',*,*,#127,.F.);
#127 = EDGE_CURVE('',#58,#120,#128,.T.);
#128 = LINE('',#129,#130);
#129 = CARTESIAN_POINT('',(0.254,0.254,0.));
#130 = VECTOR('',#131,1.);
#131 = DIRECTION('',(0.,1.,0.));
#132 = PLANE('',#133);
#133 = AXIS2_PLACEMENT_3D('',#134,#135,#136);
#134 = CARTESIAN_POINT('',(0.254,0.254,0.));
#135 = DIRECTION('',(-1.,0.,0.));
#136 = DIRECTION('',(0.,1.,0.));
#137 = ADVANCED_FACE('',(#138,#149,#160,#171,#182,#193,#204,#215,#226,
    #237,#248,#259,#270,#281,#292,#303,#503,#514,#525,#536,#547,#558,
    #569,#580,#591,#602,#613,#624,#635,#646,#657,#668,#679,#690,#701,
    #712,#723,#734,#745,#756,#767,#778,#789,#800,#811,#822,#833,#844,
    #855,#866,#877,#888,#899,#910,#921,#932,#943,#954,#965,#976,#987,
    #998,#1009,#1020,#1031,#1042,#1053,#1064),#1075,.F.);
#138 = FACE_BOUND('',#139,.F.);
#139 = EDGE_LOOP('',(#140,#141,#142,#148));
#140 = ORIENTED_EDGE('',*,*,#65,.F.);
#141 = ORIENTED_EDGE('',*,*,#96,.F.);
#142 = ORIENTED_EDGE('',*,*,#143,.F.);
#143 = EDGE_CURVE('',#120,#80,#144,.T.);
#144 = LINE('',#145,#146);
#145 = CARTESIAN_POINT('',(0.254,60.706,0.));
#146 = VECTOR('',#147,1.);
#147 = DIRECTION('',(1.,0.,0.));
#148 = ORIENTED_EDGE('',*,*,#127,.F.);
#149 = FACE_BOUND('',#150,.F.);
#150 = EDGE_LOOP('',(#151));
#151 = ORIENTED_EDGE('',*,*,#152,.T.);
#152 = EDGE_CURVE('',#153,#153,#155,.T.);
#153 = VERTEX_POINT('',#154);
#154 = CARTESIAN_POINT('',(5.08,3.58,0.));
#155 = CIRCLE('',#156,1.5);
#156 = AXIS2_PLACEMENT_3D('',#157,#158,#159);
#157 = CARTESIAN_POINT('',(5.08,5.08,0.));
#158 = DIRECTION('',(-0.,0.,-1.));
#159 = DIRECTION('',(-0.,-1.,0.));
#160 = FACE_BOUND('',#161,.F.);
#161 = EDGE_LOOP('',(#162));
#162 = ORIENTED_EDGE('',*,*,#163,.T.);
#163 = EDGE_CURVE('',#164,#164,#166,.T.);
#164 = VERTEX_POINT('',#165);
#165 = CARTESIAN_POINT('',(14.939,2.271,0.));
#166 = CIRCLE('',#167,0.65);
#167 = AXIS2_PLACEMENT_3D('',#168,#169,#170);
#168 = CARTESIAN_POINT('',(14.939,2.921,0.));
#169 = DIRECTION('',(-0.,0.,-1.));
#170 = DIRECTION('',(-0.,-1.,0.));
#171 = FACE_BOUND('',#172,.F.);
#172 = EDGE_LOOP('',(#173));
#173 = ORIENTED_EDGE('',*,*,#174,.T.);
#174 = EDGE_CURVE('',#175,#175,#177,.T.);
#175 = VERTEX_POINT('',#176);
#176 = CARTESIAN_POINT('',(19.939,2.271,0.));
#177 = CIRCLE('',#178,0.65);
#178 = AXIS2_PLACEMENT_3D('',#179,#180,#181);
#179 = CARTESIAN_POINT('',(19.939,2.921,0.));
#180 = DIRECTION('',(-0.,0.,-1.));
#181 = DIRECTION('',(-0.,-1.,0.));
#182 = FACE_BOUND('',#183,.F.);
#183 = EDGE_LOOP('',(#184));
#184 = ORIENTED_EDGE('',*,*,#185,.T.);
#185 = EDGE_CURVE('',#186,#186,#188,.T.);
#186 = VERTEX_POINT('',#187);
#187 = CARTESIAN_POINT('',(14.939,7.224,0.));
#188 = CIRCLE('',#189,0.65);
#189 = AXIS2_PLACEMENT_3D('',#190,#191,#192);
#190 = CARTESIAN_POINT('',(14.939,7.874,0.));
#191 = DIRECTION('',(-0.,0.,-1.));
#192 = DIRECTION('',(-0.,-1.,0.));
#193 = FACE_BOUND('',#194,.F.);
#194 = EDGE_LOOP('',(#195));
#195 = ORIENTED_EDGE('',*,*,#196,.T.);
#196 = EDGE_CURVE('',#197,#197,#199,.T.);
#197 = VERTEX_POINT('',#198);
#198 = CARTESIAN_POINT('',(19.939,7.224,0.));
#199 = CIRCLE('',#200,0.65);
#200 = AXIS2_PLACEMENT_3D('',#201,#202,#203);
#201 = CARTESIAN_POINT('',(19.939,7.874,0.));
#202 = DIRECTION('',(-0.,0.,-1.));
#203 = DIRECTION('',(-0.,-1.,0.));
#204 = FACE_BOUND('',#205,.F.);
#205 = EDGE_LOOP('',(#206));
#206 = ORIENTED_EDGE('',*,*,#207,.T.);
#207 = EDGE_CURVE('',#208,#208,#210,.T.);
#208 = VERTEX_POINT('',#209);
#209 = CARTESIAN_POINT('',(31.75,3.3655,0.));
#210 = CIRCLE('',#211,0.4445);
#211 = AXIS2_PLACEMENT_3D('',#212,#213,#214);
#212 = CARTESIAN_POINT('',(31.75,3.81,0.));
#213 = DIRECTION('',(-0.,0.,-1.));
#214 = DIRECTION('',(-0.,-1.,0.));
#215 = FACE_BOUND('',#216,.F.);
#216 = EDGE_LOOP('',(#217));
#217 = ORIENTED_EDGE('',*,*,#218,.T.);
#218 = EDGE_CURVE('',#219,#219,#221,.T.);
#219 = VERTEX_POINT('',#220);
#220 = CARTESIAN_POINT('',(34.29,3.3655,0.));
#221 = CIRCLE('',#222,0.4445);
#222 = AXIS2_PLACEMENT_3D('',#223,#224,#225);
#223 = CARTESIAN_POINT('',(34.29,3.81,0.));
#224 = DIRECTION('',(-0.,0.,-1.));
#225 = DIRECTION('',(-0.,-1.,0.));
#226 = FACE_BOUND('',#227,.F.);
#227 = EDGE_LOOP('',(#228));
#228 = ORIENTED_EDGE('',*,*,#229,.T.);
#229 = EDGE_CURVE('',#230,#230,#232,.T.);
#230 = VERTEX_POINT('',#231);
#231 = CARTESIAN_POINT('',(36.83,3.3655,0.));
#232 = CIRCLE('',#233,0.4445);
#233 = AXIS2_PLACEMENT_3D('',#234,#235,#236);
#234 = CARTESIAN_POINT('',(36.83,3.81,0.));
#235 = DIRECTION('',(-0.,0.,-1.));
#236 = DIRECTION('',(-0.,-1.,0.));
#237 = FACE_BOUND('',#238,.F.);
#238 = EDGE_LOOP('',(#239));
#239 = ORIENTED_EDGE('',*,*,#240,.T.);
#240 = EDGE_CURVE('',#241,#241,#243,.T.);
#241 = VERTEX_POINT('',#242);
#242 = CARTESIAN_POINT('',(39.37,3.3655,0.));
#243 = CIRCLE('',#244,0.4445);
#244 = AXIS2_PLACEMENT_3D('',#245,#246,#247);
#245 = CARTESIAN_POINT('',(39.37,3.81,0.));
#246 = DIRECTION('',(-0.,0.,-1.));
#247 = DIRECTION('',(-1.598521340293E-14,-1.,0.));
#248 = FACE_BOUND('',#249,.F.);
#249 = EDGE_LOOP('',(#250));
#250 = ORIENTED_EDGE('',*,*,#251,.T.);
#251 = EDGE_CURVE('',#252,#252,#254,.T.);
#252 = VERTEX_POINT('',#253);
#253 = CARTESIAN_POINT('',(31.75,5.9055,0.));
#254 = CIRCLE('',#255,0.4445);
#255 = AXIS2_PLACEMENT_3D('',#256,#257,#258);
#256 = CARTESIAN_POINT('',(31.75,6.35,0.));
#257 = DIRECTION('',(-0.,0.,-1.));
#258 = DIRECTION('',(-0.,-1.,0.));
#259 = FACE_BOUND('',#260,.F.);
#260 = EDGE_LOOP('',(#261));
#261 = ORIENTED_EDGE('',*,*,#262,.T.);
#262 = EDGE_CURVE('',#263,#263,#265,.T.);
#263 = VERTEX_POINT('',#264);
#264 = CARTESIAN_POINT('',(34.29,5.9055,0.));
#265 = CIRCLE('',#266,0.4445);
#266 = AXIS2_PLACEMENT_3D('',#267,#268,#269);
#267 = CARTESIAN_POINT('',(34.29,6.35,0.));
#268 = DIRECTION('',(-0.,0.,-1.));
#269 = DIRECTION('',(-0.,-1.,0.));
#270 = FACE_BOUND('',#271,.F.);
#271 = EDGE_LOOP('',(#272));
#272 = ORIENTED_EDGE('',*,*,#273,.T.);
#273 = EDGE_CURVE('',#274,#274,#276,.T.);
#274 = VERTEX_POINT('',#275);
#275 = CARTESIAN_POINT('',(36.83,5.9055,0.));
#276 = CIRCLE('',#277,0.4445);
#277 = AXIS2_PLACEMENT_3D('',#278,#279,#280);
#278 = CARTESIAN_POINT('',(36.83,6.35,0.));
#279 = DIRECTION('',(-0.,0.,-1.));
#280 = DIRECTION('',(-0.,-1.,0.));
#281 = FACE_BOUND('',#282,.F.);
#282 = EDGE_LOOP('',(#283));
#283 = ORIENTED_EDGE('',*,*,#284,.T.);
#284 = EDGE_CURVE('',#285,#285,#287,.T.);
#285 = VERTEX_POINT('',#286);
#286 = CARTESIAN_POINT('',(39.37,5.9055,0.));
#287 = CIRCLE('',#288,0.4445);
#288 = AXIS2_PLACEMENT_3D('',#289,#290,#291);
#289 = CARTESIAN_POINT('',(39.37,6.35,0.));
#290 = DIRECTION('',(-0.,0.,-1.));
#291 = DIRECTION('',(-1.598521340293E-14,-1.,0.));
#292 = FACE_BOUND('',#293,.F.);
#293 = EDGE_LOOP('',(#294));
#294 = ORIENTED_EDGE('',*,*,#295,.T.);
#295 = EDGE_CURVE('',#296,#296,#298,.T.);
#296 = VERTEX_POINT('',#297);
#297 = CARTESIAN_POINT('',(4.3265,20.411,0.));
#298 = CIRCLE('',#299,0.8);
#299 = AXIS2_PLACEMENT_3D('',#300,#301,#302);
#300 = CARTESIAN_POINT('',(4.3265,21.211,0.));
#301 = DIRECTION('',(-0.,0.,-1.));
#302 = DIRECTION('',(-0.,-1.,0.));
#303 = FACE_BOUND('',#304,.F.);
#304 = EDGE_LOOP('',(#305,#316,#325,#334,#343,#352,#361,#370,#379,#388,
    #397,#406,#415,#424,#433,#442,#451,#460,#469,#478,#487,#496));
#305 = ORIENTED_EDGE('',*,*,#306,.T.);
#306 = EDGE_CURVE('',#307,#309,#311,.T.);
#307 = VERTEX_POINT('',#308);
#308 = CARTESIAN_POINT('',(51.8795,4.23457721131,0.));
#309 = VERTEX_POINT('',#310);
#310 = CARTESIAN_POINT('',(50.546,3.095,0.));
#311 = CIRCLE('',#312,1.35);
#312 = AXIS2_PLACEMENT_3D('',#313,#314,#315);
#313 = CARTESIAN_POINT('',(50.546,4.445,0.));
#314 = DIRECTION('',(-0.,0.,-1.));
#315 = DIRECTION('',(-0.,-1.,0.));
#316 = ORIENTED_EDGE('',*,*,#317,.T.);
#317 = EDGE_CURVE('',#309,#318,#320,.T.);
#318 = VERTEX_POINT('',#319);
#319 = CARTESIAN_POINT('',(49.2125,4.23457721131,0.));
#320 = CIRCLE('',#321,1.35);
#321 = AXIS2_PLACEMENT_3D('',#322,#323,#324);
#322 = CARTESIAN_POINT('',(50.546,4.445,0.));
#323 = DIRECTION('',(-0.,0.,-1.));
#324 = DIRECTION('',(-0.,-1.,0.));
#325 = ORIENTED_EDGE('',*,*,#326,.T.);
#326 = EDGE_CURVE('',#318,#327,#329,.T.);
#327 = VERTEX_POINT('',#328);
#328 = CARTESIAN_POINT('',(47.879,3.095,0.));
#329 = CIRCLE('',#330,1.35);
#330 = AXIS2_PLACEMENT_3D('',#331,#332,#333);
#331 = CARTESIAN_POINT('',(47.879,4.445,0.));
#332 = DIRECTION('',(-0.,0.,-1.));
#333 = DIRECTION('',(-5.263279524149E-15,-1.,0.));
#334 = ORIENTED_EDGE('',*,*,#335,.T.);
#335 = EDGE_CURVE('',#327,#336,#338,.T.);
#336 = VERTEX_POINT('',#337);
#337 = CARTESIAN_POINT('',(46.5455,4.23457721131,0.));
#338 = CIRCLE('',#339,1.35);
#339 = AXIS2_PLACEMENT_3D('',#340,#341,#342);
#340 = CARTESIAN_POINT('',(47.879,4.445,0.));
#341 = DIRECTION('',(-0.,0.,-1.));
#342 = DIRECTION('',(-5.263279524149E-15,-1.,0.));
#343 = ORIENTED_EDGE('',*,*,#344,.T.);
#344 = EDGE_CURVE('',#336,#345,#347,.T.);
#345 = VERTEX_POINT('',#346);
#346 = CARTESIAN_POINT('',(45.212,3.095,0.));
#347 = CIRCLE('',#348,1.35);
#348 = AXIS2_PLACEMENT_3D('',#349,#350,#351);
#349 = CARTESIAN_POINT('',(45.212,4.445,0.));
#350 = DIRECTION('',(-0.,0.,-1.));
#351 = DIRECTION('',(-0.,-1.,0.));
#352 = ORIENTED_EDGE('',*,*,#353,.T.);
#353 = EDGE_CURVE('',#345,#354,#356,.T.);
#354 = VERTEX_POINT('',#355);
#355 = CARTESIAN_POINT('',(43.8785,4.23457721131,0.));
#356 = CIRCLE('',#357,1.35);
#357 = AXIS2_PLACEMENT_3D('',#358,#359,#360);
#358 = CARTESIAN_POINT('',(45.212,4.445,0.));
#359 = DIRECTION('',(-0.,0.,-1.));
#360 = DIRECTION('',(-0.,-1.,0.));
#361 = ORIENTED_EDGE('',*,*,#362,.T.);
#362 = EDGE_CURVE('',#354,#363,#365,.T.);
#363 = VERTEX_POINT('',#364);
#364 = CARTESIAN_POINT('',(42.545,3.095,0.));
#365 = CIRCLE('',#366,1.35);
#366 = AXIS2_PLACEMENT_3D('',#367,#368,#369);
#367 = CARTESIAN_POINT('',(42.545,4.445,0.));
#368 = DIRECTION('',(-0.,0.,-1.));
#369 = DIRECTION('',(-0.,-1.,0.));
#370 = ORIENTED_EDGE('',*,*,#371,.T.);
#371 = EDGE_CURVE('',#363,#372,#374,.T.);
#372 = VERTEX_POINT('',#373);
#373 = CARTESIAN_POINT('',(43.8785,4.65542278869,0.));
#374 = CIRCLE('',#375,1.35);
#375 = AXIS2_PLACEMENT_3D('',#376,#377,#378);
#376 = CARTESIAN_POINT('',(42.545,4.445,0.));
#377 = DIRECTION('',(-0.,0.,-1.));
#378 = DIRECTION('',(-0.,-1.,0.));
#379 = ORIENTED_EDGE('',*,*,#380,.T.);
#380 = EDGE_CURVE('',#372,#381,#383,.T.);
#381 = VERTEX_POINT('',#382);
#382 = CARTESIAN_POINT('',(46.5455,4.65542278869,0.));
#383 = CIRCLE('',#384,1.35);
#384 = AXIS2_PLACEMENT_3D('',#385,#386,#387);
#385 = CARTESIAN_POINT('',(45.212,4.445,0.));
#386 = DIRECTION('',(-0.,0.,-1.));
#387 = DIRECTION('',(-0.,-1.,0.));
#388 = ORIENTED_EDGE('',*,*,#389,.T.);
#389 = EDGE_CURVE('',#381,#390,#392,.T.);
#390 = VERTEX_POINT('',#391);
#391 = CARTESIAN_POINT('',(49.2125,4.65542278869,0.));
#392 = CIRCLE('',#393,1.35);
#393 = AXIS2_PLACEMENT_3D('',#394,#395,#396);
#394 = CARTESIAN_POINT('',(47.879,4.445,0.));
#395 = DIRECTION('',(-0.,0.,-1.));
#396 = DIRECTION('',(-5.263279524149E-15,-1.,0.));
#397 = ORIENTED_EDGE('',*,*,#398,.T.);
#398 = EDGE_CURVE('',#390,#399,#401,.T.);
#399 = VERTEX_POINT('',#400);
#400 = CARTESIAN_POINT('',(51.8795,4.65542278869,0.));
#401 = CIRCLE('',#402,1.35);
#402 = AXIS2_PLACEMENT_3D('',#403,#404,#405);
#403 = CARTESIAN_POINT('',(50.546,4.445,0.));
#404 = DIRECTION('',(-0.,0.,-1.));
#405 = DIRECTION('',(-0.,-1.,0.));
#406 = ORIENTED_EDGE('',*,*,#407,.T.);
#407 = EDGE_CURVE('',#399,#408,#410,.T.);
#408 = VERTEX_POINT('',#409);
#409 = CARTESIAN_POINT('',(54.5465,4.65542278869,0.));
#410 = CIRCLE('',#411,1.35);
#411 = AXIS2_PLACEMENT_3D('',#412,#413,#414);
#412 = CARTESIAN_POINT('',(53.213,4.445,0.));
#413 = DIRECTION('',(-0.,0.,-1.));
#414 = DIRECTION('',(-0.,-1.,0.));
#415 = ORIENTED_EDGE('',*,*,#416,.T.);
#416 = EDGE_CURVE('',#408,#417,#419,.T.);
#417 = VERTEX_POINT('',#418);
#418 = CARTESIAN_POINT('',(57.2135,4.65542278869,0.));
#419 = CIRCLE('',#420,1.35);
#420 = AXIS2_PLACEMENT_3D('',#421,#422,#423);
#421 = CARTESIAN_POINT('',(55.88,4.445,0.));
#422 = DIRECTION('',(-0.,0.,-1.));
#423 = DIRECTION('',(5.263279524149E-15,-1.,-0.));
#424 = ORIENTED_EDGE('',*,*,#425,.T.);
#425 = EDGE_CURVE('',#417,#426,#428,.T.);
#426 = VERTEX_POINT('',#427);
#427 = CARTESIAN_POINT('',(59.8805,4.65542278869,0.));
#428 = CIRCLE('',#429,1.35);
#429 = AXIS2_PLACEMENT_3D('',#430,#431,#432);
#430 = CARTESIAN_POINT('',(58.547,4.445,0.));
#431 = DIRECTION('',(-0.,0.,-1.));
#432 = DIRECTION('',(-0.,-1.,0.));
#433 = ORIENTED_EDGE('',*,*,#434,.T.);
#434 = EDGE_CURVE('',#426,#435,#437,.T.);
#435 = VERTEX_POINT('',#436);
#436 = CARTESIAN_POINT('',(61.214,3.095,0.));
#437 = CIRCLE('',#438,1.35);
#438 = AXIS2_PLACEMENT_3D('',#439,#440,#441);
#439 = CARTESIAN_POINT('',(61.214,4.445,0.));
#440 = DIRECTION('',(-0.,0.,-1.));
#441 = DIRECTION('',(-0.,-1.,0.));
#442 = ORIENTED_EDGE('',*,*,#443,.T.);
#443 = EDGE_CURVE('',#435,#444,#446,.T.);
#444 = VERTEX_POINT('',#445);
#445 = CARTESIAN_POINT('',(59.8805,4.23457721131,0.));
#446 = CIRCLE('',#447,1.35);
#447 = AXIS2_PLACEMENT_3D('',#448,#449,#450);
#448 = CARTESIAN_POINT('',(61.214,4.445,0.));
#449 = DIRECTION('',(-0.,0.,-1.));
#450 = DIRECTION('',(-0.,-1.,0.));
#451 = ORIENTED_EDGE('',*,*,#452,.T.);
#452 = EDGE_CURVE('',#444,#453,#455,.T.);
#453 = VERTEX_POINT('',#454);
#454 = CARTESIAN_POINT('',(58.547,3.095,0.));
#455 = CIRCLE('',#456,1.35);
#456 = AXIS2_PLACEMENT_3D('',#457,#458,#459);
#457 = CARTESIAN_POINT('',(58.547,4.445,0.));
#458 = DIRECTION('',(-0.,0.,-1.));
#459 = DIRECTION('',(-0.,-1.,0.));
#460 = ORIENTED_EDGE('',*,*,#461,.T.);
#461 = EDGE_CURVE('',#453,#462,#464,.T.);
#462 = VERTEX_POINT('',#463);
#463 = CARTESIAN_POINT('',(57.2135,4.23457721131,0.));
#464 = CIRCLE('',#465,1.35);
#465 = AXIS2_PLACEMENT_3D('',#466,#467,#468);
#466 = CARTESIAN_POINT('',(58.547,4.445,0.));
#467 = DIRECTION('',(-0.,0.,-1.));
#468 = DIRECTION('',(-0.,-1.,0.));
#469 = ORIENTED_EDGE('',*,*,#470,.T.);
#470 = EDGE_CURVE('',#462,#471,#473,.T.);
#471 = VERTEX_POINT('',#472);
#472 = CARTESIAN_POINT('',(55.88,3.095,0.));
#473 = CIRCLE('',#474,1.35);
#474 = AXIS2_PLACEMENT_3D('',#475,#476,#477);
#475 = CARTESIAN_POINT('',(55.88,4.445,0.));
#476 = DIRECTION('',(-0.,0.,-1.));
#477 = DIRECTION('',(5.263279524149E-15,-1.,-0.));
#478 = ORIENTED_EDGE('',*,*,#479,.T.);
#479 = EDGE_CURVE('',#471,#480,#482,.T.);
#480 = VERTEX_POINT('',#481);
#481 = CARTESIAN_POINT('',(54.5465,4.23457721131,0.));
#482 = CIRCLE('',#483,1.35);
#483 = AXIS2_PLACEMENT_3D('',#484,#485,#486);
#484 = CARTESIAN_POINT('',(55.88,4.445,0.));
#485 = DIRECTION('',(-0.,0.,-1.));
#486 = DIRECTION('',(5.263279524149E-15,-1.,-0.));
#487 = ORIENTED_EDGE('',*,*,#488,.T.);
#488 = EDGE_CURVE('',#480,#489,#491,.T.);
#489 = VERTEX_POINT('',#490);
#490 = CARTESIAN_POINT('',(53.213,3.095,0.));
#491 = CIRCLE('',#492,1.35);
#492 = AXIS2_PLACEMENT_3D('',#493,#494,#495);
#493 = CARTESIAN_POINT('',(53.213,4.445,0.));
#494 = DIRECTION('',(-0.,0.,-1.));
#495 = DIRECTION('',(-0.,-1.,0.));
#496 = ORIENTED_EDGE('',*,*,#497,.T.);
#497 = EDGE_CURVE('',#489,#307,#498,.T.);
#498 = CIRCLE('',#499,1.35);
#499 = AXIS2_PLACEMENT_3D('',#500,#501,#502);
#500 = CARTESIAN_POINT('',(53.213,4.445,0.));
#501 = DIRECTION('',(-0.,0.,-1.));
#502 = DIRECTION('',(-0.,-1.,0.));
#503 = FACE_BOUND('',#504,.F.);
#504 = EDGE_LOOP('',(#505));
#505 = ORIENTED_EDGE('',*,*,#506,.T.);
#506 = EDGE_CURVE('',#507,#507,#509,.T.);
#507 = VERTEX_POINT('',#508);
#508 = CARTESIAN_POINT('',(64.033,2.838,0.));
#509 = CIRCLE('',#510,0.5);
#510 = AXIS2_PLACEMENT_3D('',#511,#512,#513);
#511 = CARTESIAN_POINT('',(64.033,3.338,0.));
#512 = DIRECTION('',(-0.,0.,-1.));
#513 = DIRECTION('',(-0.,-1.,0.));
#514 = FACE_BOUND('',#515,.F.);
#515 = EDGE_LOOP('',(#516));
#516 = ORIENTED_EDGE('',*,*,#517,.T.);
#517 = EDGE_CURVE('',#518,#518,#520,.T.);
#518 = VERTEX_POINT('',#519);
#519 = CARTESIAN_POINT('',(64.033,7.338,0.));
#520 = CIRCLE('',#521,0.5);
#521 = AXIS2_PLACEMENT_3D('',#522,#523,#524);
#522 = CARTESIAN_POINT('',(64.033,7.838,0.));
#523 = DIRECTION('',(-0.,0.,-1.));
#524 = DIRECTION('',(-0.,-1.,0.));
#525 = FACE_BOUND('',#526,.F.);
#526 = EDGE_LOOP('',(#527));
#527 = ORIENTED_EDGE('',*,*,#528,.T.);
#528 = EDGE_CURVE('',#529,#529,#531,.T.);
#529 = VERTEX_POINT('',#530);
#530 = CARTESIAN_POINT('',(70.333,2.838,0.));
#531 = CIRCLE('',#532,0.5);
#532 = AXIS2_PLACEMENT_3D('',#533,#534,#535);
#533 = CARTESIAN_POINT('',(70.333,3.338,0.));
#534 = DIRECTION('',(-0.,0.,-1.));
#535 = DIRECTION('',(-0.,-1.,0.));
#536 = FACE_BOUND('',#537,.F.);
#537 = EDGE_LOOP('',(#538));
#538 = ORIENTED_EDGE('',*,*,#539,.T.);
#539 = EDGE_CURVE('',#540,#540,#542,.T.);
#540 = VERTEX_POINT('',#541);
#541 = CARTESIAN_POINT('',(76.2,3.58,0.));
#542 = CIRCLE('',#543,1.5);
#543 = AXIS2_PLACEMENT_3D('',#544,#545,#546);
#544 = CARTESIAN_POINT('',(76.2,5.08,0.));
#545 = DIRECTION('',(-0.,0.,-1.));
#546 = DIRECTION('',(-0.,-1.,0.));
#547 = FACE_BOUND('',#548,.F.);
#548 = EDGE_LOOP('',(#549));
#549 = ORIENTED_EDGE('',*,*,#550,.T.);
#550 = EDGE_CURVE('',#551,#551,#553,.T.);
#551 = VERTEX_POINT('',#552);
#552 = CARTESIAN_POINT('',(70.333,7.338,0.));
#553 = CIRCLE('',#554,0.5);
#554 = AXIS2_PLACEMENT_3D('',#555,#556,#557);
#555 = CARTESIAN_POINT('',(70.333,7.838,0.));
#556 = DIRECTION('',(-0.,0.,-1.));
#557 = DIRECTION('',(-0.,-1.,0.));
#558 = FACE_BOUND('',#559,.F.);
#559 = EDGE_LOOP('',(#560));
#560 = ORIENTED_EDGE('',*,*,#561,.T.);
#561 = EDGE_CURVE('',#562,#562,#564,.T.);
#562 = VERTEX_POINT('',#563);
#563 = CARTESIAN_POINT('',(76.8265,20.411,0.));
#564 = CIRCLE('',#565,0.8);
#565 = AXIS2_PLACEMENT_3D('',#566,#567,#568);
#566 = CARTESIAN_POINT('',(76.8265,21.211,0.));
#567 = DIRECTION('',(-0.,0.,-1.));
#568 = DIRECTION('',(-0.,-1.,0.));
#569 = FACE_BOUND('',#570,.F.);
#570 = EDGE_LOOP('',(#571));
#571 = ORIENTED_EDGE('',*,*,#572,.T.);
#572 = EDGE_CURVE('',#573,#573,#575,.T.);
#573 = VERTEX_POINT('',#574);
#574 = CARTESIAN_POINT('',(4.3265,39.711,0.));
#575 = CIRCLE('',#576,0.8);
#576 = AXIS2_PLACEMENT_3D('',#577,#578,#579);
#577 = CARTESIAN_POINT('',(4.3265,40.511,0.));
#578 = DIRECTION('',(-0.,0.,-1.));
#579 = DIRECTION('',(-0.,-1.,0.));
#580 = FACE_BOUND('',#581,.F.);
#581 = EDGE_LOOP('',(#582));
#582 = ORIENTED_EDGE('',*,*,#583,.T.);
#583 = EDGE_CURVE('',#584,#584,#586,.T.);
#584 = VERTEX_POINT('',#585);
#585 = CARTESIAN_POINT('',(26.416,42.245,0.));
#586 = CIRCLE('',#587,0.3);
#587 = AXIS2_PLACEMENT_3D('',#588,#589,#590);
#588 = CARTESIAN_POINT('',(26.416,42.545,0.));
#589 = DIRECTION('',(-0.,0.,-1.));
#590 = DIRECTION('',(-0.,-1.,0.));
#591 = FACE_BOUND('',#592,.F.);
#592 = EDGE_LOOP('',(#593));
#593 = ORIENTED_EDGE('',*,*,#594,.T.);
#594 = EDGE_CURVE('',#595,#595,#597,.T.);
#595 = VERTEX_POINT('',#596);
#596 = CARTESIAN_POINT('',(27.686,42.245,0.));
#597 = CIRCLE('',#598,0.3);
#598 = AXIS2_PLACEMENT_3D('',#599,#600,#601);
#599 = CARTESIAN_POINT('',(27.686,42.545,0.));
#600 = DIRECTION('',(-0.,0.,-1.));
#601 = DIRECTION('',(-0.,-1.,0.));
#602 = FACE_BOUND('',#603,.F.);
#603 = EDGE_LOOP('',(#604));
#604 = ORIENTED_EDGE('',*,*,#605,.T.);
#605 = EDGE_CURVE('',#606,#606,#608,.T.);
#606 = VERTEX_POINT('',#607);
#607 = CARTESIAN_POINT('',(27.051,43.388,0.));
#608 = CIRCLE('',#609,0.3);
#609 = AXIS2_PLACEMENT_3D('',#610,#611,#612);
#610 = CARTESIAN_POINT('',(27.051,43.688,0.));
#611 = DIRECTION('',(-0.,0.,-1.));
#612 = DIRECTION('',(-1.184237892934E-14,-1.,0.));
#613 = FACE_BOUND('',#614,.F.);
#614 = EDGE_LOOP('',(#615));
#615 = ORIENTED_EDGE('',*,*,#616,.T.);
#616 = EDGE_CURVE('',#617,#617,#619,.T.);
#617 = VERTEX_POINT('',#618);
#618 = CARTESIAN_POINT('',(5.08,54.38,0.));
#619 = CIRCLE('',#620,1.5);
#620 = AXIS2_PLACEMENT_3D('',#621,#622,#623);
#621 = CARTESIAN_POINT('',(5.08,55.88,0.));
#622 = DIRECTION('',(-0.,0.,-1.));
#623 = DIRECTION('',(-0.,-1.,0.));
#624 = FACE_BOUND('',#625,.F.);
#625 = EDGE_LOOP('',(#626));
#626 = ORIENTED_EDGE('',*,*,#627,.T.);
#627 = EDGE_CURVE('',#628,#628,#630,.T.);
#628 = VERTEX_POINT('',#629);
#629 = CARTESIAN_POINT('',(11.938,54.1655,0.));
#630 = CIRCLE('',#631,0.4445);
#631 = AXIS2_PLACEMENT_3D('',#632,#633,#634);
#632 = CARTESIAN_POINT('',(11.938,54.61,0.));
#633 = DIRECTION('',(-0.,0.,-1.));
#634 = DIRECTION('',(3.996303350732E-15,-1.,-0.));
#635 = FACE_BOUND('',#636,.F.);
#636 = EDGE_LOOP('',(#637));
#637 = ORIENTED_EDGE('',*,*,#638,.T.);
#638 = EDGE_CURVE('',#639,#639,#641,.T.);
#639 = VERTEX_POINT('',#640);
#640 = CARTESIAN_POINT('',(11.938,56.7055,0.));
#641 = CIRCLE('',#642,0.4445);
#642 = AXIS2_PLACEMENT_3D('',#643,#644,#645);
#643 = CARTESIAN_POINT('',(11.938,57.15,0.));
#644 = DIRECTION('',(-0.,0.,-1.));
#645 = DIRECTION('',(3.996303350732E-15,-1.,-0.));
#646 = FACE_BOUND('',#647,.F.);
#647 = EDGE_LOOP('',(#648));
#648 = ORIENTED_EDGE('',*,*,#649,.T.);
#649 = EDGE_CURVE('',#650,#650,#652,.T.);
#650 = VERTEX_POINT('',#651);
#651 = CARTESIAN_POINT('',(14.478,54.1655,0.));
#652 = CIRCLE('',#653,0.4445);
#653 = AXIS2_PLACEMENT_3D('',#654,#655,#656);
#654 = CARTESIAN_POINT('',(14.478,54.61,0.));
#655 = DIRECTION('',(-0.,0.,-1.));
#656 = DIRECTION('',(-0.,-1.,0.));
#657 = FACE_BOUND('',#658,.F.);
#658 = EDGE_LOOP('',(#659));
#659 = ORIENTED_EDGE('',*,*,#660,.T.);
#660 = EDGE_CURVE('',#661,#661,#663,.T.);
#661 = VERTEX_POINT('',#662);
#662 = CARTESIAN_POINT('',(17.018,54.1655,0.));
#663 = CIRCLE('',#664,0.4445);
#664 = AXIS2_PLACEMENT_3D('',#665,#666,#667);
#665 = CARTESIAN_POINT('',(17.018,54.61,0.));
#666 = DIRECTION('',(-0.,0.,-1.));
#667 = DIRECTION('',(-0.,-1.,0.));
#668 = FACE_BOUND('',#669,.F.);
#669 = EDGE_LOOP('',(#670));
#670 = ORIENTED_EDGE('',*,*,#671,.T.);
#671 = EDGE_CURVE('',#672,#672,#674,.T.);
#672 = VERTEX_POINT('',#673);
#673 = CARTESIAN_POINT('',(14.478,56.7055,0.));
#674 = CIRCLE('',#675,0.4445);
#675 = AXIS2_PLACEMENT_3D('',#676,#677,#678);
#676 = CARTESIAN_POINT('',(14.478,57.15,0.));
#677 = DIRECTION('',(-0.,0.,-1.));
#678 = DIRECTION('',(-0.,-1.,0.));
#679 = FACE_BOUND('',#680,.F.);
#680 = EDGE_LOOP('',(#681));
#681 = ORIENTED_EDGE('',*,*,#682,.T.);
#682 = EDGE_CURVE('',#683,#683,#685,.T.);
#683 = VERTEX_POINT('',#684);
#684 = CARTESIAN_POINT('',(17.018,56.7055,0.));
#685 = CIRCLE('',#686,0.4445);
#686 = AXIS2_PLACEMENT_3D('',#687,#688,#689);
#687 = CARTESIAN_POINT('',(17.018,57.15,0.));
#688 = DIRECTION('',(-0.,0.,-1.));
#689 = DIRECTION('',(-0.,-1.,0.));
#690 = FACE_BOUND('',#691,.F.);
#691 = EDGE_LOOP('',(#692));
#692 = ORIENTED_EDGE('',*,*,#693,.T.);
#693 = EDGE_CURVE('',#694,#694,#696,.T.);
#694 = VERTEX_POINT('',#695);
#695 = CARTESIAN_POINT('',(19.558,54.1655,0.));
#696 = CIRCLE('',#697,0.4445);
#697 = AXIS2_PLACEMENT_3D('',#698,#699,#700);
#698 = CARTESIAN_POINT('',(19.558,54.61,0.));
#699 = DIRECTION('',(-0.,0.,-1.));
#700 = DIRECTION('',(-0.,-1.,0.));
#701 = FACE_BOUND('',#702,.F.);
#702 = EDGE_LOOP('',(#703));
#703 = ORIENTED_EDGE('',*,*,#704,.T.);
#704 = EDGE_CURVE('',#705,#705,#707,.T.);
#705 = VERTEX_POINT('',#706);
#706 = CARTESIAN_POINT('',(19.558,56.7055,0.));
#707 = CIRCLE('',#708,0.4445);
#708 = AXIS2_PLACEMENT_3D('',#709,#710,#711);
#709 = CARTESIAN_POINT('',(19.558,57.15,0.));
#710 = DIRECTION('',(-0.,0.,-1.));
#711 = DIRECTION('',(-0.,-1.,0.));
#712 = FACE_BOUND('',#713,.F.);
#713 = EDGE_LOOP('',(#714));
#714 = ORIENTED_EDGE('',*,*,#715,.T.);
#715 = EDGE_CURVE('',#716,#716,#718,.T.);
#716 = VERTEX_POINT('',#717);
#717 = CARTESIAN_POINT('',(26.416,44.531,0.));
#718 = CIRCLE('',#719,0.3);
#719 = AXIS2_PLACEMENT_3D('',#720,#721,#722);
#720 = CARTESIAN_POINT('',(26.416,44.831,0.));
#721 = DIRECTION('',(-0.,0.,-1.));
#722 = DIRECTION('',(-0.,-1.,0.));
#723 = FACE_BOUND('',#724,.F.);
#724 = EDGE_LOOP('',(#725));
#725 = ORIENTED_EDGE('',*,*,#726,.T.);
#726 = EDGE_CURVE('',#727,#727,#729,.T.);
#727 = VERTEX_POINT('',#728);
#728 = CARTESIAN_POINT('',(27.686,44.531,0.));
#729 = CIRCLE('',#730,0.3);
#730 = AXIS2_PLACEMENT_3D('',#731,#732,#733);
#731 = CARTESIAN_POINT('',(27.686,44.831,0.));
#732 = DIRECTION('',(-0.,0.,-1.));
#733 = DIRECTION('',(-0.,-1.,0.));
#734 = FACE_BOUND('',#735,.F.);
#735 = EDGE_LOOP('',(#736));
#736 = ORIENTED_EDGE('',*,*,#737,.T.);
#737 = EDGE_CURVE('',#738,#738,#740,.T.);
#738 = VERTEX_POINT('',#739);
#739 = CARTESIAN_POINT('',(24.765,54.53,0.));
#740 = CIRCLE('',#741,1.35);
#741 = AXIS2_PLACEMENT_3D('',#742,#743,#744);
#742 = CARTESIAN_POINT('',(24.765,55.88,0.));
#743 = DIRECTION('',(-0.,0.,-1.));
#744 = DIRECTION('',(-0.,-1.,0.));
#745 = FACE_BOUND('',#746,.F.);
#746 = EDGE_LOOP('',(#747));
#747 = ORIENTED_EDGE('',*,*,#748,.T.);
#748 = EDGE_CURVE('',#749,#749,#751,.T.);
#749 = VERTEX_POINT('',#750);
#750 = CARTESIAN_POINT('',(29.845,54.53,0.));
#751 = CIRCLE('',#752,1.35);
#752 = AXIS2_PLACEMENT_3D('',#753,#754,#755);
#753 = CARTESIAN_POINT('',(29.845,55.88,0.));
#754 = DIRECTION('',(-0.,0.,-1.));
#755 = DIRECTION('',(-0.,-1.,0.));
#756 = FACE_BOUND('',#757,.F.);
#757 = EDGE_LOOP('',(#758));
#758 = ORIENTED_EDGE('',*,*,#759,.T.);
#759 = EDGE_CURVE('',#760,#760,#762,.T.);
#760 = VERTEX_POINT('',#761);
#761 = CARTESIAN_POINT('',(34.925,54.53,0.));
#762 = CIRCLE('',#763,1.35);
#763 = AXIS2_PLACEMENT_3D('',#764,#765,#766);
#764 = CARTESIAN_POINT('',(34.925,55.88,0.));
#765 = DIRECTION('',(-0.,0.,-1.));
#766 = DIRECTION('',(-0.,-1.,0.));
#767 = FACE_BOUND('',#768,.F.);
#768 = EDGE_LOOP('',(#769));
#769 = ORIENTED_EDGE('',*,*,#770,.T.);
#770 = EDGE_CURVE('',#771,#771,#773,.T.);
#771 = VERTEX_POINT('',#772);
#772 = CARTESIAN_POINT('',(38.862,53.9115,0.));
#773 = CIRCLE('',#774,0.4445);
#774 = AXIS2_PLACEMENT_3D('',#775,#776,#777);
#775 = CARTESIAN_POINT('',(38.862,54.356,0.));
#776 = DIRECTION('',(-0.,0.,-1.));
#777 = DIRECTION('',(1.598521340293E-14,-1.,-0.));
#778 = FACE_BOUND('',#779,.F.);
#779 = EDGE_LOOP('',(#780));
#780 = ORIENTED_EDGE('',*,*,#781,.T.);
#781 = EDGE_CURVE('',#782,#782,#784,.T.);
#782 = VERTEX_POINT('',#783);
#783 = CARTESIAN_POINT('',(38.862,56.4515,0.));
#784 = CIRCLE('',#785,0.4445);
#785 = AXIS2_PLACEMENT_3D('',#786,#787,#788);
#786 = CARTESIAN_POINT('',(38.862,56.896,0.));
#787 = DIRECTION('',(-0.,0.,-1.));
#788 = DIRECTION('',(1.598521340293E-14,-1.,-0.));
#789 = FACE_BOUND('',#790,.F.);
#790 = EDGE_LOOP('',(#791));
#791 = ORIENTED_EDGE('',*,*,#792,.T.);
#792 = EDGE_CURVE('',#793,#793,#795,.T.);
#793 = VERTEX_POINT('',#794);
#794 = CARTESIAN_POINT('',(76.8265,39.711,0.));
#795 = CIRCLE('',#796,0.8);
#796 = AXIS2_PLACEMENT_3D('',#797,#798,#799);
#797 = CARTESIAN_POINT('',(76.8265,40.511,0.));
#798 = DIRECTION('',(-0.,0.,-1.));
#799 = DIRECTION('',(-0.,-1.,0.));
#800 = FACE_BOUND('',#801,.F.);
#801 = EDGE_LOOP('',(#802));
#802 = ORIENTED_EDGE('',*,*,#803,.T.);
#803 = EDGE_CURVE('',#804,#804,#806,.T.);
#804 = VERTEX_POINT('',#805);
#805 = CARTESIAN_POINT('',(41.402,53.9115,0.));
#806 = CIRCLE('',#807,0.4445);
#807 = AXIS2_PLACEMENT_3D('',#808,#809,#810);
#808 = CARTESIAN_POINT('',(41.402,54.356,0.));
#809 = DIRECTION('',(-0.,0.,-1.));
#810 = DIRECTION('',(-0.,-1.,0.));
#811 = FACE_BOUND('',#812,.F.);
#812 = EDGE_LOOP('',(#813));
#813 = ORIENTED_EDGE('',*,*,#814,.T.);
#814 = EDGE_CURVE('',#815,#815,#817,.T.);
#815 = VERTEX_POINT('',#816);
#816 = CARTESIAN_POINT('',(43.942,53.9115,0.));
#817 = CIRCLE('',#818,0.4445);
#818 = AXIS2_PLACEMENT_3D('',#819,#820,#821);
#819 = CARTESIAN_POINT('',(43.942,54.356,0.));
#820 = DIRECTION('',(-0.,0.,-1.));
#821 = DIRECTION('',(-0.,-1.,0.));
#822 = FACE_BOUND('',#823,.F.);
#823 = EDGE_LOOP('',(#824));
#824 = ORIENTED_EDGE('',*,*,#825,.T.);
#825 = EDGE_CURVE('',#826,#826,#828,.T.);
#826 = VERTEX_POINT('',#827);
#827 = CARTESIAN_POINT('',(41.402,56.4515,0.));
#828 = CIRCLE('',#829,0.4445);
#829 = AXIS2_PLACEMENT_3D('',#830,#831,#832);
#830 = CARTESIAN_POINT('',(41.402,56.896,0.));
#831 = DIRECTION('',(-0.,0.,-1.));
#832 = DIRECTION('',(-0.,-1.,0.));
#833 = FACE_BOUND('',#834,.F.);
#834 = EDGE_LOOP('',(#835));
#835 = ORIENTED_EDGE('',*,*,#836,.T.);
#836 = EDGE_CURVE('',#837,#837,#839,.T.);
#837 = VERTEX_POINT('',#838);
#838 = CARTESIAN_POINT('',(43.942,56.4515,0.));
#839 = CIRCLE('',#840,0.4445);
#840 = AXIS2_PLACEMENT_3D('',#841,#842,#843);
#841 = CARTESIAN_POINT('',(43.942,56.896,0.));
#842 = DIRECTION('',(-0.,0.,-1.));
#843 = DIRECTION('',(-0.,-1.,0.));
#844 = FACE_BOUND('',#845,.F.);
#845 = EDGE_LOOP('',(#846));
#846 = ORIENTED_EDGE('',*,*,#847,.T.);
#847 = EDGE_CURVE('',#848,#848,#850,.T.);
#848 = VERTEX_POINT('',#849);
#849 = CARTESIAN_POINT('',(46.482,53.9115,0.));
#850 = CIRCLE('',#851,0.4445);
#851 = AXIS2_PLACEMENT_3D('',#852,#853,#854);
#852 = CARTESIAN_POINT('',(46.482,54.356,0.));
#853 = DIRECTION('',(-0.,0.,-1.));
#854 = DIRECTION('',(-0.,-1.,0.));
#855 = FACE_BOUND('',#856,.F.);
#856 = EDGE_LOOP('',(#857));
#857 = ORIENTED_EDGE('',*,*,#858,.T.);
#858 = EDGE_CURVE('',#859,#859,#861,.T.);
#859 = VERTEX_POINT('',#860);
#860 = CARTESIAN_POINT('',(49.022,53.9115,0.));
#861 = CIRCLE('',#862,0.4445);
#862 = AXIS2_PLACEMENT_3D('',#863,#864,#865);
#863 = CARTESIAN_POINT('',(49.022,54.356,0.));
#864 = DIRECTION('',(-0.,0.,-1.));
#865 = DIRECTION('',(-1.598521340293E-14,-1.,0.));
#866 = FACE_BOUND('',#867,.F.);
#867 = EDGE_LOOP('',(#868));
#868 = ORIENTED_EDGE('',*,*,#869,.T.);
#869 = EDGE_CURVE('',#870,#870,#872,.T.);
#870 = VERTEX_POINT('',#871);
#871 = CARTESIAN_POINT('',(46.482,56.4515,0.));
#872 = CIRCLE('',#873,0.4445);
#873 = AXIS2_PLACEMENT_3D('',#874,#875,#876);
#874 = CARTESIAN_POINT('',(46.482,56.896,0.));
#875 = DIRECTION('',(-0.,0.,-1.));
#876 = DIRECTION('',(-0.,-1.,0.));
#877 = FACE_BOUND('',#878,.F.);
#878 = EDGE_LOOP('',(#879));
#879 = ORIENTED_EDGE('',*,*,#880,.T.);
#880 = EDGE_CURVE('',#881,#881,#883,.T.);
#881 = VERTEX_POINT('',#882);
#882 = CARTESIAN_POINT('',(49.022,56.4515,0.));
#883 = CIRCLE('',#884,0.4445);
#884 = AXIS2_PLACEMENT_3D('',#885,#886,#887);
#885 = CARTESIAN_POINT('',(49.022,56.896,0.));
#886 = DIRECTION('',(-0.,0.,-1.));
#887 = DIRECTION('',(-1.598521340293E-14,-1.,0.));
#888 = FACE_BOUND('',#889,.F.);
#889 = EDGE_LOOP('',(#890));
#890 = ORIENTED_EDGE('',*,*,#891,.T.);
#891 = EDGE_CURVE('',#892,#892,#894,.T.);
#892 = VERTEX_POINT('',#893);
#893 = CARTESIAN_POINT('',(52.07,53.9115,0.));
#894 = CIRCLE('',#895,0.4445);
#895 = AXIS2_PLACEMENT_3D('',#896,#897,#898);
#896 = CARTESIAN_POINT('',(52.07,54.356,0.));
#897 = DIRECTION('',(-0.,0.,-1.));
#898 = DIRECTION('',(-0.,-1.,0.));
#899 = FACE_BOUND('',#900,.F.);
#900 = EDGE_LOOP('',(#901));
#901 = ORIENTED_EDGE('',*,*,#902,.T.);
#902 = EDGE_CURVE('',#903,#903,#905,.T.);
#903 = VERTEX_POINT('',#904);
#904 = CARTESIAN_POINT('',(52.07,56.4515,0.));
#905 = CIRCLE('',#906,0.4445);
#906 = AXIS2_PLACEMENT_3D('',#907,#908,#909);
#907 = CARTESIAN_POINT('',(52.07,56.896,0.));
#908 = DIRECTION('',(-0.,0.,-1.));
#909 = DIRECTION('',(-0.,-1.,0.));
#910 = FACE_BOUND('',#911,.F.);
#911 = EDGE_LOOP('',(#912));
#912 = ORIENTED_EDGE('',*,*,#913,.T.);
#913 = EDGE_CURVE('',#914,#914,#916,.T.);
#914 = VERTEX_POINT('',#915);
#915 = CARTESIAN_POINT('',(54.61,53.9115,0.));
#916 = CIRCLE('',#917,0.4445);
#917 = AXIS2_PLACEMENT_3D('',#918,#919,#920);
#918 = CARTESIAN_POINT('',(54.61,54.356,0.));
#919 = DIRECTION('',(-0.,0.,-1.));
#920 = DIRECTION('',(-0.,-1.,0.));
#921 = FACE_BOUND('',#922,.F.);
#922 = EDGE_LOOP('',(#923));
#923 = ORIENTED_EDGE('',*,*,#924,.T.);
#924 = EDGE_CURVE('',#925,#925,#927,.T.);
#925 = VERTEX_POINT('',#926);
#926 = CARTESIAN_POINT('',(57.15,53.9115,0.));
#927 = CIRCLE('',#928,0.4445);
#928 = AXIS2_PLACEMENT_3D('',#929,#930,#931);
#929 = CARTESIAN_POINT('',(57.15,54.356,0.));
#930 = DIRECTION('',(-0.,0.,-1.));
#931 = DIRECTION('',(-0.,-1.,0.));
#932 = FACE_BOUND('',#933,.F.);
#933 = EDGE_LOOP('',(#934));
#934 = ORIENTED_EDGE('',*,*,#935,.T.);
#935 = EDGE_CURVE('',#936,#936,#938,.T.);
#936 = VERTEX_POINT('',#937);
#937 = CARTESIAN_POINT('',(54.61,56.4515,0.));
#938 = CIRCLE('',#939,0.4445);
#939 = AXIS2_PLACEMENT_3D('',#940,#941,#942);
#940 = CARTESIAN_POINT('',(54.61,56.896,0.));
#941 = DIRECTION('',(-0.,0.,-1.));
#942 = DIRECTION('',(-0.,-1.,0.));
#943 = FACE_BOUND('',#944,.F.);
#944 = EDGE_LOOP('',(#945));
#945 = ORIENTED_EDGE('',*,*,#946,.T.);
#946 = EDGE_CURVE('',#947,#947,#949,.T.);
#947 = VERTEX_POINT('',#948);
#948 = CARTESIAN_POINT('',(57.15,56.4515,0.));
#949 = CIRCLE('',#950,0.4445);
#950 = AXIS2_PLACEMENT_3D('',#951,#952,#953);
#951 = CARTESIAN_POINT('',(57.15,56.896,0.));
#952 = DIRECTION('',(-0.,0.,-1.));
#953 = DIRECTION('',(-0.,-1.,0.));
#954 = FACE_BOUND('',#955,.F.);
#955 = EDGE_LOOP('',(#956));
#956 = ORIENTED_EDGE('',*,*,#957,.T.);
#957 = EDGE_CURVE('',#958,#958,#960,.T.);
#958 = VERTEX_POINT('',#959);
#959 = CARTESIAN_POINT('',(62.865,52.0065,0.));
#960 = CIRCLE('',#961,0.4445);
#961 = AXIS2_PLACEMENT_3D('',#962,#963,#964);
#962 = CARTESIAN_POINT('',(62.865,52.451,0.));
#963 = DIRECTION('',(-0.,0.,-1.));
#964 = DIRECTION('',(1.598521340293E-14,-1.,-0.));
#965 = FACE_BOUND('',#966,.F.);
#966 = EDGE_LOOP('',(#967));
#967 = ORIENTED_EDGE('',*,*,#968,.T.);
#968 = EDGE_CURVE('',#969,#969,#971,.T.);
#969 = VERTEX_POINT('',#970);
#970 = CARTESIAN_POINT('',(65.405,52.0065,0.));
#971 = CIRCLE('',#972,0.4445);
#972 = AXIS2_PLACEMENT_3D('',#973,#974,#975);
#973 = CARTESIAN_POINT('',(65.405,52.451,0.));
#974 = DIRECTION('',(-0.,0.,-1.));
#975 = DIRECTION('',(-0.,-1.,0.));
#976 = FACE_BOUND('',#977,.F.);
#977 = EDGE_LOOP('',(#978));
#978 = ORIENTED_EDGE('',*,*,#979,.T.);
#979 = EDGE_CURVE('',#980,#980,#982,.T.);
#980 = VERTEX_POINT('',#981);
#981 = CARTESIAN_POINT('',(67.945,52.0065,0.));
#982 = CIRCLE('',#983,0.4445);
#983 = AXIS2_PLACEMENT_3D('',#984,#985,#986);
#984 = CARTESIAN_POINT('',(67.945,52.451,0.));
#985 = DIRECTION('',(-0.,0.,-1.));
#986 = DIRECTION('',(-0.,-1.,0.));
#987 = FACE_BOUND('',#988,.F.);
#988 = EDGE_LOOP('',(#989));
#989 = ORIENTED_EDGE('',*,*,#990,.T.);
#990 = EDGE_CURVE('',#991,#991,#993,.T.);
#991 = VERTEX_POINT('',#992);
#992 = CARTESIAN_POINT('',(59.69,53.9115,0.));
#993 = CIRCLE('',#994,0.4445);
#994 = AXIS2_PLACEMENT_3D('',#995,#996,#997);
#995 = CARTESIAN_POINT('',(59.69,54.356,0.));
#996 = DIRECTION('',(-0.,0.,-1.));
#997 = DIRECTION('',(-0.,-1.,0.));
#998 = FACE_BOUND('',#999,.F.);
#999 = EDGE_LOOP('',(#1000));
#1000 = ORIENTED_EDGE('',*,*,#1001,.T.);
#1001 = EDGE_CURVE('',#1002,#1002,#1004,.T.);
#1002 = VERTEX_POINT('',#1003);
#1003 = CARTESIAN_POINT('',(62.865,54.5465,0.));
#1004 = CIRCLE('',#1005,0.4445);
#1005 = AXIS2_PLACEMENT_3D('',#1006,#1007,#1008);
#1006 = CARTESIAN_POINT('',(62.865,54.991,0.));
#1007 = DIRECTION('',(-0.,0.,-1.));
#1008 = DIRECTION('',(1.598521340293E-14,-1.,-0.));
#1009 = FACE_BOUND('',#1010,.F.);
#1010 = EDGE_LOOP('',(#1011));
#1011 = ORIENTED_EDGE('',*,*,#1012,.T.);
#1012 = EDGE_CURVE('',#1013,#1013,#1015,.T.);
#1013 = VERTEX_POINT('',#1014);
#1014 = CARTESIAN_POINT('',(59.69,56.4515,0.));
#1015 = CIRCLE('',#1016,0.4445);
#1016 = AXIS2_PLACEMENT_3D('',#1017,#1018,#1019);
#1017 = CARTESIAN_POINT('',(59.69,56.896,0.));
#1018 = DIRECTION('',(-0.,0.,-1.));
#1019 = DIRECTION('',(-0.,-1.,0.));
#1020 = FACE_BOUND('',#1021,.F.);
#1021 = EDGE_LOOP('',(#1022));
#1022 = ORIENTED_EDGE('',*,*,#1023,.T.);
#1023 = EDGE_CURVE('',#1024,#1024,#1026,.T.);
#1024 = VERTEX_POINT('',#1025);
#1025 = CARTESIAN_POINT('',(65.405,54.5465,0.));
#1026 = CIRCLE('',#1027,0.4445);
#1027 = AXIS2_PLACEMENT_3D('',#1028,#1029,#1030);
#1028 = CARTESIAN_POINT('',(65.405,54.991,0.));
#1029 = DIRECTION('',(-0.,0.,-1.));
#1030 = DIRECTION('',(-0.,-1.,0.));
#1031 = FACE_BOUND('',#1032,.F.);
#1032 = EDGE_LOOP('',(#1033));
#1033 = ORIENTED_EDGE('',*,*,#1034,.T.);
#1034 = EDGE_CURVE('',#1035,#1035,#1037,.T.);
#1035 = VERTEX_POINT('',#1036);
#1036 = CARTESIAN_POINT('',(67.945,54.5465,0.));
#1037 = CIRCLE('',#1038,0.4445);
#1038 = AXIS2_PLACEMENT_3D('',#1039,#1040,#1041);
#1039 = CARTESIAN_POINT('',(67.945,54.991,0.));
#1040 = DIRECTION('',(-0.,0.,-1.));
#1041 = DIRECTION('',(-0.,-1.,0.));
#1042 = FACE_BOUND('',#1043,.F.);
#1043 = EDGE_LOOP('',(#1044));
#1044 = ORIENTED_EDGE('',*,*,#1045,.T.);
#1045 = EDGE_CURVE('',#1046,#1046,#1048,.T.);
#1046 = VERTEX_POINT('',#1047);
#1047 = CARTESIAN_POINT('',(70.485,52.0065,0.));
#1048 = CIRCLE('',#1049,0.4445);
#1049 = AXIS2_PLACEMENT_3D('',#1050,#1051,#1052);
#1050 = CARTESIAN_POINT('',(70.485,52.451,0.));
#1051 = DIRECTION('',(-0.,0.,-1.));
#1052 = DIRECTION('',(-0.,-1.,0.));
#1053 = FACE_BOUND('',#1054,.F.);
#1054 = EDGE_LOOP('',(#1055));
#1055 = ORIENTED_EDGE('',*,*,#1056,.T.);
#1056 = EDGE_CURVE('',#1057,#1057,#1059,.T.);
#1057 = VERTEX_POINT('',#1058);
#1058 = CARTESIAN_POINT('',(70.485,54.5465,0.));
#1059 = CIRCLE('',#1060,0.4445);
#1060 = AXIS2_PLACEMENT_3D('',#1061,#1062,#1063);
#1061 = CARTESIAN_POINT('',(70.485,54.991,0.));
#1062 = DIRECTION('',(-0.,0.,-1.));
#1063 = DIRECTION('',(-0.,-1.,0.));
#1064 = FACE_BOUND('',#1065,.F.);
#1065 = EDGE_LOOP('',(#1066));
#1066 = ORIENTED_EDGE('',*,*,#1067,.T.);
#1067 = EDGE_CURVE('',#1068,#1068,#1070,.T.);
#1068 = VERTEX_POINT('',#1069);
#1069 = CARTESIAN_POINT('',(76.2,54.38,0.));
#1070 = CIRCLE('',#1071,1.5);
#1071 = AXIS2_PLACEMENT_3D('',#1072,#1073,#1074);
#1072 = CARTESIAN_POINT('',(76.2,55.88,0.));
#1073 = DIRECTION('',(-0.,0.,-1.));
#1074 = DIRECTION('',(-0.,-1.,0.));
#1075 = PLANE('',#1076);
#1076 = AXIS2_PLACEMENT_3D('',#1077,#1078,#1079);
#1077 = CARTESIAN_POINT('',(0.,0.,0.));
#1078 = DIRECTION('',(0.,0.,1.));
#1079 = DIRECTION('',(1.,0.,-0.));
#1080 = ADVANCED_FACE('',(#1081,#1092,#1103,#1114,#1125,#1136,#1147,
    #1158,#1169,#1180,#1191,#1202,#1213,#1224,#1235,#1246,#1446,#1457,
    #1468,#1479,#1490,#1501,#1512,#1523,#1534,#1545,#1556,#1567,#1578,
    #1589,#1600,#1611,#1622,#1633,#1644,#1655,#1666,#1677,#1688,#1699,
    #1710,#1721,#1732,#1743,#1754,#1765,#1776,#1787,#1798,#1809,#1820,
    #1831,#1842,#1853,#1864,#1875,#1886,#1897,#1908,#1919,#1930,#1941,
    #1952,#1963,#1974,#1985,#1996,#2007),#2018,.T.);
#1081 = FACE_BOUND('',#1082,.T.);
#1082 = EDGE_LOOP('',(#1083,#1084,#1085,#1091));
#1083 = ORIENTED_EDGE('',*,*,#49,.F.);
#1084 = ORIENTED_EDGE('',*,*,#89,.F.);
#1085 = ORIENTED_EDGE('',*,*,#1086,.F.);
#1086 = EDGE_CURVE('',#112,#82,#1087,.T.);
#1087 = LINE('',#1088,#1089);
#1088 = CARTESIAN_POINT('',(0.254,60.706,1.6));
#1089 = VECTOR('',#1090,1.);
#1090 = DIRECTION('',(1.,0.,0.));
#1091 = ORIENTED_EDGE('',*,*,#111,.F.);
#1092 = FACE_BOUND('',#1093,.T.);
#1093 = EDGE_LOOP('',(#1094));
#1094 = ORIENTED_EDGE('',*,*,#1095,.T.);
#1095 = EDGE_CURVE('',#1096,#1096,#1098,.T.);
#1096 = VERTEX_POINT('',#1097);
#1097 = CARTESIAN_POINT('',(5.08,3.58,1.6));
#1098 = CIRCLE('',#1099,1.5);
#1099 = AXIS2_PLACEMENT_3D('',#1100,#1101,#1102);
#1100 = CARTESIAN_POINT('',(5.08,5.08,1.6));
#1101 = DIRECTION('',(-0.,0.,-1.));
#1102 = DIRECTION('',(-0.,-1.,0.));
#1103 = FACE_BOUND('',#1104,.T.);
#1104 = EDGE_LOOP('',(#1105));
#1105 = ORIENTED_EDGE('',*,*,#1106,.T.);
#1106 = EDGE_CURVE('',#1107,#1107,#1109,.T.);
#1107 = VERTEX_POINT('',#1108);
#1108 = CARTESIAN_POINT('',(14.939,2.271,1.6));
#1109 = CIRCLE('',#1110,0.65);
#1110 = AXIS2_PLACEMENT_3D('',#1111,#1112,#1113);
#1111 = CARTESIAN_POINT('',(14.939,2.921,1.6));
#1112 = DIRECTION('',(-0.,0.,-1.));
#1113 = DIRECTION('',(-0.,-1.,0.));
#1114 = FACE_BOUND('',#1115,.T.);
#1115 = EDGE_LOOP('',(#1116));
#1116 = ORIENTED_EDGE('',*,*,#1117,.T.);
#1117 = EDGE_CURVE('',#1118,#1118,#1120,.T.);
#1118 = VERTEX_POINT('',#1119);
#1119 = CARTESIAN_POINT('',(19.939,2.271,1.6));
#1120 = CIRCLE('',#1121,0.65);
#1121 = AXIS2_PLACEMENT_3D('',#1122,#1123,#1124);
#1122 = CARTESIAN_POINT('',(19.939,2.921,1.6));
#1123 = DIRECTION('',(-0.,0.,-1.));
#1124 = DIRECTION('',(-0.,-1.,0.));
#1125 = FACE_BOUND('',#1126,.T.);
#1126 = EDGE_LOOP('',(#1127));
#1127 = ORIENTED_EDGE('',*,*,#1128,.T.);
#1128 = EDGE_CURVE('',#1129,#1129,#1131,.T.);
#1129 = VERTEX_POINT('',#1130);
#1130 = CARTESIAN_POINT('',(14.939,7.224,1.6));
#1131 = CIRCLE('',#1132,0.65);
#1132 = AXIS2_PLACEMENT_3D('',#1133,#1134,#1135);
#1133 = CARTESIAN_POINT('',(14.939,7.874,1.6));
#1134 = DIRECTION('',(-0.,0.,-1.));
#1135 = DIRECTION('',(-0.,-1.,0.));
#1136 = FACE_BOUND('',#1137,.T.);
#1137 = EDGE_LOOP('',(#1138));
#1138 = ORIENTED_EDGE('',*,*,#1139,.T.);
#1139 = EDGE_CURVE('',#1140,#1140,#1142,.T.);
#1140 = VERTEX_POINT('',#1141);
#1141 = CARTESIAN_POINT('',(19.939,7.224,1.6));
#1142 = CIRCLE('',#1143,0.65);
#1143 = AXIS2_PLACEMENT_3D('',#1144,#1145,#1146);
#1144 = CARTESIAN_POINT('',(19.939,7.874,1.6));
#1145 = DIRECTION('',(-0.,0.,-1.));
#1146 = DIRECTION('',(-0.,-1.,0.));
#1147 = FACE_BOUND('',#1148,.T.);
#1148 = EDGE_LOOP('',(#1149));
#1149 = ORIENTED_EDGE('',*,*,#1150,.T.);
#1150 = EDGE_CURVE('',#1151,#1151,#1153,.T.);
#1151 = VERTEX_POINT('',#1152);
#1152 = CARTESIAN_POINT('',(31.75,3.3655,1.6));
#1153 = CIRCLE('',#1154,0.4445);
#1154 = AXIS2_PLACEMENT_3D('',#1155,#1156,#1157);
#1155 = CARTESIAN_POINT('',(31.75,3.81,1.6));
#1156 = DIRECTION('',(-0.,0.,-1.));
#1157 = DIRECTION('',(-0.,-1.,0.));
#1158 = FACE_BOUND('',#1159,.T.);
#1159 = EDGE_LOOP('',(#1160));
#1160 = ORIENTED_EDGE('',*,*,#1161,.T.);
#1161 = EDGE_CURVE('',#1162,#1162,#1164,.T.);
#1162 = VERTEX_POINT('',#1163);
#1163 = CARTESIAN_POINT('',(34.29,3.3655,1.6));
#1164 = CIRCLE('',#1165,0.4445);
#1165 = AXIS2_PLACEMENT_3D('',#1166,#1167,#1168);
#1166 = CARTESIAN_POINT('',(34.29,3.81,1.6));
#1167 = DIRECTION('',(-0.,0.,-1.));
#1168 = DIRECTION('',(-0.,-1.,0.));
#1169 = FACE_BOUND('',#1170,.T.);
#1170 = EDGE_LOOP('',(#1171));
#1171 = ORIENTED_EDGE('',*,*,#1172,.T.);
#1172 = EDGE_CURVE('',#1173,#1173,#1175,.T.);
#1173 = VERTEX_POINT('',#1174);
#1174 = CARTESIAN_POINT('',(36.83,3.3655,1.6));
#1175 = CIRCLE('',#1176,0.4445);
#1176 = AXIS2_PLACEMENT_3D('',#1177,#1178,#1179);
#1177 = CARTESIAN_POINT('',(36.83,3.81,1.6));
#1178 = DIRECTION('',(-0.,0.,-1.));
#1179 = DIRECTION('',(-0.,-1.,0.));
#1180 = FACE_BOUND('',#1181,.T.);
#1181 = EDGE_LOOP('',(#1182));
#1182 = ORIENTED_EDGE('',*,*,#1183,.T.);
#1183 = EDGE_CURVE('',#1184,#1184,#1186,.T.);
#1184 = VERTEX_POINT('',#1185);
#1185 = CARTESIAN_POINT('',(39.37,3.3655,1.6));
#1186 = CIRCLE('',#1187,0.4445);
#1187 = AXIS2_PLACEMENT_3D('',#1188,#1189,#1190);
#1188 = CARTESIAN_POINT('',(39.37,3.81,1.6));
#1189 = DIRECTION('',(-0.,0.,-1.));
#1190 = DIRECTION('',(-1.598521340293E-14,-1.,0.));
#1191 = FACE_BOUND('',#1192,.T.);
#1192 = EDGE_LOOP('',(#1193));
#1193 = ORIENTED_EDGE('',*,*,#1194,.T.);
#1194 = EDGE_CURVE('',#1195,#1195,#1197,.T.);
#1195 = VERTEX_POINT('',#1196);
#1196 = CARTESIAN_POINT('',(31.75,5.9055,1.6));
#1197 = CIRCLE('',#1198,0.4445);
#1198 = AXIS2_PLACEMENT_3D('',#1199,#1200,#1201);
#1199 = CARTESIAN_POINT('',(31.75,6.35,1.6));
#1200 = DIRECTION('',(-0.,0.,-1.));
#1201 = DIRECTION('',(-0.,-1.,0.));
#1202 = FACE_BOUND('',#1203,.T.);
#1203 = EDGE_LOOP('',(#1204));
#1204 = ORIENTED_EDGE('',*,*,#1205,.T.);
#1205 = EDGE_CURVE('',#1206,#1206,#1208,.T.);
#1206 = VERTEX_POINT('',#1207);
#1207 = CARTESIAN_POINT('',(34.29,5.9055,1.6));
#1208 = CIRCLE('',#1209,0.4445);
#1209 = AXIS2_PLACEMENT_3D('',#1210,#1211,#1212);
#1210 = CARTESIAN_POINT('',(34.29,6.35,1.6));
#1211 = DIRECTION('',(-0.,0.,-1.));
#1212 = DIRECTION('',(-0.,-1.,0.));
#1213 = FACE_BOUND('',#1214,.T.);
#1214 = EDGE_LOOP('',(#1215));
#1215 = ORIENTED_EDGE('',*,*,#1216,.T.);
#1216 = EDGE_CURVE('',#1217,#1217,#1219,.T.);
#1217 = VERTEX_POINT('',#1218);
#1218 = CARTESIAN_POINT('',(36.83,5.9055,1.6));
#1219 = CIRCLE('',#1220,0.4445);
#1220 = AXIS2_PLACEMENT_3D('',#1221,#1222,#1223);
#1221 = CARTESIAN_POINT('',(36.83,6.35,1.6));
#1222 = DIRECTION('',(-0.,0.,-1.));
#1223 = DIRECTION('',(-0.,-1.,0.));
#1224 = FACE_BOUND('',#1225,.T.);
#1225 = EDGE_LOOP('',(#1226));
#1226 = ORIENTED_EDGE('',*,*,#1227,.T.);
#1227 = EDGE_CURVE('',#1228,#1228,#1230,.T.);
#1228 = VERTEX_POINT('',#1229);
#1229 = CARTESIAN_POINT('',(39.37,5.9055,1.6));
#1230 = CIRCLE('',#1231,0.4445);
#1231 = AXIS2_PLACEMENT_3D('',#1232,#1233,#1234);
#1232 = CARTESIAN_POINT('',(39.37,6.35,1.6));
#1233 = DIRECTION('',(-0.,0.,-1.));
#1234 = DIRECTION('',(-1.598521340293E-14,-1.,0.));
#1235 = FACE_BOUND('',#1236,.T.);
#1236 = EDGE_LOOP('',(#1237));
#1237 = ORIENTED_EDGE('',*,*,#1238,.T.);
#1238 = EDGE_CURVE('',#1239,#1239,#1241,.T.);
#1239 = VERTEX_POINT('',#1240);
#1240 = CARTESIAN_POINT('',(4.3265,20.411,1.6));
#1241 = CIRCLE('',#1242,0.8);
#1242 = AXIS2_PLACEMENT_3D('',#1243,#1244,#1245);
#1243 = CARTESIAN_POINT('',(4.3265,21.211,1.6));
#1244 = DIRECTION('',(-0.,0.,-1.));
#1245 = DIRECTION('',(-0.,-1.,0.));
#1246 = FACE_BOUND('',#1247,.T.);
#1247 = EDGE_LOOP('',(#1248,#1259,#1268,#1277,#1286,#1295,#1304,#1313,
    #1322,#1331,#1340,#1349,#1358,#1367,#1376,#1385,#1394,#1403,#1412,
    #1421,#1430,#1439));
#1248 = ORIENTED_EDGE('',*,*,#1249,.T.);
#1249 = EDGE_CURVE('',#1250,#1252,#1254,.T.);
#1250 = VERTEX_POINT('',#1251);
#1251 = CARTESIAN_POINT('',(51.8795,4.23457721131,1.6));
#1252 = VERTEX_POINT('',#1253);
#1253 = CARTESIAN_POINT('',(50.546,3.095,1.6));
#1254 = CIRCLE('',#1255,1.35);
#1255 = AXIS2_PLACEMENT_3D('',#1256,#1257,#1258);
#1256 = CARTESIAN_POINT('',(50.546,4.445,1.6));
#1257 = DIRECTION('',(-0.,0.,-1.));
#1258 = DIRECTION('',(-0.,-1.,0.));
#1259 = ORIENTED_EDGE('',*,*,#1260,.T.);
#1260 = EDGE_CURVE('',#1252,#1261,#1263,.T.);
#1261 = VERTEX_POINT('',#1262);
#1262 = CARTESIAN_POINT('',(49.2125,4.23457721131,1.6));
#1263 = CIRCLE('',#1264,1.35);
#1264 = AXIS2_PLACEMENT_3D('',#1265,#1266,#1267);
#1265 = CARTESIAN_POINT('',(50.546,4.445,1.6));
#1266 = DIRECTION('',(-0.,0.,-1.));
#1267 = DIRECTION('',(-0.,-1.,0.));
#1268 = ORIENTED_EDGE('',*,*,#1269,.T.);
#1269 = EDGE_CURVE('',#1261,#1270,#1272,.T.);
#1270 = VERTEX_POINT('',#1271);
#1271 = CARTESIAN_POINT('',(47.879,3.095,1.6));
#1272 = CIRCLE('',#1273,1.35);
#1273 = AXIS2_PLACEMENT_3D('',#1274,#1275,#1276);
#1274 = CARTESIAN_POINT('',(47.879,4.445,1.6));
#1275 = DIRECTION('',(-0.,0.,-1.));
#1276 = DIRECTION('',(-5.263279524149E-15,-1.,0.));
#1277 = ORIENTED_EDGE('',*,*,#1278,.T.);
#1278 = EDGE_CURVE('',#1270,#1279,#1281,.T.);
#1279 = VERTEX_POINT('',#1280);
#1280 = CARTESIAN_POINT('',(46.5455,4.23457721131,1.6));
#1281 = CIRCLE('',#1282,1.35);
#1282 = AXIS2_PLACEMENT_3D('',#1283,#1284,#1285);
#1283 = CARTESIAN_POINT('',(47.879,4.445,1.6));
#1284 = DIRECTION('',(-0.,0.,-1.));
#1285 = DIRECTION('',(-5.263279524149E-15,-1.,0.));
#1286 = ORIENTED_EDGE('',*,*,#1287,.T.);
#1287 = EDGE_CURVE('',#1279,#1288,#1290,.T.);
#1288 = VERTEX_POINT('',#1289);
#1289 = CARTESIAN_POINT('',(45.212,3.095,1.6));
#1290 = CIRCLE('',#1291,1.35);
#1291 = AXIS2_PLACEMENT_3D('',#1292,#1293,#1294);
#1292 = CARTESIAN_POINT('',(45.212,4.445,1.6));
#1293 = DIRECTION('',(-0.,0.,-1.));
#1294 = DIRECTION('',(-0.,-1.,0.));
#1295 = ORIENTED_EDGE('',*,*,#1296,.T.);
#1296 = EDGE_CURVE('',#1288,#1297,#1299,.T.);
#1297 = VERTEX_POINT('',#1298);
#1298 = CARTESIAN_POINT('',(43.8785,4.23457721131,1.6));
#1299 = CIRCLE('',#1300,1.35);
#1300 = AXIS2_PLACEMENT_3D('',#1301,#1302,#1303);
#1301 = CARTESIAN_POINT('',(45.212,4.445,1.6));
#1302 = DIRECTION('',(-0.,0.,-1.));
#1303 = DIRECTION('',(-0.,-1.,0.));
#1304 = ORIENTED_EDGE('',*,*,#1305,.T.);
#1305 = EDGE_CURVE('',#1297,#1306,#1308,.T.);
#1306 = VERTEX_POINT('',#1307);
#1307 = CARTESIAN_POINT('',(42.545,3.095,1.6));
#1308 = CIRCLE('',#1309,1.35);
#1309 = AXIS2_PLACEMENT_3D('',#1310,#1311,#1312);
#1310 = CARTESIAN_POINT('',(42.545,4.445,1.6));
#1311 = DIRECTION('',(-0.,0.,-1.));
#1312 = DIRECTION('',(-0.,-1.,0.));
#1313 = ORIENTED_EDGE('',*,*,#1314,.T.);
#1314 = EDGE_CURVE('',#1306,#1315,#1317,.T.);
#1315 = VERTEX_POINT('',#1316);
#1316 = CARTESIAN_POINT('',(43.8785,4.65542278869,1.6));
#1317 = CIRCLE('',#1318,1.35);
#1318 = AXIS2_PLACEMENT_3D('',#1319,#1320,#1321);
#1319 = CARTESIAN_POINT('',(42.545,4.445,1.6));
#1320 = DIRECTION('',(-0.,0.,-1.));
#1321 = DIRECTION('',(-0.,-1.,0.));
#1322 = ORIENTED_EDGE('',*,*,#1323,.T.);
#1323 = EDGE_CURVE('',#1315,#1324,#1326,.T.);
#1324 = VERTEX_POINT('',#1325);
#1325 = CARTESIAN_POINT('',(46.5455,4.65542278869,1.6));
#1326 = CIRCLE('',#1327,1.35);
#1327 = AXIS2_PLACEMENT_3D('',#1328,#1329,#1330);
#1328 = CARTESIAN_POINT('',(45.212,4.445,1.6));
#1329 = DIRECTION('',(-0.,0.,-1.));
#1330 = DIRECTION('',(-0.,-1.,0.));
#1331 = ORIENTED_EDGE('',*,*,#1332,.T.);
#1332 = EDGE_CURVE('',#1324,#1333,#1335,.T.);
#1333 = VERTEX_POINT('',#1334);
#1334 = CARTESIAN_POINT('',(49.2125,4.65542278869,1.6));
#1335 = CIRCLE('',#1336,1.35);
#1336 = AXIS2_PLACEMENT_3D('',#1337,#1338,#1339);
#1337 = CARTESIAN_POINT('',(47.879,4.445,1.6));
#1338 = DIRECTION('',(-0.,0.,-1.));
#1339 = DIRECTION('',(-5.263279524149E-15,-1.,0.));
#1340 = ORIENTED_EDGE('',*,*,#1341,.T.);
#1341 = EDGE_CURVE('',#1333,#1342,#1344,.T.);
#1342 = VERTEX_POINT('',#1343);
#1343 = CARTESIAN_POINT('',(51.8795,4.65542278869,1.6));
#1344 = CIRCLE('',#1345,1.35);
#1345 = AXIS2_PLACEMENT_3D('',#1346,#1347,#1348);
#1346 = CARTESIAN_POINT('',(50.546,4.445,1.6));
#1347 = DIRECTION('',(-0.,0.,-1.));
#1348 = DIRECTION('',(-0.,-1.,0.));
#1349 = ORIENTED_EDGE('',*,*,#1350,.T.);
#1350 = EDGE_CURVE('',#1342,#1351,#1353,.T.);
#1351 = VERTEX_POINT('',#1352);
#1352 = CARTESIAN_POINT('',(54.5465,4.65542278869,1.6));
#1353 = CIRCLE('',#1354,1.35);
#1354 = AXIS2_PLACEMENT_3D('',#1355,#1356,#1357);
#1355 = CARTESIAN_POINT('',(53.213,4.445,1.6));
#1356 = DIRECTION('',(-0.,0.,-1.));
#1357 = DIRECTION('',(-0.,-1.,0.));
#1358 = ORIENTED_EDGE('',*,*,#1359,.T.);
#1359 = EDGE_CURVE('',#1351,#1360,#1362,.T.);
#1360 = VERTEX_POINT('',#1361);
#1361 = CARTESIAN_POINT('',(57.2135,4.65542278869,1.6));
#1362 = CIRCLE('',#1363,1.35);
#1363 = AXIS2_PLACEMENT_3D('',#1364,#1365,#1366);
#1364 = CARTESIAN_POINT('',(55.88,4.445,1.6));
#1365 = DIRECTION('',(-0.,0.,-1.));
#1366 = DIRECTION('',(5.263279524149E-15,-1.,-0.));
#1367 = ORIENTED_EDGE('',*,*,#1368,.T.);
#1368 = EDGE_CURVE('',#1360,#1369,#1371,.T.);
#1369 = VERTEX_POINT('',#1370);
#1370 = CARTESIAN_POINT('',(59.8805,4.65542278869,1.6));
#1371 = CIRCLE('',#1372,1.35);
#1372 = AXIS2_PLACEMENT_3D('',#1373,#1374,#1375);
#1373 = CARTESIAN_POINT('',(58.547,4.445,1.6));
#1374 = DIRECTION('',(-0.,0.,-1.));
#1375 = DIRECTION('',(-0.,-1.,0.));
#1376 = ORIENTED_EDGE('',*,*,#1377,.T.);
#1377 = EDGE_CURVE('',#1369,#1378,#1380,.T.);
#1378 = VERTEX_POINT('',#1379);
#1379 = CARTESIAN_POINT('',(61.214,3.095,1.6));
#1380 = CIRCLE('',#1381,1.35);
#1381 = AXIS2_PLACEMENT_3D('',#1382,#1383,#1384);
#1382 = CARTESIAN_POINT('',(61.214,4.445,1.6));
#1383 = DIRECTION('',(-0.,0.,-1.));
#1384 = DIRECTION('',(-0.,-1.,0.));
#1385 = ORIENTED_EDGE('',*,*,#1386,.T.);
#1386 = EDGE_CURVE('',#1378,#1387,#1389,.T.);
#1387 = VERTEX_POINT('',#1388);
#1388 = CARTESIAN_POINT('',(59.8805,4.23457721131,1.6));
#1389 = CIRCLE('',#1390,1.35);
#1390 = AXIS2_PLACEMENT_3D('',#1391,#1392,#1393);
#1391 = CARTESIAN_POINT('',(61.214,4.445,1.6));
#1392 = DIRECTION('',(-0.,0.,-1.));
#1393 = DIRECTION('',(-0.,-1.,0.));
#1394 = ORIENTED_EDGE('',*,*,#1395,.T.);
#1395 = EDGE_CURVE('',#1387,#1396,#1398,.T.);
#1396 = VERTEX_POINT('',#1397);
#1397 = CARTESIAN_POINT('',(58.547,3.095,1.6));
#1398 = CIRCLE('',#1399,1.35);
#1399 = AXIS2_PLACEMENT_3D('',#1400,#1401,#1402);
#1400 = CARTESIAN_POINT('',(58.547,4.445,1.6));
#1401 = DIRECTION('',(-0.,0.,-1.));
#1402 = DIRECTION('',(-0.,-1.,0.));
#1403 = ORIENTED_EDGE('',*,*,#1404,.T.);
#1404 = EDGE_CURVE('',#1396,#1405,#1407,.T.);
#1405 = VERTEX_POINT('',#1406);
#1406 = CARTESIAN_POINT('',(57.2135,4.23457721131,1.6));
#1407 = CIRCLE('',#1408,1.35);
#1408 = AXIS2_PLACEMENT_3D('',#1409,#1410,#1411);
#1409 = CARTESIAN_POINT('',(58.547,4.445,1.6));
#1410 = DIRECTION('',(-0.,0.,-1.));
#1411 = DIRECTION('',(-0.,-1.,0.));
#1412 = ORIENTED_EDGE('',*,*,#1413,.T.);
#1413 = EDGE_CURVE('',#1405,#1414,#1416,.T.);
#1414 = VERTEX_POINT('',#1415);
#1415 = CARTESIAN_POINT('',(55.88,3.095,1.6));
#1416 = CIRCLE('',#1417,1.35);
#1417 = AXIS2_PLACEMENT_3D('',#1418,#1419,#1420);
#1418 = CARTESIAN_POINT('',(55.88,4.445,1.6));
#1419 = DIRECTION('',(-0.,0.,-1.));
#1420 = DIRECTION('',(5.263279524149E-15,-1.,-0.));
#1421 = ORIENTED_EDGE('',*,*,#1422,.T.);
#1422 = EDGE_CURVE('',#1414,#1423,#1425,.T.);
#1423 = VERTEX_POINT('',#1424);
#1424 = CARTESIAN_POINT('',(54.5465,4.23457721131,1.6));
#1425 = CIRCLE('',#1426,1.35);
#1426 = AXIS2_PLACEMENT_3D('',#1427,#1428,#1429);
#1427 = CARTESIAN_POINT('',(55.88,4.445,1.6));
#1428 = DIRECTION('',(-0.,0.,-1.));
#1429 = DIRECTION('',(5.263279524149E-15,-1.,-0.));
#1430 = ORIENTED_EDGE('',*,*,#1431,.T.);
#1431 = EDGE_CURVE('',#1423,#1432,#1434,.T.);
#1432 = VERTEX_POINT('',#1433);
#1433 = CARTESIAN_POINT('',(53.213,3.095,1.6));
#1434 = CIRCLE('',#1435,1.35);
#1435 = AXIS2_PLACEMENT_3D('',#1436,#1437,#1438);
#1436 = CARTESIAN_POINT('',(53.213,4.445,1.6));
#1437 = DIRECTION('',(-0.,0.,-1.));
#1438 = DIRECTION('',(-0.,-1.,0.));
#1439 = ORIENTED_EDGE('',*,*,#1440,.T.);
#1440 = EDGE_CURVE('',#1432,#1250,#1441,.T.);
#1441 = CIRCLE('',#1442,1.35);
#1442 = AXIS2_PLACEMENT_3D('',#1443,#1444,#1445);
#1443 = CARTESIAN_POINT('',(53.213,4.445,1.6));
#1444 = DIRECTION('',(-0.,0.,-1.));
#1445 = DIRECTION('',(-0.,-1.,0.));
#1446 = FACE_BOUND('',#1447,.T.);
#1447 = EDGE_LOOP('',(#1448));
#1448 = ORIENTED_EDGE('',*,*,#1449,.T.);
#1449 = EDGE_CURVE('',#1450,#1450,#1452,.T.);
#1450 = VERTEX_POINT('',#1451);
#1451 = CARTESIAN_POINT('',(64.033,2.838,1.6));
#1452 = CIRCLE('',#1453,0.5);
#1453 = AXIS2_PLACEMENT_3D('',#1454,#1455,#1456);
#1454 = CARTESIAN_POINT('',(64.033,3.338,1.6));
#1455 = DIRECTION('',(-0.,0.,-1.));
#1456 = DIRECTION('',(-0.,-1.,0.));
#1457 = FACE_BOUND('',#1458,.T.);
#1458 = EDGE_LOOP('',(#1459));
#1459 = ORIENTED_EDGE('',*,*,#1460,.T.);
#1460 = EDGE_CURVE('',#1461,#1461,#1463,.T.);
#1461 = VERTEX_POINT('',#1462);
#1462 = CARTESIAN_POINT('',(64.033,7.338,1.6));
#1463 = CIRCLE('',#1464,0.5);
#1464 = AXIS2_PLACEMENT_3D('',#1465,#1466,#1467);
#1465 = CARTESIAN_POINT('',(64.033,7.838,1.6));
#1466 = DIRECTION('',(-0.,0.,-1.));
#1467 = DIRECTION('',(-0.,-1.,0.));
#1468 = FACE_BOUND('',#1469,.T.);
#1469 = EDGE_LOOP('',(#1470));
#1470 = ORIENTED_EDGE('',*,*,#1471,.T.);
#1471 = EDGE_CURVE('',#1472,#1472,#1474,.T.);
#1472 = VERTEX_POINT('',#1473);
#1473 = CARTESIAN_POINT('',(70.333,2.838,1.6));
#1474 = CIRCLE('',#1475,0.5);
#1475 = AXIS2_PLACEMENT_3D('',#1476,#1477,#1478);
#1476 = CARTESIAN_POINT('',(70.333,3.338,1.6));
#1477 = DIRECTION('',(-0.,0.,-1.));
#1478 = DIRECTION('',(-0.,-1.,0.));
#1479 = FACE_BOUND('',#1480,.T.);
#1480 = EDGE_LOOP('',(#1481));
#1481 = ORIENTED_EDGE('',*,*,#1482,.T.);
#1482 = EDGE_CURVE('',#1483,#1483,#1485,.T.);
#1483 = VERTEX_POINT('',#1484);
#1484 = CARTESIAN_POINT('',(76.2,3.58,1.6));
#1485 = CIRCLE('',#1486,1.5);
#1486 = AXIS2_PLACEMENT_3D('',#1487,#1488,#1489);
#1487 = CARTESIAN_POINT('',(76.2,5.08,1.6));
#1488 = DIRECTION('',(-0.,0.,-1.));
#1489 = DIRECTION('',(-0.,-1.,0.));
#1490 = FACE_BOUND('',#1491,.T.);
#1491 = EDGE_LOOP('',(#1492));
#1492 = ORIENTED_EDGE('',*,*,#1493,.T.);
#1493 = EDGE_CURVE('',#1494,#1494,#1496,.T.);
#1494 = VERTEX_POINT('',#1495);
#1495 = CARTESIAN_POINT('',(70.333,7.338,1.6));
#1496 = CIRCLE('',#1497,0.5);
#1497 = AXIS2_PLACEMENT_3D('',#1498,#1499,#1500);
#1498 = CARTESIAN_POINT('',(70.333,7.838,1.6));
#1499 = DIRECTION('',(-0.,0.,-1.));
#1500 = DIRECTION('',(-0.,-1.,0.));
#1501 = FACE_BOUND('',#1502,.T.);
#1502 = EDGE_LOOP('',(#1503));
#1503 = ORIENTED_EDGE('',*,*,#1504,.T.);
#1504 = EDGE_CURVE('',#1505,#1505,#1507,.T.);
#1505 = VERTEX_POINT('',#1506);
#1506 = CARTESIAN_POINT('',(76.8265,20.411,1.6));
#1507 = CIRCLE('',#1508,0.8);
#1508 = AXIS2_PLACEMENT_3D('',#1509,#1510,#1511);
#1509 = CARTESIAN_POINT('',(76.8265,21.211,1.6));
#1510 = DIRECTION('',(-0.,0.,-1.));
#1511 = DIRECTION('',(-0.,-1.,0.));
#1512 = FACE_BOUND('',#1513,.T.);
#1513 = EDGE_LOOP('',(#1514));
#1514 = ORIENTED_EDGE('',*,*,#1515,.T.);
#1515 = EDGE_CURVE('',#1516,#1516,#1518,.T.);
#1516 = VERTEX_POINT('',#1517);
#1517 = CARTESIAN_POINT('',(4.3265,39.711,1.6));
#1518 = CIRCLE('',#1519,0.8);
#1519 = AXIS2_PLACEMENT_3D('',#1520,#1521,#1522);
#1520 = CARTESIAN_POINT('',(4.3265,40.511,1.6));
#1521 = DIRECTION('',(-0.,0.,-1.));
#1522 = DIRECTION('',(-0.,-1.,0.));
#1523 = FACE_BOUND('',#1524,.T.);
#1524 = EDGE_LOOP('',(#1525));
#1525 = ORIENTED_EDGE('',*,*,#1526,.T.);
#1526 = EDGE_CURVE('',#1527,#1527,#1529,.T.);
#1527 = VERTEX_POINT('',#1528);
#1528 = CARTESIAN_POINT('',(26.416,42.245,1.6));
#1529 = CIRCLE('',#1530,0.3);
#1530 = AXIS2_PLACEMENT_3D('',#1531,#1532,#1533);
#1531 = CARTESIAN_POINT('',(26.416,42.545,1.6));
#1532 = DIRECTION('',(-0.,0.,-1.));
#1533 = DIRECTION('',(-0.,-1.,0.));
#1534 = FACE_BOUND('',#1535,.T.);
#1535 = EDGE_LOOP('',(#1536));
#1536 = ORIENTED_EDGE('',*,*,#1537,.T.);
#1537 = EDGE_CURVE('',#1538,#1538,#1540,.T.);
#1538 = VERTEX_POINT('',#1539);
#1539 = CARTESIAN_POINT('',(27.686,42.245,1.6));
#1540 = CIRCLE('',#1541,0.3);
#1541 = AXIS2_PLACEMENT_3D('',#1542,#1543,#1544);
#1542 = CARTESIAN_POINT('',(27.686,42.545,1.6));
#1543 = DIRECTION('',(-0.,0.,-1.));
#1544 = DIRECTION('',(-0.,-1.,0.));
#1545 = FACE_BOUND('',#1546,.T.);
#1546 = EDGE_LOOP('',(#1547));
#1547 = ORIENTED_EDGE('',*,*,#1548,.T.);
#1548 = EDGE_CURVE('',#1549,#1549,#1551,.T.);
#1549 = VERTEX_POINT('',#1550);
#1550 = CARTESIAN_POINT('',(27.051,43.388,1.6));
#1551 = CIRCLE('',#1552,0.3);
#1552 = AXIS2_PLACEMENT_3D('',#1553,#1554,#1555);
#1553 = CARTESIAN_POINT('',(27.051,43.688,1.6));
#1554 = DIRECTION('',(-0.,0.,-1.));
#1555 = DIRECTION('',(-1.184237892934E-14,-1.,0.));
#1556 = FACE_BOUND('',#1557,.T.);
#1557 = EDGE_LOOP('',(#1558));
#1558 = ORIENTED_EDGE('',*,*,#1559,.T.);
#1559 = EDGE_CURVE('',#1560,#1560,#1562,.T.);
#1560 = VERTEX_POINT('',#1561);
#1561 = CARTESIAN_POINT('',(5.08,54.38,1.6));
#1562 = CIRCLE('',#1563,1.5);
#1563 = AXIS2_PLACEMENT_3D('',#1564,#1565,#1566);
#1564 = CARTESIAN_POINT('',(5.08,55.88,1.6));
#1565 = DIRECTION('',(-0.,0.,-1.));
#1566 = DIRECTION('',(-0.,-1.,0.));
#1567 = FACE_BOUND('',#1568,.T.);
#1568 = EDGE_LOOP('',(#1569));
#1569 = ORIENTED_EDGE('',*,*,#1570,.T.);
#1570 = EDGE_CURVE('',#1571,#1571,#1573,.T.);
#1571 = VERTEX_POINT('',#1572);
#1572 = CARTESIAN_POINT('',(11.938,54.1655,1.6));
#1573 = CIRCLE('',#1574,0.4445);
#1574 = AXIS2_PLACEMENT_3D('',#1575,#1576,#1577);
#1575 = CARTESIAN_POINT('',(11.938,54.61,1.6));
#1576 = DIRECTION('',(-0.,0.,-1.));
#1577 = DIRECTION('',(3.996303350732E-15,-1.,-0.));
#1578 = FACE_BOUND('',#1579,.T.);
#1579 = EDGE_LOOP('',(#1580));
#1580 = ORIENTED_EDGE('',*,*,#1581,.T.);
#1581 = EDGE_CURVE('',#1582,#1582,#1584,.T.);
#1582 = VERTEX_POINT('',#1583);
#1583 = CARTESIAN_POINT('',(11.938,56.7055,1.6));
#1584 = CIRCLE('',#1585,0.4445);
#1585 = AXIS2_PLACEMENT_3D('',#1586,#1587,#1588);
#1586 = CARTESIAN_POINT('',(11.938,57.15,1.6));
#1587 = DIRECTION('',(-0.,0.,-1.));
#1588 = DIRECTION('',(3.996303350732E-15,-1.,-0.));
#1589 = FACE_BOUND('',#1590,.T.);
#1590 = EDGE_LOOP('',(#1591));
#1591 = ORIENTED_EDGE('',*,*,#1592,.T.);
#1592 = EDGE_CURVE('',#1593,#1593,#1595,.T.);
#1593 = VERTEX_POINT('',#1594);
#1594 = CARTESIAN_POINT('',(14.478,54.1655,1.6));
#1595 = CIRCLE('',#1596,0.4445);
#1596 = AXIS2_PLACEMENT_3D('',#1597,#1598,#1599);
#1597 = CARTESIAN_POINT('',(14.478,54.61,1.6));
#1598 = DIRECTION('',(-0.,0.,-1.));
#1599 = DIRECTION('',(-0.,-1.,0.));
#1600 = FACE_BOUND('',#1601,.T.);
#1601 = EDGE_LOOP('',(#1602));
#1602 = ORIENTED_EDGE('',*,*,#1603,.T.);
#1603 = EDGE_CURVE('',#1604,#1604,#1606,.T.);
#1604 = VERTEX_POINT('',#1605);
#1605 = CARTESIAN_POINT('',(17.018,54.1655,1.6));
#1606 = CIRCLE('',#1607,0.4445);
#1607 = AXIS2_PLACEMENT_3D('',#1608,#1609,#1610);
#1608 = CARTESIAN_POINT('',(17.018,54.61,1.6));
#1609 = DIRECTION('',(-0.,0.,-1.));
#1610 = DIRECTION('',(-0.,-1.,0.));
#1611 = FACE_BOUND('',#1612,.T.);
#1612 = EDGE_LOOP('',(#1613));
#1613 = ORIENTED_EDGE('',*,*,#1614,.T.);
#1614 = EDGE_CURVE('',#1615,#1615,#1617,.T.);
#1615 = VERTEX_POINT('',#1616);
#1616 = CARTESIAN_POINT('',(14.478,56.7055,1.6));
#1617 = CIRCLE('',#1618,0.4445);
#1618 = AXIS2_PLACEMENT_3D('',#1619,#1620,#1621);
#1619 = CARTESIAN_POINT('',(14.478,57.15,1.6));
#1620 = DIRECTION('',(-0.,0.,-1.));
#1621 = DIRECTION('',(-0.,-1.,0.));
#1622 = FACE_BOUND('',#1623,.T.);
#1623 = EDGE_LOOP('',(#1624));
#1624 = ORIENTED_EDGE('',*,*,#1625,.T.);
#1625 = EDGE_CURVE('',#1626,#1626,#1628,.T.);
#1626 = VERTEX_POINT('',#1627);
#1627 = CARTESIAN_POINT('',(17.018,56.7055,1.6));
#1628 = CIRCLE('',#1629,0.4445);
#1629 = AXIS2_PLACEMENT_3D('',#1630,#1631,#1632);
#1630 = CARTESIAN_POINT('',(17.018,57.15,1.6));
#1631 = DIRECTION('',(-0.,0.,-1.));
#1632 = DIRECTION('',(-0.,-1.,0.));
#1633 = FACE_BOUND('',#1634,.T.);
#1634 = EDGE_LOOP('',(#1635));
#1635 = ORIENTED_EDGE('',*,*,#1636,.T.);
#1636 = EDGE_CURVE('',#1637,#1637,#1639,.T.);
#1637 = VERTEX_POINT('',#1638);
#1638 = CARTESIAN_POINT('',(19.558,54.1655,1.6));
#1639 = CIRCLE('',#1640,0.4445);
#1640 = AXIS2_PLACEMENT_3D('',#1641,#1642,#1643);
#1641 = CARTESIAN_POINT('',(19.558,54.61,1.6));
#1642 = DIRECTION('',(-0.,0.,-1.));
#1643 = DIRECTION('',(-0.,-1.,0.));
#1644 = FACE_BOUND('',#1645,.T.);
#1645 = EDGE_LOOP('',(#1646));
#1646 = ORIENTED_EDGE('',*,*,#1647,.T.);
#1647 = EDGE_CURVE('',#1648,#1648,#1650,.T.);
#1648 = VERTEX_POINT('',#1649);
#1649 = CARTESIAN_POINT('',(19.558,56.7055,1.6));
#1650 = CIRCLE('',#1651,0.4445);
#1651 = AXIS2_PLACEMENT_3D('',#1652,#1653,#1654);
#1652 = CARTESIAN_POINT('',(19.558,57.15,1.6));
#1653 = DIRECTION('',(-0.,0.,-1.));
#1654 = DIRECTION('',(-0.,-1.,0.));
#1655 = FACE_BOUND('',#1656,.T.);
#1656 = EDGE_LOOP('',(#1657));
#1657 = ORIENTED_EDGE('',*,*,#1658,.T.);
#1658 = EDGE_CURVE('',#1659,#1659,#1661,.T.);
#1659 = VERTEX_POINT('',#1660);
#1660 = CARTESIAN_POINT('',(26.416,44.531,1.6));
#1661 = CIRCLE('',#1662,0.3);
#1662 = AXIS2_PLACEMENT_3D('',#1663,#1664,#1665);
#1663 = CARTESIAN_POINT('',(26.416,44.831,1.6));
#1664 = DIRECTION('',(-0.,0.,-1.));
#1665 = DIRECTION('',(-0.,-1.,0.));
#1666 = FACE_BOUND('',#1667,.T.);
#1667 = EDGE_LOOP('',(#1668));
#1668 = ORIENTED_EDGE('',*,*,#1669,.T.);
#1669 = EDGE_CURVE('',#1670,#1670,#1672,.T.);
#1670 = VERTEX_POINT('',#1671);
#1671 = CARTESIAN_POINT('',(27.686,44.531,1.6));
#1672 = CIRCLE('',#1673,0.3);
#1673 = AXIS2_PLACEMENT_3D('',#1674,#1675,#1676);
#1674 = CARTESIAN_POINT('',(27.686,44.831,1.6));
#1675 = DIRECTION('',(-0.,0.,-1.));
#1676 = DIRECTION('',(-0.,-1.,0.));
#1677 = FACE_BOUND('',#1678,.T.);
#1678 = EDGE_LOOP('',(#1679));
#1679 = ORIENTED_EDGE('',*,*,#1680,.T.);
#1680 = EDGE_CURVE('',#1681,#1681,#1683,.T.);
#1681 = VERTEX_POINT('',#1682);
#1682 = CARTESIAN_POINT('',(24.765,54.53,1.6));
#1683 = CIRCLE('',#1684,1.35);
#1684 = AXIS2_PLACEMENT_3D('',#1685,#1686,#1687);
#1685 = CARTESIAN_POINT('',(24.765,55.88,1.6));
#1686 = DIRECTION('',(-0.,0.,-1.));
#1687 = DIRECTION('',(-0.,-1.,0.));
#1688 = FACE_BOUND('',#1689,.T.);
#1689 = EDGE_LOOP('',(#1690));
#1690 = ORIENTED_EDGE('',*,*,#1691,.T.);
#1691 = EDGE_CURVE('',#1692,#1692,#1694,.T.);
#1692 = VERTEX_POINT('',#1693);
#1693 = CARTESIAN_POINT('',(29.845,54.53,1.6));
#1694 = CIRCLE('',#1695,1.35);
#1695 = AXIS2_PLACEMENT_3D('',#1696,#1697,#1698);
#1696 = CARTESIAN_POINT('',(29.845,55.88,1.6));
#1697 = DIRECTION('',(-0.,0.,-1.));
#1698 = DIRECTION('',(-0.,-1.,0.));
#1699 = FACE_BOUND('',#1700,.T.);
#1700 = EDGE_LOOP('',(#1701));
#1701 = ORIENTED_EDGE('',*,*,#1702,.T.);
#1702 = EDGE_CURVE('',#1703,#1703,#1705,.T.);
#1703 = VERTEX_POINT('',#1704);
#1704 = CARTESIAN_POINT('',(34.925,54.53,1.6));
#1705 = CIRCLE('',#1706,1.35);
#1706 = AXIS2_PLACEMENT_3D('',#1707,#1708,#1709);
#1707 = CARTESIAN_POINT('',(34.925,55.88,1.6));
#1708 = DIRECTION('',(-0.,0.,-1.));
#1709 = DIRECTION('',(-0.,-1.,0.));
#1710 = FACE_BOUND('',#1711,.T.);
#1711 = EDGE_LOOP('',(#1712));
#1712 = ORIENTED_EDGE('',*,*,#1713,.T.);
#1713 = EDGE_CURVE('',#1714,#1714,#1716,.T.);
#1714 = VERTEX_POINT('',#1715);
#1715 = CARTESIAN_POINT('',(38.862,53.9115,1.6));
#1716 = CIRCLE('',#1717,0.4445);
#1717 = AXIS2_PLACEMENT_3D('',#1718,#1719,#1720);
#1718 = CARTESIAN_POINT('',(38.862,54.356,1.6));
#1719 = DIRECTION('',(-0.,0.,-1.));
#1720 = DIRECTION('',(1.598521340293E-14,-1.,-0.));
#1721 = FACE_BOUND('',#1722,.T.);
#1722 = EDGE_LOOP('',(#1723));
#1723 = ORIENTED_EDGE('',*,*,#1724,.T.);
#1724 = EDGE_CURVE('',#1725,#1725,#1727,.T.);
#1725 = VERTEX_POINT('',#1726);
#1726 = CARTESIAN_POINT('',(38.862,56.4515,1.6));
#1727 = CIRCLE('',#1728,0.4445);
#1728 = AXIS2_PLACEMENT_3D('',#1729,#1730,#1731);
#1729 = CARTESIAN_POINT('',(38.862,56.896,1.6));
#1730 = DIRECTION('',(-0.,0.,-1.));
#1731 = DIRECTION('',(1.598521340293E-14,-1.,-0.));
#1732 = FACE_BOUND('',#1733,.T.);
#1733 = EDGE_LOOP('',(#1734));
#1734 = ORIENTED_EDGE('',*,*,#1735,.T.);
#1735 = EDGE_CURVE('',#1736,#1736,#1738,.T.);
#1736 = VERTEX_POINT('',#1737);
#1737 = CARTESIAN_POINT('',(76.8265,39.711,1.6));
#1738 = CIRCLE('',#1739,0.8);
#1739 = AXIS2_PLACEMENT_3D('',#1740,#1741,#1742);
#1740 = CARTESIAN_POINT('',(76.8265,40.511,1.6));
#1741 = DIRECTION('',(-0.,0.,-1.));
#1742 = DIRECTION('',(-0.,-1.,0.));
#1743 = FACE_BOUND('',#1744,.T.);
#1744 = EDGE_LOOP('',(#1745));
#1745 = ORIENTED_EDGE('',*,*,#1746,.T.);
#1746 = EDGE_CURVE('',#1747,#1747,#1749,.T.);
#1747 = VERTEX_POINT('',#1748);
#1748 = CARTESIAN_POINT('',(41.402,53.9115,1.6));
#1749 = CIRCLE('',#1750,0.4445);
#1750 = AXIS2_PLACEMENT_3D('',#1751,#1752,#1753);
#1751 = CARTESIAN_POINT('',(41.402,54.356,1.6));
#1752 = DIRECTION('',(-0.,0.,-1.));
#1753 = DIRECTION('',(-0.,-1.,0.));
#1754 = FACE_BOUND('',#1755,.T.);
#1755 = EDGE_LOOP('',(#1756));
#1756 = ORIENTED_EDGE('',*,*,#1757,.T.);
#1757 = EDGE_CURVE('',#1758,#1758,#1760,.T.);
#1758 = VERTEX_POINT('',#1759);
#1759 = CARTESIAN_POINT('',(43.942,53.9115,1.6));
#1760 = CIRCLE('',#1761,0.4445);
#1761 = AXIS2_PLACEMENT_3D('',#1762,#1763,#1764);
#1762 = CARTESIAN_POINT('',(43.942,54.356,1.6));
#1763 = DIRECTION('',(-0.,0.,-1.));
#1764 = DIRECTION('',(-0.,-1.,0.));
#1765 = FACE_BOUND('',#1766,.T.);
#1766 = EDGE_LOOP('',(#1767));
#1767 = ORIENTED_EDGE('',*,*,#1768,.T.);
#1768 = EDGE_CURVE('',#1769,#1769,#1771,.T.);
#1769 = VERTEX_POINT('',#1770);
#1770 = CARTESIAN_POINT('',(41.402,56.4515,1.6));
#1771 = CIRCLE('',#1772,0.4445);
#1772 = AXIS2_PLACEMENT_3D('',#1773,#1774,#1775);
#1773 = CARTESIAN_POINT('',(41.402,56.896,1.6));
#1774 = DIRECTION('',(-0.,0.,-1.));
#1775 = DIRECTION('',(-0.,-1.,0.));
#1776 = FACE_BOUND('',#1777,.T.);
#1777 = EDGE_LOOP('',(#1778));
#1778 = ORIENTED_EDGE('',*,*,#1779,.T.);
#1779 = EDGE_CURVE('',#1780,#1780,#1782,.T.);
#1780 = VERTEX_POINT('',#1781);
#1781 = CARTESIAN_POINT('',(43.942,56.4515,1.6));
#1782 = CIRCLE('',#1783,0.4445);
#1783 = AXIS2_PLACEMENT_3D('',#1784,#1785,#1786);
#1784 = CARTESIAN_POINT('',(43.942,56.896,1.6));
#1785 = DIRECTION('',(-0.,0.,-1.));
#1786 = DIRECTION('',(-0.,-1.,0.));
#1787 = FACE_BOUND('',#1788,.T.);
#1788 = EDGE_LOOP('',(#1789));
#1789 = ORIENTED_EDGE('',*,*,#1790,.T.);
#1790 = EDGE_CURVE('',#1791,#1791,#1793,.T.);
#1791 = VERTEX_POINT('',#1792);
#1792 = CARTESIAN_POINT('',(46.482,53.9115,1.6));
#1793 = CIRCLE('',#1794,0.4445);
#1794 = AXIS2_PLACEMENT_3D('',#1795,#1796,#1797);
#1795 = CARTESIAN_POINT('',(46.482,54.356,1.6));
#1796 = DIRECTION('',(-0.,0.,-1.));
#1797 = DIRECTION('',(-0.,-1.,0.));
#1798 = FACE_BOUND('',#1799,.T.);
#1799 = EDGE_LOOP('',(#1800));
#1800 = ORIENTED_EDGE('',*,*,#1801,.T.);
#1801 = EDGE_CURVE('',#1802,#1802,#1804,.T.);
#1802 = VERTEX_POINT('',#1803);
#1803 = CARTESIAN_POINT('',(49.022,53.9115,1.6));
#1804 = CIRCLE('',#1805,0.4445);
#1805 = AXIS2_PLACEMENT_3D('',#1806,#1807,#1808);
#1806 = CARTESIAN_POINT('',(49.022,54.356,1.6));
#1807 = DIRECTION('',(-0.,0.,-1.));
#1808 = DIRECTION('',(-1.598521340293E-14,-1.,0.));
#1809 = FACE_BOUND('',#1810,.T.);
#1810 = EDGE_LOOP('',(#1811));
#1811 = ORIENTED_EDGE('',*,*,#1812,.T.);
#1812 = EDGE_CURVE('',#1813,#1813,#1815,.T.);
#1813 = VERTEX_POINT('',#1814);
#1814 = CARTESIAN_POINT('',(46.482,56.4515,1.6));
#1815 = CIRCLE('',#1816,0.4445);
#1816 = AXIS2_PLACEMENT_3D('',#1817,#1818,#1819);
#1817 = CARTESIAN_POINT('',(46.482,56.896,1.6));
#1818 = DIRECTION('',(-0.,0.,-1.));
#1819 = DIRECTION('',(-0.,-1.,0.));
#1820 = FACE_BOUND('',#1821,.T.);
#1821 = EDGE_LOOP('',(#1822));
#1822 = ORIENTED_EDGE('',*,*,#1823,.T.);
#1823 = EDGE_CURVE('',#1824,#1824,#1826,.T.);
#1824 = VERTEX_POINT('',#1825);
#1825 = CARTESIAN_POINT('',(49.022,56.4515,1.6));
#1826 = CIRCLE('',#1827,0.4445);
#1827 = AXIS2_PLACEMENT_3D('',#1828,#1829,#1830);
#1828 = CARTESIAN_POINT('',(49.022,56.896,1.6));
#1829 = DIRECTION('',(-0.,0.,-1.));
#1830 = DIRECTION('',(-1.598521340293E-14,-1.,0.));
#1831 = FACE_BOUND('',#1832,.T.);
#1832 = EDGE_LOOP('',(#1833));
#1833 = ORIENTED_EDGE('',*,*,#1834,.T.);
#1834 = EDGE_CURVE('',#1835,#1835,#1837,.T.);
#1835 = VERTEX_POINT('',#1836);
#1836 = CARTESIAN_POINT('',(52.07,53.9115,1.6));
#1837 = CIRCLE('',#1838,0.4445);
#1838 = AXIS2_PLACEMENT_3D('',#1839,#1840,#1841);
#1839 = CARTESIAN_POINT('',(52.07,54.356,1.6));
#1840 = DIRECTION('',(-0.,0.,-1.));
#1841 = DIRECTION('',(-0.,-1.,0.));
#1842 = FACE_BOUND('',#1843,.T.);
#1843 = EDGE_LOOP('',(#1844));
#1844 = ORIENTED_EDGE('',*,*,#1845,.T.);
#1845 = EDGE_CURVE('',#1846,#1846,#1848,.T.);
#1846 = VERTEX_POINT('',#1847);
#1847 = CARTESIAN_POINT('',(52.07,56.4515,1.6));
#1848 = CIRCLE('',#1849,0.4445);
#1849 = AXIS2_PLACEMENT_3D('',#1850,#1851,#1852);
#1850 = CARTESIAN_POINT('',(52.07,56.896,1.6));
#1851 = DIRECTION('',(-0.,0.,-1.));
#1852 = DIRECTION('',(-0.,-1.,0.));
#1853 = FACE_BOUND('',#1854,.T.);
#1854 = EDGE_LOOP('',(#1855));
#1855 = ORIENTED_EDGE('',*,*,#1856,.T.);
#1856 = EDGE_CURVE('',#1857,#1857,#1859,.T.);
#1857 = VERTEX_POINT('',#1858);
#1858 = CARTESIAN_POINT('',(54.61,53.9115,1.6));
#1859 = CIRCLE('',#1860,0.4445);
#1860 = AXIS2_PLACEMENT_3D('',#1861,#1862,#1863);
#1861 = CARTESIAN_POINT('',(54.61,54.356,1.6));
#1862 = DIRECTION('',(-0.,0.,-1.));
#1863 = DIRECTION('',(-0.,-1.,0.));
#1864 = FACE_BOUND('',#1865,.T.);
#1865 = EDGE_LOOP('',(#1866));
#1866 = ORIENTED_EDGE('',*,*,#1867,.T.);
#1867 = EDGE_CURVE('',#1868,#1868,#1870,.T.);
#1868 = VERTEX_POINT('',#1869);
#1869 = CARTESIAN_POINT('',(57.15,53.9115,1.6));
#1870 = CIRCLE('',#1871,0.4445);
#1871 = AXIS2_PLACEMENT_3D('',#1872,#1873,#1874);
#1872 = CARTESIAN_POINT('',(57.15,54.356,1.6));
#1873 = DIRECTION('',(-0.,0.,-1.));
#1874 = DIRECTION('',(-0.,-1.,0.));
#1875 = FACE_BOUND('',#1876,.T.);
#1876 = EDGE_LOOP('',(#1877));
#1877 = ORIENTED_EDGE('',*,*,#1878,.T.);
#1878 = EDGE_CURVE('',#1879,#1879,#1881,.T.);
#1879 = VERTEX_POINT('',#1880);
#1880 = CARTESIAN_POINT('',(54.61,56.4515,1.6));
#1881 = CIRCLE('',#1882,0.4445);
#1882 = AXIS2_PLACEMENT_3D('',#1883,#1884,#1885);
#1883 = CARTESIAN_POINT('',(54.61,56.896,1.6));
#1884 = DIRECTION('',(-0.,0.,-1.));
#1885 = DIRECTION('',(-0.,-1.,0.));
#1886 = FACE_BOUND('',#1887,.T.);
#1887 = EDGE_LOOP('',(#1888));
#1888 = ORIENTED_EDGE('',*,*,#1889,.T.);
#1889 = EDGE_CURVE('',#1890,#1890,#1892,.T.);
#1890 = VERTEX_POINT('',#1891);
#1891 = CARTESIAN_POINT('',(57.15,56.4515,1.6));
#1892 = CIRCLE('',#1893,0.4445);
#1893 = AXIS2_PLACEMENT_3D('',#1894,#1895,#1896);
#1894 = CARTESIAN_POINT('',(57.15,56.896,1.6));
#1895 = DIRECTION('',(-0.,0.,-1.));
#1896 = DIRECTION('',(-0.,-1.,0.));
#1897 = FACE_BOUND('',#1898,.T.);
#1898 = EDGE_LOOP('',(#1899));
#1899 = ORIENTED_EDGE('',*,*,#1900,.T.);
#1900 = EDGE_CURVE('',#1901,#1901,#1903,.T.);
#1901 = VERTEX_POINT('',#1902);
#1902 = CARTESIAN_POINT('',(62.865,52.0065,1.6));
#1903 = CIRCLE('',#1904,0.4445);
#1904 = AXIS2_PLACEMENT_3D('',#1905,#1906,#1907);
#1905 = CARTESIAN_POINT('',(62.865,52.451,1.6));
#1906 = DIRECTION('',(-0.,0.,-1.));
#1907 = DIRECTION('',(1.598521340293E-14,-1.,-0.));
#1908 = FACE_BOUND('',#1909,.T.);
#1909 = EDGE_LOOP('',(#1910));
#1910 = ORIENTED_EDGE('',*,*,#1911,.T.);
#1911 = EDGE_CURVE('',#1912,#1912,#1914,.T.);
#1912 = VERTEX_POINT('',#1913);
#1913 = CARTESIAN_POINT('',(65.405,52.0065,1.6));
#1914 = CIRCLE('',#1915,0.4445);
#1915 = AXIS2_PLACEMENT_3D('',#1916,#1917,#1918);
#1916 = CARTESIAN_POINT('',(65.405,52.451,1.6));
#1917 = DIRECTION('',(-0.,0.,-1.));
#1918 = DIRECTION('',(-0.,-1.,0.));
#1919 = FACE_BOUND('',#1920,.T.);
#1920 = EDGE_LOOP('',(#1921));
#1921 = ORIENTED_EDGE('',*,*,#1922,.T.);
#1922 = EDGE_CURVE('',#1923,#1923,#1925,.T.);
#1923 = VERTEX_POINT('',#1924);
#1924 = CARTESIAN_POINT('',(67.945,52.0065,1.6));
#1925 = CIRCLE('',#1926,0.4445);
#1926 = AXIS2_PLACEMENT_3D('',#1927,#1928,#1929);
#1927 = CARTESIAN_POINT('',(67.945,52.451,1.6));
#1928 = DIRECTION('',(-0.,0.,-1.));
#1929 = DIRECTION('',(-0.,-1.,0.));
#1930 = FACE_BOUND('',#1931,.T.);
#1931 = EDGE_LOOP('',(#1932));
#1932 = ORIENTED_EDGE('',*,*,#1933,.T.);
#1933 = EDGE_CURVE('',#1934,#1934,#1936,.T.);
#1934 = VERTEX_POINT('',#1935);
#1935 = CARTESIAN_POINT('',(59.69,53.9115,1.6));
#1936 = CIRCLE('',#1937,0.4445);
#1937 = AXIS2_PLACEMENT_3D('',#1938,#1939,#1940);
#1938 = CARTESIAN_POINT('',(59.69,54.356,1.6));
#1939 = DIRECTION('',(-0.,0.,-1.));
#1940 = DIRECTION('',(-0.,-1.,0.));
#1941 = FACE_BOUND('',#1942,.T.);
#1942 = EDGE_LOOP('',(#1943));
#1943 = ORIENTED_EDGE('',*,*,#1944,.T.);
#1944 = EDGE_CURVE('',#1945,#1945,#1947,.T.);
#1945 = VERTEX_POINT('',#1946);
#1946 = CARTESIAN_POINT('',(62.865,54.5465,1.6));
#1947 = CIRCLE('',#1948,0.4445);
#1948 = AXIS2_PLACEMENT_3D('',#1949,#1950,#1951);
#1949 = CARTESIAN_POINT('',(62.865,54.991,1.6));
#1950 = DIRECTION('',(-0.,0.,-1.));
#1951 = DIRECTION('',(1.598521340293E-14,-1.,-0.));
#1952 = FACE_BOUND('',#1953,.T.);
#1953 = EDGE_LOOP('',(#1954));
#1954 = ORIENTED_EDGE('',*,*,#1955,.T.);
#1955 = EDGE_CURVE('',#1956,#1956,#1958,.T.);
#1956 = VERTEX_POINT('',#1957);
#1957 = CARTESIAN_POINT('',(59.69,56.4515,1.6));
#1958 = CIRCLE('',#1959,0.4445);
#1959 = AXIS2_PLACEMENT_3D('',#1960,#1961,#1962);
#1960 = CARTESIAN_POINT('',(59.69,56.896,1.6));
#1961 = DIRECTION('',(-0.,0.,-1.));
#1962 = DIRECTION('',(-0.,-1.,0.));
#1963 = FACE_BOUND('',#1964,.T.);
#1964 = EDGE_LOOP('',(#1965));
#1965 = ORIENTED_EDGE('',*,*,#1966,.T.);
#1966 = EDGE_CURVE('',#1967,#1967,#1969,.T.);
#1967 = VERTEX_POINT('',#1968);
#1968 = CARTESIAN_POINT('',(65.405,54.5465,1.6));
#1969 = CIRCLE('',#1970,0.4445);
#1970 = AXIS2_PLACEMENT_3D('',#1971,#1972,#1973);
#1971 = CARTESIAN_POINT('',(65.405,54.991,1.6));
#1972 = DIRECTION('',(-0.,0.,-1.));
#1973 = DIRECTION('',(-0.,-1.,0.));
#1974 = FACE_BOUND('',#1975,.T.);
#1975 = EDGE_LOOP('',(#1976));
#1976 = ORIENTED_EDGE('',*,*,#1977,.T.);
#1977 = EDGE_CURVE('',#1978,#1978,#1980,.T.);
#1978 = VERTEX_POINT('',#1979);
#1979 = CARTESIAN_POINT('',(67.945,54.5465,1.6));
#1980 = CIRCLE('',#1981,0.4445);
#1981 = AXIS2_PLACEMENT_3D('',#1982,#1983,#1984);
#1982 = CARTESIAN_POINT('',(67.945,54.991,1.6));
#1983 = DIRECTION('',(-0.,0.,-1.));
#1984 = DIRECTION('',(-0.,-1.,0.));
#1985 = FACE_BOUND('',#1986,.T.);
#1986 = EDGE_LOOP('',(#1987));
#1987 = ORIENTED_EDGE('',*,*,#1988,.T.);
#1988 = EDGE_CURVE('',#1989,#1989,#1991,.T.);
#1989 = VERTEX_POINT('',#1990);
#1990 = CARTESIAN_POINT('',(70.485,52.0065,1.6));
#1991 = CIRCLE('',#1992,0.4445);
#1992 = AXIS2_PLACEMENT_3D('',#1993,#1994,#1995);
#1993 = CARTESIAN_POINT('',(70.485,52.451,1.6));
#1994 = DIRECTION('',(-0.,0.,-1.));
#1995 = DIRECTION('',(-0.,-1.,0.));
#1996 = FACE_BOUND('',#1997,.T.);
#1997 = EDGE_LOOP('',(#1998));
#1998 = ORIENTED_EDGE('',*,*,#1999,.T.);
#1999 = EDGE_CURVE('',#2000,#2000,#2002,.T.);
#2000 = VERTEX_POINT('',#2001);
#2001 = CARTESIAN_POINT('',(70.485,54.5465,1.6));
#2002 = CIRCLE('',#2003,0.4445);
#2003 = AXIS2_PLACEMENT_3D('',#2004,#2005,#2006);
#2004 = CARTESIAN_POINT('',(70.485,54.991,1.6));
#2005 = DIRECTION('',(-0.,0.,-1.));
#2006 = DIRECTION('',(-0.,-1.,0.));
#2007 = FACE_BOUND('',#2008,.T.);
#2008 = EDGE_LOOP('',(#2009));
#2009 = ORIENTED_EDGE('',*,*,#2010,.T.);
#2010 = EDGE_CURVE('',#2011,#2011,#2013,.T.);
#2011 = VERTEX_POINT('',#2012);
#2012 = CARTESIAN_POINT('',(76.2,54.38,1.6));
#2013 = CIRCLE('',#2014,1.5);
#2014 = AXIS2_PLACEMENT_3D('',#2015,#2016,#2017);
#2015 = CARTESIAN_POINT('',(76.2,55.88,1.6));
#2016 = DIRECTION('',(-0.,0.,-1.));
#2017 = DIRECTION('',(-0.,-1.,0.));
#2018 = PLANE('',#2019);
#2019 = AXIS2_PLACEMENT_3D('',#2020,#2021,#2022);
#2020 = CARTESIAN_POINT('',(0.,0.,1.6));
#2021 = DIRECTION('',(0.,0.,1.));
#2022 = DIRECTION('',(1.,0.,-0.));
#2023 = ADVANCED_FACE('',(#2024),#2030,.T.);
#2024 = FACE_BOUND('',#2025,.T.);
#2025 = EDGE_LOOP('',(#2026,#2027,#2028,#2029));
#2026 = ORIENTED_EDGE('',*,*,#119,.T.);
#2027 = ORIENTED_EDGE('',*,*,#1086,.T.);
#2028 = ORIENTED_EDGE('',*,*,#79,.F.);
#2029 = ORIENTED_EDGE('',*,*,#143,.F.);
#2030 = PLANE('',#2031);
#2031 = AXIS2_PLACEMENT_3D('',#2032,#2033,#2034);
#2032 = CARTESIAN_POINT('',(0.254,60.706,0.));
#2033 = DIRECTION('',(0.,1.,0.));
#2034 = DIRECTION('',(1.,0.,0.));
#2035 = ADVANCED_FACE('',(#2036),#2047,.F.);
#2036 = FACE_BOUND('',#2037,.T.);
#2037 = EDGE_LOOP('',(#2038,#2039,#2045,#2046));
#2038 = ORIENTED_EDGE('',*,*,#152,.T.);
#2039 = ORIENTED_EDGE('',*,*,#2040,.T.);
#2040 = EDGE_CURVE('',#153,#1096,#2041,.T.);
#2041 = LINE('',#2042,#2043);
#2042 = CARTESIAN_POINT('',(5.08,3.58,-4.5E-02));
#2043 = VECTOR('',#2044,1.);
#2044 = DIRECTION('',(0.,0.,1.));
#2045 = ORIENTED_EDGE('',*,*,#1095,.F.);
#2046 = ORIENTED_EDGE('',*,*,#2040,.F.);
#2047 = CYLINDRICAL_SURFACE('',#2048,1.5);
#2048 = AXIS2_PLACEMENT_3D('',#2049,#2050,#2051);
#2049 = CARTESIAN_POINT('',(5.08,5.08,-4.5E-02));
#2050 = DIRECTION('',(-0.,-0.,-1.));
#2051 = DIRECTION('',(-0.,-1.,0.));
#2052 = ADVANCED_FACE('',(#2053),#2064,.F.);
#2053 = FACE_BOUND('',#2054,.T.);
#2054 = EDGE_LOOP('',(#2055,#2056,#2062,#2063));
#2055 = ORIENTED_EDGE('',*,*,#163,.T.);
#2056 = ORIENTED_EDGE('',*,*,#2057,.T.);
#2057 = EDGE_CURVE('',#164,#1107,#2058,.T.);
#2058 = LINE('',#2059,#2060);
#2059 = CARTESIAN_POINT('',(14.939,2.271,-4.5E-02));
#2060 = VECTOR('',#2061,1.);
#2061 = DIRECTION('',(0.,0.,1.));
#2062 = ORIENTED_EDGE('',*,*,#1106,.F.);
#2063 = ORIENTED_EDGE('',*,*,#2057,.F.);
#2064 = CYLINDRICAL_SURFACE('',#2065,0.65);
#2065 = AXIS2_PLACEMENT_3D('',#2066,#2067,#2068);
#2066 = CARTESIAN_POINT('',(14.939,2.921,-4.5E-02));
#2067 = DIRECTION('',(-0.,-0.,-1.));
#2068 = DIRECTION('',(-0.,-1.,0.));
#2069 = ADVANCED_FACE('',(#2070),#2081,.F.);
#2070 = FACE_BOUND('',#2071,.T.);
#2071 = EDGE_LOOP('',(#2072,#2073,#2079,#2080));
#2072 = ORIENTED_EDGE('',*,*,#174,.T.);
#2073 = ORIENTED_EDGE('',*,*,#2074,.T.);
#2074 = EDGE_CURVE('',#175,#1118,#2075,.T.);
#2075 = LINE('',#2076,#2077);
#2076 = CARTESIAN_POINT('',(19.939,2.271,-4.5E-02));
#2077 = VECTOR('',#2078,1.);
#2078 = DIRECTION('',(0.,0.,1.));
#2079 = ORIENTED_EDGE('',*,*,#1117,.F.);
#2080 = ORIENTED_EDGE('',*,*,#2074,.F.);
#2081 = CYLINDRICAL_SURFACE('',#2082,0.65);
#2082 = AXIS2_PLACEMENT_3D('',#2083,#2084,#2085);
#2083 = CARTESIAN_POINT('',(19.939,2.921,-4.5E-02));
#2084 = DIRECTION('',(-0.,-0.,-1.));
#2085 = DIRECTION('',(-0.,-1.,0.));
#2086 = ADVANCED_FACE('',(#2087),#2098,.F.);
#2087 = FACE_BOUND('',#2088,.T.);
#2088 = EDGE_LOOP('',(#2089,#2090,#2096,#2097));
#2089 = ORIENTED_EDGE('',*,*,#185,.T.);
#2090 = ORIENTED_EDGE('',*,*,#2091,.T.);
#2091 = EDGE_CURVE('',#186,#1129,#2092,.T.);
#2092 = LINE('',#2093,#2094);
#2093 = CARTESIAN_POINT('',(14.939,7.224,-4.5E-02));
#2094 = VECTOR('',#2095,1.);
#2095 = DIRECTION('',(0.,0.,1.));
#2096 = ORIENTED_EDGE('',*,*,#1128,.F.);
#2097 = ORIENTED_EDGE('',*,*,#2091,.F.);
#2098 = CYLINDRICAL_SURFACE('',#2099,0.65);
#2099 = AXIS2_PLACEMENT_3D('',#2100,#2101,#2102);
#2100 = CARTESIAN_POINT('',(14.939,7.874,-4.5E-02));
#2101 = DIRECTION('',(-0.,-0.,-1.));
#2102 = DIRECTION('',(-0.,-1.,0.));
#2103 = ADVANCED_FACE('',(#2104),#2115,.F.);
#2104 = FACE_BOUND('',#2105,.T.);
#2105 = EDGE_LOOP('',(#2106,#2107,#2113,#2114));
#2106 = ORIENTED_EDGE('',*,*,#196,.T.);
#2107 = ORIENTED_EDGE('',*,*,#2108,.T.);
#2108 = EDGE_CURVE('',#197,#1140,#2109,.T.);
#2109 = LINE('',#2110,#2111);
#2110 = CARTESIAN_POINT('',(19.939,7.224,-4.5E-02));
#2111 = VECTOR('',#2112,1.);
#2112 = DIRECTION('',(0.,0.,1.));
#2113 = ORIENTED_EDGE('',*,*,#1139,.F.);
#2114 = ORIENTED_EDGE('',*,*,#2108,.F.);
#2115 = CYLINDRICAL_SURFACE('',#2116,0.65);
#2116 = AXIS2_PLACEMENT_3D('',#2117,#2118,#2119);
#2117 = CARTESIAN_POINT('',(19.939,7.874,-4.5E-02));
#2118 = DIRECTION('',(-0.,-0.,-1.));
#2119 = DIRECTION('',(-0.,-1.,0.));
#2120 = ADVANCED_FACE('',(#2121),#2132,.F.);
#2121 = FACE_BOUND('',#2122,.T.);
#2122 = EDGE_LOOP('',(#2123,#2124,#2130,#2131));
#2123 = ORIENTED_EDGE('',*,*,#207,.T.);
#2124 = ORIENTED_EDGE('',*,*,#2125,.T.);
#2125 = EDGE_CURVE('',#208,#1151,#2126,.T.);
#2126 = LINE('',#2127,#2128);
#2127 = CARTESIAN_POINT('',(31.75,3.3655,-4.5E-02));
#2128 = VECTOR('',#2129,1.);
#2129 = DIRECTION('',(0.,0.,1.));
#2130 = ORIENTED_EDGE('',*,*,#1150,.F.);
#2131 = ORIENTED_EDGE('',*,*,#2125,.F.);
#2132 = CYLINDRICAL_SURFACE('',#2133,0.4445);
#2133 = AXIS2_PLACEMENT_3D('',#2134,#2135,#2136);
#2134 = CARTESIAN_POINT('',(31.75,3.81,-4.5E-02));
#2135 = DIRECTION('',(-0.,-0.,-1.));
#2136 = DIRECTION('',(-0.,-1.,0.));
#2137 = ADVANCED_FACE('',(#2138),#2149,.F.);
#2138 = FACE_BOUND('',#2139,.T.);
#2139 = EDGE_LOOP('',(#2140,#2141,#2147,#2148));
#2140 = ORIENTED_EDGE('',*,*,#218,.T.);
#2141 = ORIENTED_EDGE('',*,*,#2142,.T.);
#2142 = EDGE_CURVE('',#219,#1162,#2143,.T.);
#2143 = LINE('',#2144,#2145);
#2144 = CARTESIAN_POINT('',(34.29,3.3655,-4.5E-02));
#2145 = VECTOR('',#2146,1.);
#2146 = DIRECTION('',(0.,0.,1.));
#2147 = ORIENTED_EDGE('',*,*,#1161,.F.);
#2148 = ORIENTED_EDGE('',*,*,#2142,.F.);
#2149 = CYLINDRICAL_SURFACE('',#2150,0.4445);
#2150 = AXIS2_PLACEMENT_3D('',#2151,#2152,#2153);
#2151 = CARTESIAN_POINT('',(34.29,3.81,-4.5E-02));
#2152 = DIRECTION('',(-0.,-0.,-1.));
#2153 = DIRECTION('',(-0.,-1.,0.));
#2154 = ADVANCED_FACE('',(#2155),#2166,.F.);
#2155 = FACE_BOUND('',#2156,.T.);
#2156 = EDGE_LOOP('',(#2157,#2158,#2164,#2165));
#2157 = ORIENTED_EDGE('',*,*,#229,.T.);
#2158 = ORIENTED_EDGE('',*,*,#2159,.T.);
#2159 = EDGE_CURVE('',#230,#1173,#2160,.T.);
#2160 = LINE('',#2161,#2162);
#2161 = CARTESIAN_POINT('',(36.83,3.3655,-4.5E-02));
#2162 = VECTOR('',#2163,1.);
#2163 = DIRECTION('',(0.,0.,1.));
#2164 = ORIENTED_EDGE('',*,*,#1172,.F.);
#2165 = ORIENTED_EDGE('',*,*,#2159,.F.);
#2166 = CYLINDRICAL_SURFACE('',#2167,0.4445);
#2167 = AXIS2_PLACEMENT_3D('',#2168,#2169,#2170);
#2168 = CARTESIAN_POINT('',(36.83,3.81,-4.5E-02));
#2169 = DIRECTION('',(-0.,-0.,-1.));
#2170 = DIRECTION('',(-0.,-1.,0.));
#2171 = ADVANCED_FACE('',(#2172),#2183,.F.);
#2172 = FACE_BOUND('',#2173,.T.);
#2173 = EDGE_LOOP('',(#2174,#2175,#2181,#2182));
#2174 = ORIENTED_EDGE('',*,*,#240,.T.);
#2175 = ORIENTED_EDGE('',*,*,#2176,.T.);
#2176 = EDGE_CURVE('',#241,#1184,#2177,.T.);
#2177 = LINE('',#2178,#2179);
#2178 = CARTESIAN_POINT('',(39.37,3.3655,-4.5E-02));
#2179 = VECTOR('',#2180,1.);
#2180 = DIRECTION('',(0.,0.,1.));
#2181 = ORIENTED_EDGE('',*,*,#1183,.F.);
#2182 = ORIENTED_EDGE('',*,*,#2176,.F.);
#2183 = CYLINDRICAL_SURFACE('',#2184,0.4445);
#2184 = AXIS2_PLACEMENT_3D('',#2185,#2186,#2187);
#2185 = CARTESIAN_POINT('',(39.37,3.81,-4.5E-02));
#2186 = DIRECTION('',(-0.,-0.,-1.));
#2187 = DIRECTION('',(-1.598521340293E-14,-1.,0.));
#2188 = ADVANCED_FACE('',(#2189),#2200,.F.);
#2189 = FACE_BOUND('',#2190,.T.);
#2190 = EDGE_LOOP('',(#2191,#2192,#2198,#2199));
#2191 = ORIENTED_EDGE('',*,*,#251,.T.);
#2192 = ORIENTED_EDGE('',*,*,#2193,.T.);
#2193 = EDGE_CURVE('',#252,#1195,#2194,.T.);
#2194 = LINE('',#2195,#2196);
#2195 = CARTESIAN_POINT('',(31.75,5.9055,-4.5E-02));
#2196 = VECTOR('',#2197,1.);
#2197 = DIRECTION('',(0.,0.,1.));
#2198 = ORIENTED_EDGE('',*,*,#1194,.F.);
#2199 = ORIENTED_EDGE('',*,*,#2193,.F.);
#2200 = CYLINDRICAL_SURFACE('',#2201,0.4445);
#2201 = AXIS2_PLACEMENT_3D('',#2202,#2203,#2204);
#2202 = CARTESIAN_POINT('',(31.75,6.35,-4.5E-02));
#2203 = DIRECTION('',(-0.,-0.,-1.));
#2204 = DIRECTION('',(-0.,-1.,0.));
#2205 = ADVANCED_FACE('',(#2206),#2217,.F.);
#2206 = FACE_BOUND('',#2207,.T.);
#2207 = EDGE_LOOP('',(#2208,#2209,#2215,#2216));
#2208 = ORIENTED_EDGE('',*,*,#262,.T.);
#2209 = ORIENTED_EDGE('',*,*,#2210,.T.);
#2210 = EDGE_CURVE('',#263,#1206,#2211,.T.);
#2211 = LINE('',#2212,#2213);
#2212 = CARTESIAN_POINT('',(34.29,5.9055,-4.5E-02));
#2213 = VECTOR('',#2214,1.);
#2214 = DIRECTION('',(0.,0.,1.));
#2215 = ORIENTED_EDGE('',*,*,#1205,.F.);
#2216 = ORIENTED_EDGE('',*,*,#2210,.F.);
#2217 = CYLINDRICAL_SURFACE('',#2218,0.4445);
#2218 = AXIS2_PLACEMENT_3D('',#2219,#2220,#2221);
#2219 = CARTESIAN_POINT('',(34.29,6.35,-4.5E-02));
#2220 = DIRECTION('',(-0.,-0.,-1.));
#2221 = DIRECTION('',(-0.,-1.,0.));
#2222 = ADVANCED_FACE('',(#2223),#2234,.F.);
#2223 = FACE_BOUND('',#2224,.T.);
#2224 = EDGE_LOOP('',(#2225,#2226,#2232,#2233));
#2225 = ORIENTED_EDGE('',*,*,#273,.T.);
#2226 = ORIENTED_EDGE('',*,*,#2227,.T.);
#2227 = EDGE_CURVE('',#274,#1217,#2228,.T.);
#2228 = LINE('',#2229,#2230);
#2229 = CARTESIAN_POINT('',(36.83,5.9055,-4.5E-02));
#2230 = VECTOR('',#2231,1.);
#2231 = DIRECTION('',(0.,0.,1.));
#2232 = ORIENTED_EDGE('',*,*,#1216,.F.);
#2233 = ORIENTED_EDGE('',*,*,#2227,.F.);
#2234 = CYLINDRICAL_SURFACE('',#2235,0.4445);
#2235 = AXIS2_PLACEMENT_3D('',#2236,#2237,#2238);
#2236 = CARTESIAN_POINT('',(36.83,6.35,-4.5E-02));
#2237 = DIRECTION('',(-0.,-0.,-1.));
#2238 = DIRECTION('',(-0.,-1.,0.));
#2239 = ADVANCED_FACE('',(#2240),#2251,.F.);
#2240 = FACE_BOUND('',#2241,.T.);
#2241 = EDGE_LOOP('',(#2242,#2243,#2249,#2250));
#2242 = ORIENTED_EDGE('',*,*,#284,.T.);
#2243 = ORIENTED_EDGE('',*,*,#2244,.T.);
#2244 = EDGE_CURVE('',#285,#1228,#2245,.T.);
#2245 = LINE('',#2246,#2247);
#2246 = CARTESIAN_POINT('',(39.37,5.9055,-4.5E-02));
#2247 = VECTOR('',#2248,1.);
#2248 = DIRECTION('',(0.,0.,1.));
#2249 = ORIENTED_EDGE('',*,*,#1227,.F.);
#2250 = ORIENTED_EDGE('',*,*,#2244,.F.);
#2251 = CYLINDRICAL_SURFACE('',#2252,0.4445);
#2252 = AXIS2_PLACEMENT_3D('',#2253,#2254,#2255);
#2253 = CARTESIAN_POINT('',(39.37,6.35,-4.5E-02));
#2254 = DIRECTION('',(-0.,-0.,-1.));
#2255 = DIRECTION('',(-1.598521340293E-14,-1.,0.));
#2256 = ADVANCED_FACE('',(#2257),#2268,.F.);
#2257 = FACE_BOUND('',#2258,.T.);
#2258 = EDGE_LOOP('',(#2259,#2260,#2266,#2267));
#2259 = ORIENTED_EDGE('',*,*,#295,.T.);
#2260 = ORIENTED_EDGE('',*,*,#2261,.T.);
#2261 = EDGE_CURVE('',#296,#1239,#2262,.T.);
#2262 = LINE('',#2263,#2264);
#2263 = CARTESIAN_POINT('',(4.3265,20.411,-4.5E-02));
#2264 = VECTOR('',#2265,1.);
#2265 = DIRECTION('',(0.,0.,1.));
#2266 = ORIENTED_EDGE('',*,*,#1238,.F.);
#2267 = ORIENTED_EDGE('',*,*,#2261,.F.);
#2268 = CYLINDRICAL_SURFACE('',#2269,0.8);
#2269 = AXIS2_PLACEMENT_3D('',#2270,#2271,#2272);
#2270 = CARTESIAN_POINT('',(4.3265,21.211,-4.5E-02));
#2271 = DIRECTION('',(-0.,-0.,-1.));
#2272 = DIRECTION('',(-0.,-1.,0.));
#2273 = ADVANCED_FACE('',(#2274),#2290,.F.);
#2274 = FACE_BOUND('',#2275,.T.);
#2275 = EDGE_LOOP('',(#2276,#2277,#2283,#2284));
#2276 = ORIENTED_EDGE('',*,*,#306,.T.);
#2277 = ORIENTED_EDGE('',*,*,#2278,.T.);
#2278 = EDGE_CURVE('',#309,#1252,#2279,.T.);
#2279 = LINE('',#2280,#2281);
#2280 = CARTESIAN_POINT('',(50.546,3.095,-4.5E-02));
#2281 = VECTOR('',#2282,1.);
#2282 = DIRECTION('',(0.,0.,1.));
#2283 = ORIENTED_EDGE('',*,*,#1249,.F.);
#2284 = ORIENTED_EDGE('',*,*,#2285,.T.);
#2285 = EDGE_CURVE('',#1250,#307,#2286,.T.);
#2286 = LINE('',#2287,#2288);
#2287 = CARTESIAN_POINT('',(51.8795,4.23457721131,-4.5E-02));
#2288 = VECTOR('',#2289,1.);
#2289 = DIRECTION('',(-0.,-0.,-1.));
#2290 = CYLINDRICAL_SURFACE('',#2291,1.35);
#2291 = AXIS2_PLACEMENT_3D('',#2292,#2293,#2294);
#2292 = CARTESIAN_POINT('',(50.546,4.445,-4.5E-02));
#2293 = DIRECTION('',(-0.,-0.,-1.));
#2294 = DIRECTION('',(-0.,-1.,0.));
#2295 = ADVANCED_FACE('',(#2296),#2307,.F.);
#2296 = FACE_BOUND('',#2297,.T.);
#2297 = EDGE_LOOP('',(#2298,#2304,#2305,#2306));
#2298 = ORIENTED_EDGE('',*,*,#2299,.F.);
#2299 = EDGE_CURVE('',#489,#1432,#2300,.T.);
#2300 = LINE('',#2301,#2302);
#2301 = CARTESIAN_POINT('',(53.213,3.095,-4.5E-02));
#2302 = VECTOR('',#2303,1.);
#2303 = DIRECTION('',(0.,0.,1.));
#2304 = ORIENTED_EDGE('',*,*,#497,.T.);
#2305 = ORIENTED_EDGE('',*,*,#2285,.F.);
#2306 = ORIENTED_EDGE('',*,*,#1440,.F.);
#2307 = CYLINDRICAL_SURFACE('',#2308,1.35);
#2308 = AXIS2_PLACEMENT_3D('',#2309,#2310,#2311);
#2309 = CARTESIAN_POINT('',(53.213,4.445,-4.5E-02));
#2310 = DIRECTION('',(-0.,-0.,-1.));
#2311 = DIRECTION('',(-0.,-1.,0.));
#2312 = ADVANCED_FACE('',(#2313),#2324,.F.);
#2313 = FACE_BOUND('',#2314,.T.);
#2314 = EDGE_LOOP('',(#2315,#2316,#2317,#2318));
#2315 = ORIENTED_EDGE('',*,*,#488,.T.);
#2316 = ORIENTED_EDGE('',*,*,#2299,.T.);
#2317 = ORIENTED_EDGE('',*,*,#1431,.F.);
#2318 = ORIENTED_EDGE('',*,*,#2319,.T.);
#2319 = EDGE_CURVE('',#1423,#480,#2320,.T.);
#2320 = LINE('',#2321,#2322);
#2321 = CARTESIAN_POINT('',(54.5465,4.23457721131,-4.5E-02));
#2322 = VECTOR('',#2323,1.);
#2323 = DIRECTION('',(-0.,0.,-1.));
#2324 = CYLINDRICAL_SURFACE('',#2325,1.35);
#2325 = AXIS2_PLACEMENT_3D('',#2326,#2327,#2328);
#2326 = CARTESIAN_POINT('',(53.213,4.445,-4.5E-02));
#2327 = DIRECTION('',(-0.,-0.,-1.));
#2328 = DIRECTION('',(-0.,-1.,0.));
#2329 = ADVANCED_FACE('',(#2330),#2341,.F.);
#2330 = FACE_BOUND('',#2331,.T.);
#2331 = EDGE_LOOP('',(#2332,#2338,#2339,#2340));
#2332 = ORIENTED_EDGE('',*,*,#2333,.F.);
#2333 = EDGE_CURVE('',#471,#1414,#2334,.T.);
#2334 = LINE('',#2335,#2336);
#2335 = CARTESIAN_POINT('',(55.88,3.095,-4.5E-02));
#2336 = VECTOR('',#2337,1.);
#2337 = DIRECTION('',(0.,0.,1.));
#2338 = ORIENTED_EDGE('',*,*,#479,.T.);
#2339 = ORIENTED_EDGE('',*,*,#2319,.F.);
#2340 = ORIENTED_EDGE('',*,*,#1422,.F.);
#2341 = CYLINDRICAL_SURFACE('',#2342,1.35);
#2342 = AXIS2_PLACEMENT_3D('',#2343,#2344,#2345);
#2343 = CARTESIAN_POINT('',(55.88,4.445,-4.5E-02));
#2344 = DIRECTION('',(-0.,0.,-1.));
#2345 = DIRECTION('',(5.263279524149E-15,-1.,-0.));
#2346 = ADVANCED_FACE('',(#2347),#2358,.F.);
#2347 = FACE_BOUND('',#2348,.T.);
#2348 = EDGE_LOOP('',(#2349,#2350,#2351,#2352));
#2349 = ORIENTED_EDGE('',*,*,#470,.T.);
#2350 = ORIENTED_EDGE('',*,*,#2333,.T.);
#2351 = ORIENTED_EDGE('',*,*,#1413,.F.);
#2352 = ORIENTED_EDGE('',*,*,#2353,.T.);
#2353 = EDGE_CURVE('',#1405,#462,#2354,.T.);
#2354 = LINE('',#2355,#2356);
#2355 = CARTESIAN_POINT('',(57.2135,4.23457721131,-4.5E-02));
#2356 = VECTOR('',#2357,1.);
#2357 = DIRECTION('',(-0.,-0.,-1.));
#2358 = CYLINDRICAL_SURFACE('',#2359,1.35);
#2359 = AXIS2_PLACEMENT_3D('',#2360,#2361,#2362);
#2360 = CARTESIAN_POINT('',(55.88,4.445,-4.5E-02));
#2361 = DIRECTION('',(-0.,0.,-1.));
#2362 = DIRECTION('',(5.263279524149E-15,-1.,-0.));
#2363 = ADVANCED_FACE('',(#2364),#2375,.F.);
#2364 = FACE_BOUND('',#2365,.T.);
#2365 = EDGE_LOOP('',(#2366,#2372,#2373,#2374));
#2366 = ORIENTED_EDGE('',*,*,#2367,.F.);
#2367 = EDGE_CURVE('',#453,#1396,#2368,.T.);
#2368 = LINE('',#2369,#2370);
#2369 = CARTESIAN_POINT('',(58.547,3.095,-4.5E-02));
#2370 = VECTOR('',#2371,1.);
#2371 = DIRECTION('',(0.,0.,1.));
#2372 = ORIENTED_EDGE('',*,*,#461,.T.);
#2373 = ORIENTED_EDGE('',*,*,#2353,.F.);
#2374 = ORIENTED_EDGE('',*,*,#1404,.F.);
#2375 = CYLINDRICAL_SURFACE('',#2376,1.35);
#2376 = AXIS2_PLACEMENT_3D('',#2377,#2378,#2379);
#2377 = CARTESIAN_POINT('',(58.547,4.445,-4.5E-02));
#2378 = DIRECTION('',(-0.,-0.,-1.));
#2379 = DIRECTION('',(-0.,-1.,0.));
#2380 = ADVANCED_FACE('',(#2381),#2392,.F.);
#2381 = FACE_BOUND('',#2382,.T.);
#2382 = EDGE_LOOP('',(#2383,#2384,#2385,#2386));
#2383 = ORIENTED_EDGE('',*,*,#452,.T.);
#2384 = ORIENTED_EDGE('',*,*,#2367,.T.);
#2385 = ORIENTED_EDGE('',*,*,#1395,.F.);
#2386 = ORIENTED_EDGE('',*,*,#2387,.T.);
#2387 = EDGE_CURVE('',#1387,#444,#2388,.T.);
#2388 = LINE('',#2389,#2390);
#2389 = CARTESIAN_POINT('',(59.8805,4.23457721131,-4.5E-02));
#2390 = VECTOR('',#2391,1.);
#2391 = DIRECTION('',(-0.,-0.,-1.));
#2392 = CYLINDRICAL_SURFACE('',#2393,1.35);
#2393 = AXIS2_PLACEMENT_3D('',#2394,#2395,#2396);
#2394 = CARTESIAN_POINT('',(58.547,4.445,-4.5E-02));
#2395 = DIRECTION('',(-0.,-0.,-1.));
#2396 = DIRECTION('',(-0.,-1.,0.));
#2397 = ADVANCED_FACE('',(#2398),#2409,.F.);
#2398 = FACE_BOUND('',#2399,.T.);
#2399 = EDGE_LOOP('',(#2400,#2406,#2407,#2408));
#2400 = ORIENTED_EDGE('',*,*,#2401,.F.);
#2401 = EDGE_CURVE('',#435,#1378,#2402,.T.);
#2402 = LINE('',#2403,#2404);
#2403 = CARTESIAN_POINT('',(61.214,3.095,-4.5E-02));
#2404 = VECTOR('',#2405,1.);
#2405 = DIRECTION('',(0.,0.,1.));
#2406 = ORIENTED_EDGE('',*,*,#443,.T.);
#2407 = ORIENTED_EDGE('',*,*,#2387,.F.);
#2408 = ORIENTED_EDGE('',*,*,#1386,.F.);
#2409 = CYLINDRICAL_SURFACE('',#2410,1.35);
#2410 = AXIS2_PLACEMENT_3D('',#2411,#2412,#2413);
#2411 = CARTESIAN_POINT('',(61.214,4.445,-4.5E-02));
#2412 = DIRECTION('',(-0.,-0.,-1.));
#2413 = DIRECTION('',(-0.,-1.,0.));
#2414 = ADVANCED_FACE('',(#2415),#2426,.F.);
#2415 = FACE_BOUND('',#2416,.T.);
#2416 = EDGE_LOOP('',(#2417,#2418,#2419,#2420));
#2417 = ORIENTED_EDGE('',*,*,#434,.T.);
#2418 = ORIENTED_EDGE('',*,*,#2401,.T.);
#2419 = ORIENTED_EDGE('',*,*,#1377,.F.);
#2420 = ORIENTED_EDGE('',*,*,#2421,.T.);
#2421 = EDGE_CURVE('',#1369,#426,#2422,.T.);
#2422 = LINE('',#2423,#2424);
#2423 = CARTESIAN_POINT('',(59.8805,4.65542278869,-4.5E-02));
#2424 = VECTOR('',#2425,1.);
#2425 = DIRECTION('',(-0.,-0.,-1.));
#2426 = CYLINDRICAL_SURFACE('',#2427,1.35);
#2427 = AXIS2_PLACEMENT_3D('',#2428,#2429,#2430);
#2428 = CARTESIAN_POINT('',(61.214,4.445,-4.5E-02));
#2429 = DIRECTION('',(-0.,-0.,-1.));
#2430 = DIRECTION('',(-0.,-1.,0.));
#2431 = ADVANCED_FACE('',(#2432),#2443,.F.);
#2432 = FACE_BOUND('',#2433,.T.);
#2433 = EDGE_LOOP('',(#2434,#2440,#2441,#2442));
#2434 = ORIENTED_EDGE('',*,*,#2435,.T.);
#2435 = EDGE_CURVE('',#1360,#417,#2436,.T.);
#2436 = LINE('',#2437,#2438);
#2437 = CARTESIAN_POINT('',(57.2135,4.65542278869,-4.5E-02));
#2438 = VECTOR('',#2439,1.);
#2439 = DIRECTION('',(-0.,-0.,-1.));
#2440 = ORIENTED_EDGE('',*,*,#425,.T.);
#2441 = ORIENTED_EDGE('',*,*,#2421,.F.);
#2442 = ORIENTED_EDGE('',*,*,#1368,.F.);
#2443 = CYLINDRICAL_SURFACE('',#2444,1.35);
#2444 = AXIS2_PLACEMENT_3D('',#2445,#2446,#2447);
#2445 = CARTESIAN_POINT('',(58.547,4.445,-4.5E-02));
#2446 = DIRECTION('',(-0.,-0.,-1.));
#2447 = DIRECTION('',(-0.,-1.,0.));
#2448 = ADVANCED_FACE('',(#2449),#2460,.F.);
#2449 = FACE_BOUND('',#2450,.T.);
#2450 = EDGE_LOOP('',(#2451,#2457,#2458,#2459));
#2451 = ORIENTED_EDGE('',*,*,#2452,.T.);
#2452 = EDGE_CURVE('',#1351,#408,#2453,.T.);
#2453 = LINE('',#2454,#2455);
#2454 = CARTESIAN_POINT('',(54.5465,4.65542278869,-4.5E-02));
#2455 = VECTOR('',#2456,1.);
#2456 = DIRECTION('',(-0.,0.,-1.));
#2457 = ORIENTED_EDGE('',*,*,#416,.T.);
#2458 = ORIENTED_EDGE('',*,*,#2435,.F.);
#2459 = ORIENTED_EDGE('',*,*,#1359,.F.);
#2460 = CYLINDRICAL_SURFACE('',#2461,1.35);
#2461 = AXIS2_PLACEMENT_3D('',#2462,#2463,#2464);
#2462 = CARTESIAN_POINT('',(55.88,4.445,-4.5E-02));
#2463 = DIRECTION('',(-0.,0.,-1.));
#2464 = DIRECTION('',(5.263279524149E-15,-1.,-0.));
#2465 = ADVANCED_FACE('',(#2466),#2477,.F.);
#2466 = FACE_BOUND('',#2467,.T.);
#2467 = EDGE_LOOP('',(#2468,#2474,#2475,#2476));
#2468 = ORIENTED_EDGE('',*,*,#2469,.T.);
#2469 = EDGE_CURVE('',#1342,#399,#2470,.T.);
#2470 = LINE('',#2471,#2472);
#2471 = CARTESIAN_POINT('',(51.8795,4.65542278869,-4.5E-02));
#2472 = VECTOR('',#2473,1.);
#2473 = DIRECTION('',(-0.,-0.,-1.));
#2474 = ORIENTED_EDGE('',*,*,#407,.T.);
#2475 = ORIENTED_EDGE('',*,*,#2452,.F.);
#2476 = ORIENTED_EDGE('',*,*,#1350,.F.);
#2477 = CYLINDRICAL_SURFACE('',#2478,1.35);
#2478 = AXIS2_PLACEMENT_3D('',#2479,#2480,#2481);
#2479 = CARTESIAN_POINT('',(53.213,4.445,-4.5E-02));
#2480 = DIRECTION('',(-0.,-0.,-1.));
#2481 = DIRECTION('',(-0.,-1.,0.));
#2482 = ADVANCED_FACE('',(#2483),#2494,.F.);
#2483 = FACE_BOUND('',#2484,.T.);
#2484 = EDGE_LOOP('',(#2485,#2491,#2492,#2493));
#2485 = ORIENTED_EDGE('',*,*,#2486,.T.);
#2486 = EDGE_CURVE('',#1333,#390,#2487,.T.);
#2487 = LINE('',#2488,#2489);
#2488 = CARTESIAN_POINT('',(49.2125,4.65542278869,-4.5E-02));
#2489 = VECTOR('',#2490,1.);
#2490 = DIRECTION('',(-0.,-0.,-1.));
#2491 = ORIENTED_EDGE('',*,*,#398,.T.);
#2492 = ORIENTED_EDGE('',*,*,#2469,.F.);
#2493 = ORIENTED_EDGE('',*,*,#1341,.F.);
#2494 = CYLINDRICAL_SURFACE('',#2495,1.35);
#2495 = AXIS2_PLACEMENT_3D('',#2496,#2497,#2498);
#2496 = CARTESIAN_POINT('',(50.546,4.445,-4.5E-02));
#2497 = DIRECTION('',(-0.,-0.,-1.));
#2498 = DIRECTION('',(-0.,-1.,0.));
#2499 = ADVANCED_FACE('',(#2500),#2511,.F.);
#2500 = FACE_BOUND('',#2501,.T.);
#2501 = EDGE_LOOP('',(#2502,#2508,#2509,#2510));
#2502 = ORIENTED_EDGE('',*,*,#2503,.T.);
#2503 = EDGE_CURVE('',#1324,#381,#2504,.T.);
#2504 = LINE('',#2505,#2506);
#2505 = CARTESIAN_POINT('',(46.5455,4.65542278869,-4.5E-02));
#2506 = VECTOR('',#2507,1.);
#2507 = DIRECTION('',(-0.,-0.,-1.));
#2508 = ORIENTED_EDGE('',*,*,#389,.T.);
#2509 = ORIENTED_EDGE('',*,*,#2486,.F.);
#2510 = ORIENTED_EDGE('',*,*,#1332,.F.);
#2511 = CYLINDRICAL_SURFACE('',#2512,1.35);
#2512 = AXIS2_PLACEMENT_3D('',#2513,#2514,#2515);
#2513 = CARTESIAN_POINT('',(47.879,4.445,-4.5E-02));
#2514 = DIRECTION('',(-0.,-0.,-1.));
#2515 = DIRECTION('',(-5.263279524149E-15,-1.,0.));
#2516 = ADVANCED_FACE('',(#2517),#2528,.F.);
#2517 = FACE_BOUND('',#2518,.T.);
#2518 = EDGE_LOOP('',(#2519,#2525,#2526,#2527));
#2519 = ORIENTED_EDGE('',*,*,#2520,.T.);
#2520 = EDGE_CURVE('',#1315,#372,#2521,.T.);
#2521 = LINE('',#2522,#2523);
#2522 = CARTESIAN_POINT('',(43.8785,4.65542278869,-4.5E-02));
#2523 = VECTOR('',#2524,1.);
#2524 = DIRECTION('',(-0.,-0.,-1.));
#2525 = ORIENTED_EDGE('',*,*,#380,.T.);
#2526 = ORIENTED_EDGE('',*,*,#2503,.F.);
#2527 = ORIENTED_EDGE('',*,*,#1323,.F.);
#2528 = CYLINDRICAL_SURFACE('',#2529,1.35);
#2529 = AXIS2_PLACEMENT_3D('',#2530,#2531,#2532);
#2530 = CARTESIAN_POINT('',(45.212,4.445,-4.5E-02));
#2531 = DIRECTION('',(-0.,-0.,-1.));
#2532 = DIRECTION('',(-0.,-1.,0.));
#2533 = ADVANCED_FACE('',(#2534),#2545,.F.);
#2534 = FACE_BOUND('',#2535,.T.);
#2535 = EDGE_LOOP('',(#2536,#2542,#2543,#2544));
#2536 = ORIENTED_EDGE('',*,*,#2537,.F.);
#2537 = EDGE_CURVE('',#363,#1306,#2538,.T.);
#2538 = LINE('',#2539,#2540);
#2539 = CARTESIAN_POINT('',(42.545,3.095,-4.5E-02));
#2540 = VECTOR('',#2541,1.);
#2541 = DIRECTION('',(0.,0.,1.));
#2542 = ORIENTED_EDGE('',*,*,#371,.T.);
#2543 = ORIENTED_EDGE('',*,*,#2520,.F.);
#2544 = ORIENTED_EDGE('',*,*,#1314,.F.);
#2545 = CYLINDRICAL_SURFACE('',#2546,1.35);
#2546 = AXIS2_PLACEMENT_3D('',#2547,#2548,#2549);
#2547 = CARTESIAN_POINT('',(42.545,4.445,-4.5E-02));
#2548 = DIRECTION('',(-0.,-0.,-1.));
#2549 = DIRECTION('',(-0.,-1.,0.));
#2550 = ADVANCED_FACE('',(#2551),#2562,.F.);
#2551 = FACE_BOUND('',#2552,.T.);
#2552 = EDGE_LOOP('',(#2553,#2554,#2555,#2556));
#2553 = ORIENTED_EDGE('',*,*,#362,.T.);
#2554 = ORIENTED_EDGE('',*,*,#2537,.T.);
#2555 = ORIENTED_EDGE('',*,*,#1305,.F.);
#2556 = ORIENTED_EDGE('',*,*,#2557,.T.);
#2557 = EDGE_CURVE('',#1297,#354,#2558,.T.);
#2558 = LINE('',#2559,#2560);
#2559 = CARTESIAN_POINT('',(43.8785,4.23457721131,-4.5E-02));
#2560 = VECTOR('',#2561,1.);
#2561 = DIRECTION('',(-0.,-0.,-1.));
#2562 = CYLINDRICAL_SURFACE('',#2563,1.35);
#2563 = AXIS2_PLACEMENT_3D('',#2564,#2565,#2566);
#2564 = CARTESIAN_POINT('',(42.545,4.445,-4.5E-02));
#2565 = DIRECTION('',(-0.,-0.,-1.));
#2566 = DIRECTION('',(-0.,-1.,0.));
#2567 = ADVANCED_FACE('',(#2568),#2579,.F.);
#2568 = FACE_BOUND('',#2569,.T.);
#2569 = EDGE_LOOP('',(#2570,#2576,#2577,#2578));
#2570 = ORIENTED_EDGE('',*,*,#2571,.F.);
#2571 = EDGE_CURVE('',#345,#1288,#2572,.T.);
#2572 = LINE('',#2573,#2574);
#2573 = CARTESIAN_POINT('',(45.212,3.095,-4.5E-02));
#2574 = VECTOR('',#2575,1.);
#2575 = DIRECTION('',(0.,0.,1.));
#2576 = ORIENTED_EDGE('',*,*,#353,.T.);
#2577 = ORIENTED_EDGE('',*,*,#2557,.F.);
#2578 = ORIENTED_EDGE('',*,*,#1296,.F.);
#2579 = CYLINDRICAL_SURFACE('',#2580,1.35);
#2580 = AXIS2_PLACEMENT_3D('',#2581,#2582,#2583);
#2581 = CARTESIAN_POINT('',(45.212,4.445,-4.5E-02));
#2582 = DIRECTION('',(-0.,-0.,-1.));
#2583 = DIRECTION('',(-0.,-1.,0.));
#2584 = ADVANCED_FACE('',(#2585),#2596,.F.);
#2585 = FACE_BOUND('',#2586,.T.);
#2586 = EDGE_LOOP('',(#2587,#2588,#2589,#2590));
#2587 = ORIENTED_EDGE('',*,*,#344,.T.);
#2588 = ORIENTED_EDGE('',*,*,#2571,.T.);
#2589 = ORIENTED_EDGE('',*,*,#1287,.F.);
#2590 = ORIENTED_EDGE('',*,*,#2591,.T.);
#2591 = EDGE_CURVE('',#1279,#336,#2592,.T.);
#2592 = LINE('',#2593,#2594);
#2593 = CARTESIAN_POINT('',(46.5455,4.23457721131,-4.5E-02));
#2594 = VECTOR('',#2595,1.);
#2595 = DIRECTION('',(-0.,-0.,-1.));
#2596 = CYLINDRICAL_SURFACE('',#2597,1.35);
#2597 = AXIS2_PLACEMENT_3D('',#2598,#2599,#2600);
#2598 = CARTESIAN_POINT('',(45.212,4.445,-4.5E-02));
#2599 = DIRECTION('',(-0.,-0.,-1.));
#2600 = DIRECTION('',(-0.,-1.,0.));
#2601 = ADVANCED_FACE('',(#2602),#2613,.F.);
#2602 = FACE_BOUND('',#2603,.T.);
#2603 = EDGE_LOOP('',(#2604,#2610,#2611,#2612));
#2604 = ORIENTED_EDGE('',*,*,#2605,.F.);
#2605 = EDGE_CURVE('',#327,#1270,#2606,.T.);
#2606 = LINE('',#2607,#2608);
#2607 = CARTESIAN_POINT('',(47.879,3.095,-4.5E-02));
#2608 = VECTOR('',#2609,1.);
#2609 = DIRECTION('',(0.,0.,1.));
#2610 = ORIENTED_EDGE('',*,*,#335,.T.);
#2611 = ORIENTED_EDGE('',*,*,#2591,.F.);
#2612 = ORIENTED_EDGE('',*,*,#1278,.F.);
#2613 = CYLINDRICAL_SURFACE('',#2614,1.35);
#2614 = AXIS2_PLACEMENT_3D('',#2615,#2616,#2617);
#2615 = CARTESIAN_POINT('',(47.879,4.445,-4.5E-02));
#2616 = DIRECTION('',(-0.,-0.,-1.));
#2617 = DIRECTION('',(-5.263279524149E-15,-1.,0.));
#2618 = ADVANCED_FACE('',(#2619),#2630,.F.);
#2619 = FACE_BOUND('',#2620,.T.);
#2620 = EDGE_LOOP('',(#2621,#2622,#2623,#2624));
#2621 = ORIENTED_EDGE('',*,*,#326,.T.);
#2622 = ORIENTED_EDGE('',*,*,#2605,.T.);
#2623 = ORIENTED_EDGE('',*,*,#1269,.F.);
#2624 = ORIENTED_EDGE('',*,*,#2625,.T.);
#2625 = EDGE_CURVE('',#1261,#318,#2626,.T.);
#2626 = LINE('',#2627,#2628);
#2627 = CARTESIAN_POINT('',(49.2125,4.23457721131,-4.5E-02));
#2628 = VECTOR('',#2629,1.);
#2629 = DIRECTION('',(-0.,-0.,-1.));
#2630 = CYLINDRICAL_SURFACE('',#2631,1.35);
#2631 = AXIS2_PLACEMENT_3D('',#2632,#2633,#2634);
#2632 = CARTESIAN_POINT('',(47.879,4.445,-4.5E-02));
#2633 = DIRECTION('',(-0.,-0.,-1.));
#2634 = DIRECTION('',(-5.263279524149E-15,-1.,0.));
#2635 = ADVANCED_FACE('',(#2636),#2642,.F.);
#2636 = FACE_BOUND('',#2637,.T.);
#2637 = EDGE_LOOP('',(#2638,#2639,#2640,#2641));
#2638 = ORIENTED_EDGE('',*,*,#2278,.F.);
#2639 = ORIENTED_EDGE('',*,*,#317,.T.);
#2640 = ORIENTED_EDGE('',*,*,#2625,.F.);
#2641 = ORIENTED_EDGE('',*,*,#1260,.F.);
#2642 = CYLINDRICAL_SURFACE('',#2643,1.35);
#2643 = AXIS2_PLACEMENT_3D('',#2644,#2645,#2646);
#2644 = CARTESIAN_POINT('',(50.546,4.445,-4.5E-02));
#2645 = DIRECTION('',(-0.,-0.,-1.));
#2646 = DIRECTION('',(-0.,-1.,0.));
#2647 = ADVANCED_FACE('',(#2648),#2659,.F.);
#2648 = FACE_BOUND('',#2649,.T.);
#2649 = EDGE_LOOP('',(#2650,#2651,#2657,#2658));
#2650 = ORIENTED_EDGE('',*,*,#506,.T.);
#2651 = ORIENTED_EDGE('',*,*,#2652,.T.);
#2652 = EDGE_CURVE('',#507,#1450,#2653,.T.);
#2653 = LINE('',#2654,#2655);
#2654 = CARTESIAN_POINT('',(64.033,2.838,-4.5E-02));
#2655 = VECTOR('',#2656,1.);
#2656 = DIRECTION('',(0.,0.,1.));
#2657 = ORIENTED_EDGE('',*,*,#1449,.F.);
#2658 = ORIENTED_EDGE('',*,*,#2652,.F.);
#2659 = CYLINDRICAL_SURFACE('',#2660,0.5);
#2660 = AXIS2_PLACEMENT_3D('',#2661,#2662,#2663);
#2661 = CARTESIAN_POINT('',(64.033,3.338,-4.5E-02));
#2662 = DIRECTION('',(-0.,-0.,-1.));
#2663 = DIRECTION('',(-0.,-1.,0.));
#2664 = ADVANCED_FACE('',(#2665),#2676,.F.);
#2665 = FACE_BOUND('',#2666,.T.);
#2666 = EDGE_LOOP('',(#2667,#2668,#2674,#2675));
#2667 = ORIENTED_EDGE('',*,*,#517,.T.);
#2668 = ORIENTED_EDGE('',*,*,#2669,.T.);
#2669 = EDGE_CURVE('',#518,#1461,#2670,.T.);
#2670 = LINE('',#2671,#2672);
#2671 = CARTESIAN_POINT('',(64.033,7.338,-4.5E-02));
#2672 = VECTOR('',#2673,1.);
#2673 = DIRECTION('',(0.,0.,1.));
#2674 = ORIENTED_EDGE('',*,*,#1460,.F.);
#2675 = ORIENTED_EDGE('',*,*,#2669,.F.);
#2676 = CYLINDRICAL_SURFACE('',#2677,0.5);
#2677 = AXIS2_PLACEMENT_3D('',#2678,#2679,#2680);
#2678 = CARTESIAN_POINT('',(64.033,7.838,-4.5E-02));
#2679 = DIRECTION('',(-0.,-0.,-1.));
#2680 = DIRECTION('',(-0.,-1.,0.));
#2681 = ADVANCED_FACE('',(#2682),#2693,.F.);
#2682 = FACE_BOUND('',#2683,.T.);
#2683 = EDGE_LOOP('',(#2684,#2685,#2691,#2692));
#2684 = ORIENTED_EDGE('',*,*,#528,.T.);
#2685 = ORIENTED_EDGE('',*,*,#2686,.T.);
#2686 = EDGE_CURVE('',#529,#1472,#2687,.T.);
#2687 = LINE('',#2688,#2689);
#2688 = CARTESIAN_POINT('',(70.333,2.838,-4.5E-02));
#2689 = VECTOR('',#2690,1.);
#2690 = DIRECTION('',(0.,0.,1.));
#2691 = ORIENTED_EDGE('',*,*,#1471,.F.);
#2692 = ORIENTED_EDGE('',*,*,#2686,.F.);
#2693 = CYLINDRICAL_SURFACE('',#2694,0.5);
#2694 = AXIS2_PLACEMENT_3D('',#2695,#2696,#2697);
#2695 = CARTESIAN_POINT('',(70.333,3.338,-4.5E-02));
#2696 = DIRECTION('',(-0.,-0.,-1.));
#2697 = DIRECTION('',(-0.,-1.,0.));
#2698 = ADVANCED_FACE('',(#2699),#2710,.F.);
#2699 = FACE_BOUND('',#2700,.T.);
#2700 = EDGE_LOOP('',(#2701,#2702,#2708,#2709));
#2701 = ORIENTED_EDGE('',*,*,#539,.T.);
#2702 = ORIENTED_EDGE('',*,*,#2703,.T.);
#2703 = EDGE_CURVE('',#540,#1483,#2704,.T.);
#2704 = LINE('',#2705,#2706);
#2705 = CARTESIAN_POINT('',(76.2,3.58,-4.5E-02));
#2706 = VECTOR('',#2707,1.);
#2707 = DIRECTION('',(0.,0.,1.));
#2708 = ORIENTED_EDGE('',*,*,#1482,.F.);
#2709 = ORIENTED_EDGE('',*,*,#2703,.F.);
#2710 = CYLINDRICAL_SURFACE('',#2711,1.5);
#2711 = AXIS2_PLACEMENT_3D('',#2712,#2713,#2714);
#2712 = CARTESIAN_POINT('',(76.2,5.08,-4.5E-02));
#2713 = DIRECTION('',(-0.,-0.,-1.));
#2714 = DIRECTION('',(-0.,-1.,0.));
#2715 = ADVANCED_FACE('',(#2716),#2727,.F.);
#2716 = FACE_BOUND('',#2717,.T.);
#2717 = EDGE_LOOP('',(#2718,#2719,#2725,#2726));
#2718 = ORIENTED_EDGE('',*,*,#550,.T.);
#2719 = ORIENTED_EDGE('',*,*,#2720,.T.);
#2720 = EDGE_CURVE('',#551,#1494,#2721,.T.);
#2721 = LINE('',#2722,#2723);
#2722 = CARTESIAN_POINT('',(70.333,7.338,-4.5E-02));
#2723 = VECTOR('',#2724,1.);
#2724 = DIRECTION('',(0.,0.,1.));
#2725 = ORIENTED_EDGE('',*,*,#1493,.F.);
#2726 = ORIENTED_EDGE('',*,*,#2720,.F.);
#2727 = CYLINDRICAL_SURFACE('',#2728,0.5);
#2728 = AXIS2_PLACEMENT_3D('',#2729,#2730,#2731);
#2729 = CARTESIAN_POINT('',(70.333,7.838,-4.5E-02));
#2730 = DIRECTION('',(-0.,-0.,-1.));
#2731 = DIRECTION('',(-0.,-1.,0.));
#2732 = ADVANCED_FACE('',(#2733),#2744,.F.);
#2733 = FACE_BOUND('',#2734,.T.);
#2734 = EDGE_LOOP('',(#2735,#2736,#2742,#2743));
#2735 = ORIENTED_EDGE('',*,*,#561,.T.);
#2736 = ORIENTED_EDGE('',*,*,#2737,.T.);
#2737 = EDGE_CURVE('',#562,#1505,#2738,.T.);
#2738 = LINE('',#2739,#2740);
#2739 = CARTESIAN_POINT('',(76.8265,20.411,-4.5E-02));
#2740 = VECTOR('',#2741,1.);
#2741 = DIRECTION('',(0.,0.,1.));
#2742 = ORIENTED_EDGE('',*,*,#1504,.F.);
#2743 = ORIENTED_EDGE('',*,*,#2737,.F.);
#2744 = CYLINDRICAL_SURFACE('',#2745,0.8);
#2745 = AXIS2_PLACEMENT_3D('',#2746,#2747,#2748);
#2746 = CARTESIAN_POINT('',(76.8265,21.211,-4.5E-02));
#2747 = DIRECTION('',(-0.,-0.,-1.));
#2748 = DIRECTION('',(-0.,-1.,0.));
#2749 = ADVANCED_FACE('',(#2750),#2761,.F.);
#2750 = FACE_BOUND('',#2751,.T.);
#2751 = EDGE_LOOP('',(#2752,#2753,#2759,#2760));
#2752 = ORIENTED_EDGE('',*,*,#572,.T.);
#2753 = ORIENTED_EDGE('',*,*,#2754,.T.);
#2754 = EDGE_CURVE('',#573,#1516,#2755,.T.);
#2755 = LINE('',#2756,#2757);
#2756 = CARTESIAN_POINT('',(4.3265,39.711,-4.5E-02));
#2757 = VECTOR('',#2758,1.);
#2758 = DIRECTION('',(0.,0.,1.));
#2759 = ORIENTED_EDGE('',*,*,#1515,.F.);
#2760 = ORIENTED_EDGE('',*,*,#2754,.F.);
#2761 = CYLINDRICAL_SURFACE('',#2762,0.8);
#2762 = AXIS2_PLACEMENT_3D('',#2763,#2764,#2765);
#2763 = CARTESIAN_POINT('',(4.3265,40.511,-4.5E-02));
#2764 = DIRECTION('',(-0.,-0.,-1.));
#2765 = DIRECTION('',(-0.,-1.,0.));
#2766 = ADVANCED_FACE('',(#2767),#2778,.F.);
#2767 = FACE_BOUND('',#2768,.T.);
#2768 = EDGE_LOOP('',(#2769,#2770,#2776,#2777));
#2769 = ORIENTED_EDGE('',*,*,#583,.T.);
#2770 = ORIENTED_EDGE('',*,*,#2771,.T.);
#2771 = EDGE_CURVE('',#584,#1527,#2772,.T.);
#2772 = LINE('',#2773,#2774);
#2773 = CARTESIAN_POINT('',(26.416,42.245,-4.5E-02));
#2774 = VECTOR('',#2775,1.);
#2775 = DIRECTION('',(0.,0.,1.));
#2776 = ORIENTED_EDGE('',*,*,#1526,.F.);
#2777 = ORIENTED_EDGE('',*,*,#2771,.F.);
#2778 = CYLINDRICAL_SURFACE('',#2779,0.3);
#2779 = AXIS2_PLACEMENT_3D('',#2780,#2781,#2782);
#2780 = CARTESIAN_POINT('',(26.416,42.545,-4.5E-02));
#2781 = DIRECTION('',(-0.,-0.,-1.));
#2782 = DIRECTION('',(-0.,-1.,0.));
#2783 = ADVANCED_FACE('',(#2784),#2795,.F.);
#2784 = FACE_BOUND('',#2785,.T.);
#2785 = EDGE_LOOP('',(#2786,#2787,#2793,#2794));
#2786 = ORIENTED_EDGE('',*,*,#594,.T.);
#2787 = ORIENTED_EDGE('',*,*,#2788,.T.);
#2788 = EDGE_CURVE('',#595,#1538,#2789,.T.);
#2789 = LINE('',#2790,#2791);
#2790 = CARTESIAN_POINT('',(27.686,42.245,-4.5E-02));
#2791 = VECTOR('',#2792,1.);
#2792 = DIRECTION('',(0.,0.,1.));
#2793 = ORIENTED_EDGE('',*,*,#1537,.F.);
#2794 = ORIENTED_EDGE('',*,*,#2788,.F.);
#2795 = CYLINDRICAL_SURFACE('',#2796,0.3);
#2796 = AXIS2_PLACEMENT_3D('',#2797,#2798,#2799);
#2797 = CARTESIAN_POINT('',(27.686,42.545,-4.5E-02));
#2798 = DIRECTION('',(-0.,-0.,-1.));
#2799 = DIRECTION('',(-0.,-1.,0.));
#2800 = ADVANCED_FACE('',(#2801),#2812,.F.);
#2801 = FACE_BOUND('',#2802,.T.);
#2802 = EDGE_LOOP('',(#2803,#2804,#2810,#2811));
#2803 = ORIENTED_EDGE('',*,*,#605,.T.);
#2804 = ORIENTED_EDGE('',*,*,#2805,.T.);
#2805 = EDGE_CURVE('',#606,#1549,#2806,.T.);
#2806 = LINE('',#2807,#2808);
#2807 = CARTESIAN_POINT('',(27.051,43.388,-4.5E-02));
#2808 = VECTOR('',#2809,1.);
#2809 = DIRECTION('',(0.,0.,1.));
#2810 = ORIENTED_EDGE('',*,*,#1548,.F.);
#2811 = ORIENTED_EDGE('',*,*,#2805,.F.);
#2812 = CYLINDRICAL_SURFACE('',#2813,0.3);
#2813 = AXIS2_PLACEMENT_3D('',#2814,#2815,#2816);
#2814 = CARTESIAN_POINT('',(27.051,43.688,-4.5E-02));
#2815 = DIRECTION('',(-0.,-0.,-1.));
#2816 = DIRECTION('',(-1.184237892934E-14,-1.,0.));
#2817 = ADVANCED_FACE('',(#2818),#2829,.F.);
#2818 = FACE_BOUND('',#2819,.T.);
#2819 = EDGE_LOOP('',(#2820,#2821,#2827,#2828));
#2820 = ORIENTED_EDGE('',*,*,#616,.T.);
#2821 = ORIENTED_EDGE('',*,*,#2822,.T.);
#2822 = EDGE_CURVE('',#617,#1560,#2823,.T.);
#2823 = LINE('',#2824,#2825);
#2824 = CARTESIAN_POINT('',(5.08,54.38,-4.5E-02));
#2825 = VECTOR('',#2826,1.);
#2826 = DIRECTION('',(0.,0.,1.));
#2827 = ORIENTED_EDGE('',*,*,#1559,.F.);
#2828 = ORIENTED_EDGE('',*,*,#2822,.F.);
#2829 = CYLINDRICAL_SURFACE('',#2830,1.5);
#2830 = AXIS2_PLACEMENT_3D('',#2831,#2832,#2833);
#2831 = CARTESIAN_POINT('',(5.08,55.88,-4.5E-02));
#2832 = DIRECTION('',(-0.,-0.,-1.));
#2833 = DIRECTION('',(-0.,-1.,0.));
#2834 = ADVANCED_FACE('',(#2835),#2846,.F.);
#2835 = FACE_BOUND('',#2836,.T.);
#2836 = EDGE_LOOP('',(#2837,#2838,#2844,#2845));
#2837 = ORIENTED_EDGE('',*,*,#627,.T.);
#2838 = ORIENTED_EDGE('',*,*,#2839,.T.);
#2839 = EDGE_CURVE('',#628,#1571,#2840,.T.);
#2840 = LINE('',#2841,#2842);
#2841 = CARTESIAN_POINT('',(11.938,54.1655,-4.5E-02));
#2842 = VECTOR('',#2843,1.);
#2843 = DIRECTION('',(0.,0.,1.));
#2844 = ORIENTED_EDGE('',*,*,#1570,.F.);
#2845 = ORIENTED_EDGE('',*,*,#2839,.F.);
#2846 = CYLINDRICAL_SURFACE('',#2847,0.4445);
#2847 = AXIS2_PLACEMENT_3D('',#2848,#2849,#2850);
#2848 = CARTESIAN_POINT('',(11.938,54.61,-4.5E-02));
#2849 = DIRECTION('',(-0.,0.,-1.));
#2850 = DIRECTION('',(3.996303350732E-15,-1.,-0.));
#2851 = ADVANCED_FACE('',(#2852),#2863,.F.);
#2852 = FACE_BOUND('',#2853,.T.);
#2853 = EDGE_LOOP('',(#2854,#2855,#2861,#2862));
#2854 = ORIENTED_EDGE('',*,*,#638,.T.);
#2855 = ORIENTED_EDGE('',*,*,#2856,.T.);
#2856 = EDGE_CURVE('',#639,#1582,#2857,.T.);
#2857 = LINE('',#2858,#2859);
#2858 = CARTESIAN_POINT('',(11.938,56.7055,-4.5E-02));
#2859 = VECTOR('',#2860,1.);
#2860 = DIRECTION('',(0.,0.,1.));
#2861 = ORIENTED_EDGE('',*,*,#1581,.F.);
#2862 = ORIENTED_EDGE('',*,*,#2856,.F.);
#2863 = CYLINDRICAL_SURFACE('',#2864,0.4445);
#2864 = AXIS2_PLACEMENT_3D('',#2865,#2866,#2867);
#2865 = CARTESIAN_POINT('',(11.938,57.15,-4.5E-02));
#2866 = DIRECTION('',(-0.,0.,-1.));
#2867 = DIRECTION('',(3.996303350732E-15,-1.,-0.));
#2868 = ADVANCED_FACE('',(#2869),#2880,.F.);
#2869 = FACE_BOUND('',#2870,.T.);
#2870 = EDGE_LOOP('',(#2871,#2872,#2878,#2879));
#2871 = ORIENTED_EDGE('',*,*,#649,.T.);
#2872 = ORIENTED_EDGE('',*,*,#2873,.T.);
#2873 = EDGE_CURVE('',#650,#1593,#2874,.T.);
#2874 = LINE('',#2875,#2876);
#2875 = CARTESIAN_POINT('',(14.478,54.1655,-4.5E-02));
#2876 = VECTOR('',#2877,1.);
#2877 = DIRECTION('',(0.,0.,1.));
#2878 = ORIENTED_EDGE('',*,*,#1592,.F.);
#2879 = ORIENTED_EDGE('',*,*,#2873,.F.);
#2880 = CYLINDRICAL_SURFACE('',#2881,0.4445);
#2881 = AXIS2_PLACEMENT_3D('',#2882,#2883,#2884);
#2882 = CARTESIAN_POINT('',(14.478,54.61,-4.5E-02));
#2883 = DIRECTION('',(-0.,-0.,-1.));
#2884 = DIRECTION('',(-0.,-1.,0.));
#2885 = ADVANCED_FACE('',(#2886),#2897,.F.);
#2886 = FACE_BOUND('',#2887,.T.);
#2887 = EDGE_LOOP('',(#2888,#2889,#2895,#2896));
#2888 = ORIENTED_EDGE('',*,*,#660,.T.);
#2889 = ORIENTED_EDGE('',*,*,#2890,.T.);
#2890 = EDGE_CURVE('',#661,#1604,#2891,.T.);
#2891 = LINE('',#2892,#2893);
#2892 = CARTESIAN_POINT('',(17.018,54.1655,-4.5E-02));
#2893 = VECTOR('',#2894,1.);
#2894 = DIRECTION('',(0.,0.,1.));
#2895 = ORIENTED_EDGE('',*,*,#1603,.F.);
#2896 = ORIENTED_EDGE('',*,*,#2890,.F.);
#2897 = CYLINDRICAL_SURFACE('',#2898,0.4445);
#2898 = AXIS2_PLACEMENT_3D('',#2899,#2900,#2901);
#2899 = CARTESIAN_POINT('',(17.018,54.61,-4.5E-02));
#2900 = DIRECTION('',(-0.,-0.,-1.));
#2901 = DIRECTION('',(-0.,-1.,0.));
#2902 = ADVANCED_FACE('',(#2903),#2914,.F.);
#2903 = FACE_BOUND('',#2904,.T.);
#2904 = EDGE_LOOP('',(#2905,#2906,#2912,#2913));
#2905 = ORIENTED_EDGE('',*,*,#671,.T.);
#2906 = ORIENTED_EDGE('',*,*,#2907,.T.);
#2907 = EDGE_CURVE('',#672,#1615,#2908,.T.);
#2908 = LINE('',#2909,#2910);
#2909 = CARTESIAN_POINT('',(14.478,56.7055,-4.5E-02));
#2910 = VECTOR('',#2911,1.);
#2911 = DIRECTION('',(0.,0.,1.));
#2912 = ORIENTED_EDGE('',*,*,#1614,.F.);
#2913 = ORIENTED_EDGE('',*,*,#2907,.F.);
#2914 = CYLINDRICAL_SURFACE('',#2915,0.4445);
#2915 = AXIS2_PLACEMENT_3D('',#2916,#2917,#2918);
#2916 = CARTESIAN_POINT('',(14.478,57.15,-4.5E-02));
#2917 = DIRECTION('',(-0.,-0.,-1.));
#2918 = DIRECTION('',(-0.,-1.,0.));
#2919 = ADVANCED_FACE('',(#2920),#2931,.F.);
#2920 = FACE_BOUND('',#2921,.T.);
#2921 = EDGE_LOOP('',(#2922,#2923,#2929,#2930));
#2922 = ORIENTED_EDGE('',*,*,#682,.T.);
#2923 = ORIENTED_EDGE('',*,*,#2924,.T.);
#2924 = EDGE_CURVE('',#683,#1626,#2925,.T.);
#2925 = LINE('',#2926,#2927);
#2926 = CARTESIAN_POINT('',(17.018,56.7055,-4.5E-02));
#2927 = VECTOR('',#2928,1.);
#2928 = DIRECTION('',(0.,0.,1.));
#2929 = ORIENTED_EDGE('',*,*,#1625,.F.);
#2930 = ORIENTED_EDGE('',*,*,#2924,.F.);
#2931 = CYLINDRICAL_SURFACE('',#2932,0.4445);
#2932 = AXIS2_PLACEMENT_3D('',#2933,#2934,#2935);
#2933 = CARTESIAN_POINT('',(17.018,57.15,-4.5E-02));
#2934 = DIRECTION('',(-0.,-0.,-1.));
#2935 = DIRECTION('',(-0.,-1.,0.));
#2936 = ADVANCED_FACE('',(#2937),#2948,.F.);
#2937 = FACE_BOUND('',#2938,.T.);
#2938 = EDGE_LOOP('',(#2939,#2940,#2946,#2947));
#2939 = ORIENTED_EDGE('',*,*,#693,.T.);
#2940 = ORIENTED_EDGE('',*,*,#2941,.T.);
#2941 = EDGE_CURVE('',#694,#1637,#2942,.T.);
#2942 = LINE('',#2943,#2944);
#2943 = CARTESIAN_POINT('',(19.558,54.1655,-4.5E-02));
#2944 = VECTOR('',#2945,1.);
#2945 = DIRECTION('',(0.,0.,1.));
#2946 = ORIENTED_EDGE('',*,*,#1636,.F.);
#2947 = ORIENTED_EDGE('',*,*,#2941,.F.);
#2948 = CYLINDRICAL_SURFACE('',#2949,0.4445);
#2949 = AXIS2_PLACEMENT_3D('',#2950,#2951,#2952);
#2950 = CARTESIAN_POINT('',(19.558,54.61,-4.5E-02));
#2951 = DIRECTION('',(-0.,-0.,-1.));
#2952 = DIRECTION('',(-0.,-1.,0.));
#2953 = ADVANCED_FACE('',(#2954),#2965,.F.);
#2954 = FACE_BOUND('',#2955,.T.);
#2955 = EDGE_LOOP('',(#2956,#2957,#2963,#2964));
#2956 = ORIENTED_EDGE('',*,*,#704,.T.);
#2957 = ORIENTED_EDGE('',*,*,#2958,.T.);
#2958 = EDGE_CURVE('',#705,#1648,#2959,.T.);
#2959 = LINE('',#2960,#2961);
#2960 = CARTESIAN_POINT('',(19.558,56.7055,-4.5E-02));
#2961 = VECTOR('',#2962,1.);
#2962 = DIRECTION('',(0.,0.,1.));
#2963 = ORIENTED_EDGE('',*,*,#1647,.F.);
#2964 = ORIENTED_EDGE('',*,*,#2958,.F.);
#2965 = CYLINDRICAL_SURFACE('',#2966,0.4445);
#2966 = AXIS2_PLACEMENT_3D('',#2967,#2968,#2969);
#2967 = CARTESIAN_POINT('',(19.558,57.15,-4.5E-02));
#2968 = DIRECTION('',(-0.,-0.,-1.));
#2969 = DIRECTION('',(-0.,-1.,0.));
#2970 = ADVANCED_FACE('',(#2971),#2982,.F.);
#2971 = FACE_BOUND('',#2972,.T.);
#2972 = EDGE_LOOP('',(#2973,#2974,#2980,#2981));
#2973 = ORIENTED_EDGE('',*,*,#715,.T.);
#2974 = ORIENTED_EDGE('',*,*,#2975,.T.);
#2975 = EDGE_CURVE('',#716,#1659,#2976,.T.);
#2976 = LINE('',#2977,#2978);
#2977 = CARTESIAN_POINT('',(26.416,44.531,-4.5E-02));
#2978 = VECTOR('',#2979,1.);
#2979 = DIRECTION('',(0.,0.,1.));
#2980 = ORIENTED_EDGE('',*,*,#1658,.F.);
#2981 = ORIENTED_EDGE('',*,*,#2975,.F.);
#2982 = CYLINDRICAL_SURFACE('',#2983,0.3);
#2983 = AXIS2_PLACEMENT_3D('',#2984,#2985,#2986);
#2984 = CARTESIAN_POINT('',(26.416,44.831,-4.5E-02));
#2985 = DIRECTION('',(-0.,-0.,-1.));
#2986 = DIRECTION('',(-0.,-1.,0.));
#2987 = ADVANCED_FACE('',(#2988),#2999,.F.);
#2988 = FACE_BOUND('',#2989,.T.);
#2989 = EDGE_LOOP('',(#2990,#2991,#2997,#2998));
#2990 = ORIENTED_EDGE('',*,*,#726,.T.);
#2991 = ORIENTED_EDGE('',*,*,#2992,.T.);
#2992 = EDGE_CURVE('',#727,#1670,#2993,.T.);
#2993 = LINE('',#2994,#2995);
#2994 = CARTESIAN_POINT('',(27.686,44.531,-4.5E-02));
#2995 = VECTOR('',#2996,1.);
#2996 = DIRECTION('',(0.,0.,1.));
#2997 = ORIENTED_EDGE('',*,*,#1669,.F.);
#2998 = ORIENTED_EDGE('',*,*,#2992,.F.);
#2999 = CYLINDRICAL_SURFACE('',#3000,0.3);
#3000 = AXIS2_PLACEMENT_3D('',#3001,#3002,#3003);
#3001 = CARTESIAN_POINT('',(27.686,44.831,-4.5E-02));
#3002 = DIRECTION('',(-0.,-0.,-1.));
#3003 = DIRECTION('',(-0.,-1.,0.));
#3004 = ADVANCED_FACE('',(#3005),#3016,.F.);
#3005 = FACE_BOUND('',#3006,.T.);
#3006 = EDGE_LOOP('',(#3007,#3008,#3014,#3015));
#3007 = ORIENTED_EDGE('',*,*,#737,.T.);
#3008 = ORIENTED_EDGE('',*,*,#3009,.T.);
#3009 = EDGE_CURVE('',#738,#1681,#3010,.T.);
#3010 = LINE('',#3011,#3012);
#3011 = CARTESIAN_POINT('',(24.765,54.53,-4.5E-02));
#3012 = VECTOR('',#3013,1.);
#3013 = DIRECTION('',(0.,0.,1.));
#3014 = ORIENTED_EDGE('',*,*,#1680,.F.);
#3015 = ORIENTED_EDGE('',*,*,#3009,.F.);
#3016 = CYLINDRICAL_SURFACE('',#3017,1.35);
#3017 = AXIS2_PLACEMENT_3D('',#3018,#3019,#3020);
#3018 = CARTESIAN_POINT('',(24.765,55.88,-4.5E-02));
#3019 = DIRECTION('',(-0.,-0.,-1.));
#3020 = DIRECTION('',(-0.,-1.,0.));
#3021 = ADVANCED_FACE('',(#3022),#3033,.F.);
#3022 = FACE_BOUND('',#3023,.T.);
#3023 = EDGE_LOOP('',(#3024,#3025,#3031,#3032));
#3024 = ORIENTED_EDGE('',*,*,#748,.T.);
#3025 = ORIENTED_EDGE('',*,*,#3026,.T.);
#3026 = EDGE_CURVE('',#749,#1692,#3027,.T.);
#3027 = LINE('',#3028,#3029);
#3028 = CARTESIAN_POINT('',(29.845,54.53,-4.5E-02));
#3029 = VECTOR('',#3030,1.);
#3030 = DIRECTION('',(0.,0.,1.));
#3031 = ORIENTED_EDGE('',*,*,#1691,.F.);
#3032 = ORIENTED_EDGE('',*,*,#3026,.F.);
#3033 = CYLINDRICAL_SURFACE('',#3034,1.35);
#3034 = AXIS2_PLACEMENT_3D('',#3035,#3036,#3037);
#3035 = CARTESIAN_POINT('',(29.845,55.88,-4.5E-02));
#3036 = DIRECTION('',(-0.,-0.,-1.));
#3037 = DIRECTION('',(-0.,-1.,0.));
#3038 = ADVANCED_FACE('',(#3039),#3050,.F.);
#3039 = FACE_BOUND('',#3040,.T.);
#3040 = EDGE_LOOP('',(#3041,#3042,#3048,#3049));
#3041 = ORIENTED_EDGE('',*,*,#759,.T.);
#3042 = ORIENTED_EDGE('',*,*,#3043,.T.);
#3043 = EDGE_CURVE('',#760,#1703,#3044,.T.);
#3044 = LINE('',#3045,#3046);
#3045 = CARTESIAN_POINT('',(34.925,54.53,-4.5E-02));
#3046 = VECTOR('',#3047,1.);
#3047 = DIRECTION('',(0.,0.,1.));
#3048 = ORIENTED_EDGE('',*,*,#1702,.F.);
#3049 = ORIENTED_EDGE('',*,*,#3043,.F.);
#3050 = CYLINDRICAL_SURFACE('',#3051,1.35);
#3051 = AXIS2_PLACEMENT_3D('',#3052,#3053,#3054);
#3052 = CARTESIAN_POINT('',(34.925,55.88,-4.5E-02));
#3053 = DIRECTION('',(-0.,-0.,-1.));
#3054 = DIRECTION('',(-0.,-1.,0.));
#3055 = ADVANCED_FACE('',(#3056),#3067,.F.);
#3056 = FACE_BOUND('',#3057,.T.);
#3057 = EDGE_LOOP('',(#3058,#3059,#3065,#3066));
#3058 = ORIENTED_EDGE('',*,*,#770,.T.);
#3059 = ORIENTED_EDGE('',*,*,#3060,.T.);
#3060 = EDGE_CURVE('',#771,#1714,#3061,.T.);
#3061 = LINE('',#3062,#3063);
#3062 = CARTESIAN_POINT('',(38.862,53.9115,-4.5E-02));
#3063 = VECTOR('',#3064,1.);
#3064 = DIRECTION('',(0.,0.,1.));
#3065 = ORIENTED_EDGE('',*,*,#1713,.F.);
#3066 = ORIENTED_EDGE('',*,*,#3060,.F.);
#3067 = CYLINDRICAL_SURFACE('',#3068,0.4445);
#3068 = AXIS2_PLACEMENT_3D('',#3069,#3070,#3071);
#3069 = CARTESIAN_POINT('',(38.862,54.356,-4.5E-02));
#3070 = DIRECTION('',(-0.,0.,-1.));
#3071 = DIRECTION('',(1.598521340293E-14,-1.,-0.));
#3072 = ADVANCED_FACE('',(#3073),#3084,.F.);
#3073 = FACE_BOUND('',#3074,.T.);
#3074 = EDGE_LOOP('',(#3075,#3076,#3082,#3083));
#3075 = ORIENTED_EDGE('',*,*,#781,.T.);
#3076 = ORIENTED_EDGE('',*,*,#3077,.T.);
#3077 = EDGE_CURVE('',#782,#1725,#3078,.T.);
#3078 = LINE('',#3079,#3080);
#3079 = CARTESIAN_POINT('',(38.862,56.4515,-4.5E-02));
#3080 = VECTOR('',#3081,1.);
#3081 = DIRECTION('',(0.,0.,1.));
#3082 = ORIENTED_EDGE('',*,*,#1724,.F.);
#3083 = ORIENTED_EDGE('',*,*,#3077,.F.);
#3084 = CYLINDRICAL_SURFACE('',#3085,0.4445);
#3085 = AXIS2_PLACEMENT_3D('',#3086,#3087,#3088);
#3086 = CARTESIAN_POINT('',(38.862,56.896,-4.5E-02));
#3087 = DIRECTION('',(-0.,0.,-1.));
#3088 = DIRECTION('',(1.598521340293E-14,-1.,-0.));
#3089 = ADVANCED_FACE('',(#3090),#3101,.F.);
#3090 = FACE_BOUND('',#3091,.T.);
#3091 = EDGE_LOOP('',(#3092,#3093,#3099,#3100));
#3092 = ORIENTED_EDGE('',*,*,#792,.T.);
#3093 = ORIENTED_EDGE('',*,*,#3094,.T.);
#3094 = EDGE_CURVE('',#793,#1736,#3095,.T.);
#3095 = LINE('',#3096,#3097);
#3096 = CARTESIAN_POINT('',(76.8265,39.711,-4.5E-02));
#3097 = VECTOR('',#3098,1.);
#3098 = DIRECTION('',(0.,0.,1.));
#3099 = ORIENTED_EDGE('',*,*,#1735,.F.);
#3100 = ORIENTED_EDGE('',*,*,#3094,.F.);
#3101 = CYLINDRICAL_SURFACE('',#3102,0.8);
#3102 = AXIS2_PLACEMENT_3D('',#3103,#3104,#3105);
#3103 = CARTESIAN_POINT('',(76.8265,40.511,-4.5E-02));
#3104 = DIRECTION('',(-0.,-0.,-1.));
#3105 = DIRECTION('',(-0.,-1.,0.));
#3106 = ADVANCED_FACE('',(#3107),#3118,.F.);
#3107 = FACE_BOUND('',#3108,.T.);
#3108 = EDGE_LOOP('',(#3109,#3110,#3116,#3117));
#3109 = ORIENTED_EDGE('',*,*,#803,.T.);
#3110 = ORIENTED_EDGE('',*,*,#3111,.T.);
#3111 = EDGE_CURVE('',#804,#1747,#3112,.T.);
#3112 = LINE('',#3113,#3114);
#3113 = CARTESIAN_POINT('',(41.402,53.9115,-4.5E-02));
#3114 = VECTOR('',#3115,1.);
#3115 = DIRECTION('',(0.,0.,1.));
#3116 = ORIENTED_EDGE('',*,*,#1746,.F.);
#3117 = ORIENTED_EDGE('',*,*,#3111,.F.);
#3118 = CYLINDRICAL_SURFACE('',#3119,0.4445);
#3119 = AXIS2_PLACEMENT_3D('',#3120,#3121,#3122);
#3120 = CARTESIAN_POINT('',(41.402,54.356,-4.5E-02));
#3121 = DIRECTION('',(-0.,-0.,-1.));
#3122 = DIRECTION('',(-0.,-1.,0.));
#3123 = ADVANCED_FACE('',(#3124),#3135,.F.);
#3124 = FACE_BOUND('',#3125,.T.);
#3125 = EDGE_LOOP('',(#3126,#3127,#3133,#3134));
#3126 = ORIENTED_EDGE('',*,*,#814,.T.);
#3127 = ORIENTED_EDGE('',*,*,#3128,.T.);
#3128 = EDGE_CURVE('',#815,#1758,#3129,.T.);
#3129 = LINE('',#3130,#3131);
#3130 = CARTESIAN_POINT('',(43.942,53.9115,-4.5E-02));
#3131 = VECTOR('',#3132,1.);
#3132 = DIRECTION('',(0.,0.,1.));
#3133 = ORIENTED_EDGE('',*,*,#1757,.F.);
#3134 = ORIENTED_EDGE('',*,*,#3128,.F.);
#3135 = CYLINDRICAL_SURFACE('',#3136,0.4445);
#3136 = AXIS2_PLACEMENT_3D('',#3137,#3138,#3139);
#3137 = CARTESIAN_POINT('',(43.942,54.356,-4.5E-02));
#3138 = DIRECTION('',(-0.,-0.,-1.));
#3139 = DIRECTION('',(-0.,-1.,0.));
#3140 = ADVANCED_FACE('',(#3141),#3152,.F.);
#3141 = FACE_BOUND('',#3142,.T.);
#3142 = EDGE_LOOP('',(#3143,#3144,#3150,#3151));
#3143 = ORIENTED_EDGE('',*,*,#825,.T.);
#3144 = ORIENTED_EDGE('',*,*,#3145,.T.);
#3145 = EDGE_CURVE('',#826,#1769,#3146,.T.);
#3146 = LINE('',#3147,#3148);
#3147 = CARTESIAN_POINT('',(41.402,56.4515,-4.5E-02));
#3148 = VECTOR('',#3149,1.);
#3149 = DIRECTION('',(0.,0.,1.));
#3150 = ORIENTED_EDGE('',*,*,#1768,.F.);
#3151 = ORIENTED_EDGE('',*,*,#3145,.F.);
#3152 = CYLINDRICAL_SURFACE('',#3153,0.4445);
#3153 = AXIS2_PLACEMENT_3D('',#3154,#3155,#3156);
#3154 = CARTESIAN_POINT('',(41.402,56.896,-4.5E-02));
#3155 = DIRECTION('',(-0.,-0.,-1.));
#3156 = DIRECTION('',(-0.,-1.,0.));
#3157 = ADVANCED_FACE('',(#3158),#3169,.F.);
#3158 = FACE_BOUND('',#3159,.T.);
#3159 = EDGE_LOOP('',(#3160,#3161,#3167,#3168));
#3160 = ORIENTED_EDGE('',*,*,#836,.T.);
#3161 = ORIENTED_EDGE('',*,*,#3162,.T.);
#3162 = EDGE_CURVE('',#837,#1780,#3163,.T.);
#3163 = LINE('',#3164,#3165);
#3164 = CARTESIAN_POINT('',(43.942,56.4515,-4.5E-02));
#3165 = VECTOR('',#3166,1.);
#3166 = DIRECTION('',(0.,0.,1.));
#3167 = ORIENTED_EDGE('',*,*,#1779,.F.);
#3168 = ORIENTED_EDGE('',*,*,#3162,.F.);
#3169 = CYLINDRICAL_SURFACE('',#3170,0.4445);
#3170 = AXIS2_PLACEMENT_3D('',#3171,#3172,#3173);
#3171 = CARTESIAN_POINT('',(43.942,56.896,-4.5E-02));
#3172 = DIRECTION('',(-0.,-0.,-1.));
#3173 = DIRECTION('',(-0.,-1.,0.));
#3174 = ADVANCED_FACE('',(#3175),#3186,.F.);
#3175 = FACE_BOUND('',#3176,.T.);
#3176 = EDGE_LOOP('',(#3177,#3178,#3184,#3185));
#3177 = ORIENTED_EDGE('',*,*,#847,.T.);
#3178 = ORIENTED_EDGE('',*,*,#3179,.T.);
#3179 = EDGE_CURVE('',#848,#1791,#3180,.T.);
#3180 = LINE('',#3181,#3182);
#3181 = CARTESIAN_POINT('',(46.482,53.9115,-4.5E-02));
#3182 = VECTOR('',#3183,1.);
#3183 = DIRECTION('',(0.,0.,1.));
#3184 = ORIENTED_EDGE('',*,*,#1790,.F.);
#3185 = ORIENTED_EDGE('',*,*,#3179,.F.);
#3186 = CYLINDRICAL_SURFACE('',#3187,0.4445);
#3187 = AXIS2_PLACEMENT_3D('',#3188,#3189,#3190);
#3188 = CARTESIAN_POINT('',(46.482,54.356,-4.5E-02));
#3189 = DIRECTION('',(-0.,-0.,-1.));
#3190 = DIRECTION('',(-0.,-1.,0.));
#3191 = ADVANCED_FACE('',(#3192),#3203,.F.);
#3192 = FACE_BOUND('',#3193,.T.);
#3193 = EDGE_LOOP('',(#3194,#3195,#3201,#3202));
#3194 = ORIENTED_EDGE('',*,*,#858,.T.);
#3195 = ORIENTED_EDGE('',*,*,#3196,.T.);
#3196 = EDGE_CURVE('',#859,#1802,#3197,.T.);
#3197 = LINE('',#3198,#3199);
#3198 = CARTESIAN_POINT('',(49.022,53.9115,-4.5E-02));
#3199 = VECTOR('',#3200,1.);
#3200 = DIRECTION('',(0.,0.,1.));
#3201 = ORIENTED_EDGE('',*,*,#1801,.F.);
#3202 = ORIENTED_EDGE('',*,*,#3196,.F.);
#3203 = CYLINDRICAL_SURFACE('',#3204,0.4445);
#3204 = AXIS2_PLACEMENT_3D('',#3205,#3206,#3207);
#3205 = CARTESIAN_POINT('',(49.022,54.356,-4.5E-02));
#3206 = DIRECTION('',(-0.,-0.,-1.));
#3207 = DIRECTION('',(-1.598521340293E-14,-1.,0.));
#3208 = ADVANCED_FACE('',(#3209),#3220,.F.);
#3209 = FACE_BOUND('',#3210,.T.);
#3210 = EDGE_LOOP('',(#3211,#3212,#3218,#3219));
#3211 = ORIENTED_EDGE('',*,*,#869,.T.);
#3212 = ORIENTED_EDGE('',*,*,#3213,.T.);
#3213 = EDGE_CURVE('',#870,#1813,#3214,.T.);
#3214 = LINE('',#3215,#3216);
#3215 = CARTESIAN_POINT('',(46.482,56.4515,-4.5E-02));
#3216 = VECTOR('',#3217,1.);
#3217 = DIRECTION('',(0.,0.,1.));
#3218 = ORIENTED_EDGE('',*,*,#1812,.F.);
#3219 = ORIENTED_EDGE('',*,*,#3213,.F.);
#3220 = CYLINDRICAL_SURFACE('',#3221,0.4445);
#3221 = AXIS2_PLACEMENT_3D('',#3222,#3223,#3224);
#3222 = CARTESIAN_POINT('',(46.482,56.896,-4.5E-02));
#3223 = DIRECTION('',(-0.,-0.,-1.));
#3224 = DIRECTION('',(-0.,-1.,0.));
#3225 = ADVANCED_FACE('',(#3226),#3237,.F.);
#3226 = FACE_BOUND('',#3227,.T.);
#3227 = EDGE_LOOP('',(#3228,#3229,#3235,#3236));
#3228 = ORIENTED_EDGE('',*,*,#880,.T.);
#3229 = ORIENTED_EDGE('',*,*,#3230,.T.);
#3230 = EDGE_CURVE('',#881,#1824,#3231,.T.);
#3231 = LINE('',#3232,#3233);
#3232 = CARTESIAN_POINT('',(49.022,56.4515,-4.5E-02));
#3233 = VECTOR('',#3234,1.);
#3234 = DIRECTION('',(0.,0.,1.));
#3235 = ORIENTED_EDGE('',*,*,#1823,.F.);
#3236 = ORIENTED_EDGE('',*,*,#3230,.F.);
#3237 = CYLINDRICAL_SURFACE('',#3238,0.4445);
#3238 = AXIS2_PLACEMENT_3D('',#3239,#3240,#3241);
#3239 = CARTESIAN_POINT('',(49.022,56.896,-4.5E-02));
#3240 = DIRECTION('',(-0.,-0.,-1.));
#3241 = DIRECTION('',(-1.598521340293E-14,-1.,0.));
#3242 = ADVANCED_FACE('',(#3243),#3254,.F.);
#3243 = FACE_BOUND('',#3244,.T.);
#3244 = EDGE_LOOP('',(#3245,#3246,#3252,#3253));
#3245 = ORIENTED_EDGE('',*,*,#891,.T.);
#3246 = ORIENTED_EDGE('',*,*,#3247,.T.);
#3247 = EDGE_CURVE('',#892,#1835,#3248,.T.);
#3248 = LINE('',#3249,#3250);
#3249 = CARTESIAN_POINT('',(52.07,53.9115,-4.5E-02));
#3250 = VECTOR('',#3251,1.);
#3251 = DIRECTION('',(0.,0.,1.));
#3252 = ORIENTED_EDGE('',*,*,#1834,.F.);
#3253 = ORIENTED_EDGE('',*,*,#3247,.F.);
#3254 = CYLINDRICAL_SURFACE('',#3255,0.4445);
#3255 = AXIS2_PLACEMENT_3D('',#3256,#3257,#3258);
#3256 = CARTESIAN_POINT('',(52.07,54.356,-4.5E-02));
#3257 = DIRECTION('',(-0.,-0.,-1.));
#3258 = DIRECTION('',(-0.,-1.,0.));
#3259 = ADVANCED_FACE('',(#3260),#3271,.F.);
#3260 = FACE_BOUND('',#3261,.T.);
#3261 = EDGE_LOOP('',(#3262,#3263,#3269,#3270));
#3262 = ORIENTED_EDGE('',*,*,#902,.T.);
#3263 = ORIENTED_EDGE('',*,*,#3264,.T.);
#3264 = EDGE_CURVE('',#903,#1846,#3265,.T.);
#3265 = LINE('',#3266,#3267);
#3266 = CARTESIAN_POINT('',(52.07,56.4515,-4.5E-02));
#3267 = VECTOR('',#3268,1.);
#3268 = DIRECTION('',(0.,0.,1.));
#3269 = ORIENTED_EDGE('',*,*,#1845,.F.);
#3270 = ORIENTED_EDGE('',*,*,#3264,.F.);
#3271 = CYLINDRICAL_SURFACE('',#3272,0.4445);
#3272 = AXIS2_PLACEMENT_3D('',#3273,#3274,#3275);
#3273 = CARTESIAN_POINT('',(52.07,56.896,-4.5E-02));
#3274 = DIRECTION('',(-0.,-0.,-1.));
#3275 = DIRECTION('',(-0.,-1.,0.));
#3276 = ADVANCED_FACE('',(#3277),#3288,.F.);
#3277 = FACE_BOUND('',#3278,.T.);
#3278 = EDGE_LOOP('',(#3279,#3280,#3286,#3287));
#3279 = ORIENTED_EDGE('',*,*,#913,.T.);
#3280 = ORIENTED_EDGE('',*,*,#3281,.T.);
#3281 = EDGE_CURVE('',#914,#1857,#3282,.T.);
#3282 = LINE('',#3283,#3284);
#3283 = CARTESIAN_POINT('',(54.61,53.9115,-4.5E-02));
#3284 = VECTOR('',#3285,1.);
#3285 = DIRECTION('',(0.,0.,1.));
#3286 = ORIENTED_EDGE('',*,*,#1856,.F.);
#3287 = ORIENTED_EDGE('',*,*,#3281,.F.);
#3288 = CYLINDRICAL_SURFACE('',#3289,0.4445);
#3289 = AXIS2_PLACEMENT_3D('',#3290,#3291,#3292);
#3290 = CARTESIAN_POINT('',(54.61,54.356,-4.5E-02));
#3291 = DIRECTION('',(-0.,-0.,-1.));
#3292 = DIRECTION('',(-0.,-1.,0.));
#3293 = ADVANCED_FACE('',(#3294),#3305,.F.);
#3294 = FACE_BOUND('',#3295,.T.);
#3295 = EDGE_LOOP('',(#3296,#3297,#3303,#3304));
#3296 = ORIENTED_EDGE('',*,*,#924,.T.);
#3297 = ORIENTED_EDGE('',*,*,#3298,.T.);
#3298 = EDGE_CURVE('',#925,#1868,#3299,.T.);
#3299 = LINE('',#3300,#3301);
#3300 = CARTESIAN_POINT('',(57.15,53.9115,-4.5E-02));
#3301 = VECTOR('',#3302,1.);
#3302 = DIRECTION('',(0.,0.,1.));
#3303 = ORIENTED_EDGE('',*,*,#1867,.F.);
#3304 = ORIENTED_EDGE('',*,*,#3298,.F.);
#3305 = CYLINDRICAL_SURFACE('',#3306,0.4445);
#3306 = AXIS2_PLACEMENT_3D('',#3307,#3308,#3309);
#3307 = CARTESIAN_POINT('',(57.15,54.356,-4.5E-02));
#3308 = DIRECTION('',(-0.,-0.,-1.));
#3309 = DIRECTION('',(-0.,-1.,0.));
#3310 = ADVANCED_FACE('',(#3311),#3322,.F.);
#3311 = FACE_BOUND('',#3312,.T.);
#3312 = EDGE_LOOP('',(#3313,#3314,#3320,#3321));
#3313 = ORIENTED_EDGE('',*,*,#935,.T.);
#3314 = ORIENTED_EDGE('',*,*,#3315,.T.);
#3315 = EDGE_CURVE('',#936,#1879,#3316,.T.);
#3316 = LINE('',#3317,#3318);
#3317 = CARTESIAN_POINT('',(54.61,56.4515,-4.5E-02));
#3318 = VECTOR('',#3319,1.);
#3319 = DIRECTION('',(0.,0.,1.));
#3320 = ORIENTED_EDGE('',*,*,#1878,.F.);
#3321 = ORIENTED_EDGE('',*,*,#3315,.F.);
#3322 = CYLINDRICAL_SURFACE('',#3323,0.4445);
#3323 = AXIS2_PLACEMENT_3D('',#3324,#3325,#3326);
#3324 = CARTESIAN_POINT('',(54.61,56.896,-4.5E-02));
#3325 = DIRECTION('',(-0.,-0.,-1.));
#3326 = DIRECTION('',(-0.,-1.,0.));
#3327 = ADVANCED_FACE('',(#3328),#3339,.F.);
#3328 = FACE_BOUND('',#3329,.T.);
#3329 = EDGE_LOOP('',(#3330,#3331,#3337,#3338));
#3330 = ORIENTED_EDGE('',*,*,#946,.T.);
#3331 = ORIENTED_EDGE('',*,*,#3332,.T.);
#3332 = EDGE_CURVE('',#947,#1890,#3333,.T.);
#3333 = LINE('',#3334,#3335);
#3334 = CARTESIAN_POINT('',(57.15,56.4515,-4.5E-02));
#3335 = VECTOR('',#3336,1.);
#3336 = DIRECTION('',(0.,0.,1.));
#3337 = ORIENTED_EDGE('',*,*,#1889,.F.);
#3338 = ORIENTED_EDGE('',*,*,#3332,.F.);
#3339 = CYLINDRICAL_SURFACE('',#3340,0.4445);
#3340 = AXIS2_PLACEMENT_3D('',#3341,#3342,#3343);
#3341 = CARTESIAN_POINT('',(57.15,56.896,-4.5E-02));
#3342 = DIRECTION('',(-0.,-0.,-1.));
#3343 = DIRECTION('',(-0.,-1.,0.));
#3344 = ADVANCED_FACE('',(#3345),#3356,.F.);
#3345 = FACE_BOUND('',#3346,.T.);
#3346 = EDGE_LOOP('',(#3347,#3348,#3354,#3355));
#3347 = ORIENTED_EDGE('',*,*,#957,.T.);
#3348 = ORIENTED_EDGE('',*,*,#3349,.T.);
#3349 = EDGE_CURVE('',#958,#1901,#3350,.T.);
#3350 = LINE('',#3351,#3352);
#3351 = CARTESIAN_POINT('',(62.865,52.0065,-4.5E-02));
#3352 = VECTOR('',#3353,1.);
#3353 = DIRECTION('',(0.,0.,1.));
#3354 = ORIENTED_EDGE('',*,*,#1900,.F.);
#3355 = ORIENTED_EDGE('',*,*,#3349,.F.);
#3356 = CYLINDRICAL_SURFACE('',#3357,0.4445);
#3357 = AXIS2_PLACEMENT_3D('',#3358,#3359,#3360);
#3358 = CARTESIAN_POINT('',(62.865,52.451,-4.5E-02));
#3359 = DIRECTION('',(-0.,0.,-1.));
#3360 = DIRECTION('',(1.598521340293E-14,-1.,-0.));
#3361 = ADVANCED_FACE('',(#3362),#3373,.F.);
#3362 = FACE_BOUND('',#3363,.T.);
#3363 = EDGE_LOOP('',(#3364,#3365,#3371,#3372));
#3364 = ORIENTED_EDGE('',*,*,#968,.T.);
#3365 = ORIENTED_EDGE('',*,*,#3366,.T.);
#3366 = EDGE_CURVE('',#969,#1912,#3367,.T.);
#3367 = LINE('',#3368,#3369);
#3368 = CARTESIAN_POINT('',(65.405,52.0065,-4.5E-02));
#3369 = VECTOR('',#3370,1.);
#3370 = DIRECTION('',(0.,0.,1.));
#3371 = ORIENTED_EDGE('',*,*,#1911,.F.);
#3372 = ORIENTED_EDGE('',*,*,#3366,.F.);
#3373 = CYLINDRICAL_SURFACE('',#3374,0.4445);
#3374 = AXIS2_PLACEMENT_3D('',#3375,#3376,#3377);
#3375 = CARTESIAN_POINT('',(65.405,52.451,-4.5E-02));
#3376 = DIRECTION('',(-0.,-0.,-1.));
#3377 = DIRECTION('',(-0.,-1.,0.));
#3378 = ADVANCED_FACE('',(#3379),#3390,.F.);
#3379 = FACE_BOUND('',#3380,.T.);
#3380 = EDGE_LOOP('',(#3381,#3382,#3388,#3389));
#3381 = ORIENTED_EDGE('',*,*,#979,.T.);
#3382 = ORIENTED_EDGE('',*,*,#3383,.T.);
#3383 = EDGE_CURVE('',#980,#1923,#3384,.T.);
#3384 = LINE('',#3385,#3386);
#3385 = CARTESIAN_POINT('',(67.945,52.0065,-4.5E-02));
#3386 = VECTOR('',#3387,1.);
#3387 = DIRECTION('',(0.,0.,1.));
#3388 = ORIENTED_EDGE('',*,*,#1922,.F.);
#3389 = ORIENTED_EDGE('',*,*,#3383,.F.);
#3390 = CYLINDRICAL_SURFACE('',#3391,0.4445);
#3391 = AXIS2_PLACEMENT_3D('',#3392,#3393,#3394);
#3392 = CARTESIAN_POINT('',(67.945,52.451,-4.5E-02));
#3393 = DIRECTION('',(-0.,-0.,-1.));
#3394 = DIRECTION('',(-0.,-1.,0.));
#3395 = ADVANCED_FACE('',(#3396),#3407,.F.);
#3396 = FACE_BOUND('',#3397,.T.);
#3397 = EDGE_LOOP('',(#3398,#3399,#3405,#3406));
#3398 = ORIENTED_EDGE('',*,*,#990,.T.);
#3399 = ORIENTED_EDGE('',*,*,#3400,.T.);
#3400 = EDGE_CURVE('',#991,#1934,#3401,.T.);
#3401 = LINE('',#3402,#3403);
#3402 = CARTESIAN_POINT('',(59.69,53.9115,-4.5E-02));
#3403 = VECTOR('',#3404,1.);
#3404 = DIRECTION('',(0.,0.,1.));
#3405 = ORIENTED_EDGE('',*,*,#1933,.F.);
#3406 = ORIENTED_EDGE('',*,*,#3400,.F.);
#3407 = CYLINDRICAL_SURFACE('',#3408,0.4445);
#3408 = AXIS2_PLACEMENT_3D('',#3409,#3410,#3411);
#3409 = CARTESIAN_POINT('',(59.69,54.356,-4.5E-02));
#3410 = DIRECTION('',(-0.,-0.,-1.));
#3411 = DIRECTION('',(-0.,-1.,0.));
#3412 = ADVANCED_FACE('',(#3413),#3424,.F.);
#3413 = FACE_BOUND('',#3414,.T.);
#3414 = EDGE_LOOP('',(#3415,#3416,#3422,#3423));
#3415 = ORIENTED_EDGE('',*,*,#1001,.T.);
#3416 = ORIENTED_EDGE('',*,*,#3417,.T.);
#3417 = EDGE_CURVE('',#1002,#1945,#3418,.T.);
#3418 = LINE('',#3419,#3420);
#3419 = CARTESIAN_POINT('',(62.865,54.5465,-4.5E-02));
#3420 = VECTOR('',#3421,1.);
#3421 = DIRECTION('',(0.,0.,1.));
#3422 = ORIENTED_EDGE('',*,*,#1944,.F.);
#3423 = ORIENTED_EDGE('',*,*,#3417,.F.);
#3424 = CYLINDRICAL_SURFACE('',#3425,0.4445);
#3425 = AXIS2_PLACEMENT_3D('',#3426,#3427,#3428);
#3426 = CARTESIAN_POINT('',(62.865,54.991,-4.5E-02));
#3427 = DIRECTION('',(-0.,0.,-1.));
#3428 = DIRECTION('',(1.598521340293E-14,-1.,-0.));
#3429 = ADVANCED_FACE('',(#3430),#3441,.F.);
#3430 = FACE_BOUND('',#3431,.T.);
#3431 = EDGE_LOOP('',(#3432,#3433,#3439,#3440));
#3432 = ORIENTED_EDGE('',*,*,#1012,.T.);
#3433 = ORIENTED_EDGE('',*,*,#3434,.T.);
#3434 = EDGE_CURVE('',#1013,#1956,#3435,.T.);
#3435 = LINE('',#3436,#3437);
#3436 = CARTESIAN_POINT('',(59.69,56.4515,-4.5E-02));
#3437 = VECTOR('',#3438,1.);
#3438 = DIRECTION('',(0.,0.,1.));
#3439 = ORIENTED_EDGE('',*,*,#1955,.F.);
#3440 = ORIENTED_EDGE('',*,*,#3434,.F.);
#3441 = CYLINDRICAL_SURFACE('',#3442,0.4445);
#3442 = AXIS2_PLACEMENT_3D('',#3443,#3444,#3445);
#3443 = CARTESIAN_POINT('',(59.69,56.896,-4.5E-02));
#3444 = DIRECTION('',(-0.,-0.,-1.));
#3445 = DIRECTION('',(-0.,-1.,0.));
#3446 = ADVANCED_FACE('',(#3447),#3458,.F.);
#3447 = FACE_BOUND('',#3448,.T.);
#3448 = EDGE_LOOP('',(#3449,#3450,#3456,#3457));
#3449 = ORIENTED_EDGE('',*,*,#1023,.T.);
#3450 = ORIENTED_EDGE('',*,*,#3451,.T.);
#3451 = EDGE_CURVE('',#1024,#1967,#3452,.T.);
#3452 = LINE('',#3453,#3454);
#3453 = CARTESIAN_POINT('',(65.405,54.5465,-4.5E-02));
#3454 = VECTOR('',#3455,1.);
#3455 = DIRECTION('',(0.,0.,1.));
#3456 = ORIENTED_EDGE('',*,*,#1966,.F.);
#3457 = ORIENTED_EDGE('',*,*,#3451,.F.);
#3458 = CYLINDRICAL_SURFACE('',#3459,0.4445);
#3459 = AXIS2_PLACEMENT_3D('',#3460,#3461,#3462);
#3460 = CARTESIAN_POINT('',(65.405,54.991,-4.5E-02));
#3461 = DIRECTION('',(-0.,-0.,-1.));
#3462 = DIRECTION('',(-0.,-1.,0.));
#3463 = ADVANCED_FACE('',(#3464),#3475,.F.);
#3464 = FACE_BOUND('',#3465,.T.);
#3465 = EDGE_LOOP('',(#3466,#3467,#3473,#3474));
#3466 = ORIENTED_EDGE('',*,*,#1034,.T.);
#3467 = ORIENTED_EDGE('',*,*,#3468,.T.);
#3468 = EDGE_CURVE('',#1035,#1978,#3469,.T.);
#3469 = LINE('',#3470,#3471);
#3470 = CARTESIAN_POINT('',(67.945,54.5465,-4.5E-02));
#3471 = VECTOR('',#3472,1.);
#3472 = DIRECTION('',(0.,0.,1.));
#3473 = ORIENTED_EDGE('',*,*,#1977,.F.);
#3474 = ORIENTED_EDGE('',*,*,#3468,.F.);
#3475 = CYLINDRICAL_SURFACE('',#3476,0.4445);
#3476 = AXIS2_PLACEMENT_3D('',#3477,#3478,#3479);
#3477 = CARTESIAN_POINT('',(67.945,54.991,-4.5E-02));
#3478 = DIRECTION('',(-0.,-0.,-1.));
#3479 = DIRECTION('',(-0.,-1.,0.));
#3480 = ADVANCED_FACE('',(#3481),#3492,.F.);
#3481 = FACE_BOUND('',#3482,.T.);
#3482 = EDGE_LOOP('',(#3483,#3484,#3490,#3491));
#3483 = ORIENTED_EDGE('',*,*,#1045,.T.);
#3484 = ORIENTED_EDGE('',*,*,#3485,.T.);
#3485 = EDGE_CURVE('',#1046,#1989,#3486,.T.);
#3486 = LINE('',#3487,#3488);
#3487 = CARTESIAN_POINT('',(70.485,52.0065,-4.5E-02));
#3488 = VECTOR('',#3489,1.);
#3489 = DIRECTION('',(0.,0.,1.));
#3490 = ORIENTED_EDGE('',*,*,#1988,.F.);
#3491 = ORIENTED_EDGE('',*,*,#3485,.F.);
#3492 = CYLINDRICAL_SURFACE('',#3493,0.4445);
#3493 = AXIS2_PLACEMENT_3D('',#3494,#3495,#3496);
#3494 = CARTESIAN_POINT('',(70.485,52.451,-4.5E-02));
#3495 = DIRECTION('',(-0.,-0.,-1.));
#3496 = DIRECTION('',(-0.,-1.,0.));
#3497 = ADVANCED_FACE('',(#3498),#3509,.F.);
#3498 = FACE_BOUND('',#3499,.T.);
#3499 = EDGE_LOOP('',(#3500,#3501,#3507,#3508));
#3500 = ORIENTED_EDGE('',*,*,#1056,.T.);
#3501 = ORIENTED_EDGE('',*,*,#3502,.T.);
#3502 = EDGE_CURVE('',#1057,#2000,#3503,.T.);
#3503 = LINE('',#3504,#3505);
#3504 = CARTESIAN_POINT('',(70.485,54.5465,-4.5E-02));
#3505 = VECTOR('',#3506,1.);
#3506 = DIRECTION('',(0.,0.,1.));
#3507 = ORIENTED_EDGE('',*,*,#1999,.F.);
#3508 = ORIENTED_EDGE('',*,*,#3502,.F.);
#3509 = CYLINDRICAL_SURFACE('',#3510,0.4445);
#3510 = AXIS2_PLACEMENT_3D('',#3511,#3512,#3513);
#3511 = CARTESIAN_POINT('',(70.485,54.991,-4.5E-02));
#3512 = DIRECTION('',(-0.,-0.,-1.));
#3513 = DIRECTION('',(-0.,-1.,0.));
#3514 = ADVANCED_FACE('',(#3515),#3526,.F.);
#3515 = FACE_BOUND('',#3516,.T.);
#3516 = EDGE_LOOP('',(#3517,#3518,#3524,#3525));
#3517 = ORIENTED_EDGE('',*,*,#1067,.T.);
#3518 = ORIENTED_EDGE('',*,*,#3519,.T.);
#3519 = EDGE_CURVE('',#1068,#2011,#3520,.T.);
#3520 = LINE('',#3521,#3522);
#3521 = CARTESIAN_POINT('',(76.2,54.38,-4.5E-02));
#3522 = VECTOR('',#3523,1.);
#3523 = DIRECTION('',(0.,0.,1.));
#3524 = ORIENTED_EDGE('',*,*,#2010,.F.);
#3525 = ORIENTED_EDGE('',*,*,#3519,.F.);
#3526 = CYLINDRICAL_SURFACE('',#3527,1.5);
#3527 = AXIS2_PLACEMENT_3D('',#3528,#3529,#3530);
#3528 = CARTESIAN_POINT('',(76.2,55.88,-4.5E-02));
#3529 = DIRECTION('',(-0.,-0.,-1.));
#3530 = DIRECTION('',(-0.,-1.,0.));
#3531 = ( GEOMETRIC_REPRESENTATION_CONTEXT(3) 
GLOBAL_UNCERTAINTY_ASSIGNED_CONTEXT((#3535)) 
GLOBAL_UNIT_ASSIGNED_CONTEXT((#3532,#3533,#3534)) REPRESENTATION_CONTEXT
('Context #1','3D Context with UNIT and UNCERTAINTY') );
#3532 = ( LENGTH_UNIT() NAMED_UNIT(*) SI_UNIT(.MILLI.,.METRE.) );
#3533 = ( NAMED_UNIT(*) PLANE_ANGLE_UNIT() SI_UNIT($,.RADIAN.) );
#3534 = ( NAMED_UNIT(*) SI_UNIT($,.STERADIAN.) SOLID_ANGLE_UNIT() );
#3535 = UNCERTAINTY_MEASURE_WITH_UNIT(LENGTH_MEASURE(1.E-07),#3532,
  'distance_accuracy_value','confusion accuracy');
#3536 = CONTEXT_DEPENDENT_SHAPE_REPRESENTATION(#3537,#3539);
#3537 = ( REPRESENTATION_RELATIONSHIP('','',#32,#10) 
REPRESENTATION_RELATIONSHIP_WITH_TRANSFORMATION(#3538) 
SHAPE_REPRESENTATION_RELATIONSHIP() );
#3538 = ITEM_DEFINED_TRANSFORMATION('','',#11,#15);
#3539 = PRODUCT_DEFINITION_SHAPE('Placement','Placement of an item',
  #3540);
#3540 = NEXT_ASSEMBLY_USAGE_OCCURRENCE('1','=>[0:1:1:2]','',#5,#27,$);
#3541 = PRODUCT_RELATED_PRODUCT_CATEGORY('part',$,(#29));
#3542 = MECHANICAL_DESIGN_GEOMETRIC_PRESENTATION_REPRESENTATION('',(
    #3543),#3531);
#3543 = STYLED_ITEM('color',(#3544),#33);
#3544 = PRESENTATION_STYLE_ASSIGNMENT((#3545));
#3545 = SURFACE_STYLE_USAGE(.BOTH.,#3546);
#3546 = SURFACE_SIDE_STYLE('',(#3547));
#3547 = SURFACE_STYLE_FILL_AREA(#3548);
#3548 = FILL_AREA_STYLE('',(#3549));
#3549 = FILL_AREA_STYLE_COLOUR('',#3550);
#3550 = COLOUR_RGB('',0.313304153717,0.484529207832,0.410020903123);
ENDSEC;
END-ISO-10303-21;
